{ "Address": "0x402497", "Opcode": "ff15c4704000", "Opcodesize": 6, "Mnemonic": "call dword ptr [0x4070c4]", "PID": 280, "TID": 1612, "Arguments": [ ], "Timesptamp": "00000000.496636", "FunctionName": "GetVersion", "ModuleName": "kernel32.dll", "Return": "0x1db10106", "Status": 0 }
{ "Address": "0x404082", "Opcode": "ff1568704000", "Opcodesize": 6, "Mnemonic": "call dword ptr [0x407068]", "PID": 280, "TID": 1612, "Arguments": [ "Arg1", "IN", "DWORD", "0x18ff48", "0x1", "Arg2", "IN", "SIZE_T", "0x18ff4c", "0x1000", "Arg3", "IN", "SIZE_T", "0x18ff50", "0x0" ], "Timesptamp": "00000000.513199", "FunctionName": "HeapCreate", "ModuleName": "kernel32.dll", "Return": "0x2090000", "Status": 0 }
{ "Address": "0x4040ba", "Opcode": "ff15bc704000", "Opcodesize": 6, "Mnemonic": "call dword ptr [0x4070bc]", "PID": 280, "TID": 1612, "Arguments": [ "Arg1", "IN", "PVOID", "0x18ff44", "0x2090000", "Arg2", "IN", "ULONG", "0x18ff48", "0x0", "Arg3", "IN", "SIZE_T", "0x18ff4c", "0x140" ], "Timesptamp": "00000000.528763", "FunctionName": "RtlAllocateHeap", "ModuleName": "ntdll.dll", "Return": "0x2090578", "Status": 0 }
{ "Address": "0x4047a6", "Opcode": "ff15bc704000", "Opcodesize": 6, "Mnemonic": "call dword ptr [0x4070bc]", "PID": 280, "TID": 1612, "Arguments": [ "Arg1", "IN", "PVOID", "0x18fea0", "0x2090000", "Arg2", "IN", "ULONG", "0x18fea4", "0x8", "Arg3", "IN", "SIZE_T", "0x18fea8", "0x41c4" ], "Timesptamp": "00000000.541305", "FunctionName": "RtlAllocateHeap", "ModuleName": "ntdll.dll", "Return": "0x20906c0", "Status": 0 }
{ "Address": "0x4047c0", "Opcode": "ff1560704000", "Opcodesize": 6, "Mnemonic": "call dword ptr [0x407060]", "PID": 280, "TID": 1612, "Arguments": [ "Arg1", "IN", "LPVOID", "0x18fe9c", "0x0", "Arg2", "IN", "SIZE_T", "0x18fea0", "0x100000", "Arg3", "IN", "DWORD", "0x18fea4", "0x2000", "Arg4", "IN", "DWORD", "0x18fea8", "0x4" ], "Timesptamp": "00000000.554765", "FunctionName": "VirtualAlloc", "ModuleName": "kernel32.dll", "Return": "0x230000", "Status": 0 }
{ "Address": "0x40484c", "Opcode": "ff1560704000", "Opcodesize": 6, "Mnemonic": "call dword ptr [0x407060]", "PID": 280, "TID": 1612, "Arguments": [ "Arg1", "IN", "LPVOID", "0x18fe8c", "0x230000", "Arg2", "IN", "SIZE_T", "0x18fe90", "0x8000", "Arg3", "IN", "DWORD", "0x18fe94", "0x1000", "Arg4", "IN", "DWORD", "0x18fe98", "0x4" ], "Timesptamp": "00000000.565610", "FunctionName": "VirtualAlloc", "ModuleName": "kernel32.dll", "Return": "0x230000", "Status": 0 }
{ "Address": "0x403476", "Opcode": "ff15b4704000", "Opcodesize": 6, "Mnemonic": "call dword ptr [0x4070b4]", "PID": 280, "TID": 1612, "Arguments": [ "Arg1", "OUT", "LPSTARTUPINFOA", "0x18ff00", "0x18ff14" ], "Timesptamp": "00000000.578948", "FunctionName": "GetStartupInfoA", "ModuleName": "kernel32.dll", "Return": "0x18ff14", "Output1": { "field1": [ "0x18ff14", "0x44" ], "field2": [ "0x18ff18", "" ], "field3": [ "0x18ff1c", "winsta0\\default" ], "field4": [ "0x18ff20", "C:\\Users\\lhs\\Exec\\adrestore.exe" ], "field5": [ "0x18ff24", "0x0" ], "field6": [ "0x18ff28", "0x0" ], "field7": [ "0x18ff2c", "0x0" ], "field8": [ "0x18ff30", "0x0" ], "field9": [ "0x18ff34", "0x0" ], "field10": [ "0x18ff38", "0x0" ], "field11": [ "0x18ff3c", "0x0" ], "field12": [ "0x18ff40", "0x1" ], "field13": [ "0x18ff44", "0x7" ], "field14": [ "0x18ff46", "0x0" ], "field15": [ "0x18ff48", "0x0" ], "field16": [ "0x18ff49", "0xff000000" ], "field17": [ "0x18ff4d", "0xffffffff" ], "field18": [ "0x18ff51", "0xffffffff" ] }, "Status": 0 }
{ "Address": "0x403575", "Opcode": "ff15ec704000", "Opcodesize": 6, "Mnemonic": "call dword ptr [0x4070ec]", "PID": 280, "TID": 1612, "Arguments": [ "Arg1", "IN", "DWORD", "0x18ff00", "0xfffffff6" ], "Timesptamp": "00000000.590222", "FunctionName": "GetStdHandle", "ModuleName": "kernel32.dll", "Return": "0x3", "Status": 0 }
{ "Address": "0x403583", "Opcode": "ff15b8704000", "Opcodesize": 6, "Mnemonic": "call dword ptr [0x4070b8]", "PID": 280, "TID": 1612, "Arguments": [ "Arg1", "IN", "HANDLE", "0x18ff00", "0x3" ], "Timesptamp": "00000000.602986", "FunctionName": "GetFileType", "ModuleName": "kernel32.dll", "Return": "0x2", "Status": 0 }
{ "Address": "0x403575", "Opcode": "ff15ec704000", "Opcodesize": 6, "Mnemonic": "call dword ptr [0x4070ec]", "PID": 280, "TID": 1612, "Arguments": [ "Arg1", "IN", "DWORD", "0x18ff00", "0xfffffff5" ], "Timesptamp": "00000000.615943", "FunctionName": "GetStdHandle", "ModuleName": "kernel32.dll", "Return": "0x7", "Status": 0 }
{ "Address": "0x403583", "Opcode": "ff15b8704000", "Opcodesize": 6, "Mnemonic": "call dword ptr [0x4070b8]", "PID": 280, "TID": 1612, "Arguments": [ "Arg1", "IN", "HANDLE", "0x18ff00", "0x7" ], "Timesptamp": "00000000.627016", "FunctionName": "GetFileType", "ModuleName": "kernel32.dll", "Return": "0x2", "Status": 0 }
{ "Address": "0x403575", "Opcode": "ff15ec704000", "Opcodesize": 6, "Mnemonic": "call dword ptr [0x4070ec]", "PID": 280, "TID": 1612, "Arguments": [ "Arg1", "IN", "DWORD", "0x18ff00", "0xfffffff4" ], "Timesptamp": "00000000.637822", "FunctionName": "GetStdHandle", "ModuleName": "kernel32.dll", "Return": "0xb", "Status": 0 }
{ "Address": "0x403583", "Opcode": "ff15b8704000", "Opcodesize": 6, "Mnemonic": "call dword ptr [0x4070b8]", "PID": 280, "TID": 1612, "Arguments": [ "Arg1", "IN", "HANDLE", "0x18ff00", "0xb" ], "Timesptamp": "00000000.650034", "FunctionName": "GetFileType", "ModuleName": "kernel32.dll", "Return": "0x2", "Status": 0 }
{ "Address": "0x4035ba", "Opcode": "ff15e8704000", "Opcodesize": 6, "Mnemonic": "call dword ptr [0x4070e8]", "PID": 280, "TID": 1612, "Arguments": [ "Arg1", "IN", "UINT", "0x18ff00", "0x20" ], "Timesptamp": "00000000.663451", "FunctionName": "SetHandleCount", "ModuleName": "kernel32.dll", "Return": "0x20", "Status": 0 }
{ "Address": "0x404ee1", "Opcode": "ffd7", "Opcodesize": 2, "Mnemonic": "call edi", "PID": 280, "TID": 1612, "Arguments": [ ], "Timesptamp": "00000000.674430", "FunctionName": "GetCommandLineW", "ModuleName": "kernel32.dll", "Return": "\\Users\\lhs\\Exec\\adrestore.exe ", "Status": 0 }
{ "Address": "0x404f0a", "Opcode": "ffd7", "Opcodesize": 2, "Mnemonic": "call edi", "PID": 280, "TID": 1612, "Arguments": [ ], "Timesptamp": "00000000.687347", "FunctionName": "GetCommandLineW", "ModuleName": "kernel32.dll", "Return": "\\Users\\lhs\\Exec\\adrestore.exe ", "Status": 0 }
{ "Address": "0x404d79", "Opcode": "ffd7", "Opcodesize": 2, "Mnemonic": "call edi", "PID": 280, "TID": 1612, "Arguments": [ ], "Timesptamp": "00000000.698554", "FunctionName": "GetEnvironmentStringsW", "ModuleName": "kernel32.dll", "Return": "=C:=C:\\Windows\\System32", "Status": 0 }
{ "Address": "0x4023c3", "Opcode": "ff15bc704000", "Opcodesize": 6, "Mnemonic": "call dword ptr [0x4070bc]", "PID": 280, "TID": 1612, "Arguments": [ "Arg1", "IN", "PVOID", "0x18ff18", "0x2090000", "Arg2", "IN", "ULONG", "0x18ff1c", "0x0", "Arg3", "IN", "SIZE_T", "0x18ff20", "0x9d0" ], "Timesptamp": "00000000.711540", "FunctionName": "RtlAllocateHeap", "ModuleName": "ntdll.dll", "Return": "0x2094890", "Status": 0 }
{ "Address": "0x404de5", "Opcode": "ff154c704000", "Opcodesize": 6, "Mnemonic": "call dword ptr [0x40704c]", "PID": 280, "TID": 1612, "Functionname": "FreeEnvironmentStringsW", "Dllname": "kernel32.dll", "Status": 1 }
{ "Address": "0x404b46", "Opcode": "ff15a4704000", "Opcodesize": 6, "Mnemonic": "call dword ptr [0x4070a4]", "PID": 280, "TID": 1612, "Arguments": [ "Arg1", "IN", "HMODULE", "0x18ff38", "0x0", "Arg2", "OUT", "LPWSTR", "0x18ff3c", "0x422f88", "Arg3", "IN", "DWORD", "0x18ff40", "0x104" ], "Timesptamp": "00000000.734406", "FunctionName": "GetModuleFileNameW", "ModuleName": "kernel32.dll", "Return": "0x1f", "Output1": [ "0x422f88", "C:\\Users\\lhs\\Exec\\adrestore.exe" ], "Status": 0 }
{ "Address": "0x402444", "Opcode": "ff15c0704000", "Opcodesize": 6, "Mnemonic": "call dword ptr [0x4070c0]", "PID": 280, "TID": 1612, "Functionname": "HeapFree", "Dllname": "kernel32.dll", "Status": 1 }
{ "Address": "0x40360d", "Opcode": "ff15bc704000", "Opcodesize": 6, "Mnemonic": "call dword ptr [0x4070bc]", "PID": 280, "TID": 1612, "Arguments": [ "Arg1", "IN", "PVOID", "0x18ff1c", "0x2090000", "Arg2", "IN", "ULONG", "0x18ff20", "0x8", "Arg3", "IN", "SIZE_T", "0x18ff24", "0x800" ], "Timesptamp": "00000000.758796", "FunctionName": "RtlAllocateHeap", "ModuleName": "ntdll.dll", "Return": "0x2094890", "Status": 0 }
{ "Address": "0x4023c3", "Opcode": "ff15bc704000", "Opcodesize": 6, "Mnemonic": "call dword ptr [0x4070bc]", "PID": 280, "TID": 1612, "Arguments": [ "Arg1", "IN", "PVOID", "0x18fcd4", "0x2090000", "Arg2", "IN", "ULONG", "0x18fcd8", "0x0", "Arg3", "IN", "SIZE_T", "0x18fcdc", "0x1000" ], "Timesptamp": "00000000.829160", "FunctionName": "RtlAllocateHeap", "ModuleName": "ntdll.dll", "Return": "0x2095098", "Status": 0 }
{ "Address": "0x403348", "Opcode": "ff15e4704000", "Opcodesize": 6, "Mnemonic": "call dword ptr [0x4070e4]", "PID": 280, "TID": 1612, "Arguments": [ "Arg1", "IN", "HANDLE", "0x18f898", "0x7", "Arg2", "IN", "ARRAY0", "0x18f89c", "ARRAY_0x12", "Arg3", "IN", "DWORD", "0x18f8a0", "0x12", "Arg4", "OUT", "LPDWORD", "0x18f8a4", "0x18fcc0", "Arg5", "OUT", "LPOVERLAPPED", "0x18f8a8", "0x0" ], "Timesptamp": "00000000.843235", "FunctionName": "WriteFile", "ModuleName": "kernel32.dll", "Return": "TRUE", "Output1": [ "0x18fcc0", "0x12" ], "Status": 0 }
{ "Address": "0x403348", "Opcode": "ff15e4704000", "Opcodesize": 6, "Mnemonic": "call dword ptr [0x4070e4]", "PID": 280, "TID": 1612, "Arguments": [ "Arg1", "IN", "HANDLE", "0x18f898", "0x7", "Arg2", "IN", "ARRAY0", "0x18f89c", "ARRAY_0x15", "Arg3", "IN", "DWORD", "0x18f8a0", "0x15", "Arg4", "OUT", "LPDWORD", "0x18f8a4", "0x18fcc0", "Arg5", "OUT", "LPOVERLAPPED", "0x18f8a8", "0x0" ], "Timesptamp": "00000000.854552", "FunctionName": "WriteFile", "ModuleName": "kernel32.dll", "Return": "TRUE", "Output1": [ "0x18fcc0", "0x15" ], "Status": 0 }
{ "Address": "0x403348", "Opcode": "ff15e4704000", "Opcodesize": 6, "Mnemonic": "call dword ptr [0x4070e4]", "PID": 280, "TID": 1612, "Arguments": [ "Arg1", "IN", "HANDLE", "0x18f898", "0x7", "Arg2", "IN", "ARRAY0", "0x18f89c", "ARRAY_0x27", "Arg3", "IN", "DWORD", "0x18f8a0", "0x27", "Arg4", "OUT", "LPDWORD", "0x18f8a4", "0x18fcc0", "Arg5", "OUT", "LPOVERLAPPED", "0x18f8a8", "0x0" ], "Timesptamp": "00000000.865679", "FunctionName": "WriteFile", "ModuleName": "kernel32.dll", "Return": "TRUE", "Output1": [ "0x18fcc0", "0x27" ], "Status": 0 }
{ "Address": "0x40199a", "Opcode": "ff1514704000", "Opcodesize": 6, "Mnemonic": "call dword ptr [0x407014]", "PID": 280, "TID": 1612, "Arguments": [ "Arg1", "IN", "HKEY", "0x18fbfc", "0x80000001", "Arg2", "IN", "LPCTSTR", "0x18fc00", "Software\\Sysinternals\\A", "Arg3", "OUT", "PHKEY", "0x18fc04", "0x18fc10" ], "Timesptamp": "00000000.878095", "FunctionName": "RegCreateKeyA", "ModuleName": "advapi32.dll", "Return": "0x0", "Output1": [ "0x18fc10", "0xd8" ], "Status": 0 }
{ "Address": "0x4019c2", "Opcode": "ff1510704000", "Opcodesize": 6, "Mnemonic": "call dword ptr [0x407010]", "PID": 280, "TID": 1612, "Arguments": [ "Arg1", "IN", "HKEY", "0x18fbf0", "0xd8", "Arg2", "IN", "LPCTSTR", "0x18fbf4", "EulaAccepted", "Arg3", "IN", "LPDWORD", "0x18fbf8", "0x0", "Arg4", "OUT", "LPDWORD", "0x18fbfc", "0x0", "Arg5", "OUT", "BUFFER3", "0x18fc00", "0x18fc0c", "Arg6", "OUT", "LPDWORD", "0x18fc04", "0x18fc14" ], "Timesptamp": "00000000.900310", "FunctionName": "RegQueryValueExA", "ModuleName": "advapi32.dll", "Return": "0x2", "Output1": [ ], "Output2": [ "0x18fc14", "0x4" ], "Status": 0 }
{ "Address": "0x4019db", "Opcode": "ff1540704000", "Opcodesize": 6, "Mnemonic": "call dword ptr [0x407040]", "PID": 280, "TID": 1612, "Arguments": [ "Arg1", "IN", "UINT", "0x18fbf8", "0x40", "Arg2", "IN", "SIZE_T", "0x18fbfc", "0x3e8" ], "Timesptamp": "00000000.914204", "FunctionName": "LocalAlloc", "ModuleName": "kernel32.dll", "Return": "0x88c148", "Status": 0 }
{ "Address": "0x4019eb", "Opcode": "ff153c704000", "Opcodesize": 6, "Mnemonic": "call dword ptr [0x40703c]", "PID": 280, "TID": 1612, "Arguments": [ "Arg1", "IN", "LPCTSTR", "0x18fbfc", "Riched32.dll" ], "Timesptamp": "00000000.927956", "FunctionName": "LoadLibraryA", "ModuleName": "kernel32.dll", "Return": "0x74350000", "Status": 0 }
{ "Address": "0x401b99", "Opcode": "ff1524714000", "Opcodesize": 6, "Mnemonic": "call dword ptr [0x407124]", "PID": 280, "TID": 1612, "Functionname": "DialogBoxIndirectParamA", "Dllname": "user32.dll", "Status": 1 }
{ "Address": "0x4023c3", "Opcode": "ff15bc704000", "Opcodesize": 6, "Mnemonic": "call dword ptr [0x4070bc]", "PID": 280, "TID": 1612, "Arguments": [ "Arg1", "IN", "PVOID", "0x18f734", "0x2090000", "Arg2", "IN", "ULONG", "0x18f738", "0x0", "Arg3", "IN", "SIZE_T", "0x18f73c", "0x1ad10" ], "Timesptamp": "00000001.317858", "FunctionName": "RtlAllocateHeap", "ModuleName": "ntdll.dll", "Return": "0x1ef0048", "Status": 0 }
{ "Address": "0x401d12", "Opcode": "ff1528714000", "Opcodesize": 6, "Mnemonic": "call dword ptr [0x407128]", "PID": 280, "TID": 1612, "Functionname": "SetWindowTextA", "Dllname": "user32.dll", "Status": 1 }
{ "Address": "0x401d30", "Opcode": "ffd3", "Opcodesize": 2, "Mnemonic": "call ebx", "PID": 280, "TID": 1612, "Functionname": "GetDlgItem", "Dllname": "user32.dll", "Status": 1 }
{ "Address": "0x401d39", "Opcode": "ffd5", "Opcodesize": 2, "Mnemonic": "call ebp", "PID": 280, "TID": 1612, "Arguments": [ "Arg1", "IN", "HWND", "0x18f768", "0x1015c", "Arg2", "IN", "UINT", "0x18f76c", "0x435", "Arg3", "IN", "WPARAM", "0x18f770", "0x0", "Arg4", "IN", "LPARAM", "0x18f774", "0x100000" ], "Timesptamp": "00000001.421395", "FunctionName": "SendMessageA", "ModuleName": "user32.dll", "Return": "0x0", "Status": 0 }
{ "Address": "0x401d4d", "Opcode": "ffd3", "Opcodesize": 2, "Mnemonic": "call ebx", "PID": 280, "TID": 1612, "Functionname": "GetDlgItem", "Dllname": "user32.dll", "Status": 1 }
{ "Address": "0x401d50", "Opcode": "ffd5", "Opcodesize": 2, "Mnemonic": "call ebp", "PID": 280, "TID": 1612, "Arguments": [ "Arg1", "IN", "HWND", "0x18f768", "0x1015c", "Arg2", "IN", "UINT", "0x18f76c", "0x449", "Arg3", "IN", "WPARAM", "0x18f770", "0x2", "Arg4", "IN", "LPARAM", "0x18f774", "0x18f78c" ], "Timesptamp": "00000001.457459", "FunctionName": "SendMessageA", "ModuleName": "user32.dll", "Return": "0x18f78c", "Status": 0 }
{ "Address": "0x402444", "Opcode": "ff15c0704000", "Opcodesize": 6, "Mnemonic": "call dword ptr [0x4070c0]", "PID": 280, "TID": 1612, "Functionname": "HeapFree", "Dllname": "kernel32.dll", "Status": 1 }
