{ "Address": "0x40178f", "Opcode": "ff1524614000", "Opcodesize": 6, "Mnemonic": "call dword ptr [0x406124]", "PID": 1288, "TID": 1612, "Arguments": [ "Arg1", "OUT", "LPFILETIME", "0x28ff40", "0x28ff50" ], "Timesptamp": "00000000.341852", "FunctionName": "GetSystemTimeAsFileTime", "ModuleName": "kernel32.dll", "Return": "0x1daddab", "Output1": { "field1": [ "0x28ff50", "0xcb4b70e0" ], "field2": [ "0x28ff54", "0x1daddab" ] }, "Status": 0 }
{ "Address": "0x4017a0", "Opcode": "ff150c614000", "Opcodesize": 6, "Mnemonic": "call dword ptr [0x40610c]", "PID": 1288, "TID": 1612, "Arguments": [ ], "Timesptamp": "00000000.355455", "FunctionName": "GetCurrentProcessId", "ModuleName": "kernel32.dll", "Return": "0x508", "Status": 0 }
{ "Address": "0x4017a8", "Opcode": "ff1510614000", "Opcodesize": 6, "Mnemonic": "call dword ptr [0x406110]", "PID": 1288, "TID": 1612, "Arguments": [ ], "Timesptamp": "00000000.370127", "FunctionName": "GetCurrentThreadId", "ModuleName": "kernel32.dll", "Return": "0x64c", "Status": 0 }
{ "Address": "0x4017b0", "Opcode": "ff1528614000", "Opcodesize": 6, "Mnemonic": "call dword ptr [0x406128]", "PID": 1288, "TID": 1612, "Arguments": [ ], "Timesptamp": "00000000.384258", "FunctionName": "GetTickCount", "ModuleName": "kernel32.dll", "Return": "0x52145", "Status": 0 }
{ "Address": "0x4017bf", "Opcode": "ff1538614000", "Opcodesize": 6, "Mnemonic": "call dword ptr [0x406138]", "PID": 1288, "TID": 1612, "Arguments": [ "Arg1", "OUT", "LARGE_INTEGER*", "0x28ff40", "0x28ff58" ], "Timesptamp": "00000000.398774", "FunctionName": "QueryPerformanceCounter", "ModuleName": "kernel32.dll", "Return": "TRUE", "Output1": { "field1": [ "0x28ff58", "0xf32bc54b" ], "field2": [ "0x28ff5c", "0x5" ], "field3": [ "0x28ff60", "0x0" ] }, "Status": 0 }
{ "Address": "0x401433", "Opcode": "ff1520614000", "Opcodesize": 6, "Mnemonic": "call dword ptr [0x406120]", "PID": 1288, "TID": 1612, "Arguments": [ "Arg1", "OUT", "LPSTARTUPINFOA", "0x28fef0", "0x28ff1c" ], "Timesptamp": "00000000.414046", "FunctionName": "GetStartupInfoA", "ModuleName": "kernel32.dll", "Return": "0x28ff1c", "Output1": { "field1": [ "0x28ff1c", "0x44" ], "field2": [ "0x28ff20", "" ], "field3": [ "0x28ff24", "winsta0\\default" ], "field4": [ "0x28ff28", "C:\\Users\\lhs\\Exec\\amber_nfsadmin.exe" ], "field5": [ "0x28ff2c", "0x0" ], "field6": [ "0x28ff30", "0x0" ], "field7": [ "0x28ff34", "0x0" ], "field8": [ "0x28ff38", "0x0" ], "field9": [ "0x28ff3c", "0x0" ], "field10": [ "0x28ff40", "0x0" ], "field11": [ "0x28ff44", "0x0" ], "field12": [ "0x28ff48", "0x1" ], "field13": [ "0x28ff4c", "0x7" ], "field14": [ "0x28ff4e", "0x0" ], "field15": [ "0x28ff50", "0x0" ], "field16": [ "0x28ff51", "0xff000000" ], "field17": [ "0x28ff55", "0xffffffff" ], "field18": [ "0x28ff59", "0xffffffff" ] }, "Status": 0 }
{ "Address": "0x401479", "Opcode": "e896120000", "Opcodesize": 5, "Mnemonic": "call 0x402714", "PID": 1288, "TID": 1612, "Functionname": "_initterm", "Dllname": "msvcrt.dll", "Status": 1 }
{ "Address": "0x40107a", "Opcode": "e8bd160000", "Opcodesize": 5, "Mnemonic": "call 0x40273c", "PID": 1288, "TID": 1612, "Arguments": [ ], "Timesptamp": "00000000.462121", "FunctionName": "__p__fmode", "ModuleName": "msvcrt.dll", "Return": "0x762331f4", "Status": 0 }
{ "Address": "0x401404", "Opcode": "e80b130000", "Opcodesize": 5, "Mnemonic": "call 0x402714", "PID": 1288, "TID": 1612, "Functionname": "_initterm", "Dllname": "msvcrt.dll", "Status": 1 }
{ "Address": "0x401155", "Opcode": "e8f2150000", "Opcodesize": 5, "Mnemonic": "call 0x40274c", "PID": 1288, "TID": 1612, "Functionname": "__getmainargs", "Dllname": "msvcrt.dll", "Status": 1 }
{ "Address": "0x401238", "Opcode": "ff153c614000", "Opcodesize": 6, "Mnemonic": "call dword ptr [0x40613c]", "PID": 1288, "TID": 1612, "Arguments": [ "Arg1", "IN", "DWORD", "0x28fef0", "0x401ec0" ], "Timesptamp": "00000000.556483", "FunctionName": "SetUnhandledExceptionFilter", "ModuleName": "kernel32.dll", "Return": "0x0", "Status": 0 }
{ "Address": "0x401261", "Opcode": "e8de140000", "Opcodesize": 5, "Mnemonic": "call 0x402744", "PID": 1288, "TID": 1612, "Functionname": "__p__acmdln", "Dllname": "msvcrt.dll", "Status": 1 }
{ "Address": "0x4012eb", "Opcode": "e8e4130000", "Opcodesize": 5, "Mnemonic": "call 0x4026d4", "PID": 1288, "TID": 1612, "Arguments": [ "Arg1", "IN", "SIZE_T", "0x28fef0", "0x8" ], "Timesptamp": "00000000.583780", "FunctionName": "malloc", "ModuleName": "msvcrt.dll", "Return": "0x370fa0", "Status": 0 }
{ "Address": "0x40131b", "Opcode": "e89c130000", "Opcodesize": 5, "Mnemonic": "call 0x4026bc", "PID": 1288, "TID": 1612, "Arguments": [ "Arg1", "IN", "CHAR*", "0x28fef0", "\\Users\\lhs\\Exec\\amber_nfsadmin.exe" ], "Timesptamp": "00000000.600983", "FunctionName": "strlen", "ModuleName": "msvcrt.dll", "Return": "0x22", "Status": 0 }
{ "Address": "0x401326", "Opcode": "e8a9130000", "Opcodesize": 5, "Mnemonic": "call 0x4026d4", "PID": 1288, "TID": 1612, "Arguments": [ "Arg1", "IN", "SIZE_T", "0x28fef0", "0x23" ], "Timesptamp": "00000000.614478", "FunctionName": "malloc", "ModuleName": "msvcrt.dll", "Return": "0x370fb0", "Status": 0 }
{ "Address": "0x40133c", "Opcode": "e88b130000", "Opcodesize": 5, "Mnemonic": "call 0x4026cc", "PID": 1288, "TID": 1612, "Arguments": [ "Arg1", "IN", "VOID*", "0x28fef0", "0x370fb0", "Arg2", "IN", "ARRAY0", "0x28fef4", "ARRAY_0x23", "Arg3", "IN", "SIZE_T", "0x28fef8", "0x23" ], "Timesptamp": "00000000.653540", "FunctionName": "memcpy", "ModuleName": "msvcrt.dll", "Return": "0x370fb0", "Status": 0 }
{ "Address": "0x4014ea", "Opcode": "e81d120000", "Opcodesize": 5, "Mnemonic": "call 0x40270c", "PID": 1288, "TID": 1612, "Functionname": "_onexit", "Dllname": "msvcrt.dll", "Status": 1 }
{ "Address": "0x4014ea", "Opcode": "e81d120000", "Opcodesize": 5, "Mnemonic": "call 0x40270c", "PID": 1288, "TID": 1612, "Functionname": "_onexit", "Dllname": "msvcrt.dll", "Status": 1 }
{ "Address": "0x401552", "Opcode": "ffd0", "Opcodesize": 2, "Mnemonic": "call eax", "PID": 1288, "TID": 1612, "Arguments": [ "Arg1", "IN", "LPCTSTR", "0x28fe90", "USER32.dll" ], "Timesptamp": "00000000.694350", "FunctionName": "LoadLibraryA", "ModuleName": "kernel32.dll", "Return": "0x74d30000", "Status": 0 }
{ "Address": "0x40156d", "Opcode": "ffd0", "Opcodesize": 2, "Mnemonic": "call eax", "PID": 1288, "TID": 1612, "Arguments": [ "Arg1", "IN", "HMODULE", "0x28fe90", "0x74d30000", "Arg2", "IN", "LPCSTR", "0x28fe94", "VirtualAlloc" ], "Timesptamp": "00000000.793405", "FunctionName": "GetProcAddress", "ModuleName": "kernel32.dll", "Return": "0x0", "Status": 0 }
{ "Address": "0x40157e", "Opcode": "ffd0", "Opcodesize": 2, "Mnemonic": "call eax", "PID": 1288, "TID": 1612, "Arguments": [ "Arg1", "IN", "LPCTSTR", "0x28fe90", "\"\"" ], "Timesptamp": "00000000.811646", "FunctionName": "GetModuleHandleA", "ModuleName": "kernel32.dll", "Return": "0x400000", "Status": 0 }
{ "Address": "0x40162d", "Opcode": "ffd0", "Opcodesize": 2, "Mnemonic": "call eax", "PID": 1288, "TID": 1612, "Arguments": [ "Arg1", "IN", "LPVOID", "0x28fe90", "0x0", "Arg2", "IN", "SIZE_T", "0x28fe94", "0x15400", "Arg3", "IN", "DWORD", "0x28fe98", "0x1000", "Arg4", "IN", "DWORD", "0x28fe9c", "0x40" ], "Timesptamp": "00000000.829923", "FunctionName": "VirtualAlloc", "ModuleName": "kernel32.dll", "Return": "0x330000", "Status": 0 }
{ "Address": "0x401657", "Opcode": "e870100000", "Opcodesize": 5, "Mnemonic": "call 0x4026cc", "PID": 1288, "TID": 1612, "Arguments": [ "Arg1", "IN", "VOID*", "0x28fe90", "0x330000", "Arg2", "IN", "ARRAY0", "0x28fe94", "ARRAY_0x5400", "Arg3", "IN", "SIZE_T", "0x28fe98", "0x15400" ], "Timesptamp": "00000000.847204", "FunctionName": "memcpy", "ModuleName": "msvcrt.dll", "Return": "0x330000", "Status": 0 }
{ "Address": "0x345059", "Opcode": "e81e010000", "Opcodesize": 5, "Mnemonic": "call 0x34517c", "PID": 1288, "TID": 1612, "Arguments": [ "Arg1", "IN", "LPVOID", "0x28fe74", "0x0", "Arg2", "IN", "SIZE_T", "0x28fe78", "0x15007", "Arg3", "IN", "DWORD", "0x28fe7c", "0x103000", "Arg4", "IN", "DWORD", "0x28fe80", "0x40" ], "Timesptamp": "00000000.870257", "FunctionName": "VirtualAlloc", "ModuleName": "kernel32.dll", "Return": "0x7ef90000", "Status": 0 }
{ "Address": "0x34514b", "Opcode": "e82c000000", "Opcodesize": 5, "Mnemonic": "call 0x34517c", "PID": 1288, "TID": 1612, "Arguments": [ "Arg1", "IN", "LPCTSTR", "0x28fe6c", "KERNEL32.dll" ], "Timesptamp": "00000000.889244", "FunctionName": "LoadLibraryA", "ModuleName": "kernel32.dll", "Return": "0x74f10000", "Status": 0 }
{ "Address": "0x34515c", "Opcode": "e81b000000", "Opcodesize": 5, "Mnemonic": "call 0x34517c", "PID": 1288, "TID": 1612, "Arguments": [ "Arg1", "IN", "HMODULE", "0x28fe58", "0x74f10000", "Arg2", "IN", "LPCSTR", "0x28fe5c", "UnhandledExceptionFilter" ], "Timesptamp": "00000000.908798", "FunctionName": "GetProcAddress", "ModuleName": "kernel32.dll", "Return": "0x74f4772f", "Status": 0 }
{ "Address": "0x34515c", "Opcode": "e81b000000", "Opcodesize": 5, "Mnemonic": "call 0x34517c", "PID": 1288, "TID": 1612, "Arguments": [ "Arg1", "IN", "HMODULE", "0x28fe58", "0x74f10000", "Arg2", "IN", "LPCSTR", "0x28fe5c", "GetCurrentProcess" ], "Timesptamp": "00000000.930646", "FunctionName": "GetProcAddress", "ModuleName": "kernel32.dll", "Return": "0x74f21809", "Status": 0 }
{ "Address": "0x34515c", "Opcode": "e81b000000", "Opcodesize": 5, "Mnemonic": "call 0x34517c", "PID": 1288, "TID": 1612, "Arguments": [ "Arg1", "IN", "HMODULE", "0x28fe58", "0x74f10000", "Arg2", "IN", "LPCSTR", "0x28fe5c", "TerminateProcess" ], "Timesptamp": "00000000.948543", "FunctionName": "GetProcAddress", "ModuleName": "kernel32.dll", "Return": "0x74f3d802", "Status": 0 }
{ "Address": "0x34515c", "Opcode": "e81b000000", "Opcodesize": 5, "Mnemonic": "call 0x34517c", "PID": 1288, "TID": 1612, "Arguments": [ "Arg1", "IN", "HMODULE", "0x28fe58", "0x74f10000", "Arg2", "IN", "LPCSTR", "0x28fe5c", "LoadLibraryW" ], "Timesptamp": "00000000.966668", "FunctionName": "GetProcAddress", "ModuleName": "kernel32.dll", "Return": "0x74f2492b", "Status": 0 }
{ "Address": "0x34515c", "Opcode": "e81b000000", "Opcodesize": 5, "Mnemonic": "call 0x34517c", "PID": 1288, "TID": 1612, "Arguments": [ "Arg1", "IN", "HMODULE", "0x28fe58", "0x74f10000", "Arg2", "IN", "LPCSTR", "0x28fe5c", "GetCurrentProcessId" ], "Timesptamp": "00000000.989301", "FunctionName": "GetProcAddress", "ModuleName": "kernel32.dll", "Return": "0x74f211f8", "Status": 0 }
{ "Address": "0x34515c", "Opcode": "e81b000000", "Opcodesize": 5, "Mnemonic": "call 0x34517c", "PID": 1288, "TID": 1612, "Arguments": [ "Arg1", "IN", "HMODULE", "0x28fe58", "0x74f10000", "Arg2", "IN", "LPCSTR", "0x28fe5c", "GetCurrentThreadId" ], "Timesptamp": "00000001.007298", "FunctionName": "GetProcAddress", "ModuleName": "kernel32.dll", "Return": "0x74f21450", "Status": 0 }
{ "Address": "0x34515c", "Opcode": "e81b000000", "Opcodesize": 5, "Mnemonic": "call 0x34517c", "PID": 1288, "TID": 1612, "Arguments": [ "Arg1", "IN", "HMODULE", "0x28fe58", "0x74f10000", "Arg2", "IN", "LPCSTR", "0x28fe5c", "GetTickCount" ], "Timesptamp": "00000001.024859", "FunctionName": "GetProcAddress", "ModuleName": "kernel32.dll", "Return": "0x74f2110c", "Status": 0 }
{ "Address": "0x34515c", "Opcode": "e81b000000", "Opcodesize": 5, "Mnemonic": "call 0x34517c", "PID": 1288, "TID": 1612, "Arguments": [ "Arg1", "IN", "HMODULE", "0x28fe58", "0x74f10000", "Arg2", "IN", "LPCSTR", "0x28fe5c", "QueryPerformanceCounter" ], "Timesptamp": "00000001.042559", "FunctionName": "GetProcAddress", "ModuleName": "kernel32.dll", "Return": "0x74f21725", "Status": 0 }
{ "Address": "0x34515c", "Opcode": "e81b000000", "Opcodesize": 5, "Mnemonic": "call 0x34517c", "PID": 1288, "TID": 1612, "Arguments": [ "Arg1", "IN", "HMODULE", "0x28fe58", "0x74f10000", "Arg2", "IN", "LPCSTR", "0x28fe5c", "GetModuleHandleA" ], "Timesptamp": "00000001.060507", "FunctionName": "GetProcAddress", "ModuleName": "kernel32.dll", "Return": "0x74f21245", "Status": 0 }
{ "Address": "0x34515c", "Opcode": "e81b000000", "Opcodesize": 5, "Mnemonic": "call 0x34517c", "PID": 1288, "TID": 1612, "Arguments": [ "Arg1", "IN", "HMODULE", "0x28fe58", "0x74f10000", "Arg2", "IN", "LPCSTR", "0x28fe5c", "SetUnhandledExceptionFilter" ], "Timesptamp": "00000001.078304", "FunctionName": "GetProcAddress", "ModuleName": "kernel32.dll", "Return": "0x74f287c9", "Status": 0 }
{ "Address": "0x34515c", "Opcode": "e81b000000", "Opcodesize": 5, "Mnemonic": "call 0x34517c", "PID": 1288, "TID": 1612, "Arguments": [ "Arg1", "IN", "HMODULE", "0x28fe58", "0x74f10000", "Arg2", "IN", "LPCSTR", "0x28fe5c", "InterlockedCompareExchange" ], "Timesptamp": "00000001.096404", "FunctionName": "GetProcAddress", "ModuleName": "kernel32.dll", "Return": "0x74f21484", "Status": 0 }
{ "Address": "0x34515c", "Opcode": "e81b000000", "Opcodesize": 5, "Mnemonic": "call 0x34517c", "PID": 1288, "TID": 1612, "Arguments": [ "Arg1", "IN", "HMODULE", "0x28fe58", "0x74f10000", "Arg2", "IN", "LPCSTR", "0x28fe5c", "Sleep" ], "Timesptamp": "00000001.114107", "FunctionName": "GetProcAddress", "ModuleName": "kernel32.dll", "Return": "0x74f210ff", "Status": 0 }
{ "Address": "0x34515c", "Opcode": "e81b000000", "Opcodesize": 5, "Mnemonic": "call 0x34517c", "PID": 1288, "TID": 1612, "Arguments": [ "Arg1", "IN", "HMODULE", "0x28fe58", "0x74f10000", "Arg2", "IN", "LPCSTR", "0x28fe5c", "InterlockedExchange" ], "Timesptamp": "00000001.132106", "FunctionName": "GetProcAddress", "ModuleName": "kernel32.dll", "Return": "0x74f21462", "Status": 0 }
{ "Address": "0x34515c", "Opcode": "e81b000000", "Opcodesize": 5, "Mnemonic": "call 0x34517c", "PID": 1288, "TID": 1612, "Arguments": [ "Arg1", "IN", "HMODULE", "0x28fe58", "0x74f10000", "Arg2", "IN", "LPCSTR", "0x28fe5c", "GetEnvironmentVariableW" ], "Timesptamp": "00000001.150583", "FunctionName": "GetProcAddress", "ModuleName": "kernel32.dll", "Return": "0x74f21b48", "Status": 0 }
{ "Address": "0x34515c", "Opcode": "e81b000000", "Opcodesize": 5, "Mnemonic": "call 0x34517c", "PID": 1288, "TID": 1612, "Arguments": [ "Arg1", "IN", "HMODULE", "0x28fe58", "0x74f10000", "Arg2", "IN", "LPCSTR", "0x28fe5c", "SetThreadUILanguage" ], "Timesptamp": "00000001.169129", "FunctionName": "GetProcAddress", "ModuleName": "kernel32.dll", "Return": "0x74f3a84f", "Status": 0 }
{ "Address": "0x34515c", "Opcode": "e81b000000", "Opcodesize": 5, "Mnemonic": "call 0x34517c", "PID": 1288, "TID": 1612, "Arguments": [ "Arg1", "IN", "HMODULE", "0x28fe58", "0x74f10000", "Arg2", "IN", "LPCSTR", "0x28fe5c", "lstrlenW" ], "Timesptamp": "00000001.193874", "FunctionName": "GetProcAddress", "ModuleName": "kernel32.dll", "Return": "0x74f21700", "Status": 0 }
{ "Address": "0x34515c", "Opcode": "e81b000000", "Opcodesize": 5, "Mnemonic": "call 0x34517c", "PID": 1288, "TID": 1612, "Arguments": [ "Arg1", "IN", "HMODULE", "0x28fe58", "0x74f10000", "Arg2", "IN", "LPCSTR", "0x28fe5c", "HeapAlloc" ], "Timesptamp": "00000001.215093", "FunctionName": "GetProcAddress", "ModuleName": "kernel32.dll", "Return": "0x7706e026", "Status": 0 }
{ "Address": "0x34515c", "Opcode": "e81b000000", "Opcodesize": 5, "Mnemonic": "call 0x34517c", "PID": 1288, "TID": 1612, "Arguments": [ "Arg1", "IN", "HMODULE", "0x28fe58", "0x74f10000", "Arg2", "IN", "LPCSTR", "0x28fe5c", "GetProcessHeap" ], "Timesptamp": "00000001.236269", "FunctionName": "GetProcAddress", "ModuleName": "kernel32.dll", "Return": "0x74f214e9", "Status": 0 }
{ "Address": "0x34515c", "Opcode": "e81b000000", "Opcodesize": 5, "Mnemonic": "call 0x34517c", "PID": 1288, "TID": 1612, "Arguments": [ "Arg1", "IN", "HMODULE", "0x28fe58", "0x74f10000", "Arg2", "IN", "LPCSTR", "0x28fe5c", "HeapFree" ], "Timesptamp": "00000001.254262", "FunctionName": "GetProcAddress", "ModuleName": "kernel32.dll", "Return": "0x74f214c9", "Status": 0 }
{ "Address": "0x34515c", "Opcode": "e81b000000", "Opcodesize": 5, "Mnemonic": "call 0x34517c", "PID": 1288, "TID": 1612, "Arguments": [ "Arg1", "IN", "HMODULE", "0x28fe58", "0x74f10000", "Arg2", "IN", "LPCSTR", "0x28fe5c", "RaiseException" ], "Timesptamp": "00000001.272030", "FunctionName": "GetProcAddress", "ModuleName": "kernel32.dll", "Return": "0x74f258a6", "Status": 0 }
{ "Address": "0x34515c", "Opcode": "e81b000000", "Opcodesize": 5, "Mnemonic": "call 0x34517c", "PID": 1288, "TID": 1612, "Arguments": [ "Arg1", "IN", "HMODULE", "0x28fe58", "0x74f10000", "Arg2", "IN", "LPCSTR", "0x28fe5c", "CreateFileW" ], "Timesptamp": "00000001.302338", "FunctionName": "GetProcAddress", "ModuleName": "kernel32.dll", "Return": "0x74f23f5c", "Status": 0 }
{ "Address": "0x34515c", "Opcode": "e81b000000", "Opcodesize": 5, "Mnemonic": "call 0x34517c", "PID": 1288, "TID": 1612, "Arguments": [ "Arg1", "IN", "HMODULE", "0x28fe58", "0x74f10000", "Arg2", "IN", "LPCSTR", "0x28fe5c", "ReadConsoleW" ], "Timesptamp": "00000001.320429", "FunctionName": "GetProcAddress", "ModuleName": "kernel32.dll", "Return": "0x74fc739a", "Status": 0 }
{ "Address": "0x34515c", "Opcode": "e81b000000", "Opcodesize": 5, "Mnemonic": "call 0x34517c", "PID": 1288, "TID": 1612, "Arguments": [ "Arg1", "IN", "HMODULE", "0x28fe58", "0x74f10000", "Arg2", "IN", "LPCSTR", "0x28fe5c", "CloseHandle" ], "Timesptamp": "00000001.340509", "FunctionName": "GetProcAddress", "ModuleName": "kernel32.dll", "Return": "0x74f21410", "Status": 0 }
{ "Address": "0x34515c", "Opcode": "e81b000000", "Opcodesize": 5, "Mnemonic": "call 0x34517c", "PID": 1288, "TID": 1612, "Arguments": [ "Arg1", "IN", "HMODULE", "0x28fe58", "0x74f10000", "Arg2", "IN", "LPCSTR", "0x28fe5c", "GetConsoleOutputCP" ], "Timesptamp": "00000001.358327", "FunctionName": "GetProcAddress", "ModuleName": "kernel32.dll", "Return": "0x74f39b0f", "Status": 0 }
{ "Address": "0x34515c", "Opcode": "e81b000000", "Opcodesize": 5, "Mnemonic": "call 0x34517c", "PID": 1288, "TID": 1612, "Arguments": [ "Arg1", "IN", "HMODULE", "0x28fe58", "0x74f10000", "Arg2", "IN", "LPCSTR", "0x28fe5c", "GetStdHandle" ], "Timesptamp": "00000001.379773", "FunctionName": "GetProcAddress", "ModuleName": "kernel32.dll", "Return": "0x74f251b3", "Status": 0 }
{ "Address": "0x34515c", "Opcode": "e81b000000", "Opcodesize": 5, "Mnemonic": "call 0x34517c", "PID": 1288, "TID": 1612, "Arguments": [ "Arg1", "IN", "HMODULE", "0x28fe58", "0x74f10000", "Arg2", "IN", "LPCSTR", "0x28fe5c", "GetConsoleMode" ], "Timesptamp": "00000001.398582", "FunctionName": "GetProcAddress", "ModuleName": "kernel32.dll", "Return": "0x74f21328", "Status": 0 }
{ "Address": "0x34515c", "Opcode": "e81b000000", "Opcodesize": 5, "Mnemonic": "call 0x34517c", "PID": 1288, "TID": 1612, "Arguments": [ "Arg1", "IN", "HMODULE", "0x28fe58", "0x74f10000", "Arg2", "IN", "LPCSTR", "0x28fe5c", "SetConsoleMode" ], "Timesptamp": "00000001.416194", "FunctionName": "GetProcAddress", "ModuleName": "kernel32.dll", "Return": "0x74f3a77d", "Status": 0 }
{ "Address": "0x34515c", "Opcode": "e81b000000", "Opcodesize": 5, "Mnemonic": "call 0x34517c", "PID": 1288, "TID": 1612, "Arguments": [ "Arg1", "IN", "HMODULE", "0x28fe58", "0x74f10000", "Arg2", "IN", "LPCSTR", "0x28fe5c", "GetLastError" ], "Timesptamp": "00000001.438906", "FunctionName": "GetProcAddress", "ModuleName": "kernel32.dll", "Return": "0x74f211c0", "Status": 0 }
{ "Address": "0x34515c", "Opcode": "e81b000000", "Opcodesize": 5, "Mnemonic": "call 0x34517c", "PID": 1288, "TID": 1612, "Arguments": [ "Arg1", "IN", "HMODULE", "0x28fe58", "0x74f10000", "Arg2", "IN", "LPCSTR", "0x28fe5c", "FormatMessageW" ], "Timesptamp": "00000001.456566", "FunctionName": "GetProcAddress", "ModuleName": "kernel32.dll", "Return": "0x74f24620", "Status": 0 }
{ "Address": "0x34515c", "Opcode": "e81b000000", "Opcodesize": 5, "Mnemonic": "call 0x34517c", "PID": 1288, "TID": 1612, "Arguments": [ "Arg1", "IN", "HMODULE", "0x28fe58", "0x74f10000", "Arg2", "IN", "LPCSTR", "0x28fe5c", "GetACP" ], "Timesptamp": "00000001.478318", "FunctionName": "GetProcAddress", "ModuleName": "kernel32.dll", "Return": "0x74f2179c", "Status": 0 }
{ "Address": "0x34515c", "Opcode": "e81b000000", "Opcodesize": 5, "Mnemonic": "call 0x34517c", "PID": 1288, "TID": 1612, "Arguments": [ "Arg1", "IN", "HMODULE", "0x28fe58", "0x74f10000", "Arg2", "IN", "LPCSTR", "0x28fe5c", "GetConsoleCP" ], "Timesptamp": "00000001.496333", "FunctionName": "GetProcAddress", "ModuleName": "kernel32.dll", "Return": "0x74fc7bff", "Status": 0 }
{ "Address": "0x34515c", "Opcode": "e81b000000", "Opcodesize": 5, "Mnemonic": "call 0x34517c", "PID": 1288, "TID": 1612, "Arguments": [ "Arg1", "IN", "HMODULE", "0x28fe58", "0x74f10000", "Arg2", "IN", "LPCSTR", "0x28fe5c", "MultiByteToWideChar" ], "Timesptamp": "00000001.515910", "FunctionName": "GetProcAddress", "ModuleName": "kernel32.dll", "Return": "0x74f2192e", "Status": 0 }
{ "Address": "0x34515c", "Opcode": "e81b000000", "Opcodesize": 5, "Mnemonic": "call 0x34517c", "PID": 1288, "TID": 1612, "Arguments": [ "Arg1", "IN", "HMODULE", "0x28fe58", "0x74f10000", "Arg2", "IN", "LPCSTR", "0x28fe5c", "WriteConsoleW" ], "Timesptamp": "00000001.534372", "FunctionName": "GetProcAddress", "ModuleName": "kernel32.dll", "Return": "0x74f47aca", "Status": 0 }
{ "Address": "0x34515c", "Opcode": "e81b000000", "Opcodesize": 5, "Mnemonic": "call 0x34517c", "PID": 1288, "TID": 1612, "Arguments": [ "Arg1", "IN", "HMODULE", "0x28fe58", "0x74f10000", "Arg2", "IN", "LPCSTR", "0x28fe5c", "LocalAlloc" ], "Timesptamp": "00000001.552184", "FunctionName": "GetProcAddress", "ModuleName": "kernel32.dll", "Return": "0x74f2168c", "Status": 0 }
{ "Address": "0x34515c", "Opcode": "e81b000000", "Opcodesize": 5, "Mnemonic": "call 0x34517c", "PID": 1288, "TID": 1612, "Arguments": [ "Arg1", "IN", "HMODULE", "0x28fe58", "0x74f10000", "Arg2", "IN", "LPCSTR", "0x28fe5c", "WideCharToMultiByte" ], "Timesptamp": "00000001.574012", "FunctionName": "GetProcAddress", "ModuleName": "kernel32.dll", "Return": "0x74f2170d", "Status": 0 }
{ "Address": "0x34515c", "Opcode": "e81b000000", "Opcodesize": 5, "Mnemonic": "call 0x34517c", "PID": 1288, "TID": 1612, "Arguments": [ "Arg1", "IN", "HMODULE", "0x28fe58", "0x74f10000", "Arg2", "IN", "LPCSTR", "0x28fe5c", "WriteFile" ], "Timesptamp": "00000001.591761", "FunctionName": "GetProcAddress", "ModuleName": "kernel32.dll", "Return": "0x74f21282", "Status": 0 }
{ "Address": "0x34515c", "Opcode": "e81b000000", "Opcodesize": 5, "Mnemonic": "call 0x34517c", "PID": 1288, "TID": 1612, "Arguments": [ "Arg1", "IN", "HMODULE", "0x28fe58", "0x74f10000", "Arg2", "IN", "LPCSTR", "0x28fe5c", "LocalFree" ], "Timesptamp": "00000001.611662", "FunctionName": "GetProcAddress", "ModuleName": "kernel32.dll", "Return": "0x74f22d3c", "Status": 0 }
{ "Address": "0x34515c", "Opcode": "e81b000000", "Opcodesize": 5, "Mnemonic": "call 0x34517c", "PID": 1288, "TID": 1612, "Arguments": [ "Arg1", "IN", "HMODULE", "0x28fe58", "0x74f10000", "Arg2", "IN", "LPCSTR", "0x28fe5c", "GetSystemTimeAsFileTime" ], "Timesptamp": "00000001.629583", "FunctionName": "GetProcAddress", "ModuleName": "kernel32.dll", "Return": "0x74f23509", "Status": 0 }
{ "Address": "0x34515c", "Opcode": "e81b000000", "Opcodesize": 5, "Mnemonic": "call 0x34517c", "PID": 1288, "TID": 1612, "Arguments": [ "Arg1", "IN", "HMODULE", "0x28fe58", "0x74f10000", "Arg2", "IN", "LPCSTR", "0x28fe5c", "GetFileType" ], "Timesptamp": "00000001.647263", "FunctionName": "GetProcAddress", "ModuleName": "kernel32.dll", "Return": "0x74f23531", "Status": 0 }
{ "Address": "0x34514b", "Opcode": "e82c000000", "Opcodesize": 5, "Mnemonic": "call 0x34517c", "PID": 1288, "TID": 1612, "Arguments": [ "Arg1", "IN", "LPCTSTR", "0x28fe6c", "msvcrt.dll" ], "Timesptamp": "00000001.685813", "FunctionName": "LoadLibraryA", "ModuleName": "kernel32.dll", "Return": "0x76190000", "Status": 0 }
{ "Address": "0x34515c", "Opcode": "e81b000000", "Opcodesize": 5, "Mnemonic": "call 0x34517c", "PID": 1288, "TID": 1612, "Arguments": [ "Arg1", "IN", "HMODULE", "0x28fe58", "0x76190000", "Arg2", "IN", "LPCSTR", "0x28fe5c", "free" ], "Timesptamp": "00000001.713195", "FunctionName": "GetProcAddress", "ModuleName": "kernel32.dll", "Return": "0x76199894", "Status": 0 }
{ "Address": "0x34515c", "Opcode": "e81b000000", "Opcodesize": 5, "Mnemonic": "call 0x34517c", "PID": 1288, "TID": 1612, "Arguments": [ "Arg1", "IN", "HMODULE", "0x28fe58", "0x76190000", "Arg2", "IN", "LPCSTR", "0x28fe5c", "??3@YAXPAX@Z" ], "Timesptamp": "00000001.735205", "FunctionName": "GetProcAddress", "ModuleName": "kernel32.dll", "Return": "0x7619b0b9", "Status": 0 }
{ "Address": "0x34515c", "Opcode": "e81b000000", "Opcodesize": 5, "Mnemonic": "call 0x34517c", "PID": 1288, "TID": 1612, "Arguments": [ "Arg1", "IN", "HMODULE", "0x28fe58", "0x76190000", "Arg2", "IN", "LPCSTR", "0x28fe5c", "_wtoi" ], "Timesptamp": "00000001.767966", "FunctionName": "GetProcAddress", "ModuleName": "kernel32.dll", "Return": "0x7619c823", "Status": 0 }
{ "Address": "0x34515c", "Opcode": "e81b000000", "Opcodesize": 5, "Mnemonic": "call 0x34517c", "PID": 1288, "TID": 1612, "Arguments": [ "Arg1", "IN", "HMODULE", "0x28fe58", "0x76190000", "Arg2", "IN", "LPCSTR", "0x28fe5c", "wcstok" ], "Timesptamp": "00000001.786084", "FunctionName": "GetProcAddress", "ModuleName": "kernel32.dll", "Return": "0x761a076e", "Status": 0 }
{ "Address": "0x34515c", "Opcode": "e81b000000", "Opcodesize": 5, "Mnemonic": "call 0x34517c", "PID": 1288, "TID": 1612, "Arguments": [ "Arg1", "IN", "HMODULE", "0x28fe58", "0x76190000", "Arg2", "IN", "LPCSTR", "0x28fe5c", "ceil" ], "Timesptamp": "00000001.809130", "FunctionName": "GetProcAddress", "ModuleName": "kernel32.dll", "Return": "0x761a0d74", "Status": 0 }
{ "Address": "0x34515c", "Opcode": "e81b000000", "Opcodesize": 5, "Mnemonic": "call 0x34517c", "PID": 1288, "TID": 1612, "Arguments": [ "Arg1", "IN", "HMODULE", "0x28fe58", "0x76190000", "Arg2", "IN", "LPCSTR", "0x28fe5c", "atof" ], "Timesptamp": "00000001.826958", "FunctionName": "GetProcAddress", "ModuleName": "kernel32.dll", "Return": "0x761b0a80", "Status": 0 }
{ "Address": "0x34515c", "Opcode": "e81b000000", "Opcodesize": 5, "Mnemonic": "call 0x34517c", "PID": 1288, "TID": 1612, "Arguments": [ "Arg1", "IN", "HMODULE", "0x28fe58", "0x76190000", "Arg2", "IN", "LPCSTR", "0x28fe5c", "floor" ], "Timesptamp": "00000001.849036", "FunctionName": "GetProcAddress", "ModuleName": "kernel32.dll", "Return": "0x7619f95f", "Status": 0 }
{ "Address": "0x34515c", "Opcode": "e81b000000", "Opcodesize": 5, "Mnemonic": "call 0x34517c", "PID": 1288, "TID": 1612, "Arguments": [ "Arg1", "IN", "HMODULE", "0x28fe58", "0x76190000", "Arg2", "IN", "LPCSTR", "0x28fe5c", "??_V@YAXPAX@Z" ], "Timesptamp": "00000001.868393", "FunctionName": "GetProcAddress", "ModuleName": "kernel32.dll", "Return": "0x7619b0f3", "Status": 0 }
{ "Address": "0x34515c", "Opcode": "e81b000000", "Opcodesize": 5, "Mnemonic": "call 0x34517c", "PID": 1288, "TID": 1612, "Arguments": [ "Arg1", "IN", "HMODULE", "0x28fe58", "0x76190000", "Arg2", "IN", "LPCSTR", "0x28fe5c", "wcsncpy_s" ], "Timesptamp": "00000001.888483", "FunctionName": "GetProcAddress", "ModuleName": "kernel32.dll", "Return": "0x7619c24b", "Status": 0 }
{ "Address": "0x34515c", "Opcode": "e81b000000", "Opcodesize": 5, "Mnemonic": "call 0x34517c", "PID": 1288, "TID": 1612, "Arguments": [ "Arg1", "IN", "HMODULE", "0x28fe58", "0x76190000", "Arg2", "IN", "LPCSTR", "0x28fe5c", "_wcsicmp" ], "Timesptamp": "00000001.907214", "FunctionName": "GetProcAddress", "ModuleName": "kernel32.dll", "Return": "0x7619a9e9", "Status": 0 }
{ "Address": "0x34515c", "Opcode": "e81b000000", "Opcodesize": 5, "Mnemonic": "call 0x34517c", "PID": 1288, "TID": 1612, "Arguments": [ "Arg1", "IN", "HMODULE", "0x28fe58", "0x76190000", "Arg2", "IN", "LPCSTR", "0x28fe5c", "memcpy" ], "Timesptamp": "00000001.930104", "FunctionName": "GetProcAddress", "ModuleName": "kernel32.dll", "Return": "0x76199910", "Status": 0 }
{ "Address": "0x34515c", "Opcode": "e81b000000", "Opcodesize": 5, "Mnemonic": "call 0x34517c", "PID": 1288, "TID": 1612, "Arguments": [ "Arg1", "IN", "HMODULE", "0x28fe58", "0x76190000", "Arg2", "IN", "LPCSTR", "0x28fe5c", "malloc" ], "Timesptamp": "00000001.950854", "FunctionName": "GetProcAddress", "ModuleName": "kernel32.dll", "Return": "0x76199cee", "Status": 0 }
{ "Address": "0x34515c", "Opcode": "e81b000000", "Opcodesize": 5, "Mnemonic": "call 0x34517c", "PID": 1288, "TID": 1612, "Arguments": [ "Arg1", "IN", "HMODULE", "0x28fe58", "0x76190000", "Arg2", "IN", "LPCSTR", "0x28fe5c", "_controlfp" ], "Timesptamp": "00000001.979132", "FunctionName": "GetProcAddress", "ModuleName": "kernel32.dll", "Return": "0x7619e1e1", "Status": 0 }
{ "Address": "0x34515c", "Opcode": "e81b000000", "Opcodesize": 5, "Mnemonic": "call 0x34517c", "PID": 1288, "TID": 1612, "Arguments": [ "Arg1", "IN", "HMODULE", "0x28fe58", "0x76190000", "Arg2", "IN", "LPCSTR", "0x28fe5c", "_except_handler4_common" ], "Timesptamp": "00000001.997844", "FunctionName": "GetProcAddress", "ModuleName": "kernel32.dll", "Return": "0x761b3e27", "Status": 0 }
{ "Address": "0x34515c", "Opcode": "e81b000000", "Opcodesize": 5, "Mnemonic": "call 0x34517c", "PID": 1288, "TID": 1612, "Arguments": [ "Arg1", "IN", "HMODULE", "0x28fe58", "0x76190000", "Arg2", "IN", "LPCSTR", "0x28fe5c", "?terminate@@YAXXZ" ], "Timesptamp": "00000002.019856", "FunctionName": "GetProcAddress", "ModuleName": "kernel32.dll", "Return": "0x761e61cf", "Status": 0 }
{ "Address": "0x34515c", "Opcode": "e81b000000", "Opcodesize": 5, "Mnemonic": "call 0x34517c", "PID": 1288, "TID": 1612, "Arguments": [ "Arg1", "IN", "HMODULE", "0x28fe58", "0x76190000", "Arg2", "IN", "LPCSTR", "0x28fe5c", "_onexit" ], "Timesptamp": "00000002.037909", "FunctionName": "GetProcAddress", "ModuleName": "kernel32.dll", "Return": "0x761a112d", "Status": 0 }
{ "Address": "0x34515c", "Opcode": "e81b000000", "Opcodesize": 5, "Mnemonic": "call 0x34517c", "PID": 1288, "TID": 1612, "Arguments": [ "Arg1", "IN", "HMODULE", "0x28fe58", "0x76190000", "Arg2", "IN", "LPCSTR", "0x28fe5c", "_lock" ], "Timesptamp": "00000002.055725", "FunctionName": "GetProcAddress", "ModuleName": "kernel32.dll", "Return": "0x7619a449", "Status": 0 }
{ "Address": "0x34515c", "Opcode": "e81b000000", "Opcodesize": 5, "Mnemonic": "call 0x34517c", "PID": 1288, "TID": 1612, "Arguments": [ "Arg1", "IN", "HMODULE", "0x28fe58", "0x76190000", "Arg2", "IN", "LPCSTR", "0x28fe5c", "__dllonexit" ], "Timesptamp": "00000002.078046", "FunctionName": "GetProcAddress", "ModuleName": "kernel32.dll", "Return": "0x7619f509", "Status": 0 }
{ "Address": "0x34515c", "Opcode": "e81b000000", "Opcodesize": 5, "Mnemonic": "call 0x34517c", "PID": 1288, "TID": 1612, "Arguments": [ "Arg1", "IN", "HMODULE", "0x28fe58", "0x76190000", "Arg2", "IN", "LPCSTR", "0x28fe5c", "_unlock" ], "Timesptamp": "00000002.096843", "FunctionName": "GetProcAddress", "ModuleName": "kernel32.dll", "Return": "0x7619a42d", "Status": 0 }
{ "Address": "0x34515c", "Opcode": "e81b000000", "Opcodesize": 5, "Mnemonic": "call 0x34517c", "PID": 1288, "TID": 1612, "Arguments": [ "Arg1", "IN", "HMODULE", "0x28fe58", "0x76190000", "Arg2", "IN", "LPCSTR", "0x28fe5c", "__set_app_type" ], "Timesptamp": "00000002.119169", "FunctionName": "GetProcAddress", "ModuleName": "kernel32.dll", "Return": "0x761a2804", "Status": 0 }
{ "Address": "0x34515c", "Opcode": "e81b000000", "Opcodesize": 5, "Mnemonic": "call 0x34517c", "PID": 1288, "TID": 1612, "Arguments": [ "Arg1", "IN", "HMODULE", "0x28fe58", "0x76190000", "Arg2", "IN", "LPCSTR", "0x28fe5c", "__p__fmode" ], "Timesptamp": "00000002.137031", "FunctionName": "GetProcAddress", "ModuleName": "kernel32.dll", "Return": "0x761a27ce", "Status": 0 }
{ "Address": "0x34515c", "Opcode": "e81b000000", "Opcodesize": 5, "Mnemonic": "call 0x34517c", "PID": 1288, "TID": 1612, "Arguments": [ "Arg1", "IN", "HMODULE", "0x28fe58", "0x76190000", "Arg2", "IN", "LPCSTR", "0x28fe5c", "__p__commode" ], "Timesptamp": "00000002.158447", "FunctionName": "GetProcAddress", "ModuleName": "kernel32.dll", "Return": "0x761a27c3", "Status": 0 }
{ "Address": "0x34515c", "Opcode": "e81b000000", "Opcodesize": 5, "Mnemonic": "call 0x34517c", "PID": 1288, "TID": 1612, "Arguments": [ "Arg1", "IN", "HMODULE", "0x28fe58", "0x76190000", "Arg2", "IN", "LPCSTR", "0x28fe5c", "__setusermatherr" ], "Timesptamp": "00000002.177138", "FunctionName": "GetProcAddress", "ModuleName": "kernel32.dll", "Return": "0x762277ad", "Status": 0 }
{ "Address": "0x34515c", "Opcode": "e81b000000", "Opcodesize": 5, "Mnemonic": "call 0x34517c", "PID": 1288, "TID": 1612, "Arguments": [ "Arg1", "IN", "HMODULE", "0x28fe58", "0x76190000", "Arg2", "IN", "LPCSTR", "0x28fe5c", "_amsg_exit" ], "Timesptamp": "00000002.195765", "FunctionName": "GetProcAddress", "ModuleName": "kernel32.dll", "Return": "0x761fb2ef", "Status": 0 }
{ "Address": "0x34515c", "Opcode": "e81b000000", "Opcodesize": 5, "Mnemonic": "call 0x34517c", "PID": 1288, "TID": 1612, "Arguments": [ "Arg1", "IN", "HMODULE", "0x28fe58", "0x76190000", "Arg2", "IN", "LPCSTR", "0x28fe5c", "_initterm" ], "Timesptamp": "00000002.218456", "FunctionName": "GetProcAddress", "ModuleName": "kernel32.dll", "Return": "0x7619c151", "Status": 0 }
{ "Address": "0x34515c", "Opcode": "e81b000000", "Opcodesize": 5, "Mnemonic": "call 0x34517c", "PID": 1288, "TID": 1612, "Arguments": [ "Arg1", "IN", "HMODULE", "0x28fe58", "0x76190000", "Arg2", "IN", "LPCSTR", "0x28fe5c", "exit" ], "Timesptamp": "00000002.236454", "FunctionName": "GetProcAddress", "ModuleName": "kernel32.dll", "Return": "0x761a36aa", "Status": 0 }
{ "Address": "0x34515c", "Opcode": "e81b000000", "Opcodesize": 5, "Mnemonic": "call 0x34517c", "PID": 1288, "TID": 1612, "Arguments": [ "Arg1", "IN", "HMODULE", "0x28fe58", "0x76190000", "Arg2", "IN", "LPCSTR", "0x28fe5c", "_XcptFilter" ], "Timesptamp": "00000002.258627", "FunctionName": "GetProcAddress", "ModuleName": "kernel32.dll", "Return": "0x761bdc75", "Status": 0 }
{ "Address": "0x34515c", "Opcode": "e81b000000", "Opcodesize": 5, "Mnemonic": "call 0x34517c", "PID": 1288, "TID": 1612, "Arguments": [ "Arg1", "IN", "HMODULE", "0x28fe58", "0x76190000", "Arg2", "IN", "LPCSTR", "0x28fe5c", "_exit" ], "Timesptamp": "00000002.276676", "FunctionName": "GetProcAddress", "ModuleName": "kernel32.dll", "Return": "0x761fb2c0", "Status": 0 }
{ "Address": "0x34515c", "Opcode": "e81b000000", "Opcodesize": 5, "Mnemonic": "call 0x34517c", "PID": 1288, "TID": 1612, "Arguments": [ "Arg1", "IN", "HMODULE", "0x28fe58", "0x76190000", "Arg2", "IN", "LPCSTR", "0x28fe5c", "_cexit" ], "Timesptamp": "00000002.297253", "FunctionName": "GetProcAddress", "ModuleName": "kernel32.dll", "Return": "0x761a37d4", "Status": 0 }
{ "Address": "0x34515c", "Opcode": "e81b000000", "Opcodesize": 5, "Mnemonic": "call 0x34517c", "PID": 1288, "TID": 1612, "Arguments": [ "Arg1", "IN", "HMODULE", "0x28fe58", "0x76190000", "Arg2", "IN", "LPCSTR", "0x28fe5c", "__wgetmainargs" ], "Timesptamp": "00000002.316506", "FunctionName": "GetProcAddress", "ModuleName": "kernel32.dll", "Return": "0x761a4e7c", "Status": 0 }
{ "Address": "0x34515c", "Opcode": "e81b000000", "Opcodesize": 5, "Mnemonic": "call 0x34517c", "PID": 1288, "TID": 1612, "Arguments": [ "Arg1", "IN", "HMODULE", "0x28fe58", "0x76190000", "Arg2", "IN", "LPCSTR", "0x28fe5c", "wcschr" ], "Timesptamp": "00000002.331621", "FunctionName": "GetProcAddress", "ModuleName": "kernel32.dll", "Return": "0x7619aa61", "Status": 0 }
{ "Address": "0x34515c", "Opcode": "e81b000000", "Opcodesize": 5, "Mnemonic": "call 0x34517c", "PID": 1288, "TID": 1612, "Arguments": [ "Arg1", "IN", "HMODULE", "0x28fe58", "0x76190000", "Arg2", "IN", "LPCSTR", "0x28fe5c", "??_U@YAPAXI@Z" ], "Timesptamp": "00000002.354136", "FunctionName": "GetProcAddress", "ModuleName": "kernel32.dll", "Return": "0x7619b100", "Status": 0 }
{ "Address": "0x34515c", "Opcode": "e81b000000", "Opcodesize": 5, "Mnemonic": "call 0x34517c", "PID": 1288, "TID": 1612, "Arguments": [ "Arg1", "IN", "HMODULE", "0x28fe58", "0x76190000", "Arg2", "IN", "LPCSTR", "0x28fe5c", "memset" ], "Timesptamp": "00000002.372688", "FunctionName": "GetProcAddress", "ModuleName": "kernel32.dll", "Return": "0x76199790", "Status": 0 }
{ "Address": "0x34515c", "Opcode": "e81b000000", "Opcodesize": 5, "Mnemonic": "call 0x34517c", "PID": 1288, "TID": 1612, "Arguments": [ "Arg1", "IN", "HMODULE", "0x28fe58", "0x76190000", "Arg2", "IN", "LPCSTR", "0x28fe5c", "fwprintf" ], "Timesptamp": "00000002.398292", "FunctionName": "GetProcAddress", "ModuleName": "kernel32.dll", "Return": "0x761b6ef7", "Status": 0 }
{ "Address": "0x34515c", "Opcode": "e81b000000", "Opcodesize": 5, "Mnemonic": "call 0x34517c", "PID": 1288, "TID": 1612, "Arguments": [ "Arg1", "IN", "HMODULE", "0x28fe58", "0x76190000", "Arg2", "IN", "LPCSTR", "0x28fe5c", "_wsetlocale" ], "Timesptamp": "00000002.416455", "FunctionName": "GetProcAddress", "ModuleName": "kernel32.dll", "Return": "0x761ad0fd", "Status": 0 }
{ "Address": "0x34515c", "Opcode": "e81b000000", "Opcodesize": 5, "Mnemonic": "call 0x34517c", "PID": 1288, "TID": 1612, "Arguments": [ "Arg1", "IN", "HMODULE", "0x28fe58", "0x76190000", "Arg2", "IN", "LPCSTR", "0x28fe5c", "swprintf_s" ], "Timesptamp": "00000002.435095", "FunctionName": "GetProcAddress", "ModuleName": "kernel32.dll", "Return": "0x7619ecf8", "Status": 0 }
{ "Address": "0x34515c", "Opcode": "e81b000000", "Opcodesize": 5, "Mnemonic": "call 0x34517c", "PID": 1288, "TID": 1612, "Arguments": [ "Arg1", "IN", "HMODULE", "0x28fe58", "0x76190000", "Arg2", "IN", "LPCSTR", "0x28fe5c", "calloc" ], "Timesptamp": "00000002.453468", "FunctionName": "GetProcAddress", "ModuleName": "kernel32.dll", "Return": "0x7619c456", "Status": 0 }
{ "Address": "0x34515c", "Opcode": "e81b000000", "Opcodesize": 5, "Mnemonic": "call 0x34517c", "PID": 1288, "TID": 1612, "Arguments": [ "Arg1", "IN", "HMODULE", "0x28fe58", "0x76190000", "Arg2", "IN", "LPCSTR", "0x28fe5c", "wcsstr" ], "Timesptamp": "00000002.471616", "FunctionName": "GetProcAddress", "ModuleName": "kernel32.dll", "Return": "0x7619bf71", "Status": 0 }
{ "Address": "0x34515c", "Opcode": "e81b000000", "Opcodesize": 5, "Mnemonic": "call 0x34517c", "PID": 1288, "TID": 1612, "Arguments": [ "Arg1", "IN", "HMODULE", "0x28fe58", "0x76190000", "Arg2", "IN", "LPCSTR", "0x28fe5c", "putchar" ], "Timesptamp": "00000002.489649", "FunctionName": "GetProcAddress", "ModuleName": "kernel32.dll", "Return": "0x762056ef", "Status": 0 }
{ "Address": "0x34515c", "Opcode": "e81b000000", "Opcodesize": 5, "Mnemonic": "call 0x34517c", "PID": 1288, "TID": 1612, "Arguments": [ "Arg1", "IN", "HMODULE", "0x28fe58", "0x76190000", "Arg2", "IN", "LPCSTR", "0x28fe5c", "wcscpy_s" ], "Timesptamp": "00000002.508364", "FunctionName": "GetProcAddress", "ModuleName": "kernel32.dll", "Return": "0x7619bfd9", "Status": 0 }
{ "Address": "0x34515c", "Opcode": "e81b000000", "Opcodesize": 5, "Mnemonic": "call 0x34517c", "PID": 1288, "TID": 1612, "Arguments": [ "Arg1", "IN", "HMODULE", "0x28fe58", "0x76190000", "Arg2", "IN", "LPCSTR", "0x28fe5c", "wcscat_s" ], "Timesptamp": "00000002.526319", "FunctionName": "GetProcAddress", "ModuleName": "kernel32.dll", "Return": "0x7619fd66", "Status": 0 }
{ "Address": "0x34515c", "Opcode": "e81b000000", "Opcodesize": 5, "Mnemonic": "call 0x34517c", "PID": 1288, "TID": 1612, "Arguments": [ "Arg1", "IN", "HMODULE", "0x28fe58", "0x76190000", "Arg2", "IN", "LPCSTR", "0x28fe5c", "_snwprintf_s" ], "Timesptamp": "00000002.544457", "FunctionName": "GetProcAddress", "ModuleName": "kernel32.dll", "Return": "0x761a141b", "Status": 0 }
{ "Address": "0x34515c", "Opcode": "e81b000000", "Opcodesize": 5, "Mnemonic": "call 0x34517c", "PID": 1288, "TID": 1612, "Arguments": [ "Arg1", "IN", "HMODULE", "0x28fe58", "0x76190000", "Arg2", "IN", "LPCSTR", "0x28fe5c", "__iob_func" ], "Timesptamp": "00000002.562833", "FunctionName": "GetProcAddress", "ModuleName": "kernel32.dll", "Return": "0x7619c0f6", "Status": 0 }
{ "Address": "0x34515c", "Opcode": "e81b000000", "Opcodesize": 5, "Mnemonic": "call 0x34517c", "PID": 1288, "TID": 1612, "Arguments": [ "Arg1", "IN", "HMODULE", "0x28fe58", "0x76190000", "Arg2", "IN", "LPCSTR", "0x28fe5c", "fgetws" ], "Timesptamp": "00000002.580912", "FunctionName": "GetProcAddress", "ModuleName": "kernel32.dll", "Return": "0x761abe2b", "Status": 0 }
{ "Address": "0x34515c", "Opcode": "e81b000000", "Opcodesize": 5, "Mnemonic": "call 0x34517c", "PID": 1288, "TID": 1612, "Arguments": [ "Arg1", "IN", "HMODULE", "0x28fe58", "0x76190000", "Arg2", "IN", "LPCSTR", "0x28fe5c", "wcsrchr" ], "Timesptamp": "00000002.598909", "FunctionName": "GetProcAddress", "ModuleName": "kernel32.dll", "Return": "0x7619a73f", "Status": 0 }
{ "Address": "0x34515c", "Opcode": "e81b000000", "Opcodesize": 5, "Mnemonic": "call 0x34517c", "PID": 1288, "TID": 1612, "Arguments": [ "Arg1", "IN", "HMODULE", "0x28fe58", "0x76190000", "Arg2", "IN", "LPCSTR", "0x28fe5c", "_getch" ], "Timesptamp": "00000002.617091", "FunctionName": "GetProcAddress", "ModuleName": "kernel32.dll", "Return": "0x761ef719", "Status": 0 }
{ "Address": "0x34515c", "Opcode": "e81b000000", "Opcodesize": 5, "Mnemonic": "call 0x34517c", "PID": 1288, "TID": 1612, "Arguments": [ "Arg1", "IN", "HMODULE", "0x28fe58", "0x76190000", "Arg2", "IN", "LPCSTR", "0x28fe5c", "_wcsdup" ], "Timesptamp": "00000002.634100", "FunctionName": "GetProcAddress", "ModuleName": "kernel32.dll", "Return": "0x7619fa01", "Status": 0 }
{ "Address": "0x34515c", "Opcode": "e81b000000", "Opcodesize": 5, "Mnemonic": "call 0x34517c", "PID": 1288, "TID": 1612, "Arguments": [ "Arg1", "IN", "HMODULE", "0x28fe58", "0x76190000", "Arg2", "IN", "LPCSTR", "0x28fe5c", "_vsnwprintf" ], "Timesptamp": "00000002.650002", "FunctionName": "GetProcAddress", "ModuleName": "kernel32.dll", "Return": "0x7619bbce", "Status": 0 }
{ "Address": "0x34515c", "Opcode": "e81b000000", "Opcodesize": 5, "Mnemonic": "call 0x34517c", "PID": 1288, "TID": 1612, "Arguments": [ "Arg1", "IN", "HMODULE", "0x28fe58", "0x76190000", "Arg2", "IN", "LPCSTR", "0x28fe5c", "memcpy_s" ], "Timesptamp": "00000002.665331", "FunctionName": "GetProcAddress", "ModuleName": "kernel32.dll", "Return": "0x7619afbf", "Status": 0 }
{ "Address": "0x34514b", "Opcode": "e82c000000", "Opcodesize": 5, "Mnemonic": "call 0x34517c", "PID": 1288, "TID": 1612, "Arguments": [ "Arg1", "IN", "LPCTSTR", "0x28fe6c", "USER32.dll" ], "Timesptamp": "00000002.680958", "FunctionName": "LoadLibraryA", "ModuleName": "kernel32.dll", "Return": "0x74d30000", "Status": 0 }
{ "Address": "0x34515c", "Opcode": "e81b000000", "Opcodesize": 5, "Mnemonic": "call 0x34517c", "PID": 1288, "TID": 1612, "Arguments": [ "Arg1", "IN", "HMODULE", "0x28fe58", "0x74d30000", "Arg2", "IN", "LPCSTR", "0x28fe5c", "LoadStringW" ], "Timesptamp": "00000002.696959", "FunctionName": "GetProcAddress", "ModuleName": "kernel32.dll", "Return": "0x74d48eb9", "Status": 0 }
{ "Address": "0x34514b", "Opcode": "e82c000000", "Opcodesize": 5, "Mnemonic": "call 0x34517c", "PID": 1288, "TID": 1612, "Arguments": [ "Arg1", "IN", "LPCTSTR", "0x28fe6c", "OLEAUT32.dll" ], "Timesptamp": "00000002.710500", "FunctionName": "LoadLibraryA", "ModuleName": "kernel32.dll", "Return": "0x74ca0000", "Status": 0 }
{ "Address": "0x34515c", "Opcode": "e81b000000", "Opcodesize": 5, "Mnemonic": "call 0x34517c", "PID": 1288, "TID": 1612, "Arguments": [ "Arg1", "IN", "HMODULE", "0x28fe58", "0x74ca0000", "Arg2", "IN", "USHORT", "0x28fe5c", "0x4" ], "Timesptamp": "00000002.743453", "FunctionName": "GetProcAddressOrdinal", "ModuleName": "kernel32.dll", "Return": "0x74ca45d2", "Status": 0 }
{ "Address": "0x34515c", "Opcode": "e81b000000", "Opcodesize": 5, "Mnemonic": "call 0x34517c", "PID": 1288, "TID": 1612, "Arguments": [ "Arg1", "IN", "HMODULE", "0x28fe58", "0x74ca0000", "Arg2", "IN", "USHORT", "0x28fe5c", "0x8" ], "Timesptamp": "00000002.757369", "FunctionName": "GetProcAddressOrdinal", "ModuleName": "kernel32.dll", "Return": "0x74ca3ed5", "Status": 0 }
{ "Address": "0x34515c", "Opcode": "e81b000000", "Opcodesize": 5, "Mnemonic": "call 0x34517c", "PID": 1288, "TID": 1612, "Arguments": [ "Arg1", "IN", "HMODULE", "0x28fe58", "0x74ca0000", "Arg2", "IN", "USHORT", "0x28fe5c", "0x9" ], "Timesptamp": "00000002.770855", "FunctionName": "GetProcAddressOrdinal", "ModuleName": "kernel32.dll", "Return": "0x74ca3eae", "Status": 0 }
{ "Address": "0x34515c", "Opcode": "e81b000000", "Opcodesize": 5, "Mnemonic": "call 0x34517c", "PID": 1288, "TID": 1612, "Arguments": [ "Arg1", "IN", "HMODULE", "0x28fe58", "0x74ca0000", "Arg2", "IN", "USHORT", "0x28fe5c", "0xc" ], "Timesptamp": "00000002.784309", "FunctionName": "GetProcAddressOrdinal", "ModuleName": "kernel32.dll", "Return": "0x74ca5dee", "Status": 0 }
{ "Address": "0x34515c", "Opcode": "e81b000000", "Opcodesize": 5, "Mnemonic": "call 0x34517c", "PID": 1288, "TID": 1612, "Arguments": [ "Arg1", "IN", "HMODULE", "0x28fe58", "0x74ca0000", "Arg2", "IN", "USHORT", "0x28fe5c", "0x1a" ], "Timesptamp": "00000002.801128", "FunctionName": "GetProcAddressOrdinal", "ModuleName": "kernel32.dll", "Return": "0x74cbe9b7", "Status": 0 }
{ "Address": "0x34515c", "Opcode": "e81b000000", "Opcodesize": 5, "Mnemonic": "call 0x34517c", "PID": 1288, "TID": 1612, "Arguments": [ "Arg1", "IN", "HMODULE", "0x28fe58", "0x74ca0000", "Arg2", "IN", "USHORT", "0x28fe5c", "0xf" ], "Timesptamp": "00000002.814741", "FunctionName": "GetProcAddressOrdinal", "ModuleName": "kernel32.dll", "Return": "0x74cbe263", "Status": 0 }
{ "Address": "0x34515c", "Opcode": "e81b000000", "Opcodesize": 5, "Mnemonic": "call 0x34517c", "PID": 1288, "TID": 1612, "Arguments": [ "Arg1", "IN", "HMODULE", "0x28fe58", "0x74ca0000", "Arg2", "IN", "USHORT", "0x28fe5c", "0x18" ], "Timesptamp": "00000002.828138", "FunctionName": "GetProcAddressOrdinal", "ModuleName": "kernel32.dll", "Return": "0x74cbe365", "Status": 0 }
{ "Address": "0x34515c", "Opcode": "e81b000000", "Opcodesize": 5, "Mnemonic": "call 0x34517c", "PID": 1288, "TID": 1612, "Arguments": [ "Arg1", "IN", "HMODULE", "0x28fe58", "0x74ca0000", "Arg2", "IN", "USHORT", "0x28fe5c", "0x17" ], "Timesptamp": "00000002.841557", "FunctionName": "GetProcAddressOrdinal", "ModuleName": "kernel32.dll", "Return": "0x74cbe336", "Status": 0 }
{ "Address": "0x34515c", "Opcode": "e81b000000", "Opcodesize": 5, "Mnemonic": "call 0x34517c", "PID": 1288, "TID": 1612, "Arguments": [ "Arg1", "IN", "HMODULE", "0x28fe58", "0x74ca0000", "Arg2", "IN", "USHORT", "0x28fe5c", "0x95" ], "Timesptamp": "00000002.854953", "FunctionName": "GetProcAddressOrdinal", "ModuleName": "kernel32.dll", "Return": "0x74ca46a5", "Status": 0 }
{ "Address": "0x34515c", "Opcode": "e81b000000", "Opcodesize": 5, "Mnemonic": "call 0x34517c", "PID": 1288, "TID": 1612, "Arguments": [ "Arg1", "IN", "HMODULE", "0x28fe58", "0x74ca0000", "Arg2", "IN", "USHORT", "0x28fe5c", "0x96" ], "Timesptamp": "00000002.868729", "FunctionName": "GetProcAddressOrdinal", "ModuleName": "kernel32.dll", "Return": "0x74ca4731", "Status": 0 }
{ "Address": "0x34515c", "Opcode": "e81b000000", "Opcodesize": 5, "Mnemonic": "call 0x34517c", "PID": 1288, "TID": 1612, "Arguments": [ "Arg1", "IN", "HMODULE", "0x28fe58", "0x74ca0000", "Arg2", "IN", "USHORT", "0x28fe5c", "0x7" ], "Timesptamp": "00000002.882043", "FunctionName": "GetProcAddressOrdinal", "ModuleName": "kernel32.dll", "Return": "0x74ca4680", "Status": 0 }
{ "Address": "0x34515c", "Opcode": "e81b000000", "Opcodesize": 5, "Mnemonic": "call 0x34517c", "PID": 1288, "TID": 1612, "Arguments": [ "Arg1", "IN", "HMODULE", "0x28fe58", "0x74ca0000", "Arg2", "IN", "USHORT", "0x28fe5c", "0x2" ], "Timesptamp": "00000002.895841", "FunctionName": "GetProcAddressOrdinal", "ModuleName": "kernel32.dll", "Return": "0x74ca4642", "Status": 0 }
{ "Address": "0x34515c", "Opcode": "e81b000000", "Opcodesize": 5, "Mnemonic": "call 0x34517c", "PID": 1288, "TID": 1612, "Arguments": [ "Arg1", "IN", "HMODULE", "0x28fe58", "0x74ca0000", "Arg2", "IN", "USHORT", "0x28fe5c", "0x6" ], "Timesptamp": "00000002.909134", "FunctionName": "GetProcAddressOrdinal", "ModuleName": "kernel32.dll", "Return": "0x74ca3e59", "Status": 0 }
{ "Address": "0x34514b", "Opcode": "e82c000000", "Opcodesize": 5, "Mnemonic": "call 0x34517c", "PID": 1288, "TID": 1612, "Arguments": [ "Arg1", "IN", "LPCTSTR", "0x28fe6c", "ole32.dll" ], "Timesptamp": "00000002.922558", "FunctionName": "LoadLibraryA", "ModuleName": "kernel32.dll", "Return": "0x76660000", "Status": 0 }
{ "Address": "0x34515c", "Opcode": "e81b000000", "Opcodesize": 5, "Mnemonic": "call 0x34517c", "PID": 1288, "TID": 1612, "Arguments": [ "Arg1", "IN", "HMODULE", "0x28fe58", "0x76660000", "Arg2", "IN", "LPCSTR", "0x28fe5c", "CoInitializeEx" ], "Timesptamp": "00000002.937986", "FunctionName": "GetProcAddress", "ModuleName": "kernel32.dll", "Return": "0x766a09ad", "Status": 0 }
{ "Address": "0x34515c", "Opcode": "e81b000000", "Opcodesize": 5, "Mnemonic": "call 0x34517c", "PID": 1288, "TID": 1612, "Arguments": [ "Arg1", "IN", "HMODULE", "0x28fe58", "0x76660000", "Arg2", "IN", "LPCSTR", "0x28fe5c", "CoInitializeSecurity" ], "Timesptamp": "00000002.955157", "FunctionName": "GetProcAddress", "ModuleName": "kernel32.dll", "Return": "0x76687259", "Status": 0 }
{ "Address": "0x34515c", "Opcode": "e81b000000", "Opcodesize": 5, "Mnemonic": "call 0x34517c", "PID": 1288, "TID": 1612, "Arguments": [ "Arg1", "IN", "HMODULE", "0x28fe58", "0x76660000", "Arg2", "IN", "LPCSTR", "0x28fe5c", "CoSetProxyBlanket" ], "Timesptamp": "00000002.968484", "FunctionName": "GetProcAddress", "ModuleName": "kernel32.dll", "Return": "0x76675ea5", "Status": 0 }
{ "Address": "0x34515c", "Opcode": "e81b000000", "Opcodesize": 5, "Mnemonic": "call 0x34517c", "PID": 1288, "TID": 1612, "Arguments": [ "Arg1", "IN", "HMODULE", "0x28fe58", "0x76660000", "Arg2", "IN", "LPCSTR", "0x28fe5c", "CoUninitialize" ], "Timesptamp": "00000002.982324", "FunctionName": "GetProcAddress", "ModuleName": "kernel32.dll", "Return": "0x766a86d3", "Status": 0 }
{ "Address": "0x34515c", "Opcode": "e81b000000", "Opcodesize": 5, "Mnemonic": "call 0x34517c", "PID": 1288, "TID": 1612, "Arguments": [ "Arg1", "IN", "HMODULE", "0x28fe58", "0x76660000", "Arg2", "IN", "LPCSTR", "0x28fe5c", "CoCreateInstance" ], "Timesptamp": "00000002.996115", "FunctionName": "GetProcAddress", "ModuleName": "kernel32.dll", "Return": "0x766a9d0b", "Status": 0 }
{ "Address": "0x34514b", "Opcode": "e82c000000", "Opcodesize": 5, "Mnemonic": "call 0x34517c", "PID": 1288, "TID": 1612, "Arguments": [ "Arg1", "IN", "LPCTSTR", "0x28fe6c", "WS2_32.dll" ], "Timesptamp": "00000003.009728", "FunctionName": "LoadLibraryA", "ModuleName": "kernel32.dll", "Return": "0x74ed0000", "Status": 0 }
{ "Address": "0x34515c", "Opcode": "e81b000000", "Opcodesize": 5, "Mnemonic": "call 0x34517c", "PID": 1288, "TID": 1612, "Arguments": [ "Arg1", "IN", "HMODULE", "0x28fe58", "0x74ed0000", "Arg2", "IN", "LPCSTR", "0x28fe5c", "FreeAddrInfoW" ], "Timesptamp": "00000003.071288", "FunctionName": "GetProcAddress", "ModuleName": "kernel32.dll", "Return": "0x74ed4b1b", "Status": 0 }
{ "Address": "0x34515c", "Opcode": "e81b000000", "Opcodesize": 5, "Mnemonic": "call 0x34517c", "PID": 1288, "TID": 1612, "Arguments": [ "Arg1", "IN", "HMODULE", "0x28fe58", "0x74ed0000", "Arg2", "IN", "USHORT", "0x28fe5c", "0x6f" ], "Timesptamp": "00000003.085634", "FunctionName": "GetProcAddressOrdinal", "ModuleName": "kernel32.dll", "Return": "0x74ed37ad", "Status": 0 }
{ "Address": "0x34515c", "Opcode": "e81b000000", "Opcodesize": 5, "Mnemonic": "call 0x34517c", "PID": 1288, "TID": 1612, "Arguments": [ "Arg1", "IN", "HMODULE", "0x28fe58", "0x74ed0000", "Arg2", "IN", "LPCSTR", "0x28fe5c", "GetAddrInfoW" ], "Timesptamp": "00000003.099376", "FunctionName": "GetProcAddress", "ModuleName": "kernel32.dll", "Return": "0x74ed4889", "Status": 0 }
{ "Address": "0x34515c", "Opcode": "e81b000000", "Opcodesize": 5, "Mnemonic": "call 0x34517c", "PID": 1288, "TID": 1612, "Arguments": [ "Arg1", "IN", "HMODULE", "0x28fe58", "0x74ed0000", "Arg2", "IN", "USHORT", "0x28fe5c", "0x74" ], "Timesptamp": "00000003.113213", "FunctionName": "GetProcAddressOrdinal", "ModuleName": "kernel32.dll", "Return": "0x74ed3c5f", "Status": 0 }
{ "Address": "0x34515c", "Opcode": "e81b000000", "Opcodesize": 5, "Mnemonic": "call 0x34517c", "PID": 1288, "TID": 1612, "Arguments": [ "Arg1", "IN", "HMODULE", "0x28fe58", "0x74ed0000", "Arg2", "IN", "USHORT", "0x28fe5c", "0x39" ], "Timesptamp": "00000003.126910", "FunctionName": "GetProcAddressOrdinal", "ModuleName": "kernel32.dll", "Return": "0x74eda05b", "Status": 0 }
{ "Address": "0x34515c", "Opcode": "e81b000000", "Opcodesize": 5, "Mnemonic": "call 0x34517c", "PID": 1288, "TID": 1612, "Arguments": [ "Arg1", "IN", "HMODULE", "0x28fe58", "0x74ed0000", "Arg2", "IN", "USHORT", "0x28fe5c", "0x73" ], "Timesptamp": "00000003.141142", "FunctionName": "GetProcAddressOrdinal", "ModuleName": "kernel32.dll", "Return": "0x74ed3ab2", "Status": 0 }
{ "Address": "0x34515c", "Opcode": "e81b000000", "Opcodesize": 5, "Mnemonic": "call 0x34517c", "PID": 1288, "TID": 1612, "Arguments": [ "Arg1", "IN", "HMODULE", "0x28fe58", "0x74ed0000", "Arg2", "IN", "USHORT", "0x28fe5c", "0x34" ], "Timesptamp": "00000003.154966", "FunctionName": "GetProcAddressOrdinal", "ModuleName": "kernel32.dll", "Return": "0x74ee7673", "Status": 0 }
{ "Address": "0x34515c", "Opcode": "e81b000000", "Opcodesize": 5, "Mnemonic": "call 0x34517c", "PID": 1288, "TID": 1612, "Arguments": [ "Arg1", "IN", "HMODULE", "0x28fe58", "0x74ed0000", "Arg2", "IN", "USHORT", "0x28fe5c", "0xb" ], "Timesptamp": "00000003.168765", "FunctionName": "GetProcAddressOrdinal", "ModuleName": "kernel32.dll", "Return": "0x74ed311b", "Status": 0 }
{ "Address": "0x34514b", "Opcode": "e82c000000", "Opcodesize": 5, "Mnemonic": "call 0x34517c", "PID": 1288, "TID": 1612, "Arguments": [ "Arg1", "IN", "LPCTSTR", "0x28fe6c", "SHLWAPI.dll" ], "Timesptamp": "00000003.182996", "FunctionName": "LoadLibraryA", "ModuleName": "kernel32.dll", "Return": "0x75c70000", "Status": 0 }
{ "Address": "0x34515c", "Opcode": "e81b000000", "Opcodesize": 5, "Mnemonic": "call 0x34517c", "PID": 1288, "TID": 1612, "Arguments": [ "Arg1", "IN", "HMODULE", "0x28fe58", "0x75c70000", "Arg2", "IN", "LPCSTR", "0x28fe5c", "StrStrIW" ], "Timesptamp": "00000003.216177", "FunctionName": "GetProcAddress", "ModuleName": "kernel32.dll", "Return": "0x75c846e9", "Status": 0 }
{ "Address": "0x34514b", "Opcode": "e82c000000", "Opcodesize": 5, "Mnemonic": "call 0x34517c", "PID": 1288, "TID": 1612, "Arguments": [ "Arg1", "IN", "LPCTSTR", "0x28fe6c", "slc.dll" ], "Timesptamp": "00000003.230515", "FunctionName": "LoadLibraryA", "ModuleName": "kernel32.dll", "Return": "0x743d0000", "Status": 0 }
{ "Address": "0x34515c", "Opcode": "e81b000000", "Opcodesize": 5, "Mnemonic": "call 0x34517c", "PID": 1288, "TID": 1612, "Arguments": [ "Arg1", "IN", "HMODULE", "0x28fe58", "0x743d0000", "Arg2", "IN", "LPCSTR", "0x28fe5c", "SLGetWindowsInformationDWORD" ], "Timesptamp": "00000003.289054", "FunctionName": "GetProcAddress", "ModuleName": "kernel32.dll", "Return": "0x743d215b", "Status": 0 }
{ "Address": "0x34514b", "Opcode": "e82c000000", "Opcodesize": 5, "Mnemonic": "call 0x34517c", "PID": 1288, "TID": 1612, "Arguments": [ "Arg1", "IN", "LPCTSTR", "0x28fe6c", "ADVAPI32.dll" ], "Timesptamp": "00000003.303624", "FunctionName": "LoadLibraryA", "ModuleName": "kernel32.dll", "Return": "0x74c00000", "Status": 0 }
{ "Address": "0x34515c", "Opcode": "e81b000000", "Opcodesize": 5, "Mnemonic": "call 0x34517c", "PID": 1288, "TID": 1612, "Arguments": [ "Arg1", "IN", "HMODULE", "0x28fe58", "0x74c00000", "Arg2", "IN", "LPCSTR", "0x28fe5c", "FreeSid" ], "Timesptamp": "00000003.319829", "FunctionName": "GetProcAddress", "ModuleName": "kernel32.dll", "Return": "0x74c1412e", "Status": 0 }
{ "Address": "0x34515c", "Opcode": "e81b000000", "Opcodesize": 5, "Mnemonic": "call 0x34517c", "PID": 1288, "TID": 1612, "Arguments": [ "Arg1", "IN", "HMODULE", "0x28fe58", "0x74c00000", "Arg2", "IN", "LPCSTR", "0x28fe5c", "CheckTokenMembership" ], "Timesptamp": "00000003.334371", "FunctionName": "GetProcAddress", "ModuleName": "kernel32.dll", "Return": "0x74c0df04", "Status": 0 }
{ "Address": "0x34515c", "Opcode": "e81b000000", "Opcodesize": 5, "Mnemonic": "call 0x34517c", "PID": 1288, "TID": 1612, "Arguments": [ "Arg1", "IN", "HMODULE", "0x28fe58", "0x74c00000", "Arg2", "IN", "LPCSTR", "0x28fe5c", "AllocateAndInitializeSid" ], "Timesptamp": "00000003.348702", "FunctionName": "GetProcAddress", "ModuleName": "kernel32.dll", "Return": "0x74c140e6", "Status": 0 }
{ "Address": "0x7ef983a8", "Opcode": "ff15a410f97e", "Opcodesize": 6, "Mnemonic": "call dword ptr [0x7ef910a4]", "PID": 1288, "TID": 1612, "Arguments": [ "Arg1", "OUT", "LPFILETIME", "0x28fe60", "0x28fe78" ], "Timesptamp": "00000003.365527", "FunctionName": "GetSystemTimeAsFileTime", "ModuleName": "kernel32.dll", "Return": "0x1daddab", "Output1": { "field1": [ "0x28fe78", "0xcd16da40" ], "field2": [ "0x28fe7c", "0x1daddab" ] }, "Status": 0 }
{ "Address": "0x7ef983b4", "Opcode": "ff152010f97e", "Opcodesize": 6, "Mnemonic": "call dword ptr [0x7ef91020]", "PID": 1288, "TID": 1612, "Arguments": [ ], "Timesptamp": "00000003.379952", "FunctionName": "GetCurrentProcessId", "ModuleName": "kernel32.dll", "Return": "0x508", "Status": 0 }
{ "Address": "0x7ef983bc", "Opcode": "ff152410f97e", "Opcodesize": 6, "Mnemonic": "call dword ptr [0x7ef91024]", "PID": 1288, "TID": 1612, "Arguments": [ ], "Timesptamp": "00000003.394666", "FunctionName": "GetCurrentThreadId", "ModuleName": "kernel32.dll", "Return": "0x64c", "Status": 0 }
{ "Address": "0x7ef983c4", "Opcode": "ff152810f97e", "Opcodesize": 6, "Mnemonic": "call dword ptr [0x7ef91028]", "PID": 1288, "TID": 1612, "Arguments": [ ], "Timesptamp": "00000003.409391", "FunctionName": "GetTickCount", "ModuleName": "kernel32.dll", "Return": "0x52d08", "Status": 0 }
{ "Address": "0x7ef983d0", "Opcode": "ff152c10f97e", "Opcodesize": 6, "Mnemonic": "call dword ptr [0x7ef9102c]", "PID": 1288, "TID": 1612, "Arguments": [ "Arg1", "OUT", "LARGE_INTEGER*", "0x28fe60", "0x28fe70" ], "Timesptamp": "00000003.420535", "FunctionName": "QueryPerformanceCounter", "ModuleName": "kernel32.dll", "Return": "TRUE", "Output1": { "field1": [ "0x28fe70", "0xfe6cdd9a" ], "field2": [ "0x28fe74", "0x5" ], "field3": [ "0x28fe78", "0x1daddabcd16da40" ] }, "Status": 0 }
{ "Address": "0x7ef97d24", "Opcode": "ff153810f97e", "Opcodesize": 6, "Mnemonic": "call dword ptr [0x7ef91038]", "PID": 1288, "TID": 1612, "Functionname": "InterlockedCompareExchange", "Dllname": "kernel32.dll", "Status": 1 }
{ "Address": "0x7ef98339", "Opcode": "ff153010f97e", "Opcodesize": 6, "Mnemonic": "call dword ptr [0x7ef91030]", "PID": 1288, "TID": 1612, "Arguments": [ "Arg1", "IN", "LPCTSTR", "0x28fe2c", "\"\"" ], "Timesptamp": "00000003.450316", "FunctionName": "GetModuleHandleA", "ModuleName": "kernel32.dll", "Return": "0x400000", "Status": 0 }
{ "Address": "0x7ef97eef", "Opcode": "ff156c11f97e", "Opcodesize": 6, "Mnemonic": "call dword ptr [0x7ef9116c]", "PID": 1288, "TID": 1612, "Arguments": [ ], "Timesptamp": "00000003.479158", "FunctionName": "__p__fmode", "ModuleName": "msvcrt.dll", "Return": "0x762331f4", "Status": 0 }
{ "Address": "0x7ef97efd", "Opcode": "ff157011f97e", "Opcodesize": 6, "Mnemonic": "call dword ptr [0x7ef91170]", "PID": 1288, "TID": 1612, "Arguments": [ ], "Timesptamp": "00000003.493525", "FunctionName": "__p__commode", "ModuleName": "msvcrt.dll", "Return": "0x762331fc", "Status": 0 }
{ "Address": "0x7ef982b6", "Opcode": "ff154c11f97e", "Opcodesize": 6, "Mnemonic": "call dword ptr [0x7ef9114c]", "PID": 1288, "TID": 1612, "Functionname": "_controlfp", "Dllname": "msvcrt.dll", "Status": 1 }
{ "Address": "0x7ef980e8", "Opcode": "ff153410f97e", "Opcodesize": 6, "Mnemonic": "call dword ptr [0x7ef91034]", "PID": 1288, "TID": 1612, "Arguments": [ "Arg1", "IN", "DWORD", "0x28fe38", "0x7ef9809b" ], "Timesptamp": "00000003.522442", "FunctionName": "SetUnhandledExceptionFilter", "ModuleName": "kernel32.dll", "Return": "0x401ec0", "Status": 0 }
{ "Address": "0x7ef97dab", "Opcode": "e85a040000", "Opcodesize": 5, "Mnemonic": "call 0x7ef9820a", "PID": 1288, "TID": 1612, "Functionname": "_initterm", "Dllname": "msvcrt.dll", "Status": 1 }
{ "Address": "0x7ef97ceb", "Opcode": "ff159011f97e", "Opcodesize": 6, "Mnemonic": "call dword ptr [0x7ef91190]", "PID": 1288, "TID": 1612, "Functionname": "__wgetmainargs", "Dllname": "msvcrt.dll", "Status": 1 }
{ "Address": "0x7ef97ff9", "Opcode": "ff155811f97e", "Opcodesize": 6, "Mnemonic": "call dword ptr [0x7ef91158]", "PID": 1288, "TID": 1612, "Functionname": "_onexit", "Dllname": "msvcrt.dll", "Status": 1 }
{ "Address": "0x7ef97dc3", "Opcode": "ff154010f97e", "Opcodesize": 6, "Mnemonic": "call dword ptr [0x7ef91040]", "PID": 1288, "TID": 1612, "Functionname": "InterlockedExchange", "Dllname": "kernel32.dll", "Status": 1 }
{ "Address": "0x7ef93e77", "Opcode": "ffd6", "Opcodesize": 2, "Mnemonic": "call esi", "PID": 1288, "TID": 1612, "Functionname": "_wsetlocale", "Dllname": "msvcrt.dll", "Status": 1 }
{ "Address": "0x7ef93e7f", "Opcode": "ffd6", "Opcodesize": 2, "Mnemonic": "call esi", "PID": 1288, "TID": 1612, "Functionname": "_wsetlocale", "Dllname": "msvcrt.dll", "Status": 1 }
{ "Address": "0x7ef93e87", "Opcode": "ffd6", "Opcodesize": 2, "Mnemonic": "call esi", "PID": 1288, "TID": 1612, "Functionname": "_wsetlocale", "Dllname": "msvcrt.dll", "Status": 1 }
{ "Address": "0x7ef93e8f", "Opcode": "ffd6", "Opcodesize": 2, "Mnemonic": "call esi", "PID": 1288, "TID": 1612, "Functionname": "_wsetlocale", "Dllname": "msvcrt.dll", "Status": 1 }
{ "Address": "0x7ef93e94", "Opcode": "ff156c10f97e", "Opcodesize": 6, "Mnemonic": "call dword ptr [0x7ef9106c]", "PID": 1288, "TID": 1612, "Functionname": "GetConsoleOutputCP", "Dllname": "kernel32.dll", "Status": 1 }
{ "Address": "0x7ef93ea8", "Opcode": "e8ed400000", "Opcodesize": 5, "Mnemonic": "call 0x7ef97f9a", "PID": 1288, "TID": 1612, "Functionname": "_snwprintf_s", "Dllname": "msvcrt.dll", "Status": 1 }
{ "Address": "0x7ef93eb3", "Opcode": "ffd6", "Opcodesize": 2, "Mnemonic": "call esi", "PID": 1288, "TID": 1612, "Functionname": "_wsetlocale", "Dllname": "msvcrt.dll", "Status": 1 }
{ "Address": "0x7ef98a46", "Opcode": "ff154810f97e", "Opcodesize": 6, "Mnemonic": "call dword ptr [0x7ef91048]", "PID": 1288, "TID": 1612, "Functionname": "SetThreadUILanguage", "Dllname": "kernel32.dll", "Status": 1 }
{ "Address": "0x7ef93ec9", "Opcode": "e8885c0000", "Opcodesize": 5, "Mnemonic": "call 0x7ef99b56", "PID": 1288, "TID": 1612, "Functionname": "SLGetWindowsInformationDWORD", "Dllname": "slc.dll", "Status": 1 }
{ "Address": "0x7ef92b5d", "Opcode": "ff15f010f97e", "Opcodesize": 6, "Mnemonic": "call dword ptr [0x7ef910f0]", "PID": 1288, "TID": 1612, "Arguments": [ "Arg1", "IN", "HINSTANCE", "0x28f9ec", "0x0", "Arg2", "IN", "UINT", "0x28f9f0", "0xada", "Arg3", "OUT", "LPWSTR", "0x28f9f4", "0x7ef9ece8", "Arg4", "IN", "INT", "0x28f9f8", "0x1000" ], "Timesptamp": "00000003.790086", "FunctionName": "LoadStringW", "ModuleName": "user32.dll", "Return": "0x0", "Output1": [ "NULL" ], "Status": 0 }
{ "Address": "0x7ef94171", "Opcode": "e8cbe9ffff", "Opcodesize": 5, "Mnemonic": "call 0x7ef92b41", "PID": 1288, "TID": 1612, "Arguments": [ ], "Timesptamp": "00000003.817701", "FunctionName": "GetLastError", "ModuleName": "kernel32.dll", "Return": "0x715", "Status": 0 }
{ "Address": "0x7ef97e12", "Opcode": "ff158011f97e", "Opcodesize": 6, "Mnemonic": "call dword ptr [0x7ef91180]", "PID": 1288, "TID": 1612, "Arguments": [ "Arg1", "IN", "INT", "0x28fe50", "0x0" ], "Timesptamp": "00000003.832688", "FunctionName": "exit", "ModuleName": "msvcrt.dll" }
