{ "Address": "0x40178f", "Opcode": "ff1524614000", "Opcodesize": 6, "Mnemonic": "call dword ptr [0x406124]", "PID": 1272, "TID": 1612, "Arguments": [ "Arg1", "OUT", "LPFILETIME", "0x28ff40", "0x28ff50" ], "Timesptamp": "00000000.347255", "FunctionName": "GetSystemTimeAsFileTime", "ModuleName": "kernel32.dll", "Return": "0x1daddab", "Output1": { "field1": [ "0x28ff50", "0xcc6915e0" ], "field2": [ "0x28ff54", "0x1daddab" ] }, "Status": 0 }
{ "Address": "0x4017a0", "Opcode": "ff150c614000", "Opcodesize": 6, "Mnemonic": "call dword ptr [0x40610c]", "PID": 1272, "TID": 1612, "Arguments": [ ], "Timesptamp": "00000000.361940", "FunctionName": "GetCurrentProcessId", "ModuleName": "kernel32.dll", "Return": "0x4f8", "Status": 0 }
{ "Address": "0x4017a8", "Opcode": "ff1510614000", "Opcodesize": 6, "Mnemonic": "call dword ptr [0x406110]", "PID": 1272, "TID": 1612, "Arguments": [ ], "Timesptamp": "00000000.375859", "FunctionName": "GetCurrentThreadId", "ModuleName": "kernel32.dll", "Return": "0x64c", "Status": 0 }
{ "Address": "0x4017b0", "Opcode": "ff1528614000", "Opcodesize": 6, "Mnemonic": "call dword ptr [0x406128]", "PID": 1272, "TID": 1612, "Arguments": [ ], "Timesptamp": "00000000.389949", "FunctionName": "GetTickCount", "ModuleName": "kernel32.dll", "Return": "0x52886", "Status": 0 }
{ "Address": "0x4017bf", "Opcode": "ff1538614000", "Opcodesize": 6, "Mnemonic": "call dword ptr [0x406138]", "PID": 1272, "TID": 1612, "Arguments": [ "Arg1", "OUT", "LARGE_INTEGER*", "0x28ff40", "0x28ff58" ], "Timesptamp": "00000000.404090", "FunctionName": "QueryPerformanceCounter", "ModuleName": "kernel32.dll", "Return": "TRUE", "Output1": { "field1": [ "0x28ff58", "0xfa0e9a52" ], "field2": [ "0x28ff5c", "0x5" ], "field3": [ "0x28ff60", "0x0" ] }, "Status": 0 }
{ "Address": "0x401433", "Opcode": "ff1520614000", "Opcodesize": 6, "Mnemonic": "call dword ptr [0x406120]", "PID": 1272, "TID": 1612, "Arguments": [ "Arg1", "OUT", "LPSTARTUPINFOA", "0x28fef0", "0x28ff1c" ], "Timesptamp": "00000000.418693", "FunctionName": "GetStartupInfoA", "ModuleName": "kernel32.dll", "Return": "0x28ff1c", "Output1": { "field1": [ "0x28ff1c", "0x44" ], "field2": [ "0x28ff20", "" ], "field3": [ "0x28ff24", "winsta0\\default" ], "field4": [ "0x28ff28", "C:\\Users\\lhs\\Exec\\amber_cleanupintlcache.exe" ], "field5": [ "0x28ff2c", "0x0" ], "field6": [ "0x28ff30", "0x0" ], "field7": [ "0x28ff34", "0x0" ], "field8": [ "0x28ff38", "0x0" ], "field9": [ "0x28ff3c", "0x0" ], "field10": [ "0x28ff40", "0x0" ], "field11": [ "0x28ff44", "0x0" ], "field12": [ "0x28ff48", "0x1" ], "field13": [ "0x28ff4c", "0x7" ], "field14": [ "0x28ff4e", "0x0" ], "field15": [ "0x28ff50", "0x0" ], "field16": [ "0x28ff51", "0xff000000" ], "field17": [ "0x28ff55", "0xffffffff" ], "field18": [ "0x28ff59", "0xffffffff" ] }, "Status": 0 }
{ "Address": "0x401479", "Opcode": "e896120000", "Opcodesize": 5, "Mnemonic": "call 0x402714", "PID": 1272, "TID": 1612, "Functionname": "_initterm", "Dllname": "msvcrt.dll", "Status": 1 }
{ "Address": "0x40107a", "Opcode": "e8bd160000", "Opcodesize": 5, "Mnemonic": "call 0x40273c", "PID": 1272, "TID": 1612, "Arguments": [ ], "Timesptamp": "00000000.495622", "FunctionName": "__p__fmode", "ModuleName": "msvcrt.dll", "Return": "0x762331f4", "Status": 0 }
{ "Address": "0x401404", "Opcode": "e80b130000", "Opcodesize": 5, "Mnemonic": "call 0x402714", "PID": 1272, "TID": 1612, "Functionname": "_initterm", "Dllname": "msvcrt.dll", "Status": 1 }
{ "Address": "0x401155", "Opcode": "e8f2150000", "Opcodesize": 5, "Mnemonic": "call 0x40274c", "PID": 1272, "TID": 1612, "Functionname": "__getmainargs", "Dllname": "msvcrt.dll", "Status": 1 }
{ "Address": "0x401238", "Opcode": "ff153c614000", "Opcodesize": 6, "Mnemonic": "call dword ptr [0x40613c]", "PID": 1272, "TID": 1612, "Arguments": [ "Arg1", "IN", "DWORD", "0x28fef0", "0x401ec0" ], "Timesptamp": "00000000.583524", "FunctionName": "SetUnhandledExceptionFilter", "ModuleName": "kernel32.dll", "Return": "0x0", "Status": 0 }
{ "Address": "0x401261", "Opcode": "e8de140000", "Opcodesize": 5, "Mnemonic": "call 0x402744", "PID": 1272, "TID": 1612, "Functionname": "__p__acmdln", "Dllname": "msvcrt.dll", "Status": 1 }
{ "Address": "0x4012eb", "Opcode": "e8e4130000", "Opcodesize": 5, "Mnemonic": "call 0x4026d4", "PID": 1272, "TID": 1612, "Arguments": [ "Arg1", "IN", "SIZE_T", "0x28fef0", "0x8" ], "Timesptamp": "00000000.609576", "FunctionName": "malloc", "ModuleName": "msvcrt.dll", "Return": "0x6c0fc0", "Status": 0 }
{ "Address": "0x40131b", "Opcode": "e89c130000", "Opcodesize": 5, "Mnemonic": "call 0x4026bc", "PID": 1272, "TID": 1612, "Arguments": [ "Arg1", "IN", "CHAR*", "0x28fef0", "\\Users\\lhs\\Exec\\amber_cleanupintlcache.exe" ], "Timesptamp": "00000000.638909", "FunctionName": "strlen", "ModuleName": "msvcrt.dll", "Return": "0x2a", "Status": 0 }
{ "Address": "0x401326", "Opcode": "e8a9130000", "Opcodesize": 5, "Mnemonic": "call 0x4026d4", "PID": 1272, "TID": 1612, "Arguments": [ "Arg1", "IN", "SIZE_T", "0x28fef0", "0x2b" ], "Timesptamp": "00000000.651934", "FunctionName": "malloc", "ModuleName": "msvcrt.dll", "Return": "0x6c0fd0", "Status": 0 }
{ "Address": "0x40133c", "Opcode": "e88b130000", "Opcodesize": 5, "Mnemonic": "call 0x4026cc", "PID": 1272, "TID": 1612, "Arguments": [ "Arg1", "IN", "VOID*", "0x28fef0", "0x6c0fd0", "Arg2", "IN", "ARRAY0", "0x28fef4", "ARRAY_0x2b", "Arg3", "IN", "SIZE_T", "0x28fef8", "0x2b" ], "Timesptamp": "00000000.675499", "FunctionName": "memcpy", "ModuleName": "msvcrt.dll", "Return": "0x6c0fd0", "Status": 0 }
{ "Address": "0x4014ea", "Opcode": "e81d120000", "Opcodesize": 5, "Mnemonic": "call 0x40270c", "PID": 1272, "TID": 1612, "Functionname": "_onexit", "Dllname": "msvcrt.dll", "Status": 1 }
{ "Address": "0x4014ea", "Opcode": "e81d120000", "Opcodesize": 5, "Mnemonic": "call 0x40270c", "PID": 1272, "TID": 1612, "Functionname": "_onexit", "Dllname": "msvcrt.dll", "Status": 1 }
{ "Address": "0x401552", "Opcode": "ffd0", "Opcodesize": 2, "Mnemonic": "call eax", "PID": 1272, "TID": 1612, "Arguments": [ "Arg1", "IN", "LPCTSTR", "0x28fe90", "USER32.dll" ], "Timesptamp": "00000000.715504", "FunctionName": "LoadLibraryA", "ModuleName": "kernel32.dll", "Return": "0x74d30000", "Status": 0 }
{ "Address": "0x40156d", "Opcode": "ffd0", "Opcodesize": 2, "Mnemonic": "call eax", "PID": 1272, "TID": 1612, "Arguments": [ "Arg1", "IN", "HMODULE", "0x28fe90", "0x74d30000", "Arg2", "IN", "LPCSTR", "0x28fe94", "VirtualAlloc" ], "Timesptamp": "00000000.803424", "FunctionName": "GetProcAddress", "ModuleName": "kernel32.dll", "Return": "0x0", "Status": 0 }
{ "Address": "0x40157e", "Opcode": "ffd0", "Opcodesize": 2, "Mnemonic": "call eax", "PID": 1272, "TID": 1612, "Arguments": [ "Arg1", "IN", "LPCTSTR", "0x28fe90", "\"\"" ], "Timesptamp": "00000000.821125", "FunctionName": "GetModuleHandleA", "ModuleName": "kernel32.dll", "Return": "0x400000", "Status": 0 }
{ "Address": "0x40162d", "Opcode": "ffd0", "Opcodesize": 2, "Mnemonic": "call eax", "PID": 1272, "TID": 1612, "Arguments": [ "Arg1", "IN", "LPVOID", "0x28fe90", "0x0", "Arg2", "IN", "SIZE_T", "0x28fe94", "0x7400", "Arg3", "IN", "DWORD", "0x28fe98", "0x1000", "Arg4", "IN", "DWORD", "0x28fe9c", "0x40" ], "Timesptamp": "00000000.839321", "FunctionName": "VirtualAlloc", "ModuleName": "kernel32.dll", "Return": "0x2c0000", "Status": 0 }
{ "Address": "0x401657", "Opcode": "e870100000", "Opcodesize": 5, "Mnemonic": "call 0x4026cc", "PID": 1272, "TID": 1612, "Arguments": [ "Arg1", "IN", "VOID*", "0x28fe90", "0x2c0000", "Arg2", "IN", "ARRAY0", "0x28fe94", "ARRAY_0x7400", "Arg3", "IN", "SIZE_T", "0x28fe98", "0x7400" ], "Timesptamp": "00000000.856458", "FunctionName": "memcpy", "ModuleName": "msvcrt.dll", "Return": "0x2c0000", "Status": 0 }
{ "Address": "0x2c705d", "Opcode": "e81e010000", "Opcodesize": 5, "Mnemonic": "call 0x2c7180", "PID": 1272, "TID": 1612, "Arguments": [ "Arg1", "IN", "LPVOID", "0x28fe6c", "0x0", "Arg2", "IN", "SIZE_T", "0x28fe70", "0x7007", "Arg3", "IN", "DWORD", "0x28fe74", "0x103000", "Arg4", "IN", "DWORD", "0x28fe78", "0x40" ], "Timesptamp": "00000000.877101", "FunctionName": "VirtualAlloc", "ModuleName": "kernel32.dll", "Return": "0x7efa0000", "Status": 0 }
{ "Address": "0x2c714f", "Opcode": "e82c000000", "Opcodesize": 5, "Mnemonic": "call 0x2c7180", "PID": 1272, "TID": 1612, "Arguments": [ "Arg1", "IN", "LPCTSTR", "0x28fe64", "ADVAPI32.dll" ], "Timesptamp": "00000000.894728", "FunctionName": "LoadLibraryA", "ModuleName": "kernel32.dll", "Return": "0x74c00000", "Status": 0 }
{ "Address": "0x2c7160", "Opcode": "e81b000000", "Opcodesize": 5, "Mnemonic": "call 0x2c7180", "PID": 1272, "TID": 1612, "Arguments": [ "Arg1", "IN", "HMODULE", "0x28fe50", "0x74c00000", "Arg2", "IN", "LPCSTR", "0x28fe54", "RegCloseKey" ], "Timesptamp": "00000000.913744", "FunctionName": "GetProcAddress", "ModuleName": "kernel32.dll", "Return": "0x74c1469d", "Status": 0 }
{ "Address": "0x2c7160", "Opcode": "e81b000000", "Opcodesize": 5, "Mnemonic": "call 0x2c7180", "PID": 1272, "TID": 1612, "Arguments": [ "Arg1", "IN", "HMODULE", "0x28fe50", "0x74c00000", "Arg2", "IN", "LPCSTR", "0x28fe54", "RegSetValueExW" ], "Timesptamp": "00000000.932382", "FunctionName": "GetProcAddress", "ModuleName": "kernel32.dll", "Return": "0x74c114d6", "Status": 0 }
{ "Address": "0x2c7160", "Opcode": "e81b000000", "Opcodesize": 5, "Mnemonic": "call 0x2c7180", "PID": 1272, "TID": 1612, "Arguments": [ "Arg1", "IN", "HMODULE", "0x28fe50", "0x74c00000", "Arg2", "IN", "LPCSTR", "0x28fe54", "RegQueryValueExW" ], "Timesptamp": "00000000.949965", "FunctionName": "GetProcAddress", "ModuleName": "kernel32.dll", "Return": "0x74c146ad", "Status": 0 }
{ "Address": "0x2c7160", "Opcode": "e81b000000", "Opcodesize": 5, "Mnemonic": "call 0x2c7180", "PID": 1272, "TID": 1612, "Arguments": [ "Arg1", "IN", "HMODULE", "0x28fe50", "0x74c00000", "Arg2", "IN", "LPCSTR", "0x28fe54", "RegOpenKeyExW" ], "Timesptamp": "00000000.967374", "FunctionName": "GetProcAddress", "ModuleName": "kernel32.dll", "Return": "0x74c1468d", "Status": 0 }
{ "Address": "0x2c7160", "Opcode": "e81b000000", "Opcodesize": 5, "Mnemonic": "call 0x2c7180", "PID": 1272, "TID": 1612, "Arguments": [ "Arg1", "IN", "HMODULE", "0x28fe50", "0x74c00000", "Arg2", "IN", "LPCSTR", "0x28fe54", "RegLoadKeyW" ], "Timesptamp": "00000000.984670", "FunctionName": "GetProcAddress", "ModuleName": "kernel32.dll", "Return": "0x74c43473", "Status": 0 }
{ "Address": "0x2c7160", "Opcode": "e81b000000", "Opcodesize": 5, "Mnemonic": "call 0x2c7180", "PID": 1272, "TID": 1612, "Arguments": [ "Arg1", "IN", "HMODULE", "0x28fe50", "0x74c00000", "Arg2", "IN", "LPCSTR", "0x28fe54", "RegGetValueW" ], "Timesptamp": "00000001.002431", "FunctionName": "GetProcAddress", "ModuleName": "kernel32.dll", "Return": "0x74c10e47", "Status": 0 }
{ "Address": "0x2c7160", "Opcode": "e81b000000", "Opcodesize": 5, "Mnemonic": "call 0x2c7180", "PID": 1272, "TID": 1612, "Arguments": [ "Arg1", "IN", "HMODULE", "0x28fe50", "0x74c00000", "Arg2", "IN", "LPCSTR", "0x28fe54", "RegUnLoadKeyW" ], "Timesptamp": "00000001.019690", "FunctionName": "GetProcAddress", "ModuleName": "kernel32.dll", "Return": "0x74c43493", "Status": 0 }
{ "Address": "0x2c7160", "Opcode": "e81b000000", "Opcodesize": 5, "Mnemonic": "call 0x2c7180", "PID": 1272, "TID": 1612, "Arguments": [ "Arg1", "IN", "HMODULE", "0x28fe50", "0x74c00000", "Arg2", "IN", "LPCSTR", "0x28fe54", "RegEnumKeyExW" ], "Timesptamp": "00000001.041818", "FunctionName": "GetProcAddress", "ModuleName": "kernel32.dll", "Return": "0x74c146c8", "Status": 0 }
{ "Address": "0x2c7160", "Opcode": "e81b000000", "Opcodesize": 5, "Mnemonic": "call 0x2c7180", "PID": 1272, "TID": 1612, "Arguments": [ "Arg1", "IN", "HMODULE", "0x28fe50", "0x74c00000", "Arg2", "IN", "LPCSTR", "0x28fe54", "RegQueryInfoKeyW" ], "Timesptamp": "00000001.059222", "FunctionName": "GetProcAddress", "ModuleName": "kernel32.dll", "Return": "0x74c146e7", "Status": 0 }
{ "Address": "0x2c7160", "Opcode": "e81b000000", "Opcodesize": 5, "Mnemonic": "call 0x2c7180", "PID": 1272, "TID": 1612, "Arguments": [ "Arg1", "IN", "HMODULE", "0x28fe50", "0x74c00000", "Arg2", "IN", "LPCSTR", "0x28fe54", "AdjustTokenPrivileges" ], "Timesptamp": "00000001.076730", "FunctionName": "GetProcAddress", "ModuleName": "kernel32.dll", "Return": "0x74c1418e", "Status": 0 }
{ "Address": "0x2c7160", "Opcode": "e81b000000", "Opcodesize": 5, "Mnemonic": "call 0x2c7180", "PID": 1272, "TID": 1612, "Arguments": [ "Arg1", "IN", "HMODULE", "0x28fe50", "0x74c00000", "Arg2", "IN", "LPCSTR", "0x28fe54", "LookupPrivilegeValueW" ], "Timesptamp": "00000001.093990", "FunctionName": "GetProcAddress", "ModuleName": "kernel32.dll", "Return": "0x74c141b3", "Status": 0 }
{ "Address": "0x2c7160", "Opcode": "e81b000000", "Opcodesize": 5, "Mnemonic": "call 0x2c7180", "PID": 1272, "TID": 1612, "Arguments": [ "Arg1", "IN", "HMODULE", "0x28fe50", "0x74c00000", "Arg2", "IN", "LPCSTR", "0x28fe54", "OpenProcessToken" ], "Timesptamp": "00000001.111783", "FunctionName": "GetProcAddress", "ModuleName": "kernel32.dll", "Return": "0x74c14304", "Status": 0 }
{ "Address": "0x2c714f", "Opcode": "e82c000000", "Opcodesize": 5, "Mnemonic": "call 0x2c7180", "PID": 1272, "TID": 1612, "Arguments": [ "Arg1", "IN", "LPCTSTR", "0x28fe64", "KERNEL32.dll" ], "Timesptamp": "00000001.137294", "FunctionName": "LoadLibraryA", "ModuleName": "kernel32.dll", "Return": "0x74f10000", "Status": 0 }
{ "Address": "0x2c7160", "Opcode": "e81b000000", "Opcodesize": 5, "Mnemonic": "call 0x2c7180", "PID": 1272, "TID": 1612, "Arguments": [ "Arg1", "IN", "HMODULE", "0x28fe50", "0x74f10000", "Arg2", "IN", "LPCSTR", "0x28fe54", "GetLastError" ], "Timesptamp": "00000001.159890", "FunctionName": "GetProcAddress", "ModuleName": "kernel32.dll", "Return": "0x74f211c0", "Status": 0 }
{ "Address": "0x2c7160", "Opcode": "e81b000000", "Opcodesize": 5, "Mnemonic": "call 0x2c7180", "PID": 1272, "TID": 1612, "Arguments": [ "Arg1", "IN", "HMODULE", "0x28fe50", "0x74f10000", "Arg2", "IN", "LPCSTR", "0x28fe54", "ExpandEnvironmentStringsW" ], "Timesptamp": "00000001.177794", "FunctionName": "GetProcAddress", "ModuleName": "kernel32.dll", "Return": "0x74f24173", "Status": 0 }
{ "Address": "0x2c7160", "Opcode": "e81b000000", "Opcodesize": 5, "Mnemonic": "call 0x2c7180", "PID": 1272, "TID": 1612, "Arguments": [ "Arg1", "IN", "HMODULE", "0x28fe50", "0x74f10000", "Arg2", "IN", "LPCSTR", "0x28fe54", "CloseHand" ], "Timesptamp": "00000001.195735", "FunctionName": "GetProcAddress", "ModuleName": "kernel32.dll", "Return": "0x74f21410", "Status": 0 }
{ "Address": "0x2c7160", "Opcode": "e81b000000", "Opcodesize": 5, "Mnemonic": "call 0x2c7180", "PID": 1272, "TID": 1612, "Arguments": [ "Arg1", "IN", "HMODULE", "0x28fe50", "0x74f10000", "Arg2", "IN", "LPCSTR", "0x28fe54", "GetCurrentProcess" ], "Timesptamp": "00000001.213049", "FunctionName": "GetProcAddress", "ModuleName": "kernel32.dll", "Return": "0x74f21809", "Status": 0 }
{ "Address": "0x2c7160", "Opcode": "e81b000000", "Opcodesize": 5, "Mnemonic": "call 0x2c7180", "PID": 1272, "TID": 1612, "Arguments": [ "Arg1", "IN", "HMODULE", "0x28fe50", "0x74f10000", "Arg2", "IN", "LPCSTR", "0x28fe54", "GetEnvironmentVariableW" ], "Timesptamp": "00000001.231060", "FunctionName": "GetProcAddress", "ModuleName": "kernel32.dll", "Return": "0x74f21b48", "Status": 0 }
{ "Address": "0x2c7160", "Opcode": "e81b000000", "Opcodesize": 5, "Mnemonic": "call 0x2c7180", "PID": 1272, "TID": 1612, "Arguments": [ "Arg1", "IN", "HMODULE", "0x28fe50", "0x74f10000", "Arg2", "IN", "LPCSTR", "0x28fe54", "TerminateProcess" ], "Timesptamp": "00000001.248705", "FunctionName": "GetProcAddress", "ModuleName": "kernel32.dll", "Return": "0x74f3d802", "Status": 0 }
{ "Address": "0x2c7160", "Opcode": "e81b000000", "Opcodesize": 5, "Mnemonic": "call 0x2c7180", "PID": 1272, "TID": 1612, "Arguments": [ "Arg1", "IN", "HMODULE", "0x28fe50", "0x74f10000", "Arg2", "IN", "LPCSTR", "0x28fe54", "GetSystemTimeAsFileTime" ], "Timesptamp": "00000001.266587", "FunctionName": "GetProcAddress", "ModuleName": "kernel32.dll", "Return": "0x74f23509", "Status": 0 }
{ "Address": "0x2c7160", "Opcode": "e81b000000", "Opcodesize": 5, "Mnemonic": "call 0x2c7180", "PID": 1272, "TID": 1612, "Arguments": [ "Arg1", "IN", "HMODULE", "0x28fe50", "0x74f10000", "Arg2", "IN", "LPCSTR", "0x28fe54", "GetCurrentProcessId" ], "Timesptamp": "00000001.285958", "FunctionName": "GetProcAddress", "ModuleName": "kernel32.dll", "Return": "0x74f211f8", "Status": 0 }
{ "Address": "0x2c7160", "Opcode": "e81b000000", "Opcodesize": 5, "Mnemonic": "call 0x2c7180", "PID": 1272, "TID": 1612, "Arguments": [ "Arg1", "IN", "HMODULE", "0x28fe50", "0x74f10000", "Arg2", "IN", "LPCSTR", "0x28fe54", "GetCurrentThreadId" ], "Timesptamp": "00000001.303694", "FunctionName": "GetProcAddress", "ModuleName": "kernel32.dll", "Return": "0x74f21450", "Status": 0 }
{ "Address": "0x2c7160", "Opcode": "e81b000000", "Opcodesize": 5, "Mnemonic": "call 0x2c7180", "PID": 1272, "TID": 1612, "Arguments": [ "Arg1", "IN", "HMODULE", "0x28fe50", "0x74f10000", "Arg2", "IN", "LPCSTR", "0x28fe54", "GetTickCount" ], "Timesptamp": "00000001.333355", "FunctionName": "GetProcAddress", "ModuleName": "kernel32.dll", "Return": "0x74f2110c", "Status": 0 }
{ "Address": "0x2c7160", "Opcode": "e81b000000", "Opcodesize": 5, "Mnemonic": "call 0x2c7180", "PID": 1272, "TID": 1612, "Arguments": [ "Arg1", "IN", "HMODULE", "0x28fe50", "0x74f10000", "Arg2", "IN", "LPCSTR", "0x28fe54", "QueryPerformanceCounter" ], "Timesptamp": "00000001.355208", "FunctionName": "GetProcAddress", "ModuleName": "kernel32.dll", "Return": "0x74f21725", "Status": 0 }
{ "Address": "0x2c7160", "Opcode": "e81b000000", "Opcodesize": 5, "Mnemonic": "call 0x2c7180", "PID": 1272, "TID": 1612, "Arguments": [ "Arg1", "IN", "HMODULE", "0x28fe50", "0x74f10000", "Arg2", "IN", "LPCSTR", "0x28fe54", "GetModuleHandleA" ], "Timesptamp": "00000001.375327", "FunctionName": "GetProcAddress", "ModuleName": "kernel32.dll", "Return": "0x74f21245", "Status": 0 }
{ "Address": "0x2c7160", "Opcode": "e81b000000", "Opcodesize": 5, "Mnemonic": "call 0x2c7180", "PID": 1272, "TID": 1612, "Arguments": [ "Arg1", "IN", "HMODULE", "0x28fe50", "0x74f10000", "Arg2", "IN", "LPCSTR", "0x28fe54", "SetUnhandledExceptionFilter" ], "Timesptamp": "00000001.392787", "FunctionName": "GetProcAddress", "ModuleName": "kernel32.dll", "Return": "0x74f287c9", "Status": 0 }
{ "Address": "0x2c7160", "Opcode": "e81b000000", "Opcodesize": 5, "Mnemonic": "call 0x2c7180", "PID": 1272, "TID": 1612, "Arguments": [ "Arg1", "IN", "HMODULE", "0x28fe50", "0x74f10000", "Arg2", "IN", "LPCSTR", "0x28fe54", "UnhandledExceptionFilter" ], "Timesptamp": "00000001.410132", "FunctionName": "GetProcAddress", "ModuleName": "kernel32.dll", "Return": "0x74f4772f", "Status": 0 }
{ "Address": "0x2c7160", "Opcode": "e81b000000", "Opcodesize": 5, "Mnemonic": "call 0x2c7180", "PID": 1272, "TID": 1612, "Arguments": [ "Arg1", "IN", "HMODULE", "0x28fe50", "0x74f10000", "Arg2", "IN", "LPCSTR", "0x28fe54", "InterlockedCompareExchange" ], "Timesptamp": "00000001.441435", "FunctionName": "GetProcAddress", "ModuleName": "kernel32.dll", "Return": "0x74f21484", "Status": 0 }
{ "Address": "0x2c7160", "Opcode": "e81b000000", "Opcodesize": 5, "Mnemonic": "call 0x2c7180", "PID": 1272, "TID": 1612, "Arguments": [ "Arg1", "IN", "HMODULE", "0x28fe50", "0x74f10000", "Arg2", "IN", "LPCSTR", "0x28fe54", "Sleep" ], "Timesptamp": "00000001.458791", "FunctionName": "GetProcAddress", "ModuleName": "kernel32.dll", "Return": "0x74f210ff", "Status": 0 }
{ "Address": "0x2c7160", "Opcode": "e81b000000", "Opcodesize": 5, "Mnemonic": "call 0x2c7180", "PID": 1272, "TID": 1612, "Arguments": [ "Arg1", "IN", "HMODULE", "0x28fe50", "0x74f10000", "Arg2", "IN", "LPCSTR", "0x28fe54", "InterlockedExchange" ], "Timesptamp": "00000001.478866", "FunctionName": "GetProcAddress", "ModuleName": "kernel32.dll", "Return": "0x74f21462", "Status": 0 }
{ "Address": "0x2c714f", "Opcode": "e82c000000", "Opcodesize": 5, "Mnemonic": "call 0x2c7180", "PID": 1272, "TID": 1612, "Arguments": [ "Arg1", "IN", "LPCTSTR", "0x28fe64", "msvcrt.dll" ], "Timesptamp": "00000001.497320", "FunctionName": "LoadLibraryA", "ModuleName": "kernel32.dll", "Return": "0x76190000", "Status": 0 }
{ "Address": "0x2c7160", "Opcode": "e81b000000", "Opcodesize": 5, "Mnemonic": "call 0x2c7180", "PID": 1272, "TID": 1612, "Arguments": [ "Arg1", "IN", "HMODULE", "0x28fe50", "0x76190000", "Arg2", "IN", "LPCSTR", "0x28fe54", "__p__commode" ], "Timesptamp": "00000001.516297", "FunctionName": "GetProcAddress", "ModuleName": "kernel32.dll", "Return": "0x761a27c3", "Status": 0 }
{ "Address": "0x2c7160", "Opcode": "e81b000000", "Opcodesize": 5, "Mnemonic": "call 0x2c7180", "PID": 1272, "TID": 1612, "Arguments": [ "Arg1", "IN", "HMODULE", "0x28fe50", "0x76190000", "Arg2", "IN", "LPCSTR", "0x28fe54", "__p__fmode" ], "Timesptamp": "00000001.537414", "FunctionName": "GetProcAddress", "ModuleName": "kernel32.dll", "Return": "0x761a27ce", "Status": 0 }
{ "Address": "0x2c7160", "Opcode": "e81b000000", "Opcodesize": 5, "Mnemonic": "call 0x2c7180", "PID": 1272, "TID": 1612, "Arguments": [ "Arg1", "IN", "HMODULE", "0x28fe50", "0x76190000", "Arg2", "IN", "LPCSTR", "0x28fe54", "__set_app_type" ], "Timesptamp": "00000001.555134", "FunctionName": "GetProcAddress", "ModuleName": "kernel32.dll", "Return": "0x761a2804", "Status": 0 }
{ "Address": "0x2c7160", "Opcode": "e81b000000", "Opcodesize": 5, "Mnemonic": "call 0x2c7180", "PID": 1272, "TID": 1612, "Arguments": [ "Arg1", "IN", "HMODULE", "0x28fe50", "0x76190000", "Arg2", "IN", "LPCSTR", "0x28fe54", "?terminate@@YAXXZ" ], "Timesptamp": "00000001.575396", "FunctionName": "GetProcAddress", "ModuleName": "kernel32.dll", "Return": "0x761e61cf", "Status": 0 }
{ "Address": "0x2c7160", "Opcode": "e81b000000", "Opcodesize": 5, "Mnemonic": "call 0x2c7180", "PID": 1272, "TID": 1612, "Arguments": [ "Arg1", "IN", "HMODULE", "0x28fe50", "0x76190000", "Arg2", "IN", "LPCSTR", "0x28fe54", "_except_handler4_common" ], "Timesptamp": "00000001.593610", "FunctionName": "GetProcAddress", "ModuleName": "kernel32.dll", "Return": "0x761b3e27", "Status": 0 }
{ "Address": "0x2c7160", "Opcode": "e81b000000", "Opcodesize": 5, "Mnemonic": "call 0x2c7180", "PID": 1272, "TID": 1612, "Arguments": [ "Arg1", "IN", "HMODULE", "0x28fe50", "0x76190000", "Arg2", "IN", "LPCSTR", "0x28fe54", "_controlfp" ], "Timesptamp": "00000001.611007", "FunctionName": "GetProcAddress", "ModuleName": "kernel32.dll", "Return": "0x7619e1e1", "Status": 0 }
{ "Address": "0x2c7160", "Opcode": "e81b000000", "Opcodesize": 5, "Mnemonic": "call 0x2c7180", "PID": 1272, "TID": 1612, "Arguments": [ "Arg1", "IN", "HMODULE", "0x28fe50", "0x76190000", "Arg2", "IN", "LPCSTR", "0x28fe54", "__setusermatherr" ], "Timesptamp": "00000001.632403", "FunctionName": "GetProcAddress", "ModuleName": "kernel32.dll", "Return": "0x762277ad", "Status": 0 }
{ "Address": "0x2c7160", "Opcode": "e81b000000", "Opcodesize": 5, "Mnemonic": "call 0x2c7180", "PID": 1272, "TID": 1612, "Arguments": [ "Arg1", "IN", "HMODULE", "0x28fe50", "0x76190000", "Arg2", "IN", "LPCSTR", "0x28fe54", "_amsg_exit" ], "Timesptamp": "00000001.649803", "FunctionName": "GetProcAddress", "ModuleName": "kernel32.dll", "Return": "0x761fb2ef", "Status": 0 }
{ "Address": "0x2c7160", "Opcode": "e81b000000", "Opcodesize": 5, "Mnemonic": "call 0x2c7180", "PID": 1272, "TID": 1612, "Arguments": [ "Arg1", "IN", "HMODULE", "0x28fe50", "0x76190000", "Arg2", "IN", "LPCSTR", "0x28fe54", "_initterm" ], "Timesptamp": "00000001.670611", "FunctionName": "GetProcAddress", "ModuleName": "kernel32.dll", "Return": "0x7619c151", "Status": 0 }
{ "Address": "0x2c7160", "Opcode": "e81b000000", "Opcodesize": 5, "Mnemonic": "call 0x2c7180", "PID": 1272, "TID": 1612, "Arguments": [ "Arg1", "IN", "HMODULE", "0x28fe50", "0x76190000", "Arg2", "IN", "LPCSTR", "0x28fe54", "_XcptFilter" ], "Timesptamp": "00000001.689150", "FunctionName": "GetProcAddress", "ModuleName": "kernel32.dll", "Return": "0x761bdc75", "Status": 0 }
{ "Address": "0x2c7160", "Opcode": "e81b000000", "Opcodesize": 5, "Mnemonic": "call 0x2c7180", "PID": 1272, "TID": 1612, "Arguments": [ "Arg1", "IN", "HMODULE", "0x28fe50", "0x76190000", "Arg2", "IN", "LPCSTR", "0x28fe54", "_exit" ], "Timesptamp": "00000001.706699", "FunctionName": "GetProcAddress", "ModuleName": "kernel32.dll", "Return": "0x761fb2c0", "Status": 0 }
{ "Address": "0x2c7160", "Opcode": "e81b000000", "Opcodesize": 5, "Mnemonic": "call 0x2c7180", "PID": 1272, "TID": 1612, "Arguments": [ "Arg1", "IN", "HMODULE", "0x28fe50", "0x76190000", "Arg2", "IN", "LPCSTR", "0x28fe54", "_cexit" ], "Timesptamp": "00000001.727443", "FunctionName": "GetProcAddress", "ModuleName": "kernel32.dll", "Return": "0x761a37d4", "Status": 0 }
{ "Address": "0x2c7160", "Opcode": "e81b000000", "Opcodesize": 5, "Mnemonic": "call 0x2c7180", "PID": 1272, "TID": 1612, "Arguments": [ "Arg1", "IN", "HMODULE", "0x28fe50", "0x76190000", "Arg2", "IN", "LPCSTR", "0x28fe54", "__wgetmainargs" ], "Timesptamp": "00000001.745402", "FunctionName": "GetProcAddress", "ModuleName": "kernel32.dll", "Return": "0x761a4e7c", "Status": 0 }
{ "Address": "0x2c7160", "Opcode": "e81b000000", "Opcodesize": 5, "Mnemonic": "call 0x2c7180", "PID": 1272, "TID": 1612, "Arguments": [ "Arg1", "IN", "HMODULE", "0x28fe50", "0x76190000", "Arg2", "IN", "LPCSTR", "0x28fe54", "wcscat_s" ], "Timesptamp": "00000001.761101", "FunctionName": "GetProcAddress", "ModuleName": "kernel32.dll", "Return": "0x7619fd66", "Status": 0 }
{ "Address": "0x2c7160", "Opcode": "e81b000000", "Opcodesize": 5, "Mnemonic": "call 0x2c7180", "PID": 1272, "TID": 1612, "Arguments": [ "Arg1", "IN", "HMODULE", "0x28fe50", "0x76190000", "Arg2", "IN", "LPCSTR", "0x28fe54", "memset" ], "Timesptamp": "00000001.778652", "FunctionName": "GetProcAddress", "ModuleName": "kernel32.dll", "Return": "0x76199790", "Status": 0 }
{ "Address": "0x2c7160", "Opcode": "e81b000000", "Opcodesize": 5, "Mnemonic": "call 0x2c7180", "PID": 1272, "TID": 1612, "Arguments": [ "Arg1", "IN", "HMODULE", "0x28fe50", "0x76190000", "Arg2", "IN", "LPCSTR", "0x28fe54", "_wcsicmp" ], "Timesptamp": "00000001.796194", "FunctionName": "GetProcAddress", "ModuleName": "kernel32.dll", "Return": "0x7619a9e9", "Status": 0 }
{ "Address": "0x2c7160", "Opcode": "e81b000000", "Opcodesize": 5, "Mnemonic": "call 0x2c7180", "PID": 1272, "TID": 1612, "Arguments": [ "Arg1", "IN", "HMODULE", "0x28fe50", "0x76190000", "Arg2", "IN", "LPCSTR", "0x28fe54", "wprintf" ], "Timesptamp": "00000001.831386", "FunctionName": "GetProcAddress", "ModuleName": "kernel32.dll", "Return": "0x761b5de3", "Status": 0 }
{ "Address": "0x2c7160", "Opcode": "e81b000000", "Opcodesize": 5, "Mnemonic": "call 0x2c7180", "PID": 1272, "TID": 1612, "Arguments": [ "Arg1", "IN", "HMODULE", "0x28fe50", "0x76190000", "Arg2", "IN", "LPCSTR", "0x28fe54", "exit" ], "Timesptamp": "00000001.852758", "FunctionName": "GetProcAddress", "ModuleName": "kernel32.dll", "Return": "0x761a36aa", "Status": 0 }
{ "Address": "0x7efa2be8", "Opcode": "ff154c10fa7e", "Opcodesize": 6, "Mnemonic": "call dword ptr [0x7efa104c]", "PID": 1272, "TID": 1612, "Arguments": [ "Arg1", "OUT", "LPFILETIME", "0x28fe58", "0x28fe70" ], "Timesptamp": "00000001.891643", "FunctionName": "GetSystemTimeAsFileTime", "ModuleName": "kernel32.dll", "Return": "0x1daddab", "Output1": { "field1": [ "0x28fe70", "0xcd54be00" ], "field2": [ "0x28fe74", "0x1daddab" ] }, "Status": 0 }
{ "Address": "0x7efa2bf4", "Opcode": "ff155010fa7e", "Opcodesize": 6, "Mnemonic": "call dword ptr [0x7efa1050]", "PID": 1272, "TID": 1612, "Arguments": [ ], "Timesptamp": "00000001.910654", "FunctionName": "GetCurrentProcessId", "ModuleName": "kernel32.dll", "Return": "0x4f8", "Status": 0 }
{ "Address": "0x7efa2bfc", "Opcode": "ff155410fa7e", "Opcodesize": 6, "Mnemonic": "call dword ptr [0x7efa1054]", "PID": 1272, "TID": 1612, "Arguments": [ ], "Timesptamp": "00000001.932520", "FunctionName": "GetCurrentThreadId", "ModuleName": "kernel32.dll", "Return": "0x64c", "Status": 0 }
{ "Address": "0x7efa2c04", "Opcode": "ff155810fa7e", "Opcodesize": 6, "Mnemonic": "call dword ptr [0x7efa1058]", "PID": 1272, "TID": 1612, "Arguments": [ ], "Timesptamp": "00000001.950114", "FunctionName": "GetTickCount", "ModuleName": "kernel32.dll", "Return": "0x52ead", "Status": 0 }
{ "Address": "0x7efa2c10", "Opcode": "ff155c10fa7e", "Opcodesize": 6, "Mnemonic": "call dword ptr [0x7efa105c]", "PID": 1272, "TID": 1612, "Arguments": [ "Arg1", "OUT", "LARGE_INTEGER*", "0x28fe58", "0x28fe68" ], "Timesptamp": "00000001.963549", "FunctionName": "QueryPerformanceCounter", "ModuleName": "kernel32.dll", "Return": "TRUE", "Output1": { "field1": [ "0x28fe68", "0xffdfc97b" ], "field2": [ "0x28fe6c", "0x5" ], "field3": [ "0x28fe70", "0x1daddabcd54be00" ] }, "Status": 0 }
{ "Address": "0x7efa269c", "Opcode": "ff156c10fa7e", "Opcodesize": 6, "Mnemonic": "call dword ptr [0x7efa106c]", "PID": 1272, "TID": 1612, "Functionname": "InterlockedCompareExchange", "Dllname": "kernel32.dll", "Status": 1 }
{ "Address": "0x7efa2b79", "Opcode": "ff156010fa7e", "Opcodesize": 6, "Mnemonic": "call dword ptr [0x7efa1060]", "PID": 1272, "TID": 1612, "Arguments": [ "Arg1", "IN", "LPCTSTR", "0x28fe24", "\"\"" ], "Timesptamp": "00000002.003970", "FunctionName": "GetModuleHandleA", "ModuleName": "kernel32.dll", "Return": "0x400000", "Status": 0 }
{ "Address": "0x7efa2867", "Opcode": "ff158010fa7e", "Opcodesize": 6, "Mnemonic": "call dword ptr [0x7efa1080]", "PID": 1272, "TID": 1612, "Arguments": [ ], "Timesptamp": "00000002.043116", "FunctionName": "__p__fmode", "ModuleName": "msvcrt.dll", "Return": "0x762331f4", "Status": 0 }
{ "Address": "0x7efa2875", "Opcode": "ff157c10fa7e", "Opcodesize": 6, "Mnemonic": "call dword ptr [0x7efa107c]", "PID": 1272, "TID": 1612, "Arguments": [ ], "Timesptamp": "00000002.063597", "FunctionName": "__p__commode", "ModuleName": "msvcrt.dll", "Return": "0x762331fc", "Status": 0 }
{ "Address": "0x7efa2af6", "Opcode": "ff159010fa7e", "Opcodesize": 6, "Mnemonic": "call dword ptr [0x7efa1090]", "PID": 1272, "TID": 1612, "Functionname": "_controlfp", "Dllname": "msvcrt.dll", "Status": 1 }
{ "Address": "0x7efa2932", "Opcode": "ff156410fa7e", "Opcodesize": 6, "Mnemonic": "call dword ptr [0x7efa1064]", "PID": 1272, "TID": 1612, "Arguments": [ "Arg1", "IN", "DWORD", "0x28fe30", "0x7efa28e5" ], "Timesptamp": "00000002.110263", "FunctionName": "SetUnhandledExceptionFilter", "ModuleName": "kernel32.dll", "Return": "0x401ec0", "Status": 0 }
{ "Address": "0x7efa2723", "Opcode": "e822030000", "Opcodesize": 5, "Mnemonic": "call 0x7efa2a4a", "PID": 1272, "TID": 1612, "Functionname": "_initterm", "Dllname": "msvcrt.dll", "Status": 1 }
{ "Address": "0x7efa2663", "Opcode": "ff15ac10fa7e", "Opcodesize": 6, "Mnemonic": "call dword ptr [0x7efa10ac]", "PID": 1272, "TID": 1612, "Functionname": "__wgetmainargs", "Dllname": "msvcrt.dll", "Status": 1 }
{ "Address": "0x7efa273b", "Opcode": "ff157410fa7e", "Opcodesize": 6, "Mnemonic": "call dword ptr [0x7efa1074]", "PID": 1272, "TID": 1612, "Functionname": "InterlockedExchange", "Dllname": "kernel32.dll", "Status": 1 }
{ "Address": "0x7efa253d", "Opcode": "ff154410fa7e", "Opcodesize": 6, "Mnemonic": "call dword ptr [0x7efa1044]", "PID": 1272, "TID": 1612, "Arguments": [ "Arg1", "IN", "LPCWSTR", "0x28fe1c", "INSTALLER_WINNING_COMPONENT_IDENTITY", "Arg2", "OUT", "LPWSTR", "0x28fe20", "0x0", "Arg3", "IN", "DWORD", "0x28fe24", "0x0" ], "Timesptamp": "00000002.218392", "FunctionName": "GetEnvironmentVariableW", "ModuleName": "kernel32.dll", "Return": "0x0", "Status": 0 }
{ "Address": "0x7efa2547", "Opcode": "ff153410fa7e", "Opcodesize": 6, "Mnemonic": "call dword ptr [0x7efa1034]", "PID": 1272, "TID": 1612, "Arguments": [ ], "Timesptamp": "00000002.237157", "FunctionName": "GetLastError", "ModuleName": "kernel32.dll", "Return": "0xcb", "Status": 0 }
{ "Address": "0x7efa2603", "Opcode": "ff15bc10fa7e", "Opcodesize": 6, "Mnemonic": "call dword ptr [0x7efa10bc]", "PID": 1272, "TID": 1612, "Functionname": "wprintf", "Dllname": "msvcrt.dll", "Status": 1 }
{ "Address": "0x7efa278a", "Opcode": "ff15c010fa7e", "Opcodesize": 6, "Mnemonic": "call dword ptr [0x7efa10c0]", "PID": 1272, "TID": 1612, "Arguments": [ "Arg1", "IN", "INT", "0x28fe48", "0x0" ], "Timesptamp": "00000002.277560", "FunctionName": "exit", "ModuleName": "msvcrt.dll" }
