{ "Address": "0x40178f", "Opcode": "ff1524614000", "Opcodesize": 6, "Mnemonic": "call dword ptr [0x406124]", "PID": 1288, "TID": 1612, "Arguments": [ "Arg1", "OUT", "LPFILETIME", "0x28ff40", "0x28ff50" ], "Timesptamp": "00000000.315325", "FunctionName": "GetSystemTimeAsFileTime", "ModuleName": "kernel32.dll", "Return": "0x1daddab", "Output1": { "field1": [ "0x28ff50", "0xcb209820" ], "field2": [ "0x28ff54", "0x1daddab" ] }, "Status": 0 }
{ "Address": "0x4017a0", "Opcode": "ff150c614000", "Opcodesize": 6, "Mnemonic": "call dword ptr [0x40610c]", "PID": 1288, "TID": 1612, "Arguments": [ ], "Timesptamp": "00000000.344695", "FunctionName": "GetCurrentProcessId", "ModuleName": "kernel32.dll", "Return": "0x508", "Status": 0 }
{ "Address": "0x4017a8", "Opcode": "ff1510614000", "Opcodesize": 6, "Mnemonic": "call dword ptr [0x406110]", "PID": 1288, "TID": 1612, "Arguments": [ ], "Timesptamp": "00000000.357545", "FunctionName": "GetCurrentThreadId", "ModuleName": "kernel32.dll", "Return": "0x64c", "Status": 0 }
{ "Address": "0x4017b0", "Opcode": "ff1528614000", "Opcodesize": 6, "Mnemonic": "call dword ptr [0x406128]", "PID": 1288, "TID": 1612, "Arguments": [ ], "Timesptamp": "00000000.370842", "FunctionName": "GetTickCount", "ModuleName": "kernel32.dll", "Return": "0x5203c", "Status": 0 }
{ "Address": "0x4017bf", "Opcode": "ff1538614000", "Opcodesize": 6, "Mnemonic": "call dword ptr [0x406138]", "PID": 1288, "TID": 1612, "Arguments": [ "Arg1", "OUT", "LARGE_INTEGER*", "0x28ff40", "0x28ff58" ], "Timesptamp": "00000000.383655", "FunctionName": "QueryPerformanceCounter", "ModuleName": "kernel32.dll", "Return": "TRUE", "Output1": { "field1": [ "0x28ff58", "0xf2278493" ], "field2": [ "0x28ff5c", "0x5" ], "field3": [ "0x28ff60", "0x0" ] }, "Status": 0 }
{ "Address": "0x401433", "Opcode": "ff1520614000", "Opcodesize": 6, "Mnemonic": "call dword ptr [0x406120]", "PID": 1288, "TID": 1612, "Arguments": [ "Arg1", "OUT", "LPSTARTUPINFOA", "0x28fef0", "0x28ff1c" ], "Timesptamp": "00000000.397108", "FunctionName": "GetStartupInfoA", "ModuleName": "kernel32.dll", "Return": "0x28ff1c", "Output1": { "field1": [ "0x28ff1c", "0x44" ], "field2": [ "0x28ff20", "" ], "field3": [ "0x28ff24", "winsta0\\default" ], "field4": [ "0x28ff28", "C:\\Users\\lhs\\Exec\\amber_PhotoFilmStrip-cli.exe" ], "field5": [ "0x28ff2c", "0x0" ], "field6": [ "0x28ff30", "0x0" ], "field7": [ "0x28ff34", "0x0" ], "field8": [ "0x28ff38", "0x0" ], "field9": [ "0x28ff3c", "0x0" ], "field10": [ "0x28ff40", "0x0" ], "field11": [ "0x28ff44", "0x0" ], "field12": [ "0x28ff48", "0x1" ], "field13": [ "0x28ff4c", "0x7" ], "field14": [ "0x28ff4e", "0x0" ], "field15": [ "0x28ff50", "0x0" ], "field16": [ "0x28ff51", "0xff000000" ], "field17": [ "0x28ff55", "0xffffffff" ], "field18": [ "0x28ff59", "0xffffffff" ] }, "Status": 0 }
{ "Address": "0x401479", "Opcode": "e896120000", "Opcodesize": 5, "Mnemonic": "call 0x402714", "PID": 1288, "TID": 1612, "Functionname": "_initterm", "Dllname": "msvcrt.dll", "Status": 1 }
{ "Address": "0x40107a", "Opcode": "e8bd160000", "Opcodesize": 5, "Mnemonic": "call 0x40273c", "PID": 1288, "TID": 1612, "Arguments": [ ], "Timesptamp": "00000000.465446", "FunctionName": "__p__fmode", "ModuleName": "msvcrt.dll", "Return": "0x762331f4", "Status": 0 }
{ "Address": "0x401404", "Opcode": "e80b130000", "Opcodesize": 5, "Mnemonic": "call 0x402714", "PID": 1288, "TID": 1612, "Functionname": "_initterm", "Dllname": "msvcrt.dll", "Status": 1 }
{ "Address": "0x401155", "Opcode": "e8f2150000", "Opcodesize": 5, "Mnemonic": "call 0x40274c", "PID": 1288, "TID": 1612, "Functionname": "__getmainargs", "Dllname": "msvcrt.dll", "Status": 1 }
{ "Address": "0x401238", "Opcode": "ff153c614000", "Opcodesize": 6, "Mnemonic": "call dword ptr [0x40613c]", "PID": 1288, "TID": 1612, "Arguments": [ "Arg1", "IN", "DWORD", "0x28fef0", "0x401ec0" ], "Timesptamp": "00000000.551135", "FunctionName": "SetUnhandledExceptionFilter", "ModuleName": "kernel32.dll", "Return": "0x0", "Status": 0 }
{ "Address": "0x401261", "Opcode": "e8de140000", "Opcodesize": 5, "Mnemonic": "call 0x402744", "PID": 1288, "TID": 1612, "Functionname": "__p__acmdln", "Dllname": "msvcrt.dll", "Status": 1 }
{ "Address": "0x4012eb", "Opcode": "e8e4130000", "Opcodesize": 5, "Mnemonic": "call 0x4026d4", "PID": 1288, "TID": 1612, "Arguments": [ "Arg1", "IN", "SIZE_T", "0x28fef0", "0x8" ], "Timesptamp": "00000000.601243", "FunctionName": "malloc", "ModuleName": "msvcrt.dll", "Return": "0x350fc8", "Status": 0 }
{ "Address": "0x40131b", "Opcode": "e89c130000", "Opcodesize": 5, "Mnemonic": "call 0x4026bc", "PID": 1288, "TID": 1612, "Arguments": [ "Arg1", "IN", "CHAR*", "0x28fef0", "\\Users\\lhs\\Exec\\amber_PhotoFilmStrip-cli.exe" ], "Timesptamp": "00000000.613957", "FunctionName": "strlen", "ModuleName": "msvcrt.dll", "Return": "0x2c", "Status": 0 }
{ "Address": "0x401326", "Opcode": "e8a9130000", "Opcodesize": 5, "Mnemonic": "call 0x4026d4", "PID": 1288, "TID": 1612, "Arguments": [ "Arg1", "IN", "SIZE_T", "0x28fef0", "0x2d" ], "Timesptamp": "00000000.626619", "FunctionName": "malloc", "ModuleName": "msvcrt.dll", "Return": "0x350fd8", "Status": 0 }
{ "Address": "0x40133c", "Opcode": "e88b130000", "Opcodesize": 5, "Mnemonic": "call 0x4026cc", "PID": 1288, "TID": 1612, "Arguments": [ "Arg1", "IN", "VOID*", "0x28fef0", "0x350fd8", "Arg2", "IN", "ARRAY0", "0x28fef4", "ARRAY_0x2d", "Arg3", "IN", "SIZE_T", "0x28fef8", "0x2d" ], "Timesptamp": "00000000.639806", "FunctionName": "memcpy", "ModuleName": "msvcrt.dll", "Return": "0x350fd8", "Status": 0 }
{ "Address": "0x4014ea", "Opcode": "e81d120000", "Opcodesize": 5, "Mnemonic": "call 0x40270c", "PID": 1288, "TID": 1612, "Functionname": "_onexit", "Dllname": "msvcrt.dll", "Status": 1 }
{ "Address": "0x4014ea", "Opcode": "e81d120000", "Opcodesize": 5, "Mnemonic": "call 0x40270c", "PID": 1288, "TID": 1612, "Functionname": "_onexit", "Dllname": "msvcrt.dll", "Status": 1 }
{ "Address": "0x401552", "Opcode": "ffd0", "Opcodesize": 2, "Mnemonic": "call eax", "PID": 1288, "TID": 1612, "Arguments": [ "Arg1", "IN", "LPCTSTR", "0x28fe90", "USER32.dll" ], "Timesptamp": "00000000.678468", "FunctionName": "LoadLibraryA", "ModuleName": "kernel32.dll", "Return": "0x74d30000", "Status": 0 }
{ "Address": "0x40156d", "Opcode": "ffd0", "Opcodesize": 2, "Mnemonic": "call eax", "PID": 1288, "TID": 1612, "Arguments": [ "Arg1", "IN", "HMODULE", "0x28fe90", "0x74d30000", "Arg2", "IN", "LPCSTR", "0x28fe94", "VirtualAlloc" ], "Timesptamp": "00000000.757168", "FunctionName": "GetProcAddress", "ModuleName": "kernel32.dll", "Return": "0x0", "Status": 0 }
{ "Address": "0x40157e", "Opcode": "ffd0", "Opcodesize": 2, "Mnemonic": "call eax", "PID": 1288, "TID": 1612, "Arguments": [ "Arg1", "IN", "LPCTSTR", "0x28fe90", "\"\"" ], "Timesptamp": "00000000.774401", "FunctionName": "GetModuleHandleA", "ModuleName": "kernel32.dll", "Return": "0x400000", "Status": 0 }
{ "Address": "0x40162d", "Opcode": "ffd0", "Opcodesize": 2, "Mnemonic": "call eax", "PID": 1288, "TID": 1612, "Arguments": [ "Arg1", "IN", "LPVOID", "0x28fe90", "0x0", "Arg2", "IN", "SIZE_T", "0x28fe94", "0xa400", "Arg3", "IN", "DWORD", "0x28fe98", "0x1000", "Arg4", "IN", "DWORD", "0x28fe9c", "0x40" ], "Timesptamp": "00000000.791741", "FunctionName": "VirtualAlloc", "ModuleName": "kernel32.dll", "Return": "0x330000", "Status": 0 }
{ "Address": "0x401657", "Opcode": "e870100000", "Opcodesize": 5, "Mnemonic": "call 0x4026cc", "PID": 1288, "TID": 1612, "Arguments": [ "Arg1", "IN", "VOID*", "0x28fe90", "0x330000", "Arg2", "IN", "ARRAY0", "0x28fe94", "ARRAY_0xa400", "Arg3", "IN", "SIZE_T", "0x28fe98", "0xa400" ], "Timesptamp": "00000000.808549", "FunctionName": "memcpy", "ModuleName": "msvcrt.dll", "Return": "0x330000", "Status": 0 }
{ "Address": "0x33a05d", "Opcode": "e81e010000", "Opcodesize": 5, "Mnemonic": "call 0x33a180", "PID": 1288, "TID": 1612, "Arguments": [ "Arg1", "IN", "LPVOID", "0x28fe6c", "0x0", "Arg2", "IN", "SIZE_T", "0x28fe70", "0xa007", "Arg3", "IN", "DWORD", "0x28fe74", "0x103000", "Arg4", "IN", "DWORD", "0x28fe78", "0x40" ], "Timesptamp": "00000000.828532", "FunctionName": "VirtualAlloc", "ModuleName": "kernel32.dll", "Return": "0x7efa0000", "Status": 0 }
{ "Address": "0x33a14f", "Opcode": "e82c000000", "Opcodesize": 5, "Mnemonic": "call 0x33a180", "PID": 1288, "TID": 1612, "Arguments": [ "Arg1", "IN", "LPCTSTR", "0x28fe64", "USER32.dll" ], "Timesptamp": "00000000.845862", "FunctionName": "LoadLibraryA", "ModuleName": "kernel32.dll", "Return": "0x74d30000", "Status": 0 }
{ "Address": "0x33a160", "Opcode": "e81b000000", "Opcodesize": 5, "Mnemonic": "call 0x33a180", "PID": 1288, "TID": 1612, "Arguments": [ "Arg1", "IN", "HMODULE", "0x28fe50", "0x74d30000", "Arg2", "IN", "LPCSTR", "0x28fe54", "MessageBoxA" ], "Timesptamp": "00000000.864516", "FunctionName": "GetProcAddress", "ModuleName": "kernel32.dll", "Return": "0x74d9fd1e", "Status": 0 }
{ "Address": "0x33a14f", "Opcode": "e82c000000", "Opcodesize": 5, "Mnemonic": "call 0x33a180", "PID": 1288, "TID": 1612, "Arguments": [ "Arg1", "IN", "LPCTSTR", "0x28fe64", "SHELL32.dll" ], "Timesptamp": "00000000.881326", "FunctionName": "LoadLibraryA", "ModuleName": "kernel32.dll", "Return": "0x75020000", "Status": 0 }
{ "Address": "0x33a160", "Opcode": "e81b000000", "Opcodesize": 5, "Mnemonic": "call 0x33a180", "PID": 1288, "TID": 1612, "Arguments": [ "Arg1", "IN", "HMODULE", "0x28fe50", "0x75020000", "Arg2", "IN", "LPCSTR", "0x28fe54", "SHGetSpecialFolderPathW" ], "Timesptamp": "00000000.920901", "FunctionName": "GetProcAddress", "ModuleName": "kernel32.dll", "Return": "0x75040468", "Status": 0 }
{ "Address": "0x33a14f", "Opcode": "e82c000000", "Opcodesize": 5, "Mnemonic": "call 0x33a180", "PID": 1288, "TID": 1612, "Arguments": [ "Arg1", "IN", "LPCTSTR", "0x28fe64", "MSVCR100.dll" ], "Timesptamp": "00000000.939631", "FunctionName": "LoadLibraryA", "ModuleName": "kernel32.dll", "Return": "0x0", "Status": 0 }
{ "Address": "0x33a160", "Opcode": "e81b000000", "Opcodesize": 5, "Mnemonic": "call 0x33a180", "PID": 1288, "TID": 1612, "Arguments": [ "Arg1", "IN", "HMODULE", "0x28fe50", "0x0", "Arg2", "IN", "LPCSTR", "0x28fe54", "_lock" ], "Timesptamp": "00000000.973257", "FunctionName": "GetProcAddress", "ModuleName": "kernel32.dll", "Return": "0x0", "Status": 0 }
{ "Address": "0x33a160", "Opcode": "e81b000000", "Opcodesize": 5, "Mnemonic": "call 0x33a180", "PID": 1288, "TID": 1612, "Arguments": [ "Arg1", "IN", "HMODULE", "0x28fe50", "0x0", "Arg2", "IN", "LPCSTR", "0x28fe54", "_except_handler4_common" ], "Timesptamp": "00000001.001988", "FunctionName": "GetProcAddress", "ModuleName": "kernel32.dll", "Return": "0x0", "Status": 0 }
{ "Address": "0x33a160", "Opcode": "e81b000000", "Opcodesize": 5, "Mnemonic": "call 0x33a180", "PID": 1288, "TID": 1612, "Arguments": [ "Arg1", "IN", "HMODULE", "0x28fe50", "0x0", "Arg2", "IN", "LPCSTR", "0x28fe54", "_invoke_watson" ], "Timesptamp": "00000001.020008", "FunctionName": "GetProcAddress", "ModuleName": "kernel32.dll", "Return": "0x0", "Status": 0 }
{ "Address": "0x33a160", "Opcode": "e81b000000", "Opcodesize": 5, "Mnemonic": "call 0x33a180", "PID": 1288, "TID": 1612, "Arguments": [ "Arg1", "IN", "HMODULE", "0x28fe50", "0x0", "Arg2", "IN", "LPCSTR", "0x28fe54", "_controlfp_s" ], "Timesptamp": "00000001.038427", "FunctionName": "GetProcAddress", "ModuleName": "kernel32.dll", "Return": "0x0", "Status": 0 }
{ "Address": "0x33a160", "Opcode": "e81b000000", "Opcodesize": 5, "Mnemonic": "call 0x33a180", "PID": 1288, "TID": 1612, "Arguments": [ "Arg1", "IN", "HMODULE", "0x28fe50", "0x0", "Arg2", "IN", "LPCSTR", "0x28fe54", "_crt_debugger_hook" ], "Timesptamp": "00000001.056539", "FunctionName": "GetProcAddress", "ModuleName": "kernel32.dll", "Return": "0x0", "Status": 0 }
{ "Address": "0x33a160", "Opcode": "e81b000000", "Opcodesize": 5, "Mnemonic": "call 0x33a180", "PID": 1288, "TID": 1612, "Arguments": [ "Arg1", "IN", "HMODULE", "0x28fe50", "0x0", "Arg2", "IN", "LPCSTR", "0x28fe54", "__dllonexit" ], "Timesptamp": "00000001.070690", "FunctionName": "GetProcAddress", "ModuleName": "kernel32.dll", "Return": "0x0", "Status": 0 }
{ "Address": "0x33a160", "Opcode": "e81b000000", "Opcodesize": 5, "Mnemonic": "call 0x33a180", "PID": 1288, "TID": 1612, "Arguments": [ "Arg1", "IN", "HMODULE", "0x28fe50", "0x0", "Arg2", "IN", "LPCSTR", "0x28fe54", "_unlock" ], "Timesptamp": "00000001.088803", "FunctionName": "GetProcAddress", "ModuleName": "kernel32.dll", "Return": "0x0", "Status": 0 }
{ "Address": "0x33a160", "Opcode": "e81b000000", "Opcodesize": 5, "Mnemonic": "call 0x33a180", "PID": 1288, "TID": 1612, "Arguments": [ "Arg1", "IN", "HMODULE", "0x28fe50", "0x0", "Arg2", "IN", "LPCSTR", "0x28fe54", "?terminate@@YAXXZ" ], "Timesptamp": "00000001.106967", "FunctionName": "GetProcAddress", "ModuleName": "kernel32.dll", "Return": "0x0", "Status": 0 }
{ "Address": "0x33a160", "Opcode": "e81b000000", "Opcodesize": 5, "Mnemonic": "call 0x33a180", "PID": 1288, "TID": 1612, "Arguments": [ "Arg1", "IN", "HMODULE", "0x28fe50", "0x0", "Arg2", "IN", "LPCSTR", "0x28fe54", "__set_app_type" ], "Timesptamp": "00000001.125250", "FunctionName": "GetProcAddress", "ModuleName": "kernel32.dll", "Return": "0x0", "Status": 0 }
{ "Address": "0x33a160", "Opcode": "e81b000000", "Opcodesize": 5, "Mnemonic": "call 0x33a180", "PID": 1288, "TID": 1612, "Arguments": [ "Arg1", "IN", "HMODULE", "0x28fe50", "0x0", "Arg2", "IN", "LPCSTR", "0x28fe54", "_fmode" ], "Timesptamp": "00000001.147779", "FunctionName": "GetProcAddress", "ModuleName": "kernel32.dll", "Return": "0x0", "Status": 0 }
{ "Address": "0x33a160", "Opcode": "e81b000000", "Opcodesize": 5, "Mnemonic": "call 0x33a180", "PID": 1288, "TID": 1612, "Arguments": [ "Arg1", "IN", "HMODULE", "0x28fe50", "0x0", "Arg2", "IN", "LPCSTR", "0x28fe54", "_commode" ], "Timesptamp": "00000001.166678", "FunctionName": "GetProcAddress", "ModuleName": "kernel32.dll", "Return": "0x0", "Status": 0 }
{ "Address": "0x33a160", "Opcode": "e81b000000", "Opcodesize": 5, "Mnemonic": "call 0x33a180", "PID": 1288, "TID": 1612, "Arguments": [ "Arg1", "IN", "HMODULE", "0x28fe50", "0x0", "Arg2", "IN", "LPCSTR", "0x28fe54", "__setusermatherr" ], "Timesptamp": "00000001.184705", "FunctionName": "GetProcAddress", "ModuleName": "kernel32.dll", "Return": "0x0", "Status": 0 }
{ "Address": "0x33a160", "Opcode": "e81b000000", "Opcodesize": 5, "Mnemonic": "call 0x33a180", "PID": 1288, "TID": 1612, "Arguments": [ "Arg1", "IN", "HMODULE", "0x28fe50", "0x0", "Arg2", "IN", "LPCSTR", "0x28fe54", "_configthreadlocale" ], "Timesptamp": "00000001.202975", "FunctionName": "GetProcAddress", "ModuleName": "kernel32.dll", "Return": "0x0", "Status": 0 }
{ "Address": "0x33a160", "Opcode": "e81b000000", "Opcodesize": 5, "Mnemonic": "call 0x33a180", "PID": 1288, "TID": 1612, "Arguments": [ "Arg1", "IN", "HMODULE", "0x28fe50", "0x0", "Arg2", "IN", "LPCSTR", "0x28fe54", "_initterm_e" ], "Timesptamp": "00000001.221349", "FunctionName": "GetProcAddress", "ModuleName": "kernel32.dll", "Return": "0x0", "Status": 0 }
{ "Address": "0x33a160", "Opcode": "e81b000000", "Opcodesize": 5, "Mnemonic": "call 0x33a180", "PID": 1288, "TID": 1612, "Arguments": [ "Arg1", "IN", "HMODULE", "0x28fe50", "0x0", "Arg2", "IN", "LPCSTR", "0x28fe54", "_initterm" ], "Timesptamp": "00000001.244903", "FunctionName": "GetProcAddress", "ModuleName": "kernel32.dll", "Return": "0x0", "Status": 0 }
{ "Address": "0x33a160", "Opcode": "e81b000000", "Opcodesize": 5, "Mnemonic": "call 0x33a180", "PID": 1288, "TID": 1612, "Arguments": [ "Arg1", "IN", "HMODULE", "0x28fe50", "0x0", "Arg2", "IN", "LPCSTR", "0x28fe54", "__winitenv" ], "Timesptamp": "00000001.263025", "FunctionName": "GetProcAddress", "ModuleName": "kernel32.dll", "Return": "0x0", "Status": 0 }
{ "Address": "0x33a160", "Opcode": "e81b000000", "Opcodesize": 5, "Mnemonic": "call 0x33a180", "PID": 1288, "TID": 1612, "Arguments": [ "Arg1", "IN", "HMODULE", "0x28fe50", "0x0", "Arg2", "IN", "LPCSTR", "0x28fe54", "exit" ], "Timesptamp": "00000001.282705", "FunctionName": "GetProcAddress", "ModuleName": "kernel32.dll", "Return": "0x0", "Status": 0 }
{ "Address": "0x33a160", "Opcode": "e81b000000", "Opcodesize": 5, "Mnemonic": "call 0x33a180", "PID": 1288, "TID": 1612, "Arguments": [ "Arg1", "IN", "HMODULE", "0x28fe50", "0x0", "Arg2", "IN", "LPCSTR", "0x28fe54", "_XcptFilter" ], "Timesptamp": "00000001.300798", "FunctionName": "GetProcAddress", "ModuleName": "kernel32.dll", "Return": "0x0", "Status": 0 }
{ "Address": "0x33a160", "Opcode": "e81b000000", "Opcodesize": 5, "Mnemonic": "call 0x33a180", "PID": 1288, "TID": 1612, "Arguments": [ "Arg1", "IN", "HMODULE", "0x28fe50", "0x0", "Arg2", "IN", "LPCSTR", "0x28fe54", "_exit" ], "Timesptamp": "00000001.318782", "FunctionName": "GetProcAddress", "ModuleName": "kernel32.dll", "Return": "0x0", "Status": 0 }
{ "Address": "0x33a160", "Opcode": "e81b000000", "Opcodesize": 5, "Mnemonic": "call 0x33a180", "PID": 1288, "TID": 1612, "Arguments": [ "Arg1", "IN", "HMODULE", "0x28fe50", "0x0", "Arg2", "IN", "LPCSTR", "0x28fe54", "_cexit" ], "Timesptamp": "00000001.337061", "FunctionName": "GetProcAddress", "ModuleName": "kernel32.dll", "Return": "0x0", "Status": 0 }
{ "Address": "0x33a160", "Opcode": "e81b000000", "Opcodesize": 5, "Mnemonic": "call 0x33a180", "PID": 1288, "TID": 1612, "Arguments": [ "Arg1", "IN", "HMODULE", "0x28fe50", "0x0", "Arg2", "IN", "LPCSTR", "0x28fe54", "__wgetmainargs" ], "Timesptamp": "00000001.355011", "FunctionName": "GetProcAddress", "ModuleName": "kernel32.dll", "Return": "0x0", "Status": 0 }
{ "Address": "0x33a160", "Opcode": "e81b000000", "Opcodesize": 5, "Mnemonic": "call 0x33a180", "PID": 1288, "TID": 1612, "Arguments": [ "Arg1", "IN", "HMODULE", "0x28fe50", "0x0", "Arg2", "IN", "LPCSTR", "0x28fe54", "_amsg_exit" ], "Timesptamp": "00000001.373248", "FunctionName": "GetProcAddress", "ModuleName": "kernel32.dll", "Return": "0x0", "Status": 0 }
{ "Address": "0x33a160", "Opcode": "e81b000000", "Opcodesize": 5, "Mnemonic": "call 0x33a180", "PID": 1288, "TID": 1612, "Arguments": [ "Arg1", "IN", "HMODULE", "0x28fe50", "0x0", "Arg2", "IN", "LPCSTR", "0x28fe54", "malloc" ], "Timesptamp": "00000001.391225", "FunctionName": "GetProcAddress", "ModuleName": "kernel32.dll", "Return": "0x0", "Status": 0 }
{ "Address": "0x33a160", "Opcode": "e81b000000", "Opcodesize": 5, "Mnemonic": "call 0x33a180", "PID": 1288, "TID": 1612, "Arguments": [ "Arg1", "IN", "HMODULE", "0x28fe50", "0x0", "Arg2", "IN", "LPCSTR", "0x28fe54", "_strdup" ], "Timesptamp": "00000001.409473", "FunctionName": "GetProcAddress", "ModuleName": "kernel32.dll", "Return": "0x0", "Status": 0 }
{ "Address": "0x33a160", "Opcode": "e81b000000", "Opcodesize": 5, "Mnemonic": "call 0x33a180", "PID": 1288, "TID": 1612, "Arguments": [ "Arg1", "IN", "HMODULE", "0x28fe50", "0x0", "Arg2", "IN", "LPCSTR", "0x28fe54", "strtol" ], "Timesptamp": "00000001.427488", "FunctionName": "GetProcAddress", "ModuleName": "kernel32.dll", "Return": "0x0", "Status": 0 }
{ "Address": "0x33a160", "Opcode": "e81b000000", "Opcodesize": 5, "Mnemonic": "call 0x33a180", "PID": 1288, "TID": 1612, "Arguments": [ "Arg1", "IN", "HMODULE", "0x28fe50", "0x0", "Arg2", "IN", "LPCSTR", "0x28fe54", "wcstombs" ], "Timesptamp": "00000001.451946", "FunctionName": "GetProcAddress", "ModuleName": "kernel32.dll", "Return": "0x0", "Status": 0 }
{ "Address": "0x33a160", "Opcode": "e81b000000", "Opcodesize": 5, "Mnemonic": "call 0x33a180", "PID": 1288, "TID": 1612, "Arguments": [ "Arg1", "IN", "HMODULE", "0x28fe50", "0x0", "Arg2", "IN", "LPCSTR", "0x28fe54", "strncmp" ], "Timesptamp": "00000001.479019", "FunctionName": "GetProcAddress", "ModuleName": "kernel32.dll", "Return": "0x0", "Status": 0 }
{ "Address": "0x33a160", "Opcode": "e81b000000", "Opcodesize": 5, "Mnemonic": "call 0x33a180", "PID": 1288, "TID": 1612, "Arguments": [ "Arg1", "IN", "HMODULE", "0x28fe50", "0x0", "Arg2", "IN", "LPCSTR", "0x28fe54", "free" ], "Timesptamp": "00000001.497044", "FunctionName": "GetProcAddress", "ModuleName": "kernel32.dll", "Return": "0x0", "Status": 0 }
{ "Address": "0x33a160", "Opcode": "e81b000000", "Opcodesize": 5, "Mnemonic": "call 0x33a180", "PID": 1288, "TID": 1612, "Arguments": [ "Arg1", "IN", "HMODULE", "0x28fe50", "0x0", "Arg2", "IN", "LPCSTR", "0x28fe54", "_stricmp" ], "Timesptamp": "00000001.524959", "FunctionName": "GetProcAddress", "ModuleName": "kernel32.dll", "Return": "0x0", "Status": 0 }
{ "Address": "0x33a160", "Opcode": "e81b000000", "Opcodesize": 5, "Mnemonic": "call 0x33a180", "PID": 1288, "TID": 1612, "Arguments": [ "Arg1", "IN", "HMODULE", "0x28fe50", "0x0", "Arg2", "IN", "LPCSTR", "0x28fe54", "realloc" ], "Timesptamp": "00000001.543784", "FunctionName": "GetProcAddress", "ModuleName": "kernel32.dll", "Return": "0x0", "Status": 0 }
{ "Address": "0x33a160", "Opcode": "e81b000000", "Opcodesize": 5, "Mnemonic": "call 0x33a180", "PID": 1288, "TID": 1612, "Arguments": [ "Arg1", "IN", "HMODULE", "0x28fe50", "0x0", "Arg2", "IN", "LPCSTR", "0x28fe54", "memset" ], "Timesptamp": "00000001.563682", "FunctionName": "GetProcAddress", "ModuleName": "kernel32.dll", "Return": "0x0", "Status": 0 }
{ "Address": "0x33a160", "Opcode": "e81b000000", "Opcodesize": 5, "Mnemonic": "call 0x33a180", "PID": 1288, "TID": 1612, "Arguments": [ "Arg1", "IN", "HMODULE", "0x28fe50", "0x0", "Arg2", "IN", "LPCSTR", "0x28fe54", "memcpy" ], "Timesptamp": "00000001.582656", "FunctionName": "GetProcAddress", "ModuleName": "kernel32.dll", "Return": "0x0", "Status": 0 }
{ "Address": "0x33a160", "Opcode": "e81b000000", "Opcodesize": 5, "Mnemonic": "call 0x33a180", "PID": 1288, "TID": 1612, "Arguments": [ "Arg1", "IN", "HMODULE", "0x28fe50", "0x0", "Arg2", "IN", "LPCSTR", "0x28fe54", "_fileno" ], "Timesptamp": "00000001.600824", "FunctionName": "GetProcAddress", "ModuleName": "kernel32.dll", "Return": "0x0", "Status": 0 }
{ "Address": "0x33a160", "Opcode": "e81b000000", "Opcodesize": 5, "Mnemonic": "call 0x33a180", "PID": 1288, "TID": 1612, "Arguments": [ "Arg1", "IN", "HMODULE", "0x28fe50", "0x0", "Arg2", "IN", "LPCSTR", "0x28fe54", "_setmode" ], "Timesptamp": "00000001.623066", "FunctionName": "GetProcAddress", "ModuleName": "kernel32.dll", "Return": "0x0", "Status": 0 }
{ "Address": "0x33a160", "Opcode": "e81b000000", "Opcodesize": 5, "Mnemonic": "call 0x33a180", "PID": 1288, "TID": 1612, "Arguments": [ "Arg1", "IN", "HMODULE", "0x28fe50", "0x0", "Arg2", "IN", "LPCSTR", "0x28fe54", "setvbuf" ], "Timesptamp": "00000001.641036", "FunctionName": "GetProcAddress", "ModuleName": "kernel32.dll", "Return": "0x0", "Status": 0 }
{ "Address": "0x33a160", "Opcode": "e81b000000", "Opcodesize": 5, "Mnemonic": "call 0x33a180", "PID": 1288, "TID": 1612, "Arguments": [ "Arg1", "IN", "HMODULE", "0x28fe50", "0x0", "Arg2", "IN", "LPCSTR", "0x28fe54", "atoi" ], "Timesptamp": "00000001.663080", "FunctionName": "GetProcAddress", "ModuleName": "kernel32.dll", "Return": "0x0", "Status": 0 }
{ "Address": "0x33a160", "Opcode": "e81b000000", "Opcodesize": 5, "Mnemonic": "call 0x33a180", "PID": 1288, "TID": 1612, "Arguments": [ "Arg1", "IN", "HMODULE", "0x28fe50", "0x0", "Arg2", "IN", "LPCSTR", "0x28fe54", "getenv" ], "Timesptamp": "00000001.681175", "FunctionName": "GetProcAddress", "ModuleName": "kernel32.dll", "Return": "0x0", "Status": 0 }
{ "Address": "0x33a160", "Opcode": "e81b000000", "Opcodesize": 5, "Mnemonic": "call 0x33a180", "PID": 1288, "TID": 1612, "Arguments": [ "Arg1", "IN", "HMODULE", "0x28fe50", "0x0", "Arg2", "IN", "LPCSTR", "0x28fe54", "_snwprintf" ], "Timesptamp": "00000001.702471", "FunctionName": "GetProcAddress", "ModuleName": "kernel32.dll", "Return": "0x0", "Status": 0 }
{ "Address": "0x33a160", "Opcode": "e81b000000", "Opcodesize": 5, "Mnemonic": "call 0x33a180", "PID": 1288, "TID": 1612, "Arguments": [ "Arg1", "IN", "HMODULE", "0x28fe50", "0x0", "Arg2", "IN", "LPCSTR", "0x28fe54", "wcsncmp" ], "Timesptamp": "00000001.721658", "FunctionName": "GetProcAddress", "ModuleName": "kernel32.dll", "Return": "0x0", "Status": 0 }
{ "Address": "0x33a160", "Opcode": "e81b000000", "Opcodesize": 5, "Mnemonic": "call 0x33a180", "PID": 1288, "TID": 1612, "Arguments": [ "Arg1", "IN", "HMODULE", "0x28fe50", "0x0", "Arg2", "IN", "LPCSTR", "0x28fe54", "wcsrchr" ], "Timesptamp": "00000001.739739", "FunctionName": "GetProcAddress", "ModuleName": "kernel32.dll", "Return": "0x0", "Status": 0 }
{ "Address": "0x33a160", "Opcode": "e81b000000", "Opcodesize": 5, "Mnemonic": "call 0x33a180", "PID": 1288, "TID": 1612, "Arguments": [ "Arg1", "IN", "HMODULE", "0x28fe50", "0x0", "Arg2", "IN", "LPCSTR", "0x28fe54", "fprintf" ], "Timesptamp": "00000001.762257", "FunctionName": "GetProcAddress", "ModuleName": "kernel32.dll", "Return": "0x0", "Status": 0 }
{ "Address": "0x33a160", "Opcode": "e81b000000", "Opcodesize": 5, "Mnemonic": "call 0x33a180", "PID": 1288, "TID": 1612, "Arguments": [ "Arg1", "IN", "HMODULE", "0x28fe50", "0x0", "Arg2", "IN", "LPCSTR", "0x28fe54", "__iob_func" ], "Timesptamp": "00000001.780542", "FunctionName": "GetProcAddress", "ModuleName": "kernel32.dll", "Return": "0x0", "Status": 0 }
{ "Address": "0x33a160", "Opcode": "e81b000000", "Opcodesize": 5, "Mnemonic": "call 0x33a180", "PID": 1288, "TID": 1612, "Arguments": [ "Arg1", "IN", "HMODULE", "0x28fe50", "0x0", "Arg2", "IN", "LPCSTR", "0x28fe54", "strncpy" ], "Timesptamp": "00000001.797329", "FunctionName": "GetProcAddress", "ModuleName": "kernel32.dll", "Return": "0x0", "Status": 0 }
{ "Address": "0x33a160", "Opcode": "e81b000000", "Opcodesize": 5, "Mnemonic": "call 0x33a180", "PID": 1288, "TID": 1612, "Arguments": [ "Arg1", "IN", "HMODULE", "0x28fe50", "0x0", "Arg2", "IN", "LPCSTR", "0x28fe54", "_onexit" ], "Timesptamp": "00000001.816175", "FunctionName": "GetProcAddress", "ModuleName": "kernel32.dll", "Return": "0x0", "Status": 0 }
{ "Address": "0x33a14f", "Opcode": "e82c000000", "Opcodesize": 5, "Mnemonic": "call 0x33a180", "PID": 1288, "TID": 1612, "Arguments": [ "Arg1", "IN", "LPCTSTR", "0x28fe64", "KERNEL32.dll" ], "Timesptamp": "00000001.834237", "FunctionName": "LoadLibraryA", "ModuleName": "kernel32.dll", "Return": "0x74f10000", "Status": 0 }
{ "Address": "0x33a160", "Opcode": "e81b000000", "Opcodesize": 5, "Mnemonic": "call 0x33a180", "PID": 1288, "TID": 1612, "Arguments": [ "Arg1", "IN", "HMODULE", "0x28fe50", "0x74f10000", "Arg2", "IN", "LPCSTR", "0x28fe54", "IsDebuggerPresent" ], "Timesptamp": "00000001.856579", "FunctionName": "GetProcAddress", "ModuleName": "kernel32.dll", "Return": "0x74f24a5d", "Status": 0 }
{ "Address": "0x33a160", "Opcode": "e81b000000", "Opcodesize": 5, "Mnemonic": "call 0x33a180", "PID": 1288, "TID": 1612, "Arguments": [ "Arg1", "IN", "HMODULE", "0x28fe50", "0x74f10000", "Arg2", "IN", "LPCSTR", "0x28fe54", "UnhandledExceptionFilter" ], "Timesptamp": "00000001.874517", "FunctionName": "GetProcAddress", "ModuleName": "kernel32.dll", "Return": "0x74f4772f", "Status": 0 }
{ "Address": "0x33a160", "Opcode": "e81b000000", "Opcodesize": 5, "Mnemonic": "call 0x33a180", "PID": 1288, "TID": 1612, "Arguments": [ "Arg1", "IN", "HMODULE", "0x28fe50", "0x74f10000", "Arg2", "IN", "LPCSTR", "0x28fe54", "GetCurrentProcess" ], "Timesptamp": "00000001.913879", "FunctionName": "GetProcAddress", "ModuleName": "kernel32.dll", "Return": "0x74f21809", "Status": 0 }
{ "Address": "0x33a160", "Opcode": "e81b000000", "Opcodesize": 5, "Mnemonic": "call 0x33a180", "PID": 1288, "TID": 1612, "Arguments": [ "Arg1", "IN", "HMODULE", "0x28fe50", "0x74f10000", "Arg2", "IN", "LPCSTR", "0x28fe54", "GetSystemTimeAsFileTime" ], "Timesptamp": "00000001.935574", "FunctionName": "GetProcAddress", "ModuleName": "kernel32.dll", "Return": "0x74f23509", "Status": 0 }
{ "Address": "0x33a160", "Opcode": "e81b000000", "Opcodesize": 5, "Mnemonic": "call 0x33a180", "PID": 1288, "TID": 1612, "Arguments": [ "Arg1", "IN", "HMODULE", "0x28fe50", "0x74f10000", "Arg2", "IN", "LPCSTR", "0x28fe54", "GetCurrentProcessId" ], "Timesptamp": "00000001.958623", "FunctionName": "GetProcAddress", "ModuleName": "kernel32.dll", "Return": "0x74f211f8", "Status": 0 }
{ "Address": "0x33a160", "Opcode": "e81b000000", "Opcodesize": 5, "Mnemonic": "call 0x33a180", "PID": 1288, "TID": 1612, "Arguments": [ "Arg1", "IN", "HMODULE", "0x28fe50", "0x74f10000", "Arg2", "IN", "LPCSTR", "0x28fe54", "GetCurrentThreadId" ], "Timesptamp": "00000001.988585", "FunctionName": "GetProcAddress", "ModuleName": "kernel32.dll", "Return": "0x74f21450", "Status": 0 }
{ "Address": "0x33a160", "Opcode": "e81b000000", "Opcodesize": 5, "Mnemonic": "call 0x33a180", "PID": 1288, "TID": 1612, "Arguments": [ "Arg1", "IN", "HMODULE", "0x28fe50", "0x74f10000", "Arg2", "IN", "LPCSTR", "0x28fe54", "GetTickCount" ], "Timesptamp": "00000002.009726", "FunctionName": "GetProcAddress", "ModuleName": "kernel32.dll", "Return": "0x74f2110c", "Status": 0 }
{ "Address": "0x33a160", "Opcode": "e81b000000", "Opcodesize": 5, "Mnemonic": "call 0x33a180", "PID": 1288, "TID": 1612, "Arguments": [ "Arg1", "IN", "HMODULE", "0x28fe50", "0x74f10000", "Arg2", "IN", "LPCSTR", "0x28fe54", "QueryPerformanceCounter" ], "Timesptamp": "00000002.028371", "FunctionName": "GetProcAddress", "ModuleName": "kernel32.dll", "Return": "0x74f21725", "Status": 0 }
{ "Address": "0x33a160", "Opcode": "e81b000000", "Opcodesize": 5, "Mnemonic": "call 0x33a180", "PID": 1288, "TID": 1612, "Arguments": [ "Arg1", "IN", "HMODULE", "0x28fe50", "0x74f10000", "Arg2", "IN", "LPCSTR", "0x28fe54", "DecodePointer" ], "Timesptamp": "00000002.049376", "FunctionName": "GetProcAddress", "ModuleName": "kernel32.dll", "Return": "0x77079d35", "Status": 0 }
{ "Address": "0x33a160", "Opcode": "e81b000000", "Opcodesize": 5, "Mnemonic": "call 0x33a180", "PID": 1288, "TID": 1612, "Arguments": [ "Arg1", "IN", "HMODULE", "0x28fe50", "0x74f10000", "Arg2", "IN", "LPCSTR", "0x28fe54", "SetUnhandledExceptionFilter" ], "Timesptamp": "00000002.068545", "FunctionName": "GetProcAddress", "ModuleName": "kernel32.dll", "Return": "0x74f287c9", "Status": 0 }
{ "Address": "0x33a160", "Opcode": "e81b000000", "Opcodesize": 5, "Mnemonic": "call 0x33a180", "PID": 1288, "TID": 1612, "Arguments": [ "Arg1", "IN", "HMODULE", "0x28fe50", "0x74f10000", "Arg2", "IN", "LPCSTR", "0x28fe54", "EncodePointer" ], "Timesptamp": "00000002.089679", "FunctionName": "GetProcAddress", "ModuleName": "kernel32.dll", "Return": "0x77080fcb", "Status": 0 }
{ "Address": "0x33a160", "Opcode": "e81b000000", "Opcodesize": 5, "Mnemonic": "call 0x33a180", "PID": 1288, "TID": 1612, "Arguments": [ "Arg1", "IN", "HMODULE", "0x28fe50", "0x74f10000", "Arg2", "IN", "LPCSTR", "0x28fe54", "HeapSetInformation" ], "Timesptamp": "00000002.108575", "FunctionName": "GetProcAddress", "ModuleName": "kernel32.dll", "Return": "0x74f25651", "Status": 0 }
{ "Address": "0x33a160", "Opcode": "e81b000000", "Opcodesize": 5, "Mnemonic": "call 0x33a180", "PID": 1288, "TID": 1612, "Arguments": [ "Arg1", "IN", "HMODULE", "0x28fe50", "0x74f10000", "Arg2", "IN", "LPCSTR", "0x28fe54", "InterlockedCompareExchange" ], "Timesptamp": "00000002.126903", "FunctionName": "GetProcAddress", "ModuleName": "kernel32.dll", "Return": "0x74f21484", "Status": 0 }
{ "Address": "0x33a160", "Opcode": "e81b000000", "Opcodesize": 5, "Mnemonic": "call 0x33a180", "PID": 1288, "TID": 1612, "Arguments": [ "Arg1", "IN", "HMODULE", "0x28fe50", "0x74f10000", "Arg2", "IN", "LPCSTR", "0x28fe54", "Sleep" ], "Timesptamp": "00000002.151874", "FunctionName": "GetProcAddress", "ModuleName": "kernel32.dll", "Return": "0x74f210ff", "Status": 0 }
{ "Address": "0x33a160", "Opcode": "e81b000000", "Opcodesize": 5, "Mnemonic": "call 0x33a180", "PID": 1288, "TID": 1612, "Arguments": [ "Arg1", "IN", "HMODULE", "0x28fe50", "0x74f10000", "Arg2", "IN", "LPCSTR", "0x28fe54", "InterlockedExchange" ], "Timesptamp": "00000002.176192", "FunctionName": "GetProcAddress", "ModuleName": "kernel32.dll", "Return": "0x74f21462", "Status": 0 }
{ "Address": "0x33a160", "Opcode": "e81b000000", "Opcodesize": 5, "Mnemonic": "call 0x33a180", "PID": 1288, "TID": 1612, "Arguments": [ "Arg1", "IN", "HMODULE", "0x28fe50", "0x74f10000", "Arg2", "IN", "LPCSTR", "0x28fe54", "OutputDebugStringA" ], "Timesptamp": "00000002.198196", "FunctionName": "GetProcAddress", "ModuleName": "kernel32.dll", "Return": "0x74f4b2b7", "Status": 0 }
{ "Address": "0x33a160", "Opcode": "e81b000000", "Opcodesize": 5, "Mnemonic": "call 0x33a180", "PID": 1288, "TID": 1612, "Arguments": [ "Arg1", "IN", "HMODULE", "0x28fe50", "0x74f10000", "Arg2", "IN", "LPCSTR", "0x28fe54", "GetModuleHandleW" ], "Timesptamp": "00000002.216542", "FunctionName": "GetProcAddress", "ModuleName": "kernel32.dll", "Return": "0x74f234b0", "Status": 0 }
{ "Address": "0x33a160", "Opcode": "e81b000000", "Opcodesize": 5, "Mnemonic": "call 0x33a180", "PID": 1288, "TID": 1612, "Arguments": [ "Arg1", "IN", "HMODULE", "0x28fe50", "0x74f10000", "Arg2", "IN", "LPCSTR", "0x28fe54", "SetDllDirectoryW" ], "Timesptamp": "00000002.238265", "FunctionName": "GetProcAddress", "ModuleName": "kernel32.dll", "Return": "0x74fa004f", "Status": 0 }
{ "Address": "0x33a160", "Opcode": "e81b000000", "Opcodesize": 5, "Mnemonic": "call 0x33a180", "PID": 1288, "TID": 1612, "Arguments": [ "Arg1", "IN", "HMODULE", "0x28fe50", "0x74f10000", "Arg2", "IN", "LPCSTR", "0x28fe54", "SetDllDirectoryA" ], "Timesptamp": "00000002.256477", "FunctionName": "GetProcAddress", "ModuleName": "kernel32.dll", "Return": "0x74fa00f7", "Status": 0 }
{ "Address": "0x33a160", "Opcode": "e81b000000", "Opcodesize": 5, "Mnemonic": "call 0x33a180", "PID": 1288, "TID": 1612, "Arguments": [ "Arg1", "IN", "HMODULE", "0x28fe50", "0x74f10000", "Arg2", "IN", "LPCSTR", "0x28fe54", "GetModuleHandleA" ], "Timesptamp": "00000002.276097", "FunctionName": "GetProcAddress", "ModuleName": "kernel32.dll", "Return": "0x74f21245", "Status": 0 }
{ "Address": "0x33a160", "Opcode": "e81b000000", "Opcodesize": 5, "Mnemonic": "call 0x33a180", "PID": 1288, "TID": 1612, "Arguments": [ "Arg1", "IN", "HMODULE", "0x28fe50", "0x74f10000", "Arg2", "IN", "LPCSTR", "0x28fe54", "HeapAlloc" ], "Timesptamp": "00000002.295474", "FunctionName": "GetProcAddress", "ModuleName": "kernel32.dll", "Return": "0x7706e026", "Status": 0 }
{ "Address": "0x33a160", "Opcode": "e81b000000", "Opcodesize": 5, "Mnemonic": "call 0x33a180", "PID": 1288, "TID": 1612, "Arguments": [ "Arg1", "IN", "HMODULE", "0x28fe50", "0x74f10000", "Arg2", "IN", "LPCSTR", "0x28fe54", "GetThreadLocale" ], "Timesptamp": "00000002.313621", "FunctionName": "GetProcAddress", "ModuleName": "kernel32.dll", "Return": "0x74f235cf", "Status": 0 }
{ "Address": "0x33a160", "Opcode": "e81b000000", "Opcodesize": 5, "Mnemonic": "call 0x33a180", "PID": 1288, "TID": 1612, "Arguments": [ "Arg1", "IN", "HMODULE", "0x28fe50", "0x74f10000", "Arg2", "IN", "LPCSTR", "0x28fe54", "lstrlenA" ], "Timesptamp": "00000002.335691", "FunctionName": "GetProcAddress", "ModuleName": "kernel32.dll", "Return": "0x74f25a4b", "Status": 0 }
{ "Address": "0x33a160", "Opcode": "e81b000000", "Opcodesize": 5, "Mnemonic": "call 0x33a180", "PID": 1288, "TID": 1612, "Arguments": [ "Arg1", "IN", "HMODULE", "0x28fe50", "0x74f10000", "Arg2", "IN", "LPCSTR", "0x28fe54", "GetProcessHeap" ], "Timesptamp": "00000002.353778", "FunctionName": "GetProcAddress", "ModuleName": "kernel32.dll", "Return": "0x74f214e9", "Status": 0 }
{ "Address": "0x33a160", "Opcode": "e81b000000", "Opcodesize": 5, "Mnemonic": "call 0x33a180", "PID": 1288, "TID": 1612, "Arguments": [ "Arg1", "IN", "HMODULE", "0x28fe50", "0x74f10000", "Arg2", "IN", "LPCSTR", "0x28fe54", "HeapFree" ], "Timesptamp": "00000002.375276", "FunctionName": "GetProcAddress", "ModuleName": "kernel32.dll", "Return": "0x74f214c9", "Status": 0 }
{ "Address": "0x33a160", "Opcode": "e81b000000", "Opcodesize": 5, "Mnemonic": "call 0x33a180", "PID": 1288, "TID": 1612, "Arguments": [ "Arg1", "IN", "HMODULE", "0x28fe50", "0x74f10000", "Arg2", "IN", "LPCSTR", "0x28fe54", "GetProcAddress" ], "Timesptamp": "00000002.394278", "FunctionName": "GetProcAddress", "ModuleName": "kernel32.dll", "Return": "0x74f21222", "Status": 0 }
{ "Address": "0x33a160", "Opcode": "e81b000000", "Opcodesize": 5, "Mnemonic": "call 0x33a180", "PID": 1288, "TID": 1612, "Arguments": [ "Arg1", "IN", "HMODULE", "0x28fe50", "0x74f10000", "Arg2", "IN", "LPCSTR", "0x28fe54", "IsBadReadPtr" ], "Timesptamp": "00000002.415150", "FunctionName": "GetProcAddress", "ModuleName": "kernel32.dll", "Return": "0x74f4d075", "Status": 0 }
{ "Address": "0x33a160", "Opcode": "e81b000000", "Opcodesize": 5, "Mnemonic": "call 0x33a180", "PID": 1288, "TID": 1612, "Arguments": [ "Arg1", "IN", "HMODULE", "0x28fe50", "0x74f10000", "Arg2", "IN", "LPCSTR", "0x28fe54", "SetLastError" ], "Timesptamp": "00000002.438002", "FunctionName": "GetProcAddress", "ModuleName": "kernel32.dll", "Return": "0x74f211a9", "Status": 0 }
{ "Address": "0x33a160", "Opcode": "e81b000000", "Opcodesize": 5, "Mnemonic": "call 0x33a180", "PID": 1288, "TID": 1612, "Arguments": [ "Arg1", "IN", "HMODULE", "0x28fe50", "0x74f10000", "Arg2", "IN", "LPCSTR", "0x28fe54", "VirtualFree" ], "Timesptamp": "00000002.456387", "FunctionName": "GetProcAddress", "ModuleName": "kernel32.dll", "Return": "0x74f2186e", "Status": 0 }
{ "Address": "0x33a160", "Opcode": "e81b000000", "Opcodesize": 5, "Mnemonic": "call 0x33a180", "PID": 1288, "TID": 1612, "Arguments": [ "Arg1", "IN", "HMODULE", "0x28fe50", "0x74f10000", "Arg2", "IN", "LPCSTR", "0x28fe54", "VirtualProtect" ], "Timesptamp": "00000002.478685", "FunctionName": "GetProcAddress", "ModuleName": "kernel32.dll", "Return": "0x74f2435f", "Status": 0 }
{ "Address": "0x33a160", "Opcode": "e81b000000", "Opcodesize": 5, "Mnemonic": "call 0x33a180", "PID": 1288, "TID": 1612, "Arguments": [ "Arg1", "IN", "HMODULE", "0x28fe50", "0x74f10000", "Arg2", "IN", "LPCSTR", "0x28fe54", "VirtualAlloc" ], "Timesptamp": "00000002.497092", "FunctionName": "GetProcAddress", "ModuleName": "kernel32.dll", "Return": "0x74f21856", "Status": 0 }
{ "Address": "0x33a160", "Opcode": "e81b000000", "Opcodesize": 5, "Mnemonic": "call 0x33a180", "PID": 1288, "TID": 1612, "Arguments": [ "Arg1", "IN", "HMODULE", "0x28fe50", "0x74f10000", "Arg2", "IN", "LPCSTR", "0x28fe54", "LoadLibraryExW" ], "Timesptamp": "00000002.518372", "FunctionName": "GetProcAddress", "ModuleName": "kernel32.dll", "Return": "0x74f2495d", "Status": 0 }
{ "Address": "0x33a160", "Opcode": "e81b000000", "Opcodesize": 5, "Mnemonic": "call 0x33a180", "PID": 1288, "TID": 1612, "Arguments": [ "Arg1", "IN", "HMODULE", "0x28fe50", "0x74f10000", "Arg2", "IN", "LPCSTR", "0x28fe54", "SizeofResource" ], "Timesptamp": "00000002.537380", "FunctionName": "GetProcAddress", "ModuleName": "kernel32.dll", "Return": "0x74f25ac9", "Status": 0 }
{ "Address": "0x33a160", "Opcode": "e81b000000", "Opcodesize": 5, "Mnemonic": "call 0x33a180", "PID": 1288, "TID": 1612, "Arguments": [ "Arg1", "IN", "HMODULE", "0x28fe50", "0x74f10000", "Arg2", "IN", "LPCSTR", "0x28fe54", "FreeLibrary" ], "Timesptamp": "00000002.557788", "FunctionName": "GetProcAddress", "ModuleName": "kernel32.dll", "Return": "0x74f234c8", "Status": 0 }
{ "Address": "0x33a160", "Opcode": "e81b000000", "Opcodesize": 5, "Mnemonic": "call 0x33a180", "PID": 1288, "TID": 1612, "Arguments": [ "Arg1", "IN", "HMODULE", "0x28fe50", "0x74f10000", "Arg2", "IN", "LPCSTR", "0x28fe54", "LoadLibraryA" ], "Timesptamp": "00000002.576775", "FunctionName": "GetProcAddress", "ModuleName": "kernel32.dll", "Return": "0x74f249d7", "Status": 0 }
{ "Address": "0x33a160", "Opcode": "e81b000000", "Opcodesize": 5, "Mnemonic": "call 0x33a180", "PID": 1288, "TID": 1612, "Arguments": [ "Arg1", "IN", "HMODULE", "0x28fe50", "0x74f10000", "Arg2", "IN", "LPCSTR", "0x28fe54", "FindResourceA" ], "Timesptamp": "00000002.595098", "FunctionName": "GetProcAddress", "ModuleName": "kernel32.dll", "Return": "0x74f3e9bb", "Status": 0 }
{ "Address": "0x33a160", "Opcode": "e81b000000", "Opcodesize": 5, "Mnemonic": "call 0x33a180", "PID": 1288, "TID": 1612, "Arguments": [ "Arg1", "IN", "HMODULE", "0x28fe50", "0x74f10000", "Arg2", "IN", "LPCSTR", "0x28fe54", "LoadResource" ], "Timesptamp": "00000002.620202", "FunctionName": "GetProcAddress", "ModuleName": "kernel32.dll", "Return": "0x74f2594c", "Status": 0 }
{ "Address": "0x33a160", "Opcode": "e81b000000", "Opcodesize": 5, "Mnemonic": "call 0x33a180", "PID": 1288, "TID": 1612, "Arguments": [ "Arg1", "IN", "HMODULE", "0x28fe50", "0x74f10000", "Arg2", "IN", "LPCSTR", "0x28fe54", "LockResource" ], "Timesptamp": "00000002.638363", "FunctionName": "GetProcAddress", "ModuleName": "kernel32.dll", "Return": "0x74f25959", "Status": 0 }
{ "Address": "0x33a160", "Opcode": "e81b000000", "Opcodesize": 5, "Mnemonic": "call 0x33a180", "PID": 1288, "TID": 1612, "Arguments": [ "Arg1", "IN", "HMODULE", "0x28fe50", "0x74f10000", "Arg2", "IN", "LPCSTR", "0x28fe54", "GetModuleFileNameW" ], "Timesptamp": "00000002.656880", "FunctionName": "GetProcAddress", "ModuleName": "kernel32.dll", "Return": "0x74f24950", "Status": 0 }
{ "Address": "0x33a160", "Opcode": "e81b000000", "Opcodesize": 5, "Mnemonic": "call 0x33a180", "PID": 1288, "TID": 1612, "Arguments": [ "Arg1", "IN", "HMODULE", "0x28fe50", "0x74f10000", "Arg2", "IN", "LPCSTR", "0x28fe54", "GetLastError" ], "Timesptamp": "00000002.674950", "FunctionName": "GetProcAddress", "ModuleName": "kernel32.dll", "Return": "0x74f211c0", "Status": 0 }
{ "Address": "0x33a160", "Opcode": "e81b000000", "Opcodesize": 5, "Mnemonic": "call 0x33a180", "PID": 1288, "TID": 1612, "Arguments": [ "Arg1", "IN", "HMODULE", "0x28fe50", "0x74f10000", "Arg2", "IN", "LPCSTR", "0x28fe54", "FormatMessageA" ], "Timesptamp": "00000002.693529", "FunctionName": "GetProcAddress", "ModuleName": "kernel32.dll", "Return": "0x74f45fbd", "Status": 0 }
{ "Address": "0x33a160", "Opcode": "e81b000000", "Opcodesize": 5, "Mnemonic": "call 0x33a180", "PID": 1288, "TID": 1612, "Arguments": [ "Arg1", "IN", "HMODULE", "0x28fe50", "0x74f10000", "Arg2", "IN", "LPCSTR", "0x28fe54", "LocalFree" ], "Timesptamp": "00000002.711773", "FunctionName": "GetProcAddress", "ModuleName": "kernel32.dll", "Return": "0x74f22d3c", "Status": 0 }
{ "Address": "0x33a160", "Opcode": "e81b000000", "Opcodesize": 5, "Mnemonic": "call 0x33a180", "PID": 1288, "TID": 1612, "Arguments": [ "Arg1", "IN", "HMODULE", "0x28fe50", "0x74f10000", "Arg2", "IN", "LPCSTR", "0x28fe54", "TerminateProcess" ], "Timesptamp": "00000002.729975", "FunctionName": "GetProcAddress", "ModuleName": "kernel32.dll", "Return": "0x74f3d802", "Status": 0 }
{ "Address": "0x7efa3a30", "Opcode": "ff150c40fa7e", "Opcodesize": 6, "Mnemonic": "call dword ptr [0x7efa400c]", "PID": 1288, "TID": 1612, "Arguments": [ "Arg1", "OUT", "LPFILETIME", "0x28fe58", "0x28fe70" ], "Timesptamp": "00000002.749513", "FunctionName": "GetSystemTimeAsFileTime", "ModuleName": "kernel32.dll", "Return": "0x1daddab", "Output1": { "field1": [ "0x28fe70", "0xcc965000" ], "field2": [ "0x28fe74", "0x1daddab" ] }, "Status": 0 }
{ "Address": "0x7efa3a3c", "Opcode": "ff151040fa7e", "Opcodesize": 6, "Mnemonic": "call dword ptr [0x7efa4010]", "PID": 1288, "TID": 1612, "Arguments": [ ], "Timesptamp": "00000002.767707", "FunctionName": "GetCurrentProcessId", "ModuleName": "kernel32.dll", "Return": "0x508", "Status": 0 }
{ "Address": "0x7efa3a44", "Opcode": "ff151440fa7e", "Opcodesize": 6, "Mnemonic": "call dword ptr [0x7efa4014]", "PID": 1288, "TID": 1612, "Arguments": [ ], "Timesptamp": "00000002.785971", "FunctionName": "GetCurrentThreadId", "ModuleName": "kernel32.dll", "Return": "0x64c", "Status": 0 }
{ "Address": "0x7efa3a4c", "Opcode": "ff151840fa7e", "Opcodesize": 6, "Mnemonic": "call dword ptr [0x7efa4018]", "PID": 1288, "TID": 1612, "Arguments": [ ], "Timesptamp": "00000002.804345", "FunctionName": "GetTickCount", "ModuleName": "kernel32.dll", "Return": "0x529be", "Status": 0 }
{ "Address": "0x7efa3a58", "Opcode": "ff151c40fa7e", "Opcodesize": 6, "Mnemonic": "call dword ptr [0x7efa401c]", "PID": 1288, "TID": 1612, "Arguments": [ "Arg1", "OUT", "LARGE_INTEGER*", "0x28fe58", "0x28fe68" ], "Timesptamp": "00000002.818121", "FunctionName": "QueryPerformanceCounter", "ModuleName": "kernel32.dll", "Return": "TRUE", "Output1": { "field1": [ "0x28fe68", "0xfb3b41fd" ], "field2": [ "0x28fe6c", "0x5" ], "field3": [ "0x28fe70", "0x1daddabcc965000" ] }, "Status": 0 }
{ "Address": "0x7efa3452", "Opcode": "ff152c40fa7e", "Opcodesize": 6, "Mnemonic": "call dword ptr [0x7efa402c]", "PID": 1288, "TID": 1612, "Arguments": [ "Arg1", "IN", "HANDLE", "0x28fe3c", "0x0", "Arg2", "IN", "HEAP_INFORMATION_CLASS", "0x28fe40", "0x1", "Arg3", "IN", "PVOID", "0x28fe44", "0x0", "Arg4", "IN", "SIZE_T", "0x28fe48", "0x0" ], "Timesptamp": "00000002.836484", "FunctionName": "HeapSetInformation", "ModuleName": "kernel32.dll", "Return": "TRUE", "Status": 0 }
{ "Address": "0x7efa346f", "Opcode": "ff153040fa7e", "Opcodesize": 6, "Mnemonic": "call dword ptr [0x7efa4030]", "PID": 1288, "TID": 1612, "Functionname": "InterlockedCompareExchange", "Dllname": "kernel32.dll", "Status": 1 }
