{ "Address": "0x40178f", "Opcode": "ff1524614000", "Opcodesize": 6, "Mnemonic": "call dword ptr [0x406124]", "PID": 1604, "TID": 1828, "Arguments": [ "Arg1", "OUT", "LPFILETIME", "0x28ff40", "0x28ff50" ], "Timesptamp": "00000000.322149", "FunctionName": "GetSystemTimeAsFileTime", "ModuleName": "kernel32.dll", "Return": "0x1daddab", "Output1": { "field1": [ "0x28ff50", "0xcae2b460" ], "field2": [ "0x28ff54", "0x1daddab" ] }, "Status": 0 }
{ "Address": "0x4017a0", "Opcode": "ff150c614000", "Opcodesize": 6, "Mnemonic": "call dword ptr [0x40610c]", "PID": 1604, "TID": 1828, "Arguments": [ ], "Timesptamp": "00000000.334310", "FunctionName": "GetCurrentProcessId", "ModuleName": "kernel32.dll", "Return": "0x644", "Status": 0 }
{ "Address": "0x4017a8", "Opcode": "ff1510614000", "Opcodesize": 6, "Mnemonic": "call dword ptr [0x406110]", "PID": 1604, "TID": 1828, "Arguments": [ ], "Timesptamp": "00000000.346624", "FunctionName": "GetCurrentThreadId", "ModuleName": "kernel32.dll", "Return": "0x724", "Status": 0 }
{ "Address": "0x4017b0", "Opcode": "ff1528614000", "Opcodesize": 6, "Mnemonic": "call dword ptr [0x406128]", "PID": 1604, "TID": 1828, "Arguments": [ ], "Timesptamp": "00000000.358670", "FunctionName": "GetTickCount", "ModuleName": "kernel32.dll", "Return": "0x51e87", "Status": 0 }
{ "Address": "0x4017bf", "Opcode": "ff1538614000", "Opcodesize": 6, "Mnemonic": "call dword ptr [0x406138]", "PID": 1604, "TID": 1828, "Arguments": [ "Arg1", "OUT", "LARGE_INTEGER*", "0x28ff40", "0x28ff58" ], "Timesptamp": "00000000.370964", "FunctionName": "QueryPerformanceCounter", "ModuleName": "kernel32.dll", "Return": "TRUE", "Output1": { "field1": [ "0x28ff58", "0xf084ce77" ], "field2": [ "0x28ff5c", "0x5" ], "field3": [ "0x28ff60", "0x0" ] }, "Status": 0 }
{ "Address": "0x401433", "Opcode": "ff1520614000", "Opcodesize": 6, "Mnemonic": "call dword ptr [0x406120]", "PID": 1604, "TID": 1828, "Arguments": [ "Arg1", "OUT", "LPSTARTUPINFOA", "0x28fef0", "0x28ff1c" ], "Timesptamp": "00000000.382910", "FunctionName": "GetStartupInfoA", "ModuleName": "kernel32.dll", "Return": "0x28ff1c", "Output1": { "field1": [ "0x28ff1c", "0x44" ], "field2": [ "0x28ff20", "" ], "field3": [ "0x28ff24", "winsta0\\default" ], "field4": [ "0x28ff28", "C:\\Users\\lhs\\Exec\\amber_find.exe" ], "field5": [ "0x28ff2c", "0x0" ], "field6": [ "0x28ff30", "0x0" ], "field7": [ "0x28ff34", "0x0" ], "field8": [ "0x28ff38", "0x0" ], "field9": [ "0x28ff3c", "0x0" ], "field10": [ "0x28ff40", "0x0" ], "field11": [ "0x28ff44", "0x0" ], "field12": [ "0x28ff48", "0x1" ], "field13": [ "0x28ff4c", "0x7" ], "field14": [ "0x28ff4e", "0x0" ], "field15": [ "0x28ff50", "0x0" ], "field16": [ "0x28ff51", "0xff000000" ], "field17": [ "0x28ff55", "0xffffffff" ], "field18": [ "0x28ff59", "0xffffffff" ] }, "Status": 0 }
{ "Address": "0x401479", "Opcode": "e896120000", "Opcodesize": 5, "Mnemonic": "call 0x402714", "PID": 1604, "TID": 1828, "Functionname": "_initterm", "Dllname": "msvcrt.dll", "Status": 1 }
{ "Address": "0x40107a", "Opcode": "e8bd160000", "Opcodesize": 5, "Mnemonic": "call 0x40273c", "PID": 1604, "TID": 1828, "Arguments": [ ], "Timesptamp": "00000000.421002", "FunctionName": "__p__fmode", "ModuleName": "msvcrt.dll", "Return": "0x762331f4", "Status": 0 }
{ "Address": "0x401404", "Opcode": "e80b130000", "Opcodesize": 5, "Mnemonic": "call 0x402714", "PID": 1604, "TID": 1828, "Functionname": "_initterm", "Dllname": "msvcrt.dll", "Status": 1 }
{ "Address": "0x401155", "Opcode": "e8f2150000", "Opcodesize": 5, "Mnemonic": "call 0x40274c", "PID": 1604, "TID": 1828, "Functionname": "__getmainargs", "Dllname": "msvcrt.dll", "Status": 1 }
{ "Address": "0x401238", "Opcode": "ff153c614000", "Opcodesize": 6, "Mnemonic": "call dword ptr [0x40613c]", "PID": 1604, "TID": 1828, "Arguments": [ "Arg1", "IN", "DWORD", "0x28fef0", "0x401ec0" ], "Timesptamp": "00000000.500366", "FunctionName": "SetUnhandledExceptionFilter", "ModuleName": "kernel32.dll", "Return": "0x0", "Status": 0 }
{ "Address": "0x401261", "Opcode": "e8de140000", "Opcodesize": 5, "Mnemonic": "call 0x402744", "PID": 1604, "TID": 1828, "Functionname": "__p__acmdln", "Dllname": "msvcrt.dll", "Status": 1 }
{ "Address": "0x4012eb", "Opcode": "e8e4130000", "Opcodesize": 5, "Mnemonic": "call 0x4026d4", "PID": 1604, "TID": 1828, "Arguments": [ "Arg1", "IN", "SIZE_T", "0x28fef0", "0x8" ], "Timesptamp": "00000000.536025", "FunctionName": "malloc", "ModuleName": "msvcrt.dll", "Return": "0x30f90", "Status": 0 }
{ "Address": "0x40131b", "Opcode": "e89c130000", "Opcodesize": 5, "Mnemonic": "call 0x4026bc", "PID": 1604, "TID": 1828, "Arguments": [ "Arg1", "IN", "CHAR*", "0x28fef0", "\\Users\\lhs\\Exec\\amber_find.exe" ], "Timesptamp": "00000000.547887", "FunctionName": "strlen", "ModuleName": "msvcrt.dll", "Return": "0x1e", "Status": 0 }
{ "Address": "0x401326", "Opcode": "e8a9130000", "Opcodesize": 5, "Mnemonic": "call 0x4026d4", "PID": 1604, "TID": 1828, "Arguments": [ "Arg1", "IN", "SIZE_T", "0x28fef0", "0x1f" ], "Timesptamp": "00000000.562730", "FunctionName": "malloc", "ModuleName": "msvcrt.dll", "Return": "0x30fa0", "Status": 0 }
{ "Address": "0x40133c", "Opcode": "e88b130000", "Opcodesize": 5, "Mnemonic": "call 0x4026cc", "PID": 1604, "TID": 1828, "Arguments": [ "Arg1", "IN", "VOID*", "0x28fef0", "0x30fa0", "Arg2", "IN", "ARRAY0", "0x28fef4", "ARRAY_0x1f", "Arg3", "IN", "SIZE_T", "0x28fef8", "0x1f" ], "Timesptamp": "00000000.574858", "FunctionName": "memcpy", "ModuleName": "msvcrt.dll", "Return": "0x30fa0", "Status": 0 }
{ "Address": "0x4014ea", "Opcode": "e81d120000", "Opcodesize": 5, "Mnemonic": "call 0x40270c", "PID": 1604, "TID": 1828, "Functionname": "_onexit", "Dllname": "msvcrt.dll", "Status": 1 }
{ "Address": "0x4014ea", "Opcode": "e81d120000", "Opcodesize": 5, "Mnemonic": "call 0x40270c", "PID": 1604, "TID": 1828, "Functionname": "_onexit", "Dllname": "msvcrt.dll", "Status": 1 }
{ "Address": "0x401552", "Opcode": "ffd0", "Opcodesize": 2, "Mnemonic": "call eax", "PID": 1604, "TID": 1828, "Arguments": [ "Arg1", "IN", "LPCTSTR", "0x28fe90", "USER32.dll" ], "Timesptamp": "00000000.613207", "FunctionName": "LoadLibraryA", "ModuleName": "kernel32.dll", "Return": "0x74d30000", "Status": 0 }
{ "Address": "0x40156d", "Opcode": "ffd0", "Opcodesize": 2, "Mnemonic": "call eax", "PID": 1604, "TID": 1828, "Arguments": [ "Arg1", "IN", "HMODULE", "0x28fe90", "0x74d30000", "Arg2", "IN", "LPCSTR", "0x28fe94", "VirtualAlloc" ], "Timesptamp": "00000000.693175", "FunctionName": "GetProcAddress", "ModuleName": "kernel32.dll", "Return": "0x0", "Status": 0 }
{ "Address": "0x40157e", "Opcode": "ffd0", "Opcodesize": 2, "Mnemonic": "call eax", "PID": 1604, "TID": 1828, "Arguments": [ "Arg1", "IN", "LPCTSTR", "0x28fe90", "\"\"" ], "Timesptamp": "00000000.709165", "FunctionName": "GetModuleHandleA", "ModuleName": "kernel32.dll", "Return": "0x400000", "Status": 0 }
{ "Address": "0x40162d", "Opcode": "ffd0", "Opcodesize": 2, "Mnemonic": "call eax", "PID": 1604, "TID": 1828, "Arguments": [ "Arg1", "IN", "LPVOID", "0x28fe90", "0x0", "Arg2", "IN", "SIZE_T", "0x28fe94", "0x7400", "Arg3", "IN", "DWORD", "0x28fe98", "0x1000", "Arg4", "IN", "DWORD", "0x28fe9c", "0x40" ], "Timesptamp": "00000000.724806", "FunctionName": "VirtualAlloc", "ModuleName": "kernel32.dll", "Return": "0x340000", "Status": 0 }
{ "Address": "0x401657", "Opcode": "e870100000", "Opcodesize": 5, "Mnemonic": "call 0x4026cc", "PID": 1604, "TID": 1828, "Arguments": [ "Arg1", "IN", "VOID*", "0x28fe90", "0x340000", "Arg2", "IN", "ARRAY0", "0x28fe94", "ARRAY_0x7400", "Arg3", "IN", "SIZE_T", "0x28fe98", "0x7400" ], "Timesptamp": "00000000.740276", "FunctionName": "memcpy", "ModuleName": "msvcrt.dll", "Return": "0x340000", "Status": 0 }
{ "Address": "0x34705c", "Opcode": "e81e010000", "Opcodesize": 5, "Mnemonic": "call 0x34717f", "PID": 1604, "TID": 1828, "Arguments": [ "Arg1", "IN", "LPVOID", "0x28fe74", "0x0", "Arg2", "IN", "SIZE_T", "0x28fe78", "0x7007", "Arg3", "IN", "DWORD", "0x28fe7c", "0x103000", "Arg4", "IN", "DWORD", "0x28fe80", "0x40" ], "Timesptamp": "00000000.758165", "FunctionName": "VirtualAlloc", "ModuleName": "kernel32.dll", "Return": "0x7efa0000", "Status": 0 }
{ "Address": "0x34714e", "Opcode": "e82c000000", "Opcodesize": 5, "Mnemonic": "call 0x34717f", "PID": 1604, "TID": 1828, "Arguments": [ "Arg1", "IN", "LPCTSTR", "0x28fe6c", "KERNEL32.dll" ], "Timesptamp": "00000000.773855", "FunctionName": "LoadLibraryA", "ModuleName": "kernel32.dll", "Return": "0x74f10000", "Status": 0 }
{ "Address": "0x34715f", "Opcode": "e81b000000", "Opcodesize": 5, "Mnemonic": "call 0x34717f", "PID": 1604, "TID": 1828, "Arguments": [ "Arg1", "IN", "HMODULE", "0x28fe58", "0x74f10000", "Arg2", "IN", "LPCSTR", "0x28fe5c", "CompareStringW" ], "Timesptamp": "00000000.791314", "FunctionName": "GetProcAddress", "ModuleName": "kernel32.dll", "Return": "0x74f23bca", "Status": 0 }
{ "Address": "0x34715f", "Opcode": "e81b000000", "Opcodesize": 5, "Mnemonic": "call 0x34717f", "PID": 1604, "TID": 1828, "Arguments": [ "Arg1", "IN", "HMODULE", "0x28fe58", "0x74f10000", "Arg2", "IN", "LPCSTR", "0x28fe5c", "HeapSetInformation" ], "Timesptamp": "00000000.806744", "FunctionName": "GetProcAddress", "ModuleName": "kernel32.dll", "Return": "0x74f25651", "Status": 0 }
{ "Address": "0x34715f", "Opcode": "e81b000000", "Opcodesize": 5, "Mnemonic": "call 0x34717f", "PID": 1604, "TID": 1828, "Arguments": [ "Arg1", "IN", "HMODULE", "0x28fe58", "0x74f10000", "Arg2", "IN", "LPCSTR", "0x28fe5c", "GetCurrentProcess" ], "Timesptamp": "00000000.822302", "FunctionName": "GetProcAddress", "ModuleName": "kernel32.dll", "Return": "0x74f21809", "Status": 0 }
{ "Address": "0x34715f", "Opcode": "e81b000000", "Opcodesize": 5, "Mnemonic": "call 0x34717f", "PID": 1604, "TID": 1828, "Arguments": [ "Arg1", "IN", "HMODULE", "0x28fe58", "0x74f10000", "Arg2", "IN", "LPCSTR", "0x28fe5c", "TerminateProcess" ], "Timesptamp": "00000000.837787", "FunctionName": "GetProcAddress", "ModuleName": "kernel32.dll", "Return": "0x74f3d802", "Status": 0 }
{ "Address": "0x34715f", "Opcode": "e81b000000", "Opcodesize": 5, "Mnemonic": "call 0x34717f", "PID": 1604, "TID": 1828, "Arguments": [ "Arg1", "IN", "HMODULE", "0x28fe58", "0x74f10000", "Arg2", "IN", "LPCSTR", "0x28fe5c", "GetSystemTimeAsFileTime" ], "Timesptamp": "00000000.853587", "FunctionName": "GetProcAddress", "ModuleName": "kernel32.dll", "Return": "0x74f23509", "Status": 0 }
{ "Address": "0x34715f", "Opcode": "e81b000000", "Opcodesize": 5, "Mnemonic": "call 0x34717f", "PID": 1604, "TID": 1828, "Arguments": [ "Arg1", "IN", "HMODULE", "0x28fe58", "0x74f10000", "Arg2", "IN", "LPCSTR", "0x28fe5c", "GetCurrentProcessId" ], "Timesptamp": "00000000.869081", "FunctionName": "GetProcAddress", "ModuleName": "kernel32.dll", "Return": "0x74f211f8", "Status": 0 }
{ "Address": "0x34715f", "Opcode": "e81b000000", "Opcodesize": 5, "Mnemonic": "call 0x34717f", "PID": 1604, "TID": 1828, "Arguments": [ "Arg1", "IN", "HMODULE", "0x28fe58", "0x74f10000", "Arg2", "IN", "LPCSTR", "0x28fe5c", "GetCurrentThreadId" ], "Timesptamp": "00000000.884647", "FunctionName": "GetProcAddress", "ModuleName": "kernel32.dll", "Return": "0x74f21450", "Status": 0 }
{ "Address": "0x34715f", "Opcode": "e81b000000", "Opcodesize": 5, "Mnemonic": "call 0x34717f", "PID": 1604, "TID": 1828, "Arguments": [ "Arg1", "IN", "HMODULE", "0x28fe58", "0x74f10000", "Arg2", "IN", "LPCSTR", "0x28fe5c", "GetTickCount" ], "Timesptamp": "00000000.900102", "FunctionName": "GetProcAddress", "ModuleName": "kernel32.dll", "Return": "0x74f2110c", "Status": 0 }
{ "Address": "0x34715f", "Opcode": "e81b000000", "Opcodesize": 5, "Mnemonic": "call 0x34717f", "PID": 1604, "TID": 1828, "Arguments": [ "Arg1", "IN", "HMODULE", "0x28fe58", "0x74f10000", "Arg2", "IN", "LPCSTR", "0x28fe5c", "QueryPerformanceCounter" ], "Timesptamp": "00000000.915720", "FunctionName": "GetProcAddress", "ModuleName": "kernel32.dll", "Return": "0x74f21725", "Status": 0 }
{ "Address": "0x34715f", "Opcode": "e81b000000", "Opcodesize": 5, "Mnemonic": "call 0x34717f", "PID": 1604, "TID": 1828, "Arguments": [ "Arg1", "IN", "HMODULE", "0x28fe58", "0x74f10000", "Arg2", "IN", "LPCSTR", "0x28fe5c", "GetModuleHandleA" ], "Timesptamp": "00000000.931190", "FunctionName": "GetProcAddress", "ModuleName": "kernel32.dll", "Return": "0x74f21245", "Status": 0 }
{ "Address": "0x34715f", "Opcode": "e81b000000", "Opcodesize": 5, "Mnemonic": "call 0x34717f", "PID": 1604, "TID": 1828, "Arguments": [ "Arg1", "IN", "HMODULE", "0x28fe58", "0x74f10000", "Arg2", "IN", "LPCSTR", "0x28fe5c", "SetUnhandledExceptionFilter" ], "Timesptamp": "00000000.946576", "FunctionName": "GetProcAddress", "ModuleName": "kernel32.dll", "Return": "0x74f287c9", "Status": 0 }
{ "Address": "0x34715f", "Opcode": "e81b000000", "Opcodesize": 5, "Mnemonic": "call 0x34717f", "PID": 1604, "TID": 1828, "Arguments": [ "Arg1", "IN", "HMODULE", "0x28fe58", "0x74f10000", "Arg2", "IN", "LPCSTR", "0x28fe5c", "InterlockedCompareExchange" ], "Timesptamp": "00000000.962066", "FunctionName": "GetProcAddress", "ModuleName": "kernel32.dll", "Return": "0x74f21484", "Status": 0 }
{ "Address": "0x34715f", "Opcode": "e81b000000", "Opcodesize": 5, "Mnemonic": "call 0x34717f", "PID": 1604, "TID": 1828, "Arguments": [ "Arg1", "IN", "HMODULE", "0x28fe58", "0x74f10000", "Arg2", "IN", "LPCSTR", "0x28fe5c", "Sleep" ], "Timesptamp": "00000000.977650", "FunctionName": "GetProcAddress", "ModuleName": "kernel32.dll", "Return": "0x74f210ff", "Status": 0 }
{ "Address": "0x34715f", "Opcode": "e81b000000", "Opcodesize": 5, "Mnemonic": "call 0x34717f", "PID": 1604, "TID": 1828, "Arguments": [ "Arg1", "IN", "HMODULE", "0x28fe58", "0x74f10000", "Arg2", "IN", "LPCSTR", "0x28fe5c", "InterlockedExchange" ], "Timesptamp": "00000000.993281", "FunctionName": "GetProcAddress", "ModuleName": "kernel32.dll", "Return": "0x74f21462", "Status": 0 }
{ "Address": "0x34715f", "Opcode": "e81b000000", "Opcodesize": 5, "Mnemonic": "call 0x34717f", "PID": 1604, "TID": 1828, "Arguments": [ "Arg1", "IN", "HMODULE", "0x28fe58", "0x74f10000", "Arg2", "IN", "LPCSTR", "0x28fe5c", "UnhandledExceptionFilter" ], "Timesptamp": "00000001.009277", "FunctionName": "GetProcAddress", "ModuleName": "kernel32.dll", "Return": "0x74f4772f", "Status": 0 }
{ "Address": "0x34714e", "Opcode": "e82c000000", "Opcodesize": 5, "Mnemonic": "call 0x34717f", "PID": 1604, "TID": 1828, "Arguments": [ "Arg1", "IN", "LPCTSTR", "0x28fe6c", "msvcrt.dll" ], "Timesptamp": "00000001.024932", "FunctionName": "LoadLibraryA", "ModuleName": "kernel32.dll", "Return": "0x76190000", "Status": 0 }
{ "Address": "0x34715f", "Opcode": "e81b000000", "Opcodesize": 5, "Mnemonic": "call 0x34717f", "PID": 1604, "TID": 1828, "Arguments": [ "Arg1", "IN", "HMODULE", "0x28fe58", "0x76190000", "Arg2", "IN", "LPCSTR", "0x28fe5c", "_except_handler4_common" ], "Timesptamp": "00000001.042141", "FunctionName": "GetProcAddress", "ModuleName": "kernel32.dll", "Return": "0x761b3e27", "Status": 0 }
{ "Address": "0x34715f", "Opcode": "e81b000000", "Opcodesize": 5, "Mnemonic": "call 0x34717f", "PID": 1604, "TID": 1828, "Arguments": [ "Arg1", "IN", "HMODULE", "0x28fe58", "0x76190000", "Arg2", "IN", "LPCSTR", "0x28fe5c", "_controlfp" ], "Timesptamp": "00000001.063305", "FunctionName": "GetProcAddress", "ModuleName": "kernel32.dll", "Return": "0x7619e1e1", "Status": 0 }
{ "Address": "0x34715f", "Opcode": "e81b000000", "Opcodesize": 5, "Mnemonic": "call 0x34717f", "PID": 1604, "TID": 1828, "Arguments": [ "Arg1", "IN", "HMODULE", "0x28fe58", "0x76190000", "Arg2", "IN", "LPCSTR", "0x28fe5c", "_wcsupr" ], "Timesptamp": "00000001.078991", "FunctionName": "GetProcAddress", "ModuleName": "kernel32.dll", "Return": "0x7619dac1", "Status": 0 }
{ "Address": "0x34715f", "Opcode": "e81b000000", "Opcodesize": 5, "Mnemonic": "call 0x34717f", "PID": 1604, "TID": 1828, "Arguments": [ "Arg1", "IN", "HMODULE", "0x28fe58", "0x76190000", "Arg2", "IN", "LPCSTR", "0x28fe5c", "__getmainargs" ], "Timesptamp": "00000001.094621", "FunctionName": "GetProcAddress", "ModuleName": "kernel32.dll", "Return": "0x761a2bc0", "Status": 0 }
{ "Address": "0x34715f", "Opcode": "e81b000000", "Opcodesize": 5, "Mnemonic": "call 0x34717f", "PID": 1604, "TID": 1828, "Arguments": [ "Arg1", "IN", "HMODULE", "0x28fe58", "0x76190000", "Arg2", "IN", "LPCSTR", "0x28fe5c", "_cexit" ], "Timesptamp": "00000001.110305", "FunctionName": "GetProcAddress", "ModuleName": "kernel32.dll", "Return": "0x761a37d4", "Status": 0 }
{ "Address": "0x34715f", "Opcode": "e81b000000", "Opcodesize": 5, "Mnemonic": "call 0x34717f", "PID": 1604, "TID": 1828, "Arguments": [ "Arg1", "IN", "HMODULE", "0x28fe58", "0x76190000", "Arg2", "IN", "LPCSTR", "0x28fe5c", "_exit" ], "Timesptamp": "00000001.125885", "FunctionName": "GetProcAddress", "ModuleName": "kernel32.dll", "Return": "0x761fb2c0", "Status": 0 }
{ "Address": "0x34715f", "Opcode": "e81b000000", "Opcodesize": 5, "Mnemonic": "call 0x34717f", "PID": 1604, "TID": 1828, "Arguments": [ "Arg1", "IN", "HMODULE", "0x28fe58", "0x76190000", "Arg2", "IN", "LPCSTR", "0x28fe5c", "_XcptFilter" ], "Timesptamp": "00000001.141400", "FunctionName": "GetProcAddress", "ModuleName": "kernel32.dll", "Return": "0x761bdc75", "Status": 0 }
{ "Address": "0x34715f", "Opcode": "e81b000000", "Opcodesize": 5, "Mnemonic": "call 0x34717f", "PID": 1604, "TID": 1828, "Arguments": [ "Arg1", "IN", "HMODULE", "0x28fe58", "0x76190000", "Arg2", "IN", "LPCSTR", "0x28fe5c", "_initterm" ], "Timesptamp": "00000001.160549", "FunctionName": "GetProcAddress", "ModuleName": "kernel32.dll", "Return": "0x7619c151", "Status": 0 }
{ "Address": "0x34715f", "Opcode": "e81b000000", "Opcodesize": 5, "Mnemonic": "call 0x34717f", "PID": 1604, "TID": 1828, "Arguments": [ "Arg1", "IN", "HMODULE", "0x28fe58", "0x76190000", "Arg2", "IN", "LPCSTR", "0x28fe5c", "_amsg_exit" ], "Timesptamp": "00000001.176240", "FunctionName": "GetProcAddress", "ModuleName": "kernel32.dll", "Return": "0x761fb2ef", "Status": 0 }
{ "Address": "0x34715f", "Opcode": "e81b000000", "Opcodesize": 5, "Mnemonic": "call 0x34717f", "PID": 1604, "TID": 1828, "Arguments": [ "Arg1", "IN", "HMODULE", "0x28fe58", "0x76190000", "Arg2", "IN", "LPCSTR", "0x28fe5c", "__setusermatherr" ], "Timesptamp": "00000001.191844", "FunctionName": "GetProcAddress", "ModuleName": "kernel32.dll", "Return": "0x762277ad", "Status": 0 }
{ "Address": "0x34715f", "Opcode": "e81b000000", "Opcodesize": 5, "Mnemonic": "call 0x34717f", "PID": 1604, "TID": 1828, "Arguments": [ "Arg1", "IN", "HMODULE", "0x28fe58", "0x76190000", "Arg2", "IN", "LPCSTR", "0x28fe5c", "__p__commode" ], "Timesptamp": "00000001.204390", "FunctionName": "GetProcAddress", "ModuleName": "kernel32.dll", "Return": "0x761a27c3", "Status": 0 }
{ "Address": "0x34715f", "Opcode": "e81b000000", "Opcodesize": 5, "Mnemonic": "call 0x34717f", "PID": 1604, "TID": 1828, "Arguments": [ "Arg1", "IN", "HMODULE", "0x28fe58", "0x76190000", "Arg2", "IN", "LPCSTR", "0x28fe5c", "__p__fmode" ], "Timesptamp": "00000001.220562", "FunctionName": "GetProcAddress", "ModuleName": "kernel32.dll", "Return": "0x761a27ce", "Status": 0 }
{ "Address": "0x34715f", "Opcode": "e81b000000", "Opcodesize": 5, "Mnemonic": "call 0x34717f", "PID": 1604, "TID": 1828, "Arguments": [ "Arg1", "IN", "HMODULE", "0x28fe58", "0x76190000", "Arg2", "IN", "LPCSTR", "0x28fe5c", "__set_app_type" ], "Timesptamp": "00000001.236306", "FunctionName": "GetProcAddress", "ModuleName": "kernel32.dll", "Return": "0x761a2804", "Status": 0 }
{ "Address": "0x34715f", "Opcode": "e81b000000", "Opcodesize": 5, "Mnemonic": "call 0x34717f", "PID": 1604, "TID": 1828, "Arguments": [ "Arg1", "IN", "HMODULE", "0x28fe58", "0x76190000", "Arg2", "IN", "LPCSTR", "0x28fe5c", "exit" ], "Timesptamp": "00000001.251871", "FunctionName": "GetProcAddress", "ModuleName": "kernel32.dll", "Return": "0x761a36aa", "Status": 0 }
{ "Address": "0x34715f", "Opcode": "e81b000000", "Opcodesize": 5, "Mnemonic": "call 0x34717f", "PID": 1604, "TID": 1828, "Arguments": [ "Arg1", "IN", "HMODULE", "0x28fe58", "0x76190000", "Arg2", "IN", "LPCSTR", "0x28fe5c", "?terminate@@YAXXZ" ], "Timesptamp": "00000001.267624", "FunctionName": "GetProcAddress", "ModuleName": "kernel32.dll", "Return": "0x761e61cf", "Status": 0 }
{ "Address": "0x34714e", "Opcode": "e82c000000", "Opcodesize": 5, "Mnemonic": "call 0x34717f", "PID": 1604, "TID": 1828, "Arguments": [ "Arg1", "IN", "LPCTSTR", "0x28fe6c", "ulib.dll" ], "Timesptamp": "00000001.283598", "FunctionName": "LoadLibraryA", "ModuleName": "kernel32.dll", "Return": "0x743c0000", "Status": 0 }
{ "Address": "0x34715f", "Opcode": "e81b000000", "Opcodesize": 5, "Mnemonic": "call 0x34717f", "PID": 1604, "TID": 1828, "Arguments": [ "Arg1", "IN", "HMODULE", "0x28fe58", "0x743c0000", "Arg2", "IN", "LPCSTR", "0x28fe5c", "??1DSTRING@@UAE@XZ" ], "Timesptamp": "00000001.356768", "FunctionName": "GetProcAddress", "ModuleName": "kernel32.dll", "Return": "0x743c64fa", "Status": 0 }
{ "Address": "0x34715f", "Opcode": "e81b000000", "Opcodesize": 5, "Mnemonic": "call 0x34717f", "PID": 1604, "TID": 1828, "Arguments": [ "Arg1", "IN", "HMODULE", "0x28fe58", "0x743c0000", "Arg2", "IN", "LPCSTR", "0x28fe5c", "??1MULTIPLE_PATH_ARGUMENT@@UAE@XZ" ], "Timesptamp": "00000001.373465", "FunctionName": "GetProcAddress", "ModuleName": "kernel32.dll", "Return": "0x743ce2aa", "Status": 0 }
{ "Address": "0x34715f", "Opcode": "e81b000000", "Opcodesize": 5, "Mnemonic": "call 0x34717f", "PID": 1604, "TID": 1828, "Arguments": [ "Arg1", "IN", "HMODULE", "0x28fe58", "0x743c0000", "Arg2", "IN", "LPCSTR", "0x28fe5c", "??1STREAM_MESSAGE@@UAE@XZ" ], "Timesptamp": "00000001.389720", "FunctionName": "GetProcAddress", "ModuleName": "kernel32.dll", "Return": "0x743cc58e", "Status": 0 }
{ "Address": "0x34715f", "Opcode": "e81b000000", "Opcodesize": 5, "Mnemonic": "call 0x34717f", "PID": 1604, "TID": 1828, "Arguments": [ "Arg1", "IN", "HMODULE", "0x28fe58", "0x743c0000", "Arg2", "IN", "LPCSTR", "0x28fe5c", "??1OBJECT@@UAE@XZ" ], "Timesptamp": "00000001.405990", "FunctionName": "GetProcAddress", "ModuleName": "kernel32.dll", "Return": "0x743c5fce", "Status": 0 }
{ "Address": "0x34715f", "Opcode": "e81b000000", "Opcodesize": 5, "Mnemonic": "call 0x34717f", "PID": 1604, "TID": 1828, "Arguments": [ "Arg1", "IN", "HMODULE", "0x28fe58", "0x743c0000", "Arg2", "IN", "LPCSTR", "0x28fe5c", "?Initialize@WSTRING@@QAEEPBGK@Z" ], "Timesptamp": "00000001.422542", "FunctionName": "GetProcAddress", "ModuleName": "kernel32.dll", "Return": "0x743c83cc", "Status": 0 }
{ "Address": "0x34715f", "Opcode": "e81b000000", "Opcodesize": 5, "Mnemonic": "call 0x34717f", "PID": 1604, "TID": 1828, "Arguments": [ "Arg1", "IN", "HMODULE", "0x28fe58", "0x743c0000", "Arg2", "IN", "LPCSTR", "0x28fe5c", "?ReadLine@STREAM@@QAEEPAVWSTRING@@E@Z" ], "Timesptamp": "00000001.438885", "FunctionName": "GetProcAddress", "ModuleName": "kernel32.dll", "Return": "0x743d695e", "Status": 0 }
{ "Address": "0x34715f", "Opcode": "e81b000000", "Opcodesize": 5, "Mnemonic": "call 0x34717f", "PID": 1604, "TID": 1828, "Arguments": [ "Arg1", "IN", "HMODULE", "0x28fe58", "0x743c0000", "Arg2", "IN", "LPCSTR", "0x28fe5c", "?SetConsoleConversions@WSTRING@@SGXXZ" ], "Timesptamp": "00000001.455117", "FunctionName": "GetProcAddress", "ModuleName": "kernel32.dll", "Return": "0x743d809a", "Status": 0 }
{ "Address": "0x34715f", "Opcode": "e81b000000", "Opcodesize": 5, "Mnemonic": "call 0x34717f", "PID": 1604, "TID": 1828, "Arguments": [ "Arg1", "IN", "HMODULE", "0x28fe58", "0x743c0000", "Arg2", "IN", "LPCSTR", "0x28fe5c", "?GetStandardError@PROGRAM@@UAEPAVSTREAM@@XZ" ], "Timesptamp": "00000001.471591", "FunctionName": "GetProcAddress", "ModuleName": "kernel32.dll", "Return": "0x743d51cb", "Status": 0 }
{ "Address": "0x34715f", "Opcode": "e81b000000", "Opcodesize": 5, "Mnemonic": "call 0x34717f", "PID": 1604, "TID": 1828, "Arguments": [ "Arg1", "IN", "HMODULE", "0x28fe58", "0x743c0000", "Arg2", "IN", "LPCSTR", "0x28fe5c", "?QueryStream@FSN_FILE@@QAEPAVFILE_STREAM@@W4STREAMACCESS@@K@Z" ], "Timesptamp": "00000001.488047", "FunctionName": "GetProcAddress", "ModuleName": "kernel32.dll", "Return": "0x743d1242", "Status": 0 }
{ "Address": "0x34715f", "Opcode": "e81b000000", "Opcodesize": 5, "Mnemonic": "call 0x34717f", "PID": 1604, "TID": 1828, "Arguments": [ "Arg1", "IN", "HMODULE", "0x28fe58", "0x743c0000", "Arg2", "IN", "LPCSTR", "0x28fe5c", "?QueryFile@SYSTEM@@SGPAVFSN_FILE@@PBVPATH@@EPAE@Z" ], "Timesptamp": "00000001.504352", "FunctionName": "GetProcAddress", "ModuleName": "kernel32.dll", "Return": "0x743ca999", "Status": 0 }
{ "Address": "0x34715f", "Opcode": "e81b000000", "Opcodesize": 5, "Mnemonic": "call 0x34717f", "PID": 1604, "TID": 1828, "Arguments": [ "Arg1", "IN", "HMODULE", "0x28fe58", "0x743c0000", "Arg2", "IN", "LPCSTR", "0x28fe5c", "?IsDrive@PATH@@QBEEXZ" ], "Timesptamp": "00000001.520658", "FunctionName": "GetProcAddress", "ModuleName": "kernel32.dll", "Return": "0x743cc3df", "Status": 0 }
{ "Address": "0x34715f", "Opcode": "e81b000000", "Opcodesize": 5, "Mnemonic": "call 0x34717f", "PID": 1604, "TID": 1828, "Arguments": [ "Arg1", "IN", "HMODULE", "0x28fe58", "0x743c0000", "Arg2", "IN", "LPCSTR", "0x28fe5c", "?QueryDirectory@SYSTEM@@SGPAVFSN_DIRECTORY@@PBVPATH@@E@Z" ], "Timesptamp": "00000001.537004", "FunctionName": "GetProcAddress", "ModuleName": "kernel32.dll", "Return": "0x743c8917", "Status": 0 }
{ "Address": "0x34715f", "Opcode": "e81b000000", "Opcodesize": 5, "Mnemonic": "call 0x34717f", "PID": 1604, "TID": 1828, "Arguments": [ "Arg1", "IN", "HMODULE", "0x28fe58", "0x743c0000", "Arg2", "IN", "LPCSTR", "0x28fe5c", "?Initialize@WSTRING@@QAEEPBV1@KK@Z" ], "Timesptamp": "00000001.553414", "FunctionName": "GetProcAddress", "ModuleName": "kernel32.dll", "Return": "0x743c8516", "Status": 0 }
{ "Address": "0x34715f", "Opcode": "e81b000000", "Opcodesize": 5, "Mnemonic": "call 0x34717f", "PID": 1604, "TID": 1828, "Arguments": [ "Arg1", "IN", "HMODULE", "0x28fe58", "0x743c0000", "Arg2", "IN", "LPCSTR", "0x28fe5c", "?IsValueSet@ARGUMENT@@QAEEXZ" ], "Timesptamp": "00000001.569710", "FunctionName": "GetProcAddress", "ModuleName": "kernel32.dll", "Return": "0x743c967f", "Status": 0 }
{ "Address": "0x34715f", "Opcode": "e81b000000", "Opcodesize": 5, "Mnemonic": "call 0x34717f", "PID": 1604, "TID": 1828, "Arguments": [ "Arg1", "IN", "HMODULE", "0x28fe58", "0x743c0000", "Arg2", "IN", "LPCSTR", "0x28fe5c", "?GetStandardOutput@PROGRAM@@UAEPAVSTREAM@@XZ" ], "Timesptamp": "00000001.586251", "FunctionName": "GetProcAddress", "ModuleName": "kernel32.dll", "Return": "0x743d51c2", "Status": 0 }
{ "Address": "0x34715f", "Opcode": "e81b000000", "Opcodesize": 5, "Mnemonic": "call 0x34717f", "PID": 1604, "TID": 1828, "Arguments": [ "Arg1", "IN", "HMODULE", "0x28fe58", "0x743c0000", "Arg2", "IN", "LPCSTR", "0x28fe5c", "?PrepareToParse@ARGUMENT_LEXEMIZER@@QAEEPAVWSTRING@@@Z" ], "Timesptamp": "00000001.602705", "FunctionName": "GetProcAddress", "ModuleName": "kernel32.dll", "Return": "0x743c9ef7", "Status": 0 }
{ "Address": "0x34715f", "Opcode": "e81b000000", "Opcodesize": 5, "Mnemonic": "call 0x34717f", "PID": 1604, "TID": 1828, "Arguments": [ "Arg1", "IN", "HMODULE", "0x28fe58", "0x743c0000", "Arg2", "IN", "LPCSTR", "0x28fe5c", "?SetCaseSensitive@ARGUMENT_LEXEMIZER@@QAEXE@Z" ], "Timesptamp": "00000001.619270", "FunctionName": "GetProcAddress", "ModuleName": "kernel32.dll", "Return": "0x743c9668", "Status": 0 }
{ "Address": "0x34715f", "Opcode": "e81b000000", "Opcodesize": 5, "Mnemonic": "call 0x34717f", "PID": 1604, "TID": 1828, "Arguments": [ "Arg1", "IN", "HMODULE", "0x28fe58", "0x743c0000", "Arg2", "IN", "LPCSTR", "0x28fe5c", "?PutSeparators@ARGUMENT_LEXEMIZER@@QAEXPBD@Z" ], "Timesptamp": "00000001.635584", "FunctionName": "GetProcAddress", "ModuleName": "kernel32.dll", "Return": "0x743c95ac", "Status": 0 }
{ "Address": "0x34715f", "Opcode": "e81b000000", "Opcodesize": 5, "Mnemonic": "call 0x34717f", "PID": 1604, "TID": 1828, "Arguments": [ "Arg1", "IN", "HMODULE", "0x28fe58", "0x743c0000", "Arg2", "IN", "LPCSTR", "0x28fe5c", "??1PROGRAM@@UAE@XZ" ], "Timesptamp": "00000001.651859", "FunctionName": "GetProcAddress", "ModuleName": "kernel32.dll", "Return": "0x743cc56e", "Status": 0 }
{ "Address": "0x34715f", "Opcode": "e81b000000", "Opcodesize": 5, "Mnemonic": "call 0x34717f", "PID": 1604, "TID": 1828, "Arguments": [ "Arg1", "IN", "HMODULE", "0x28fe58", "0x743c0000", "Arg2", "IN", "LPCSTR", "0x28fe5c", "?Initialize@ARGUMENT_LEXEMIZER@@QAEEPAVARRAY@@@Z" ], "Timesptamp": "00000001.668498", "FunctionName": "GetProcAddress", "ModuleName": "kernel32.dll", "Return": "0x743c974f", "Status": 0 }
{ "Address": "0x34715f", "Opcode": "e81b000000", "Opcodesize": 5, "Mnemonic": "call 0x34717f", "PID": 1604, "TID": 1828, "Arguments": [ "Arg1", "IN", "HMODULE", "0x28fe58", "0x743c0000", "Arg2", "IN", "LPCSTR", "0x28fe5c", "?Put@ARRAY@@UAEEPAVOBJECT@@@Z" ], "Timesptamp": "00000001.685460", "FunctionName": "GetProcAddress", "ModuleName": "kernel32.dll", "Return": "0x743ca173", "Status": 0 }
{ "Address": "0x34715f", "Opcode": "e81b000000", "Opcodesize": 5, "Mnemonic": "call 0x34717f", "PID": 1604, "TID": 1828, "Arguments": [ "Arg1", "IN", "HMODULE", "0x28fe58", "0x743c0000", "Arg2", "IN", "LPCSTR", "0x28fe5c", "?Initialize@MULTIPLE_PATH_ARGUMENT@@QAEEPADEE@Z" ], "Timesptamp": "00000001.701800", "FunctionName": "GetProcAddress", "ModuleName": "kernel32.dll", "Return": "0x743cdfbc", "Status": 0 }
{ "Address": "0x34715f", "Opcode": "e81b000000", "Opcodesize": 5, "Mnemonic": "call 0x34717f", "PID": 1604, "TID": 1828, "Arguments": [ "Arg1", "IN", "HMODULE", "0x28fe58", "0x743c0000", "Arg2", "IN", "LPCSTR", "0x28fe5c", "?Initialize@FLAG_ARGUMENT@@QAEEPAD@Z" ], "Timesptamp": "00000001.718274", "FunctionName": "GetProcAddress", "ModuleName": "kernel32.dll", "Return": "0x743c9dec", "Status": 0 }
{ "Address": "0x34715f", "Opcode": "e81b000000", "Opcodesize": 5, "Mnemonic": "call 0x34717f", "PID": 1604, "TID": 1828, "Arguments": [ "Arg1", "IN", "HMODULE", "0x28fe58", "0x743c0000", "Arg2", "IN", "LPCSTR", "0x28fe5c", "?Initialize@STRING_ARGUMENT@@QAEEPAD@Z" ], "Timesptamp": "00000001.734795", "FunctionName": "GetProcAddress", "ModuleName": "kernel32.dll", "Return": "0x743c9688", "Status": 0 }
{ "Address": "0x34715f", "Opcode": "e81b000000", "Opcodesize": 5, "Mnemonic": "call 0x34717f", "PID": 1604, "TID": 1828, "Arguments": [ "Arg1", "IN", "HMODULE", "0x28fe58", "0x743c0000", "Arg2", "IN", "LPCSTR", "0x28fe5c", "?Initialize@ARRAY@@QAEEKK@Z" ], "Timesptamp": "00000001.751123", "FunctionName": "GetProcAddress", "ModuleName": "kernel32.dll", "Return": "0x743c9a2e", "Status": 0 }
{ "Address": "0x34715f", "Opcode": "e81b000000", "Opcodesize": 5, "Mnemonic": "call 0x34717f", "PID": 1604, "TID": 1828, "Arguments": [ "Arg1", "IN", "HMODULE", "0x28fe58", "0x743c0000", "Arg2", "IN", "LPCSTR", "0x28fe5c", "?IsCorrectVersion@SYSTEM@@SGEXZ" ], "Timesptamp": "00000001.767508", "FunctionName": "GetProcAddress", "ModuleName": "kernel32.dll", "Return": "0x743d36c8", "Status": 0 }
{ "Address": "0x34715f", "Opcode": "e81b000000", "Opcodesize": 5, "Mnemonic": "call 0x34717f", "PID": 1604, "TID": 1828, "Arguments": [ "Arg1", "IN", "HMODULE", "0x28fe58", "0x743c0000", "Arg2", "IN", "LPCSTR", "0x28fe5c", "??1ARGUMENT_LEXEMIZER@@UAE@XZ" ], "Timesptamp": "00000001.783904", "FunctionName": "GetProcAddress", "ModuleName": "kernel32.dll", "Return": "0x743c96c3", "Status": 0 }
{ "Address": "0x34715f", "Opcode": "e81b000000", "Opcodesize": 5, "Mnemonic": "call 0x34717f", "PID": 1604, "TID": 1828, "Arguments": [ "Arg1", "IN", "HMODULE", "0x28fe58", "0x743c0000", "Arg2", "IN", "LPCSTR", "0x28fe5c", "??1ARRAY@@UAE@XZ" ], "Timesptamp": "00000001.800412", "FunctionName": "GetProcAddress", "ModuleName": "kernel32.dll", "Return": "0x743c93c7", "Status": 0 }
{ "Address": "0x34715f", "Opcode": "e81b000000", "Opcodesize": 5, "Mnemonic": "call 0x34717f", "PID": 1604, "TID": 1828, "Arguments": [ "Arg1", "IN", "HMODULE", "0x28fe58", "0x743c0000", "Arg2", "IN", "LPCSTR", "0x28fe5c", "??1STRING_ARGUMENT@@UAE@XZ" ], "Timesptamp": "00000001.816772", "FunctionName": "GetProcAddress", "ModuleName": "kernel32.dll", "Return": "0x743c94ca", "Status": 0 }
{ "Address": "0x34715f", "Opcode": "e81b000000", "Opcodesize": 5, "Mnemonic": "call 0x34717f", "PID": 1604, "TID": 1828, "Arguments": [ "Arg1", "IN", "HMODULE", "0x28fe58", "0x743c0000", "Arg2", "IN", "LPCSTR", "0x28fe5c", "?Initialize@PROGRAM@@QAEEKKK@Z" ], "Timesptamp": "00000001.833129", "FunctionName": "GetProcAddress", "ModuleName": "kernel32.dll", "Return": "0x743cb260", "Status": 0 }
{ "Address": "0x34715f", "Opcode": "e81b000000", "Opcodesize": 5, "Mnemonic": "call 0x34717f", "PID": 1604, "TID": 1828, "Arguments": [ "Arg1", "IN", "HMODULE", "0x28fe58", "0x743c0000", "Arg2", "IN", "LPCSTR", "0x28fe5c", "??0FLAG_ARGUMENT@@QAE@XZ" ], "Timesptamp": "00000001.849454", "FunctionName": "GetProcAddress", "ModuleName": "kernel32.dll", "Return": "0x743ca401", "Status": 0 }
{ "Address": "0x34715f", "Opcode": "e81b000000", "Opcodesize": 5, "Mnemonic": "call 0x34717f", "PID": 1604, "TID": 1828, "Arguments": [ "Arg1", "IN", "HMODULE", "0x28fe58", "0x743c0000", "Arg2", "IN", "LPCSTR", "0x28fe5c", "??0STRING_ARGUMENT@@QAE@XZ" ], "Timesptamp": "00000001.875758", "FunctionName": "GetProcAddress", "ModuleName": "kernel32.dll", "Return": "0x743ca45c", "Status": 0 }
{ "Address": "0x34715f", "Opcode": "e81b000000", "Opcodesize": 5, "Mnemonic": "call 0x34717f", "PID": 1604, "TID": 1828, "Arguments": [ "Arg1", "IN", "HMODULE", "0x28fe58", "0x743c0000", "Arg2", "IN", "LPCSTR", "0x28fe5c", "??0ARRAY@@QAE@XZ" ], "Timesptamp": "00000001.894894", "FunctionName": "GetProcAddress", "ModuleName": "kernel32.dll", "Return": "0x743ca526", "Status": 0 }
{ "Address": "0x34715f", "Opcode": "e81b000000", "Opcodesize": 5, "Mnemonic": "call 0x34717f", "PID": 1604, "TID": 1828, "Arguments": [ "Arg1", "IN", "HMODULE", "0x28fe58", "0x743c0000", "Arg2", "IN", "LPCSTR", "0x28fe5c", "??0ARGUMENT_LEXEMIZER@@QAE@XZ" ], "Timesptamp": "00000001.915915", "FunctionName": "GetProcAddress", "ModuleName": "kernel32.dll", "Return": "0x743ca37d", "Status": 0 }
{ "Address": "0x34715f", "Opcode": "e81b000000", "Opcodesize": 5, "Mnemonic": "call 0x34717f", "PID": 1604, "TID": 1828, "Arguments": [ "Arg1", "IN", "HMODULE", "0x28fe58", "0x743c0000", "Arg2", "IN", "LPCSTR", "0x28fe5c", "?Initialize@CLASS_DESCRIPTOR@@QAEEXZ" ], "Timesptamp": "00000001.933055", "FunctionName": "GetProcAddress", "ModuleName": "kernel32.dll", "Return": "0x743c78b2", "Status": 0 }
{ "Address": "0x34715f", "Opcode": "e81b000000", "Opcodesize": 5, "Mnemonic": "call 0x34717f", "PID": 1604, "TID": 1828, "Arguments": [ "Arg1", "IN", "HMODULE", "0x28fe58", "0x743c0000", "Arg2", "IN", "LPCSTR", "0x28fe5c", "??0CLASS_DESCRIPTOR@@QAE@XZ" ], "Timesptamp": "00000001.957871", "FunctionName": "GetProcAddress", "ModuleName": "kernel32.dll", "Return": "0x743c6c25", "Status": 0 }
{ "Address": "0x34715f", "Opcode": "e81b000000", "Opcodesize": 5, "Mnemonic": "call 0x34717f", "PID": 1604, "TID": 1828, "Arguments": [ "Arg1", "IN", "HMODULE", "0x28fe58", "0x743c0000", "Arg2", "IN", "LPCSTR", "0x28fe5c", "?ValidateVersion@PROGRAM@@UBEXKK@Z" ], "Timesptamp": "00000001.975571", "FunctionName": "GetProcAddress", "ModuleName": "kernel32.dll", "Return": "0x743d5241", "Status": 0 }
{ "Address": "0x34715f", "Opcode": "e81b000000", "Opcodesize": 5, "Mnemonic": "call 0x34717f", "PID": 1604, "TID": 1828, "Arguments": [ "Arg1", "IN", "HMODULE", "0x28fe58", "0x743c0000", "Arg2", "IN", "LPCSTR", "0x28fe5c", "?PutSwitches@ARGUMENT_LEXEMIZER@@QAEXPBD@Z" ], "Timesptamp": "00000001.992199", "FunctionName": "GetProcAddress", "ModuleName": "kernel32.dll", "Return": "0x743c95dc", "Status": 0 }
{ "Address": "0x34715f", "Opcode": "e81b000000", "Opcodesize": 5, "Mnemonic": "call 0x34717f", "PID": 1604, "TID": 1828, "Arguments": [ "Arg1", "IN", "HMODULE", "0x28fe58", "0x743c0000", "Arg2", "IN", "LPCSTR", "0x28fe5c", "?Usage@PROGRAM@@" ], "Timesptamp": "00000002.008591", "FunctionName": "GetProcAddress", "ModuleName": "kernel32.dll", "Return": "0x743d52c4", "Status": 0 }
{ "Address": "0x34715f", "Opcode": "e81b000000", "Opcodesize": 5, "Mnemonic": "call 0x34717f", "PID": 1604, "TID": 1828, "Arguments": [ "Arg1", "IN", "HMODULE", "0x28fe58", "0x743c0000", "Arg2", "IN", "LPCSTR", "0x28fe5c", "?GetStandardInput@PROGRAM@@UAEPAVSTREAM@@XZ" ], "Timesptamp": "00000002.024938", "FunctionName": "GetProcAddress", "ModuleName": "kernel32.dll", "Return": "0x743ca7c2", "Status": 0 }
{ "Address": "0x34715f", "Opcode": "e81b000000", "Opcodesize": 5, "Mnemonic": "call 0x34717f", "PID": 1604, "TID": 1828, "Arguments": [ "Arg1", "IN", "HMODULE", "0x28fe58", "0x743c0000", "Arg2", "IN", "LPCSTR", "0x28fe5c", "?Fatal@PROGRAM@@UBEXXZ" ], "Timesptamp": "00000002.041608", "FunctionName": "GetProcAddress", "ModuleName": "kernel32.dll", "Return": "0x743d51d4", "Status": 0 }
{ "Address": "0x34715f", "Opcode": "e81b000000", "Opcodesize": 5, "Mnemonic": "call 0x34717f", "PID": 1604, "TID": 1828, "Arguments": [ "Arg1", "IN", "HMODULE", "0x28fe58", "0x743c0000", "Arg2", "IN", "LPCSTR", "0x28fe5c", "?Fatal@PROGRAM@@UBAXKKPADZZ" ], "Timesptamp": "00000002.061427", "FunctionName": "GetProcAddress", "ModuleName": "kernel32.dll", "Return": "0x743d51f1", "Status": 0 }
{ "Address": "0x34715f", "Opcode": "e81b000000", "Opcodesize": 5, "Mnemonic": "call 0x34717f", "PID": 1604, "TID": 1828, "Arguments": [ "Arg1", "IN", "HMODULE", "0x28fe58", "0x743c0000", "Arg2", "IN", "LPCSTR", "0x28fe5c", "?DisplayMessage@PROGRAM@@UBEEKW4MESSAGE_TYPE@@@Z" ], "Timesptamp": "00000002.081228", "FunctionName": "GetProcAddress", "ModuleName": "kernel32.dll", "Return": "0x743d51a3", "Status": 0 }
{ "Address": "0x34715f", "Opcode": "e81b000000", "Opcodesize": 5, "Mnemonic": "call 0x34717f", "PID": 1604, "TID": 1828, "Arguments": [ "Arg1", "IN", "HMODULE", "0x28fe58", "0x743c0000", "Arg2", "IN", "LPCSTR", "0x28fe5c", "?DisplayMessage@PROGRAM@@UBAEKW4MESSAGE_TYPE@@PADZZ" ], "Timesptamp": "00000002.097780", "FunctionName": "GetProcAddress", "ModuleName": "kernel32.dll", "Return": "0x743cb494", "Status": 0 }
{ "Address": "0x34715f", "Opcode": "e81b000000", "Opcodesize": 5, "Mnemonic": "call 0x34717f", "PID": 1604, "TID": 1828, "Arguments": [ "Arg1", "IN", "HMODULE", "0x28fe58", "0x743c0000", "Arg2", "IN", "LPCSTR", "0x28fe5c", "?Compare@OBJECT@@UBEJPBV1@@Z" ], "Timesptamp": "00000002.114587", "FunctionName": "GetProcAddress", "ModuleName": "kernel32.dll", "Return": "0x743d3df1", "Status": 0 }
{ "Address": "0x34715f", "Opcode": "e81b000000", "Opcodesize": 5, "Mnemonic": "call 0x34717f", "PID": 1604, "TID": 1828, "Arguments": [ "Arg1", "IN", "HMODULE", "0x28fe58", "0x743c0000", "Arg2", "IN", "LPCSTR", "0x28fe5c", "??0PROGRAM@@IAE@XZ" ], "Timesptamp": "00000002.130973", "FunctionName": "GetProcAddress", "ModuleName": "kernel32.dll", "Return": "0x743ca64d", "Status": 0 }
{ "Address": "0x34715f", "Opcode": "e81b000000", "Opcodesize": 5, "Mnemonic": "call 0x34717f", "PID": 1604, "TID": 1828, "Arguments": [ "Arg1", "IN", "HMODULE", "0x28fe58", "0x743c0000", "Arg2", "IN", "LPCSTR", "0x28fe5c", "??0DSTRING@@QAE@XZ" ], "Timesptamp": "00000002.147390", "FunctionName": "GetProcAddress", "ModuleName": "kernel32.dll", "Return": "0x743c64a8", "Status": 0 }
{ "Address": "0x34715f", "Opcode": "e81b000000", "Opcodesize": 5, "Mnemonic": "call 0x34717f", "PID": 1604, "TID": 1828, "Arguments": [ "Arg1", "IN", "HMODULE", "0x28fe58", "0x743c0000", "Arg2", "IN", "LPCSTR", "0x28fe5c", "??0MULTIPLE_PATH_ARGUMENT@@QAE@XZ" ], "Timesptamp": "00000002.164107", "FunctionName": "GetProcAddress", "ModuleName": "kernel32.dll", "Return": "0x743ce27d", "Status": 0 }
{ "Address": "0x34715f", "Opcode": "e81b000000", "Opcodesize": 5, "Mnemonic": "call 0x34717f", "PID": 1604, "TID": 1828, "Arguments": [ "Arg1", "IN", "HMODULE", "0x28fe58", "0x743c0000", "Arg2", "IN", "LPCSTR", "0x28fe5c", "??0STREAM_MESSAGE@@QAE@XZ" ], "Timesptamp": "00000002.180468", "FunctionName": "GetProcAddress", "ModuleName": "kernel32.dll", "Return": "0x743ca676", "Status": 0 }
{ "Address": "0x34715f", "Opcode": "e81b000000", "Opcodesize": 5, "Mnemonic": "call 0x34717f", "PID": 1604, "TID": 1828, "Arguments": [ "Arg1", "IN", "HMODULE", "0x28fe58", "0x743c0000", "Arg2", "IN", "LPCSTR", "0x28fe5c", "?Initialize@WSTRING@@QAEEPBDK@Z" ], "Timesptamp": "00000002.196858", "FunctionName": "GetProcAddress", "ModuleName": "kernel32.dll", "Return": "0x743c63f0", "Status": 0 }
{ "Address": "0x34715f", "Opcode": "e81b000000", "Opcodesize": 5, "Mnemonic": "call 0x34717f", "PID": 1604, "TID": 1828, "Arguments": [ "Arg1", "IN", "HMODULE", "0x28fe58", "0x743c0000", "Arg2", "IN", "LPCSTR", "0x28fe5c", "?DoParsing@ARGUMENT_LEXEMIZER@@QAEEPAVARRAY@@@Z" ], "Timesptamp": "00000002.213179", "FunctionName": "GetProcAddress", "ModuleName": "kernel32.dll", "Return": "0x743c9878", "Status": 0 }
{ "Address": "0x34715f", "Opcode": "e81b000000", "Opcodesize": 5, "Mnemonic": "call 0x34717f", "PID": 1604, "TID": 1828, "Arguments": [ "Arg1", "IN", "HMODULE", "0x28fe58", "0x743c0000", "Arg2", "IN", "LPCSTR", "0x28fe5c", "?Initialize@WSTRING@@QAEEXZ" ], "Timesptamp": "00000002.229668", "FunctionName": "GetProcAddress", "ModuleName": "kernel32.dll", "Return": "0x743cd994", "Status": 0 }
{ "Address": "0x34714e", "Opcode": "e82c000000", "Opcodesize": 5, "Mnemonic": "call 0x34717f", "PID": 1604, "TID": 1828, "Arguments": [ "Arg1", "IN", "LPCTSTR", "0x28fe6c", "ntdll.dll" ], "Timesptamp": "00000002.246042", "FunctionName": "LoadLibraryA", "ModuleName": "kernel32.dll", "Return": "0x77040000", "Status": 0 }
{ "Address": "0x34715f", "Opcode": "e81b000000", "Opcodesize": 5, "Mnemonic": "call 0x34717f", "PID": 1604, "TID": 1828, "Arguments": [ "Arg1", "IN", "HMODULE", "0x28fe58", "0x77040000", "Arg2", "IN", "LPCSTR", "0x28fe5c", "RtlAllocateHeap" ], "Timesptamp": "00000002.264188", "FunctionName": "GetProcAddress", "ModuleName": "kernel32.dll", "Return": "0x7706e026", "Status": 0 }
{ "Address": "0x34715f", "Opcode": "e81b000000", "Opcodesize": 5, "Mnemonic": "call 0x34717f", "PID": 1604, "TID": 1828, "Arguments": [ "Arg1", "IN", "HMODULE", "0x28fe58", "0x77040000", "Arg2", "IN", "LPCSTR", "0x28fe5c", "RtlFreeHeap" ], "Timesptamp": "00000002.280628", "FunctionName": "GetProcAddress", "ModuleName": "kernel32.dll", "Return": "0x7706df85", "Status": 0 }
{ "Address": "0x7efa1214", "Opcode": "ff151010fa7e", "Opcodesize": 6, "Mnemonic": "call dword ptr [0x7efa1010]", "PID": 1604, "TID": 1828, "Arguments": [ "Arg1", "OUT", "LPFILETIME", "0x28fe60", "0x28fe78" ], "Timesptamp": "00000002.298131", "FunctionName": "GetSystemTimeAsFileTime", "ModuleName": "kernel32.dll", "Return": "0x1daddab", "Output1": { "field1": [ "0x28fe78", "0xcc110300" ], "field2": [ "0x28fe7c", "0x1daddab" ] }, "Status": 0 }
{ "Address": "0x7efa1220", "Opcode": "ff151410fa7e", "Opcodesize": 6, "Mnemonic": "call dword ptr [0x7efa1014]", "PID": 1604, "TID": 1828, "Arguments": [ ], "Timesptamp": "00000002.314623", "FunctionName": "GetCurrentProcessId", "ModuleName": "kernel32.dll", "Return": "0x644", "Status": 0 }
{ "Address": "0x7efa1228", "Opcode": "ff151810fa7e", "Opcodesize": 6, "Mnemonic": "call dword ptr [0x7efa1018]", "PID": 1604, "TID": 1828, "Arguments": [ ], "Timesptamp": "00000002.331198", "FunctionName": "GetCurrentThreadId", "ModuleName": "kernel32.dll", "Return": "0x724", "Status": 0 }
{ "Address": "0x7efa1230", "Opcode": "ff151c10fa7e", "Opcodesize": 6, "Mnemonic": "call dword ptr [0x7efa101c]", "PID": 1604, "TID": 1828, "Arguments": [ ], "Timesptamp": "00000002.347632", "FunctionName": "GetTickCount", "ModuleName": "kernel32.dll", "Return": "0x52654", "Status": 0 }
{ "Address": "0x7efa123c", "Opcode": "ff152010fa7e", "Opcodesize": 6, "Mnemonic": "call dword ptr [0x7efa1020]", "PID": 1604, "TID": 1828, "Arguments": [ "Arg1", "OUT", "LARGE_INTEGER*", "0x28fe60", "0x28fe70" ], "Timesptamp": "00000002.360750", "FunctionName": "QueryPerformanceCounter", "ModuleName": "kernel32.dll", "Return": "TRUE", "Output1": { "field1": [ "0x28fe70", "0xf7f08b0d" ], "field2": [ "0x28fe74", "0x5" ], "field3": [ "0x28fe78", "0x1daddabcc110300" ] }, "Status": 0 }
{ "Address": "0x7efa12c8", "Opcode": "ff152c10fa7e", "Opcodesize": 6, "Mnemonic": "call dword ptr [0x7efa102c]", "PID": 1604, "TID": 1828, "Functionname": "InterlockedCompareExchange", "Dllname": "kernel32.dll", "Status": 1 }
{ "Address": "0x7efa1cf1", "Opcode": "ff152410fa7e", "Opcodesize": 6, "Mnemonic": "call dword ptr [0x7efa1024]", "PID": 1604, "TID": 1828, "Arguments": [ "Arg1", "IN", "LPCTSTR", "0x28fe2c", "\"\"" ], "Timesptamp": "00000002.393824", "FunctionName": "GetModuleHandleA", "ModuleName": "kernel32.dll", "Return": "0x400000", "Status": 0 }
{ "Address": "0x7efa1c93", "Opcode": "ff156c10fa7e", "Opcodesize": 6, "Mnemonic": "call dword ptr [0x7efa106c]", "PID": 1604, "TID": 1828, "Arguments": [ ], "Timesptamp": "00000002.426772", "FunctionName": "__p__fmode", "ModuleName": "msvcrt.dll", "Return": "0x762331f4", "Status": 0 }
{ "Address": "0x7efa1ca1", "Opcode": "ff156810fa7e", "Opcodesize": 6, "Mnemonic": "call dword ptr [0x7efa1068]", "PID": 1604, "TID": 1828, "Arguments": [ ], "Timesptamp": "00000002.443174", "FunctionName": "__p__commode", "ModuleName": "msvcrt.dll", "Return": "0x762331fc", "Status": 0 }
{ "Address": "0x7efa1cdc", "Opcode": "ff154410fa7e", "Opcodesize": 6, "Mnemonic": "call dword ptr [0x7efa1044]", "PID": 1604, "TID": 1828, "Functionname": "_controlfp", "Dllname": "msvcrt.dll", "Status": 1 }
{ "Address": "0x7efa11c5", "Opcode": "ff152810fa7e", "Opcodesize": 6, "Mnemonic": "call dword ptr [0x7efa1028]", "PID": 1604, "TID": 1828, "Arguments": [ "Arg1", "IN", "DWORD", "0x28fe38", "0x7efa2321" ], "Timesptamp": "00000002.476084", "FunctionName": "SetUnhandledExceptionFilter", "ModuleName": "kernel32.dll", "Return": "0x401ec0", "Status": 0 }
{ "Address": "0x7efa1321", "Opcode": "e8adfeffff", "Opcodesize": 5, "Mnemonic": "call 0x7efa11d3", "PID": 1604, "TID": 1828, "Functionname": "_initterm", "Dllname": "msvcrt.dll", "Status": 1 }
{ "Address": "0x7efa11ac", "Opcode": "ff154c10fa7e", "Opcodesize": 6, "Mnemonic": "call dword ptr [0x7efa104c]", "PID": 1604, "TID": 1828, "Functionname": "__getmainargs", "Dllname": "msvcrt.dll", "Status": 1 }
{ "Address": "0x7efa1339", "Opcode": "ff153410fa7e", "Opcodesize": 6, "Mnemonic": "call dword ptr [0x7efa1034]", "PID": 1604, "TID": 1828, "Functionname": "InterlockedExchange", "Dllname": "kernel32.dll", "Status": 1 }
{ "Address": "0x7efa1a1f", "Opcode": "ff150410fa7e", "Opcodesize": 6, "Mnemonic": "call dword ptr [0x7efa1004]", "PID": 1604, "TID": 1828, "Arguments": [ "Arg1", "IN", "HANDLE", "0x28fcc0", "0x0", "Arg2", "IN", "HEAP_INFORMATION_CLASS", "0x28fcc4", "0x1", "Arg3", "IN", "PVOID", "0x28fcc8", "0x0", "Arg4", "IN", "SIZE_T", "0x28fccc", "0x0" ], "Timesptamp": "00000002.564960", "FunctionName": "HeapSetInformation", "ModuleName": "kernel32.dll", "Return": "TRUE", "Status": 0 }
{ "Address": "0x7efa117b", "Opcode": "ff155411fa7e", "Opcodesize": 6, "Mnemonic": "call dword ptr [0x7efa1154]", "PID": 1604, "TID": 1828, "Arguments": [ "Arg1", "IN", "PVOID", "0x28fcb8", "0x880000", "Arg2", "IN", "ULONG", "0x28fcbc", "0x0", "Arg3", "IN", "SIZE_T", "0x28fcc0", "0x4" ], "Timesptamp": "00000002.581679", "FunctionName": "RtlAllocateHeap", "ModuleName": "ntdll.dll", "Return": "0x891cb0", "Status": 0 }
{ "Address": "0x7efa1a33", "Opcode": "ff150c11fa7e", "Opcodesize": 6, "Mnemonic": "call dword ptr [0x7efa110c]", "PID": 1604, "TID": 1828, "Functionname": "??0CLASS_DESCRIPTOR@@QAE@XZ", "Dllname": "ulib.dll", "Status": 1 }
{ "Address": "0x7efa1a44", "Opcode": "ff150811fa7e", "Opcodesize": 6, "Mnemonic": "call dword ptr [0x7efa1108]", "PID": 1604, "TID": 1828, "Functionname": "?Initialize@CLASS_DESCRIPTOR@@QAEEXZ", "Dllname": "ulib.dll", "Status": 1 }
{ "Address": "0x7efa19a3", "Opcode": "ff153811fa7e", "Opcodesize": 6, "Mnemonic": "call dword ptr [0x7efa1138]", "PID": 1604, "TID": 1828, "Functionname": "??0DSTRING@@QAE@XZ", "Dllname": "ulib.dll", "Status": 1 }
{ "Address": "0x7efa19af", "Opcode": "ff153c11fa7e", "Opcodesize": 6, "Mnemonic": "call dword ptr [0x7efa113c]", "PID": 1604, "TID": 1828, "Functionname": "??0MULTIPLE_PATH_ARGUMENT@@QAE@XZ", "Dllname": "ulib.dll", "Status": 1 }
{ "Address": "0x7efa1526", "Opcode": "ff15f410fa7e", "Opcodesize": 6, "Mnemonic": "call dword ptr [0x7efa10f4]", "PID": 1604, "TID": 1828, "Functionname": "?Initialize@PROGRAM@@QAEEKKK@Z", "Dllname": "ulib.dll", "Status": 1 }
{ "Address": "0x7efa1534", "Opcode": "ff15e410fa7e", "Opcodesize": 6, "Mnemonic": "call dword ptr [0x7efa10e4]", "PID": 1604, "TID": 1828, "Functionname": "?IsCorrectVersion@SYSTEM@@SGEXZ", "Dllname": "ulib.dll", "Status": 1 }
{ "Address": "0x7efa1549", "Opcode": "ff15e010fa7e", "Opcodesize": 6, "Mnemonic": "call dword ptr [0x7efa10e0]", "PID": 1604, "TID": 1828, "Functionname": "?Initialize@ARRAY@@QAEEKK@Z", "Dllname": "ulib.dll", "Status": 1 }
{ "Address": "0x7efa1563", "Opcode": "ff15dc10fa7e", "Opcodesize": 6, "Mnemonic": "call dword ptr [0x7efa10dc]", "PID": 1604, "TID": 1828, "Functionname": "?Initialize@STRING_ARGUMENT@@QAEEPAD@Z", "Dllname": "ulib.dll", "Status": 1 }
{ "Address": "0x7efa1582", "Opcode": "ffd7", "Opcodesize": 2, "Mnemonic": "call edi", "PID": 1604, "TID": 1828, "Functionname": "?Initialize@FLAG_ARGUMENT@@QAEEPAD@Z", "Dllname": "ulib.dll", "Status": 1 }
{ "Address": "0x7efa1597", "Opcode": "ffd7", "Opcodesize": 2, "Mnemonic": "call edi", "PID": 1604, "TID": 1828, "Functionname": "?Initialize@FLAG_ARGUMENT@@QAEEPAD@Z", "Dllname": "ulib.dll", "Status": 1 }
{ "Address": "0x7efa15ac", "Opcode": "ffd7", "Opcodesize": 2, "Mnemonic": "call edi", "PID": 1604, "TID": 1828, "Functionname": "?Initialize@FLAG_ARGUMENT@@QAEEPAD@Z", "Dllname": "ulib.dll", "Status": 1 }
{ "Address": "0x7efa15c1", "Opcode": "ffd7", "Opcodesize": 2, "Mnemonic": "call edi", "PID": 1604, "TID": 1828, "Functionname": "?Initialize@FLAG_ARGUMENT@@QAEEPAD@Z", "Dllname": "ulib.dll", "Status": 1 }
{ "Address": "0x7efa15d6", "Opcode": "ffd7", "Opcodesize": 2, "Mnemonic": "call edi", "PID": 1604, "TID": 1828, "Functionname": "?Initialize@FLAG_ARGUMENT@@QAEEPAD@Z", "Dllname": "ulib.dll", "Status": 1 }
{ "Address": "0x7efa15eb", "Opcode": "ffd7", "Opcodesize": 2, "Mnemonic": "call edi", "PID": 1604, "TID": 1828, "Functionname": "?Initialize@FLAG_ARGUMENT@@QAEEPAD@Z", "Dllname": "ulib.dll", "Status": 1 }
{ "Address": "0x7efa1600", "Opcode": "ffd7", "Opcodesize": 2, "Mnemonic": "call edi", "PID": 1604, "TID": 1828, "Functionname": "?Initialize@FLAG_ARGUMENT@@QAEEPAD@Z", "Dllname": "ulib.dll", "Status": 1 }
{ "Address": "0x7efa1615", "Opcode": "ffd7", "Opcodesize": 2, "Mnemonic": "call edi", "PID": 1604, "TID": 1828, "Functionname": "?Initialize@FLAG_ARGUMENT@@QAEEPAD@Z", "Dllname": "ulib.dll", "Status": 1 }
{ "Address": "0x7efa1627", "Opcode": "ff15dc10fa7e", "Opcodesize": 6, "Mnemonic": "call dword ptr [0x7efa10dc]", "PID": 1604, "TID": 1828, "Functionname": "?Initialize@STRING_ARGUMENT@@QAEEPAD@Z", "Dllname": "ulib.dll", "Status": 1 }
{ "Address": "0x7efa1640", "Opcode": "ff15d410fa7e", "Opcodesize": 6, "Mnemonic": "call dword ptr [0x7efa10d4]", "PID": 1604, "TID": 1828, "Functionname": "?Initialize@MULTIPLE_PATH_ARGUMENT@@QAEEPADEE@Z", "Dllname": "ulib.dll", "Status": 1 }
{ "Address": "0x7efa1734", "Opcode": "ff15e010fa7e", "Opcodesize": 6, "Mnemonic": "call dword ptr [0x7efa10e0]", "PID": 1604, "TID": 1828, "Functionname": "?Initialize@ARRAY@@QAEEKK@Z", "Dllname": "ulib.dll", "Status": 1 }
{ "Address": "0x7efa174c", "Opcode": "ff15cc10fa7e", "Opcodesize": 6, "Mnemonic": "call dword ptr [0x7efa10cc]", "PID": 1604, "TID": 1828, "Functionname": "?Initialize@ARGUMENT_LEXEMIZER@@QAEEPAVARRAY@@@Z", "Dllname": "ulib.dll", "Status": 1 }
{ "Address": "0x7efa1765", "Opcode": "ff151411fa7e", "Opcodesize": 6, "Mnemonic": "call dword ptr [0x7efa1114]", "PID": 1604, "TID": 1828, "Functionname": "?PutSwitches@ARGUMENT_LEXEMIZER@@QAEXPBD@Z", "Dllname": "ulib.dll", "Status": 1 }
{ "Address": "0x7efa177f", "Opcode": "ffd7", "Opcodesize": 2, "Mnemonic": "call edi", "PID": 1604, "TID": 1828, "Functionname": "?Initialize@WSTRING@@QAEEPBDK@Z", "Dllname": "ulib.dll", "Status": 1 }
{ "Address": "0x7efa178a", "Opcode": "ffd7", "Opcodesize": 2, "Mnemonic": "call edi", "PID": 1604, "TID": 1828, "Functionname": "?Initialize@WSTRING@@QAEEPBDK@Z", "Dllname": "ulib.dll", "Status": 1 }
{ "Address": "0x7efa1797", "Opcode": "ff15c410fa7e", "Opcodesize": 6, "Mnemonic": "call dword ptr [0x7efa10c4]", "PID": 1604, "TID": 1828, "Functionname": "?PutSeparators@ARGUMENT_LEXEMIZER@@QAEXPBD@Z", "Dllname": "ulib.dll", "Status": 1 }
{ "Address": "0x7efa17a6", "Opcode": "ff15c010fa7e", "Opcodesize": 6, "Mnemonic": "call dword ptr [0x7efa10c0]", "PID": 1604, "TID": 1828, "Functionname": "?SetCaseSensitive@ARGUMENT_LEXEMIZER@@QAEXE@Z", "Dllname": "ulib.dll", "Status": 1 }
{ "Address": "0x7efa17b3", "Opcode": "ff15bc10fa7e", "Opcodesize": 6, "Mnemonic": "call dword ptr [0x7efa10bc]", "PID": 1604, "TID": 1828, "Functionname": "?PrepareToParse@ARGUMENT_LEXEMIZER@@QAEEPAVWSTRING@@@Z", "Dllname": "ulib.dll", "Status": 1 }
{ "Address": "0x7efa17cb", "Opcode": "ff154811fa7e", "Opcodesize": 6, "Mnemonic": "call dword ptr [0x7efa1148]", "PID": 1604, "TID": 1828, "Functionname": "?DoParsing@ARGUMENT_LEXEMIZER@@QAEEPAVARRAY@@@Z", "Dllname": "ulib.dll", "Status": 1 }
{ "Address": "0x7efa1800", "Opcode": "ff15b410fa7e", "Opcodesize": 6, "Mnemonic": "call dword ptr [0x7efa10b4]", "PID": 1604, "TID": 1828, "Functionname": "?IsValueSet@ARGUMENT@@QAEEXZ", "Dllname": "ulib.dll", "Status": 1 }
{ "Address": "0x7efa20fb", "Opcode": "ff500c", "Opcodesize": 3, "Mnemonic": "call dword ptr [eax + 0xc]", "PID": 1604, "TID": 1828, "Functionname": "?DisplayMessage@PROGRAM@@UBEEKW4MESSAGE_TYPE@@@Z", "Dllname": "ulib.dll", "Status": 1 }
{ "Address": "0x7efa2100", "Opcode": "ff157410fa7e", "Opcodesize": 6, "Mnemonic": "call dword ptr [0x7efa1074]", "PID": 1604, "TID": 1828, "Arguments": [ "Arg1", "IN", "INT", "0x28f9b4", "0x2" ], "Timesptamp": "00000003.423390", "FunctionName": "exit", "ModuleName": "msvcrt.dll" }
