{ "Address": "0x40178f", "Opcode": "ff1524614000", "Opcodesize": 6, "Mnemonic": "call dword ptr [0x406124]", "PID": 280, "TID": 1612, "Arguments": [ "Arg1", "OUT", "LPFILETIME", "0x28ff40", "0x28ff50" ], "Timesptamp": "00000000.323146", "FunctionName": "GetSystemTimeAsFileTime", "ModuleName": "kernel32.dll", "Return": "0x1daddab", "Output1": { "field1": [ "0x28ff50", "0xcb2a1da0" ], "field2": [ "0x28ff54", "0x1daddab" ] }, "Status": 0 }
{ "Address": "0x4017a0", "Opcode": "ff150c614000", "Opcodesize": 6, "Mnemonic": "call dword ptr [0x40610c]", "PID": 280, "TID": 1612, "Arguments": [ ], "Timesptamp": "00000000.335727", "FunctionName": "GetCurrentProcessId", "ModuleName": "kernel32.dll", "Return": "0x118", "Status": 0 }
{ "Address": "0x4017a8", "Opcode": "ff1510614000", "Opcodesize": 6, "Mnemonic": "call dword ptr [0x406110]", "PID": 280, "TID": 1612, "Arguments": [ ], "Timesptamp": "00000000.347001", "FunctionName": "GetCurrentThreadId", "ModuleName": "kernel32.dll", "Return": "0x64c", "Status": 0 }
{ "Address": "0x4017b0", "Opcode": "ff1528614000", "Opcodesize": 6, "Mnemonic": "call dword ptr [0x406128]", "PID": 280, "TID": 1612, "Arguments": [ ], "Timesptamp": "00000000.359011", "FunctionName": "GetTickCount", "ModuleName": "kernel32.dll", "Return": "0x5205b", "Status": 0 }
{ "Address": "0x4017bf", "Opcode": "ff1538614000", "Opcodesize": 6, "Mnemonic": "call dword ptr [0x406138]", "PID": 280, "TID": 1612, "Arguments": [ "Arg1", "OUT", "LARGE_INTEGER*", "0x28ff40", "0x28ff58" ], "Timesptamp": "00000000.370871", "FunctionName": "QueryPerformanceCounter", "ModuleName": "kernel32.dll", "Return": "TRUE", "Output1": { "field1": [ "0x28ff58", "0xf23a315c" ], "field2": [ "0x28ff5c", "0x5" ], "field3": [ "0x28ff60", "0x0" ] }, "Status": 0 }
{ "Address": "0x401433", "Opcode": "ff1520614000", "Opcodesize": 6, "Mnemonic": "call dword ptr [0x406120]", "PID": 280, "TID": 1612, "Arguments": [ "Arg1", "OUT", "LPSTARTUPINFOA", "0x28fef0", "0x28ff1c" ], "Timesptamp": "00000000.383149", "FunctionName": "GetStartupInfoA", "ModuleName": "kernel32.dll", "Return": "0x28ff1c", "Output1": { "field1": [ "0x28ff1c", "0x44" ], "field2": [ "0x28ff20", "" ], "field3": [ "0x28ff24", "winsta0\\default" ], "field4": [ "0x28ff28", "C:\\Users\\lhs\\Exec\\amber_plugin-container.exe" ], "field5": [ "0x28ff2c", "0x0" ], "field6": [ "0x28ff30", "0x0" ], "field7": [ "0x28ff34", "0x0" ], "field8": [ "0x28ff38", "0x0" ], "field9": [ "0x28ff3c", "0x0" ], "field10": [ "0x28ff40", "0x0" ], "field11": [ "0x28ff44", "0x0" ], "field12": [ "0x28ff48", "0x1" ], "field13": [ "0x28ff4c", "0x7" ], "field14": [ "0x28ff4e", "0x0" ], "field15": [ "0x28ff50", "0x0" ], "field16": [ "0x28ff51", "0xff000000" ], "field17": [ "0x28ff55", "0xffffffff" ], "field18": [ "0x28ff59", "0xffffffff" ] }, "Status": 0 }
{ "Address": "0x401479", "Opcode": "e896120000", "Opcodesize": 5, "Mnemonic": "call 0x402714", "PID": 280, "TID": 1612, "Functionname": "_initterm", "Dllname": "msvcrt.dll", "Status": 1 }
{ "Address": "0x40107a", "Opcode": "e8bd160000", "Opcodesize": 5, "Mnemonic": "call 0x40273c", "PID": 280, "TID": 1612, "Arguments": [ ], "Timesptamp": "00000000.419512", "FunctionName": "__p__fmode", "ModuleName": "msvcrt.dll", "Return": "0x762331f4", "Status": 0 }
{ "Address": "0x401404", "Opcode": "e80b130000", "Opcodesize": 5, "Mnemonic": "call 0x402714", "PID": 280, "TID": 1612, "Functionname": "_initterm", "Dllname": "msvcrt.dll", "Status": 1 }
{ "Address": "0x401155", "Opcode": "e8f2150000", "Opcodesize": 5, "Mnemonic": "call 0x40274c", "PID": 280, "TID": 1612, "Functionname": "__getmainargs", "Dllname": "msvcrt.dll", "Status": 1 }
{ "Address": "0x401238", "Opcode": "ff153c614000", "Opcodesize": 6, "Mnemonic": "call dword ptr [0x40613c]", "PID": 280, "TID": 1612, "Arguments": [ "Arg1", "IN", "DWORD", "0x28fef0", "0x401ec0" ], "Timesptamp": "00000000.500965", "FunctionName": "SetUnhandledExceptionFilter", "ModuleName": "kernel32.dll", "Return": "0x0", "Status": 0 }
{ "Address": "0x401261", "Opcode": "e8de140000", "Opcodesize": 5, "Mnemonic": "call 0x402744", "PID": 280, "TID": 1612, "Functionname": "__p__acmdln", "Dllname": "msvcrt.dll", "Status": 1 }
{ "Address": "0x4012eb", "Opcode": "e8e4130000", "Opcodesize": 5, "Mnemonic": "call 0x4026d4", "PID": 280, "TID": 1612, "Arguments": [ "Arg1", "IN", "SIZE_T", "0x28fef0", "0x8" ], "Timesptamp": "00000000.525275", "FunctionName": "malloc", "ModuleName": "msvcrt.dll", "Return": "0x550fc0", "Status": 0 }
{ "Address": "0x40131b", "Opcode": "e89c130000", "Opcodesize": 5, "Mnemonic": "call 0x4026bc", "PID": 280, "TID": 1612, "Arguments": [ "Arg1", "IN", "CHAR*", "0x28fef0", "\\Users\\lhs\\Exec\\amber_plugin-container.exe" ], "Timesptamp": "00000000.536816", "FunctionName": "strlen", "ModuleName": "msvcrt.dll", "Return": "0x2a", "Status": 0 }
{ "Address": "0x401326", "Opcode": "e8a9130000", "Opcodesize": 5, "Mnemonic": "call 0x4026d4", "PID": 280, "TID": 1612, "Arguments": [ "Arg1", "IN", "SIZE_T", "0x28fef0", "0x2b" ], "Timesptamp": "00000000.552104", "FunctionName": "malloc", "ModuleName": "msvcrt.dll", "Return": "0x550fd0", "Status": 0 }
{ "Address": "0x40133c", "Opcode": "e88b130000", "Opcodesize": 5, "Mnemonic": "call 0x4026cc", "PID": 280, "TID": 1612, "Arguments": [ "Arg1", "IN", "VOID*", "0x28fef0", "0x550fd0", "Arg2", "IN", "ARRAY0", "0x28fef4", "ARRAY_0x2b", "Arg3", "IN", "SIZE_T", "0x28fef8", "0x2b" ], "Timesptamp": "00000000.563959", "FunctionName": "memcpy", "ModuleName": "msvcrt.dll", "Return": "0x550fd0", "Status": 0 }
{ "Address": "0x4014ea", "Opcode": "e81d120000", "Opcodesize": 5, "Mnemonic": "call 0x40270c", "PID": 280, "TID": 1612, "Functionname": "_onexit", "Dllname": "msvcrt.dll", "Status": 1 }
{ "Address": "0x4014ea", "Opcode": "e81d120000", "Opcodesize": 5, "Mnemonic": "call 0x40270c", "PID": 280, "TID": 1612, "Functionname": "_onexit", "Dllname": "msvcrt.dll", "Status": 1 }
{ "Address": "0x401552", "Opcode": "ffd0", "Opcodesize": 2, "Mnemonic": "call eax", "PID": 280, "TID": 1612, "Arguments": [ "Arg1", "IN", "LPCTSTR", "0x28fe90", "USER32.dll" ], "Timesptamp": "00000000.615210", "FunctionName": "LoadLibraryA", "ModuleName": "kernel32.dll", "Return": "0x74d30000", "Status": 0 }
{ "Address": "0x40156d", "Opcode": "ffd0", "Opcodesize": 2, "Mnemonic": "call eax", "PID": 280, "TID": 1612, "Arguments": [ "Arg1", "IN", "HMODULE", "0x28fe90", "0x74d30000", "Arg2", "IN", "LPCSTR", "0x28fe94", "VirtualAlloc" ], "Timesptamp": "00000000.697102", "FunctionName": "GetProcAddress", "ModuleName": "kernel32.dll", "Return": "0x0", "Status": 0 }
{ "Address": "0x40157e", "Opcode": "ffd0", "Opcodesize": 2, "Mnemonic": "call eax", "PID": 280, "TID": 1612, "Arguments": [ "Arg1", "IN", "LPCTSTR", "0x28fe90", "\"\"" ], "Timesptamp": "00000000.713453", "FunctionName": "GetModuleHandleA", "ModuleName": "kernel32.dll", "Return": "0x400000", "Status": 0 }
{ "Address": "0x40162d", "Opcode": "ffd0", "Opcodesize": 2, "Mnemonic": "call eax", "PID": 280, "TID": 1612, "Arguments": [ "Arg1", "IN", "LPVOID", "0x28fe90", "0x0", "Arg2", "IN", "SIZE_T", "0x28fe94", "0x6400", "Arg3", "IN", "DWORD", "0x28fe98", "0x1000", "Arg4", "IN", "DWORD", "0x28fe9c", "0x40" ], "Timesptamp": "00000000.729224", "FunctionName": "VirtualAlloc", "ModuleName": "kernel32.dll", "Return": "0x320000", "Status": 0 }
{ "Address": "0x401657", "Opcode": "e870100000", "Opcodesize": 5, "Mnemonic": "call 0x4026cc", "PID": 280, "TID": 1612, "Arguments": [ "Arg1", "IN", "VOID*", "0x28fe90", "0x320000", "Arg2", "IN", "ARRAY0", "0x28fe94", "ARRAY_0x6400", "Arg3", "IN", "SIZE_T", "0x28fe98", "0x6400" ], "Timesptamp": "00000000.744730", "FunctionName": "memcpy", "ModuleName": "msvcrt.dll", "Return": "0x320000", "Status": 0 }
{ "Address": "0x326054", "Opcode": "e81e010000", "Opcodesize": 5, "Mnemonic": "call 0x326177", "PID": 280, "TID": 1612, "Arguments": [ "Arg1", "IN", "LPVOID", "0x28fe74", "0x0", "Arg2", "IN", "SIZE_T", "0x28fe78", "0x6007", "Arg3", "IN", "DWORD", "0x28fe7c", "0x103000", "Arg4", "IN", "DWORD", "0x28fe80", "0x40" ], "Timesptamp": "00000000.762385", "FunctionName": "VirtualAlloc", "ModuleName": "kernel32.dll", "Return": "0x7efa0000", "Status": 0 }
{ "Address": "0x326146", "Opcode": "e82c000000", "Opcodesize": 5, "Mnemonic": "call 0x326177", "PID": 280, "TID": 1612, "Arguments": [ "Arg1", "IN", "LPCTSTR", "0x28fe6c", "KERNEL32.dll" ], "Timesptamp": "00000000.778167", "FunctionName": "LoadLibraryA", "ModuleName": "kernel32.dll", "Return": "0x74f10000", "Status": 0 }
{ "Address": "0x326157", "Opcode": "e81b000000", "Opcodesize": 5, "Mnemonic": "call 0x326177", "PID": 280, "TID": 1612, "Arguments": [ "Arg1", "IN", "HMODULE", "0x28fe58", "0x74f10000", "Arg2", "IN", "LPCSTR", "0x28fe5c", "GetEnvironmentVariableW" ], "Timesptamp": "00000000.798370", "FunctionName": "GetProcAddress", "ModuleName": "kernel32.dll", "Return": "0x74f21b48", "Status": 0 }
{ "Address": "0x326157", "Opcode": "e81b000000", "Opcodesize": 5, "Mnemonic": "call 0x326177", "PID": 280, "TID": 1612, "Arguments": [ "Arg1", "IN", "HMODULE", "0x28fe58", "0x74f10000", "Arg2", "IN", "LPCSTR", "0x28fe5c", "SetDllDirectoryW" ], "Timesptamp": "00000000.813802", "FunctionName": "GetProcAddress", "ModuleName": "kernel32.dll", "Return": "0x74fa004f", "Status": 0 }
{ "Address": "0x326157", "Opcode": "e81b000000", "Opcodesize": 5, "Mnemonic": "call 0x326177", "PID": 280, "TID": 1612, "Arguments": [ "Arg1", "IN", "HMODULE", "0x28fe58", "0x74f10000", "Arg2", "IN", "LPCSTR", "0x28fe5c", "SetEnvironmentVariableW" ], "Timesptamp": "00000000.829192", "FunctionName": "GetProcAddress", "ModuleName": "kernel32.dll", "Return": "0x74f289f1", "Status": 0 }
{ "Address": "0x326157", "Opcode": "e81b000000", "Opcodesize": 5, "Mnemonic": "call 0x326177", "PID": 280, "TID": 1612, "Arguments": [ "Arg1", "IN", "HMODULE", "0x28fe58", "0x74f10000", "Arg2", "IN", "LPCSTR", "0x28fe5c", "ExpandEnvironmentStringsW" ], "Timesptamp": "00000000.844617", "FunctionName": "GetProcAddress", "ModuleName": "kernel32.dll", "Return": "0x74f24173", "Status": 0 }
{ "Address": "0x326157", "Opcode": "e81b000000", "Opcodesize": 5, "Mnemonic": "call 0x326177", "PID": 280, "TID": 1612, "Arguments": [ "Arg1", "IN", "HMODULE", "0x28fe58", "0x74f10000", "Arg2", "IN", "LPCSTR", "0x28fe5c", "UnhandledExceptionFilter" ], "Timesptamp": "00000000.860148", "FunctionName": "GetProcAddress", "ModuleName": "kernel32.dll", "Return": "0x74f4772f", "Status": 0 }
{ "Address": "0x326157", "Opcode": "e81b000000", "Opcodesize": 5, "Mnemonic": "call 0x326177", "PID": 280, "TID": 1612, "Arguments": [ "Arg1", "IN", "HMODULE", "0x28fe58", "0x74f10000", "Arg2", "IN", "LPCSTR", "0x28fe5c", "GetCurrentProcess" ], "Timesptamp": "00000000.875820", "FunctionName": "GetProcAddress", "ModuleName": "kernel32.dll", "Return": "0x74f21809", "Status": 0 }
{ "Address": "0x326157", "Opcode": "e81b000000", "Opcodesize": 5, "Mnemonic": "call 0x326177", "PID": 280, "TID": 1612, "Arguments": [ "Arg1", "IN", "HMODULE", "0x28fe58", "0x74f10000", "Arg2", "IN", "LPCSTR", "0x28fe5c", "TerminateProcess" ], "Timesptamp": "00000000.895285", "FunctionName": "GetProcAddress", "ModuleName": "kernel32.dll", "Return": "0x74f3d802", "Status": 0 }
{ "Address": "0x326157", "Opcode": "e81b000000", "Opcodesize": 5, "Mnemonic": "call 0x326177", "PID": 280, "TID": 1612, "Arguments": [ "Arg1", "IN", "HMODULE", "0x28fe58", "0x74f10000", "Arg2", "IN", "LPCSTR", "0x28fe5c", "GetSystemTimeAsFileTime" ], "Timesptamp": "00000000.910843", "FunctionName": "GetProcAddress", "ModuleName": "kernel32.dll", "Return": "0x74f23509", "Status": 0 }
{ "Address": "0x326157", "Opcode": "e81b000000", "Opcodesize": 5, "Mnemonic": "call 0x326177", "PID": 280, "TID": 1612, "Arguments": [ "Arg1", "IN", "HMODULE", "0x28fe58", "0x74f10000", "Arg2", "IN", "LPCSTR", "0x28fe5c", "GetCurrentProcessId" ], "Timesptamp": "00000000.926451", "FunctionName": "GetProcAddress", "ModuleName": "kernel32.dll", "Return": "0x74f211f8", "Status": 0 }
{ "Address": "0x326157", "Opcode": "e81b000000", "Opcodesize": 5, "Mnemonic": "call 0x326177", "PID": 280, "TID": 1612, "Arguments": [ "Arg1", "IN", "HMODULE", "0x28fe58", "0x74f10000", "Arg2", "IN", "LPCSTR", "0x28fe5c", "GetCurrentThreadId" ], "Timesptamp": "00000000.941841", "FunctionName": "GetProcAddress", "ModuleName": "kernel32.dll", "Return": "0x74f21450", "Status": 0 }
{ "Address": "0x326157", "Opcode": "e81b000000", "Opcodesize": 5, "Mnemonic": "call 0x326177", "PID": 280, "TID": 1612, "Arguments": [ "Arg1", "IN", "HMODULE", "0x28fe58", "0x74f10000", "Arg2", "IN", "LPCSTR", "0x28fe5c", "GetTickCount" ], "Timesptamp": "00000000.957230", "FunctionName": "GetProcAddress", "ModuleName": "kernel32.dll", "Return": "0x74f2110c", "Status": 0 }
{ "Address": "0x326157", "Opcode": "e81b000000", "Opcodesize": 5, "Mnemonic": "call 0x326177", "PID": 280, "TID": 1612, "Arguments": [ "Arg1", "IN", "HMODULE", "0x28fe58", "0x74f10000", "Arg2", "IN", "LPCSTR", "0x28fe5c", "QueryPerformanceCounter" ], "Timesptamp": "00000000.972603", "FunctionName": "GetProcAddress", "ModuleName": "kernel32.dll", "Return": "0x74f21725", "Status": 0 }
{ "Address": "0x326157", "Opcode": "e81b000000", "Opcodesize": 5, "Mnemonic": "call 0x326177", "PID": 280, "TID": 1612, "Arguments": [ "Arg1", "IN", "HMODULE", "0x28fe58", "0x74f10000", "Arg2", "IN", "LPCSTR", "0x28fe5c", "DecodePointer" ], "Timesptamp": "00000000.988127", "FunctionName": "GetProcAddress", "ModuleName": "kernel32.dll", "Return": "0x77079d35", "Status": 0 }
{ "Address": "0x326157", "Opcode": "e81b000000", "Opcodesize": 5, "Mnemonic": "call 0x326177", "PID": 280, "TID": 1612, "Arguments": [ "Arg1", "IN", "HMODULE", "0x28fe58", "0x74f10000", "Arg2", "IN", "LPCSTR", "0x28fe5c", "SetUnhandledExceptionFilter" ], "Timesptamp": "00000001.003524", "FunctionName": "GetProcAddress", "ModuleName": "kernel32.dll", "Return": "0x74f287c9", "Status": 0 }
{ "Address": "0x326157", "Opcode": "e81b000000", "Opcodesize": 5, "Mnemonic": "call 0x326177", "PID": 280, "TID": 1612, "Arguments": [ "Arg1", "IN", "HMODULE", "0x28fe58", "0x74f10000", "Arg2", "IN", "LPCSTR", "0x28fe5c", "EncodePointer" ], "Timesptamp": "00000001.019703", "FunctionName": "GetProcAddress", "ModuleName": "kernel32.dll", "Return": "0x77080fcb", "Status": 0 }
{ "Address": "0x326157", "Opcode": "e81b000000", "Opcodesize": 5, "Mnemonic": "call 0x326177", "PID": 280, "TID": 1612, "Arguments": [ "Arg1", "IN", "HMODULE", "0x28fe58", "0x74f10000", "Arg2", "IN", "LPCSTR", "0x28fe5c", "HeapSetInformation" ], "Timesptamp": "00000001.035180", "FunctionName": "GetProcAddress", "ModuleName": "kernel32.dll", "Return": "0x74f25651", "Status": 0 }
{ "Address": "0x326157", "Opcode": "e81b000000", "Opcodesize": 5, "Mnemonic": "call 0x326177", "PID": 280, "TID": 1612, "Arguments": [ "Arg1", "IN", "HMODULE", "0x28fe58", "0x74f10000", "Arg2", "IN", "LPCSTR", "0x28fe5c", "InterlockedCompareExchange" ], "Timesptamp": "00000001.051037", "FunctionName": "GetProcAddress", "ModuleName": "kernel32.dll", "Return": "0x74f21484", "Status": 0 }
{ "Address": "0x326157", "Opcode": "e81b000000", "Opcodesize": 5, "Mnemonic": "call 0x326177", "PID": 280, "TID": 1612, "Arguments": [ "Arg1", "IN", "HMODULE", "0x28fe58", "0x74f10000", "Arg2", "IN", "LPCSTR", "0x28fe5c", "Sleep" ], "Timesptamp": "00000001.066495", "FunctionName": "GetProcAddress", "ModuleName": "kernel32.dll", "Return": "0x74f210ff", "Status": 0 }
{ "Address": "0x326157", "Opcode": "e81b000000", "Opcodesize": 5, "Mnemonic": "call 0x326177", "PID": 280, "TID": 1612, "Arguments": [ "Arg1", "IN", "HMODULE", "0x28fe58", "0x74f10000", "Arg2", "IN", "LPCSTR", "0x28fe5c", "InterlockedExchange" ], "Timesptamp": "00000001.081938", "FunctionName": "GetProcAddress", "ModuleName": "kernel32.dll", "Return": "0x74f21462", "Status": 0 }
{ "Address": "0x326157", "Opcode": "e81b000000", "Opcodesize": 5, "Mnemonic": "call 0x326177", "PID": 280, "TID": 1612, "Arguments": [ "Arg1", "IN", "HMODULE", "0x28fe58", "0x74f10000", "Arg2", "IN", "LPCSTR", "0x28fe5c", "IsDebuggerPresent" ], "Timesptamp": "00000001.094415", "FunctionName": "GetProcAddress", "ModuleName": "kernel32.dll", "Return": "0x74f24a5d", "Status": 0 }
{ "Address": "0x326146", "Opcode": "e82c000000", "Opcodesize": 5, "Mnemonic": "call 0x326177", "PID": 280, "TID": 1612, "Arguments": [ "Arg1", "IN", "LPCTSTR", "0x28fe6c", "xul.dll" ], "Timesptamp": "00000001.107059", "FunctionName": "LoadLibraryA", "ModuleName": "kernel32.dll", "Return": "0x0", "Status": 0 }
{ "Address": "0x326157", "Opcode": "e81b000000", "Opcodesize": 5, "Mnemonic": "call 0x326177", "PID": 280, "TID": 1612, "Arguments": [ "Arg1", "IN", "HMODULE", "0x28fe58", "0x0", "Arg2", "IN", "LPCSTR", "0x28fe5c", "XRE_StringToChildProcessType" ], "Timesptamp": "00000001.139965", "FunctionName": "GetProcAddress", "ModuleName": "kernel32.dll", "Return": "0x0", "Status": 0 }
{ "Address": "0x326157", "Opcode": "e81b000000", "Opcodesize": 5, "Mnemonic": "call 0x326177", "PID": 280, "TID": 1612, "Arguments": [ "Arg1", "IN", "HMODULE", "0x28fe58", "0x0", "Arg2", "IN", "LPCSTR", "0x28fe5c", "XRE_InitChildProcess" ], "Timesptamp": "00000001.165031", "FunctionName": "GetProcAddress", "ModuleName": "kernel32.dll", "Return": "0x0", "Status": 0 }
{ "Address": "0x326146", "Opcode": "e82c000000", "Opcodesize": 5, "Mnemonic": "call 0x326177", "PID": 280, "TID": 1612, "Arguments": [ "Arg1", "IN", "LPCTSTR", "0x28fe6c", "mozalloc.dll" ], "Timesptamp": "00000001.180605", "FunctionName": "LoadLibraryA", "ModuleName": "kernel32.dll", "Return": "0x0", "Status": 0 }
{ "Address": "0x326157", "Opcode": "e81b000000", "Opcodesize": 5, "Mnemonic": "call 0x326177", "PID": 280, "TID": 1612, "Arguments": [ "Arg1", "IN", "HMODULE", "0x28fe58", "0x0", "Arg2", "IN", "LPCSTR", "0x28fe5c", "moz_free" ], "Timesptamp": "00000001.199744", "FunctionName": "GetProcAddress", "ModuleName": "kernel32.dll", "Return": "0x0", "Status": 0 }
{ "Address": "0x326157", "Opcode": "e81b000000", "Opcodesize": 5, "Mnemonic": "call 0x326177", "PID": 280, "TID": 1612, "Arguments": [ "Arg1", "IN", "HMODULE", "0x28fe58", "0x0", "Arg2", "IN", "LPCSTR", "0x28fe5c", "moz_xmalloc" ], "Timesptamp": "00000001.215298", "FunctionName": "GetProcAddress", "ModuleName": "kernel32.dll", "Return": "0x0", "Status": 0 }
{ "Address": "0x326146", "Opcode": "e82c000000", "Opcodesize": 5, "Mnemonic": "call 0x326177", "PID": 280, "TID": 1612, "Arguments": [ "Arg1", "IN", "LPCTSTR", "0x28fe6c", "MSVCR100.dll" ], "Timesptamp": "00000001.231010", "FunctionName": "LoadLibraryA", "ModuleName": "kernel32.dll", "Return": "0x0", "Status": 0 }
{ "Address": "0x326157", "Opcode": "e81b000000", "Opcodesize": 5, "Mnemonic": "call 0x326177", "PID": 280, "TID": 1612, "Arguments": [ "Arg1", "IN", "HMODULE", "0x28fe58", "0x0", "Arg2", "IN", "LPCSTR", "0x28fe5c", "_configthreadlocale" ], "Timesptamp": "00000001.247166", "FunctionName": "GetProcAddress", "ModuleName": "kernel32.dll", "Return": "0x0", "Status": 0 }
{ "Address": "0x326157", "Opcode": "e81b000000", "Opcodesize": 5, "Mnemonic": "call 0x326177", "PID": 280, "TID": 1612, "Arguments": [ "Arg1", "IN", "HMODULE", "0x28fe58", "0x0", "Arg2", "IN", "LPCSTR", "0x28fe5c", "__setusermatherr" ], "Timesptamp": "00000001.262684", "FunctionName": "GetProcAddress", "ModuleName": "kernel32.dll", "Return": "0x0", "Status": 0 }
{ "Address": "0x326157", "Opcode": "e81b000000", "Opcodesize": 5, "Mnemonic": "call 0x326177", "PID": 280, "TID": 1612, "Arguments": [ "Arg1", "IN", "HMODULE", "0x28fe58", "0x0", "Arg2", "IN", "LPCSTR", "0x28fe5c", "_commode" ], "Timesptamp": "00000001.278385", "FunctionName": "GetProcAddress", "ModuleName": "kernel32.dll", "Return": "0x0", "Status": 0 }
{ "Address": "0x326157", "Opcode": "e81b000000", "Opcodesize": 5, "Mnemonic": "call 0x326177", "PID": 280, "TID": 1612, "Arguments": [ "Arg1", "IN", "HMODULE", "0x28fe58", "0x0", "Arg2", "IN", "LPCSTR", "0x28fe5c", "_fmode" ], "Timesptamp": "00000001.295570", "FunctionName": "GetProcAddress", "ModuleName": "kernel32.dll", "Return": "0x0", "Status": 0 }
{ "Address": "0x326157", "Opcode": "e81b000000", "Opcodesize": 5, "Mnemonic": "call 0x326177", "PID": 280, "TID": 1612, "Arguments": [ "Arg1", "IN", "HMODULE", "0x28fe58", "0x0", "Arg2", "IN", "LPCSTR", "0x28fe5c", "__set_app_type" ], "Timesptamp": "00000001.311392", "FunctionName": "GetProcAddress", "ModuleName": "kernel32.dll", "Return": "0x0", "Status": 0 }
{ "Address": "0x326157", "Opcode": "e81b000000", "Opcodesize": 5, "Mnemonic": "call 0x326177", "PID": 280, "TID": 1612, "Arguments": [ "Arg1", "IN", "HMODULE", "0x28fe58", "0x0", "Arg2", "IN", "LPCSTR", "0x28fe5c", "_initterm_e" ], "Timesptamp": "00000001.326918", "FunctionName": "GetProcAddress", "ModuleName": "kernel32.dll", "Return": "0x0", "Status": 0 }
{ "Address": "0x326157", "Opcode": "e81b000000", "Opcodesize": 5, "Mnemonic": "call 0x326177", "PID": 280, "TID": 1612, "Arguments": [ "Arg1", "IN", "HMODULE", "0x28fe58", "0x0", "Arg2", "IN", "LPCSTR", "0x28fe5c", "_unlock" ], "Timesptamp": "00000001.342469", "FunctionName": "GetProcAddress", "ModuleName": "kernel32.dll", "Return": "0x0", "Status": 0 }
{ "Address": "0x326157", "Opcode": "e81b000000", "Opcodesize": 5, "Mnemonic": "call 0x326177", "PID": 280, "TID": 1612, "Arguments": [ "Arg1", "IN", "HMODULE", "0x28fe58", "0x0", "Arg2", "IN", "LPCSTR", "0x28fe5c", "__dllonexit" ], "Timesptamp": "00000001.358120", "FunctionName": "GetProcAddress", "ModuleName": "kernel32.dll", "Return": "0x0", "Status": 0 }
{ "Address": "0x326157", "Opcode": "e81b000000", "Opcodesize": 5, "Mnemonic": "call 0x326177", "PID": 280, "TID": 1612, "Arguments": [ "Arg1", "IN", "HMODULE", "0x28fe58", "0x0", "Arg2", "IN", "LPCSTR", "0x28fe5c", "_lock" ], "Timesptamp": "00000001.373714", "FunctionName": "GetProcAddress", "ModuleName": "kernel32.dll", "Return": "0x0", "Status": 0 }
{ "Address": "0x326157", "Opcode": "e81b000000", "Opcodesize": 5, "Mnemonic": "call 0x326177", "PID": 280, "TID": 1612, "Arguments": [ "Arg1", "IN", "HMODULE", "0x28fe58", "0x0", "Arg2", "IN", "LPCSTR", "0x28fe5c", "_onexit" ], "Timesptamp": "00000001.396809", "FunctionName": "GetProcAddress", "ModuleName": "kernel32.dll", "Return": "0x0", "Status": 0 }
{ "Address": "0x326157", "Opcode": "e81b000000", "Opcodesize": 5, "Mnemonic": "call 0x326177", "PID": 280, "TID": 1612, "Arguments": [ "Arg1", "IN", "HMODULE", "0x28fe58", "0x0", "Arg2", "IN", "LPCSTR", "0x28fe5c", "_except_handler4_common" ], "Timesptamp": "00000001.413171", "FunctionName": "GetProcAddress", "ModuleName": "kernel32.dll", "Return": "0x0", "Status": 0 }
{ "Address": "0x326157", "Opcode": "e81b000000", "Opcodesize": 5, "Mnemonic": "call 0x326177", "PID": 280, "TID": 1612, "Arguments": [ "Arg1", "IN", "HMODULE", "0x28fe58", "0x0", "Arg2", "IN", "LPCSTR", "0x28fe5c", "_invoke_watson" ], "Timesptamp": "00000001.430745", "FunctionName": "GetProcAddress", "ModuleName": "kernel32.dll", "Return": "0x0", "Status": 0 }
{ "Address": "0x326157", "Opcode": "e81b000000", "Opcodesize": 5, "Mnemonic": "call 0x326177", "PID": 280, "TID": 1612, "Arguments": [ "Arg1", "IN", "HMODULE", "0x28fe58", "0x0", "Arg2", "IN", "LPCSTR", "0x28fe5c", "_controlfp_s" ], "Timesptamp": "00000001.446305", "FunctionName": "GetProcAddress", "ModuleName": "kernel32.dll", "Return": "0x0", "Status": 0 }
{ "Address": "0x326157", "Opcode": "e81b000000", "Opcodesize": 5, "Mnemonic": "call 0x326177", "PID": 280, "TID": 1612, "Arguments": [ "Arg1", "IN", "HMODULE", "0x28fe58", "0x0", "Arg2", "IN", "LPCSTR", "0x28fe5c", "_crt_debugger_hook" ], "Timesptamp": "00000001.461824", "FunctionName": "GetProcAddress", "ModuleName": "kernel32.dll", "Return": "0x0", "Status": 0 }
{ "Address": "0x326157", "Opcode": "e81b000000", "Opcodesize": 5, "Mnemonic": "call 0x326177", "PID": 280, "TID": 1612, "Arguments": [ "Arg1", "IN", "HMODULE", "0x28fe58", "0x0", "Arg2", "IN", "LPCSTR", "0x28fe5c", "_initterm" ], "Timesptamp": "00000001.487028", "FunctionName": "GetProcAddress", "ModuleName": "kernel32.dll", "Return": "0x0", "Status": 0 }
{ "Address": "0x326157", "Opcode": "e81b000000", "Opcodesize": 5, "Mnemonic": "call 0x326177", "PID": 280, "TID": 1612, "Arguments": [ "Arg1", "IN", "HMODULE", "0x28fe58", "0x0", "Arg2", "IN", "LPCSTR", "0x28fe5c", "__winitenv" ], "Timesptamp": "00000001.503531", "FunctionName": "GetProcAddress", "ModuleName": "kernel32.dll", "Return": "0x0", "Status": 0 }
{ "Address": "0x326157", "Opcode": "e81b000000", "Opcodesize": 5, "Mnemonic": "call 0x326177", "PID": 280, "TID": 1612, "Arguments": [ "Arg1", "IN", "HMODULE", "0x28fe58", "0x0", "Arg2", "IN", "LPCSTR", "0x28fe5c", "exit" ], "Timesptamp": "00000001.519072", "FunctionName": "GetProcAddress", "ModuleName": "kernel32.dll", "Return": "0x0", "Status": 0 }
{ "Address": "0x326157", "Opcode": "e81b000000", "Opcodesize": 5, "Mnemonic": "call 0x326177", "PID": 280, "TID": 1612, "Arguments": [ "Arg1", "IN", "HMODULE", "0x28fe58", "0x0", "Arg2", "IN", "LPCSTR", "0x28fe5c", "_XcptFilter" ], "Timesptamp": "00000001.538295", "FunctionName": "GetProcAddress", "ModuleName": "kernel32.dll", "Return": "0x0", "Status": 0 }
{ "Address": "0x326157", "Opcode": "e81b000000", "Opcodesize": 5, "Mnemonic": "call 0x326177", "PID": 280, "TID": 1612, "Arguments": [ "Arg1", "IN", "HMODULE", "0x28fe58", "0x0", "Arg2", "IN", "LPCSTR", "0x28fe5c", "_exit" ], "Timesptamp": "00000001.553818", "FunctionName": "GetProcAddress", "ModuleName": "kernel32.dll", "Return": "0x0", "Status": 0 }
{ "Address": "0x326157", "Opcode": "e81b000000", "Opcodesize": 5, "Mnemonic": "call 0x326177", "PID": 280, "TID": 1612, "Arguments": [ "Arg1", "IN", "HMODULE", "0x28fe58", "0x0", "Arg2", "IN", "LPCSTR", "0x28fe5c", "_cexit" ], "Timesptamp": "00000001.572260", "FunctionName": "GetProcAddress", "ModuleName": "kernel32.dll", "Return": "0x0", "Status": 0 }
{ "Address": "0x326157", "Opcode": "e81b000000", "Opcodesize": 5, "Mnemonic": "call 0x326177", "PID": 280, "TID": 1612, "Arguments": [ "Arg1", "IN", "HMODULE", "0x28fe58", "0x0", "Arg2", "IN", "LPCSTR", "0x28fe5c", "__wgetmainargs" ], "Timesptamp": "00000001.588582", "FunctionName": "GetProcAddress", "ModuleName": "kernel32.dll", "Return": "0x0", "Status": 0 }
{ "Address": "0x326157", "Opcode": "e81b000000", "Opcodesize": 5, "Mnemonic": "call 0x326177", "PID": 280, "TID": 1612, "Arguments": [ "Arg1", "IN", "HMODULE", "0x28fe58", "0x0", "Arg2", "IN", "LPCSTR", "0x28fe5c", "_amsg_exit" ], "Timesptamp": "00000001.604220", "FunctionName": "GetProcAddress", "ModuleName": "kernel32.dll", "Return": "0x0", "Status": 0 }
{ "Address": "0x326157", "Opcode": "e81b000000", "Opcodesize": 5, "Mnemonic": "call 0x326177", "PID": 280, "TID": 1612, "Arguments": [ "Arg1", "IN", "HMODULE", "0x28fe58", "0x0", "Arg2", "IN", "LPCSTR", "0x28fe5c", "wcslen" ], "Timesptamp": "00000001.623275", "FunctionName": "GetProcAddress", "ModuleName": "kernel32.dll", "Return": "0x0", "Status": 0 }
{ "Address": "0x326157", "Opcode": "e81b000000", "Opcodesize": 5, "Mnemonic": "call 0x326177", "PID": 280, "TID": 1612, "Arguments": [ "Arg1", "IN", "HMODULE", "0x28fe58", "0x0", "Arg2", "IN", "LPCSTR", "0x28fe5c", "?terminate@@YAXXZ" ], "Timesptamp": "00000001.639551", "FunctionName": "GetProcAddress", "ModuleName": "kernel32.dll", "Return": "0x0", "Status": 0 }
{ "Address": "0x7efa1980", "Opcode": "ff151c20fa7e", "Opcodesize": 6, "Mnemonic": "call dword ptr [0x7efa201c]", "PID": 280, "TID": 1612, "Arguments": [ "Arg1", "OUT", "LPFILETIME", "0x28fe60", "0x28fe78" ], "Timesptamp": "00000001.655854", "FunctionName": "GetSystemTimeAsFileTime", "ModuleName": "kernel32.dll", "Return": "0x1daddab", "Output1": { "field1": [ "0x28fe78", "0xcbf6d3e0" ], "field2": [ "0x28fe7c", "0x1daddab" ] }, "Status": 0 }
{ "Address": "0x7efa198c", "Opcode": "ff152020fa7e", "Opcodesize": 6, "Mnemonic": "call dword ptr [0x7efa2020]", "PID": 280, "TID": 1612, "Arguments": [ ], "Timesptamp": "00000001.675354", "FunctionName": "GetCurrentProcessId", "ModuleName": "kernel32.dll", "Return": "0x118", "Status": 0 }
{ "Address": "0x7efa1994", "Opcode": "ff152420fa7e", "Opcodesize": 6, "Mnemonic": "call dword ptr [0x7efa2024]", "PID": 280, "TID": 1612, "Arguments": [ ], "Timesptamp": "00000001.690886", "FunctionName": "GetCurrentThreadId", "ModuleName": "kernel32.dll", "Return": "0x64c", "Status": 0 }
{ "Address": "0x7efa199c", "Opcode": "ff152820fa7e", "Opcodesize": 6, "Mnemonic": "call dword ptr [0x7efa2028]", "PID": 280, "TID": 1612, "Arguments": [ ], "Timesptamp": "00000001.706426", "FunctionName": "GetTickCount", "ModuleName": "kernel32.dll", "Return": "0x525a8", "Status": 0 }
{ "Address": "0x7efa19a8", "Opcode": "ff152c20fa7e", "Opcodesize": 6, "Mnemonic": "call dword ptr [0x7efa202c]", "PID": 280, "TID": 1612, "Arguments": [ "Arg1", "OUT", "LARGE_INTEGER*", "0x28fe60", "0x28fe70" ], "Timesptamp": "00000001.722322", "FunctionName": "QueryPerformanceCounter", "ModuleName": "kernel32.dll", "Return": "TRUE", "Output1": { "field1": [ "0x28fe70", "0xf744e504" ], "field2": [ "0x28fe74", "0x5" ], "field3": [ "0x28fe78", "0x1daddabcbf6d3e0" ] }, "Status": 0 }
{ "Address": "0x7efa1394", "Opcode": "ff153c20fa7e", "Opcodesize": 6, "Mnemonic": "call dword ptr [0x7efa203c]", "PID": 280, "TID": 1612, "Arguments": [ "Arg1", "IN", "HANDLE", "0x28fe44", "0x0", "Arg2", "IN", "HEAP_INFORMATION_CLASS", "0x28fe48", "0x1", "Arg3", "IN", "PVOID", "0x28fe4c", "0x0", "Arg4", "IN", "SIZE_T", "0x28fe50", "0x0" ], "Timesptamp": "00000001.738120", "FunctionName": "HeapSetInformation", "ModuleName": "kernel32.dll", "Return": "TRUE", "Status": 0 }
{ "Address": "0x7efa13b1", "Opcode": "ff154020fa7e", "Opcodesize": 6, "Mnemonic": "call dword ptr [0x7efa2040]", "PID": 280, "TID": 1612, "Functionname": "InterlockedCompareExchange", "Dllname": "kernel32.dll", "Status": 1 }
