{ "Address": "0x40178f", "Opcode": "ff1524614000", "Opcodesize": 6, "Mnemonic": "call dword ptr [0x406124]", "PID": 448, "TID": 1700, "Arguments": [ "Arg1", "OUT", "LPFILETIME", "0x28ff40", "0x28ff50" ], "Timesptamp": "00000000.379558", "FunctionName": "GetSystemTimeAsFileTime", "ModuleName": "kernel32.dll", "Return": "0x1daddab", "Output1": { "field1": [ "0x28ff50", "0xcb7d6dc0" ], "field2": [ "0x28ff54", "0x1daddab" ] }, "Status": 0 }
{ "Address": "0x4017a0", "Opcode": "ff150c614000", "Opcodesize": 6, "Mnemonic": "call dword ptr [0x40610c]", "PID": 448, "TID": 1700, "Arguments": [ ], "Timesptamp": "00000000.410005", "FunctionName": "GetCurrentProcessId", "ModuleName": "kernel32.dll", "Return": "0x1c0", "Status": 0 }
{ "Address": "0x4017a8", "Opcode": "ff1510614000", "Opcodesize": 6, "Mnemonic": "call dword ptr [0x406110]", "PID": 448, "TID": 1700, "Arguments": [ ], "Timesptamp": "00000000.423298", "FunctionName": "GetCurrentThreadId", "ModuleName": "kernel32.dll", "Return": "0x6a4", "Status": 0 }
{ "Address": "0x4017b0", "Opcode": "ff1528614000", "Opcodesize": 6, "Mnemonic": "call dword ptr [0x406128]", "PID": 448, "TID": 1700, "Arguments": [ ], "Timesptamp": "00000000.437512", "FunctionName": "GetTickCount", "ModuleName": "kernel32.dll", "Return": "0x5229c", "Status": 0 }
{ "Address": "0x4017bf", "Opcode": "ff1538614000", "Opcodesize": 6, "Mnemonic": "call dword ptr [0x406138]", "PID": 448, "TID": 1700, "Arguments": [ "Arg1", "OUT", "LARGE_INTEGER*", "0x28ff40", "0x28ff58" ], "Timesptamp": "00000000.450998", "FunctionName": "QueryPerformanceCounter", "ModuleName": "kernel32.dll", "Return": "TRUE", "Output1": { "field1": [ "0x28ff58", "0xf4426e3e" ], "field2": [ "0x28ff5c", "0x5" ], "field3": [ "0x28ff60", "0x0" ] }, "Status": 0 }
{ "Address": "0x401433", "Opcode": "ff1520614000", "Opcodesize": 6, "Mnemonic": "call dword ptr [0x406120]", "PID": 448, "TID": 1700, "Arguments": [ "Arg1", "OUT", "LPSTARTUPINFOA", "0x28fef0", "0x28ff1c" ], "Timesptamp": "00000000.464694", "FunctionName": "GetStartupInfoA", "ModuleName": "kernel32.dll", "Return": "0x28ff1c", "Output1": { "field1": [ "0x28ff1c", "0x44" ], "field2": [ "0x28ff20", "" ], "field3": [ "0x28ff24", "winsta0\\default" ], "field4": [ "0x28ff28", "C:\\Users\\lhs\\Exec\\amber_AddInProcess32.exe" ], "field5": [ "0x28ff2c", "0x0" ], "field6": [ "0x28ff30", "0x0" ], "field7": [ "0x28ff34", "0x0" ], "field8": [ "0x28ff38", "0x0" ], "field9": [ "0x28ff3c", "0x0" ], "field10": [ "0x28ff40", "0x0" ], "field11": [ "0x28ff44", "0x0" ], "field12": [ "0x28ff48", "0x1" ], "field13": [ "0x28ff4c", "0x7" ], "field14": [ "0x28ff4e", "0x0" ], "field15": [ "0x28ff50", "0x0" ], "field16": [ "0x28ff51", "0xff000000" ], "field17": [ "0x28ff55", "0xffffffff" ], "field18": [ "0x28ff59", "0xffffffff" ] }, "Status": 0 }
{ "Address": "0x401479", "Opcode": "e896120000", "Opcodesize": 5, "Mnemonic": "call 0x402714", "PID": 448, "TID": 1700, "Functionname": "_initterm", "Dllname": "msvcrt.dll", "Status": 1 }
{ "Address": "0x402247", "Opcode": "ff152c614000", "Opcodesize": 6, "Mnemonic": "call dword ptr [0x40612c]", "PID": 448, "TID": 1908, "Arguments": [ "Arg1", "IN", "INT", "0x28fec4", "0x2" ], "Timesptamp": "00000000.502432", "FunctionName": "__set_app_type", "ModuleName": "msvcrt.dll", "Functionname": "InterlockedCompareExchange", "Dllname": "kernel32.dll", "Status": 1 }
{ "Address": "0x40107a", "Opcode": "e8bd160000", "Opcodesize": 5, "Mnemonic": "call 0x40273c", "PID": 448, "TID": 1700, "Arguments": [ ], "Timesptamp": "00000000.531656", "FunctionName": "__p__fmode", "ModuleName": "msvcrt.dll", "Return": "0x762331f4", "Status": 0 }
{ "Address": "0x401404", "Opcode": "e80b130000", "Opcodesize": 5, "Mnemonic": "call 0x402714", "PID": 448, "TID": 1700, "Functionname": "_initterm", "Dllname": "msvcrt.dll", "Status": 1 }
{ "Address": "0x401155", "Opcode": "e8f2150000", "Opcodesize": 5, "Mnemonic": "call 0x40274c", "PID": 448, "TID": 1700, "Functionname": "__getmainargs", "Dllname": "msvcrt.dll", "Status": 1 }
{ "Address": "0x401238", "Opcode": "ff153c614000", "Opcodesize": 6, "Mnemonic": "call dword ptr [0x40613c]", "PID": 448, "TID": 1700, "Arguments": [ "Arg1", "IN", "DWORD", "0x28fef0", "0x401ec0" ], "Timesptamp": "00000000.619694", "FunctionName": "SetUnhandledExceptionFilter", "ModuleName": "kernel32.dll", "Return": "0x0", "Status": 0 }
{ "Address": "0x401261", "Opcode": "e8de140000", "Opcodesize": 5, "Mnemonic": "call 0x402744", "PID": 448, "TID": 1700, "Functionname": "__p__acmdln", "Dllname": "msvcrt.dll", "Status": 1 }
{ "Address": "0x4012eb", "Opcode": "e8e4130000", "Opcodesize": 5, "Mnemonic": "call 0x4026d4", "PID": 448, "TID": 1700, "Arguments": [ "Arg1", "IN", "SIZE_T", "0x28fef0", "0x8" ], "Timesptamp": "00000000.646665", "FunctionName": "malloc", "ModuleName": "msvcrt.dll", "Return": "0x360fb8", "Status": 0 }
{ "Address": "0x40131b", "Opcode": "e89c130000", "Opcodesize": 5, "Mnemonic": "call 0x4026bc", "PID": 448, "TID": 1700, "Arguments": [ "Arg1", "IN", "CHAR*", "0x28fef0", "\\Users\\lhs\\Exec\\amber_AddInProcess32.exe" ], "Timesptamp": "00000000.672052", "FunctionName": "strlen", "ModuleName": "msvcrt.dll", "Return": "0x28", "Status": 0 }
{ "Address": "0x401326", "Opcode": "e8a9130000", "Opcodesize": 5, "Mnemonic": "call 0x4026d4", "PID": 448, "TID": 1700, "Arguments": [ "Arg1", "IN", "SIZE_T", "0x28fef0", "0x29" ], "Timesptamp": "00000000.685340", "FunctionName": "malloc", "ModuleName": "msvcrt.dll", "Return": "0x360fc8", "Status": 0 }
{ "Address": "0x40133c", "Opcode": "e88b130000", "Opcodesize": 5, "Mnemonic": "call 0x4026cc", "PID": 448, "TID": 1700, "Arguments": [ "Arg1", "IN", "VOID*", "0x28fef0", "0x360fc8", "Arg2", "IN", "ARRAY0", "0x28fef4", "ARRAY_0x29", "Arg3", "IN", "SIZE_T", "0x28fef8", "0x29" ], "Timesptamp": "00000000.698420", "FunctionName": "memcpy", "ModuleName": "msvcrt.dll", "Return": "0x360fc8", "Status": 0 }
{ "Address": "0x4014ea", "Opcode": "e81d120000", "Opcodesize": 5, "Mnemonic": "call 0x40270c", "PID": 448, "TID": 1700, "Functionname": "_onexit", "Dllname": "msvcrt.dll", "Status": 1 }
{ "Address": "0x4014ea", "Opcode": "e81d120000", "Opcodesize": 5, "Mnemonic": "call 0x40270c", "PID": 448, "TID": 1700, "Functionname": "_onexit", "Dllname": "msvcrt.dll", "Status": 1 }
{ "Address": "0x401552", "Opcode": "ffd0", "Opcodesize": 2, "Mnemonic": "call eax", "PID": 448, "TID": 1700, "Arguments": [ "Arg1", "IN", "LPCTSTR", "0x28fe90", "USER32.dll" ], "Timesptamp": "00000000.739739", "FunctionName": "LoadLibraryA", "ModuleName": "kernel32.dll", "Return": "0x74d30000", "Status": 0 }
{ "Address": "0x40156d", "Opcode": "ffd0", "Opcodesize": 2, "Mnemonic": "call eax", "PID": 448, "TID": 1700, "Arguments": [ "Arg1", "IN", "HMODULE", "0x28fe90", "0x74d30000", "Arg2", "IN", "LPCSTR", "0x28fe94", "VirtualAlloc" ], "Timesptamp": "00000000.831452", "FunctionName": "GetProcAddress", "ModuleName": "kernel32.dll", "Return": "0x0", "Status": 0 }
{ "Address": "0x40157e", "Opcode": "ffd0", "Opcodesize": 2, "Mnemonic": "call eax", "PID": 448, "TID": 1700, "Arguments": [ "Arg1", "IN", "LPCTSTR", "0x28fe90", "\"\"" ], "Timesptamp": "00000000.849406", "FunctionName": "GetModuleHandleA", "ModuleName": "kernel32.dll", "Return": "0x400000", "Status": 0 }
{ "Address": "0x40162d", "Opcode": "ffd0", "Opcodesize": 2, "Mnemonic": "call eax", "PID": 448, "TID": 1700, "Arguments": [ "Arg1", "IN", "LPVOID", "0x28fe90", "0x0", "Arg2", "IN", "SIZE_T", "0x28fe94", "0xc400", "Arg3", "IN", "DWORD", "0x28fe98", "0x1000", "Arg4", "IN", "DWORD", "0x28fe9c", "0x40" ], "Timesptamp": "00000000.867344", "FunctionName": "VirtualAlloc", "ModuleName": "kernel32.dll", "Return": "0x330000", "Status": 0 }
{ "Address": "0x401657", "Opcode": "e870100000", "Opcodesize": 5, "Mnemonic": "call 0x4026cc", "PID": 448, "TID": 1700, "Arguments": [ "Arg1", "IN", "VOID*", "0x28fe90", "0x330000", "Arg2", "IN", "ARRAY0", "0x28fe94", "ARRAY_0xc400", "Arg3", "IN", "SIZE_T", "0x28fe98", "0xc400" ], "Timesptamp": "00000000.884805", "FunctionName": "memcpy", "ModuleName": "msvcrt.dll", "Return": "0x330000", "Status": 0 }
