{ "Address": "0x40178f", "Opcode": "ff1524614000", "Opcodesize": 6, "Mnemonic": "call dword ptr [0x406124]", "PID": 280, "TID": 1612, "Arguments": [ "Arg1", "OUT", "LPFILETIME", "0x28ff40", "0x28ff50" ], "Timesptamp": "00000000.291990", "FunctionName": "GetSystemTimeAsFileTime", "ModuleName": "kernel32.dll", "Return": "0x1daddab", "Output1": { "field1": [ "0x28ff50", "0xcaff44e0" ], "field2": [ "0x28ff54", "0x1daddab" ] }, "Status": 0 }
{ "Address": "0x4017a0", "Opcode": "ff150c614000", "Opcodesize": 6, "Mnemonic": "call dword ptr [0x40610c]", "PID": 280, "TID": 1612, "Arguments": [ ], "Timesptamp": "00000000.304397", "FunctionName": "GetCurrentProcessId", "ModuleName": "kernel32.dll", "Return": "0x118", "Status": 0 }
{ "Address": "0x4017a8", "Opcode": "ff1510614000", "Opcodesize": 6, "Mnemonic": "call dword ptr [0x406110]", "PID": 280, "TID": 1612, "Arguments": [ ], "Timesptamp": "00000000.316795", "FunctionName": "GetCurrentThreadId", "ModuleName": "kernel32.dll", "Return": "0x64c", "Status": 0 }
{ "Address": "0x4017b0", "Opcode": "ff1528614000", "Opcodesize": 6, "Mnemonic": "call dword ptr [0x406128]", "PID": 280, "TID": 1612, "Arguments": [ ], "Timesptamp": "00000000.329611", "FunctionName": "GetTickCount", "ModuleName": "kernel32.dll", "Return": "0x51f42", "Status": 0 }
{ "Address": "0x4017bf", "Opcode": "ff1538614000", "Opcodesize": 6, "Mnemonic": "call dword ptr [0x406138]", "PID": 280, "TID": 1612, "Arguments": [ "Arg1", "OUT", "LARGE_INTEGER*", "0x28ff40", "0x28ff58" ], "Timesptamp": "00000000.342557", "FunctionName": "QueryPerformanceCounter", "ModuleName": "kernel32.dll", "Return": "TRUE", "Output1": { "field1": [ "0x28ff58", "0xf148af90" ], "field2": [ "0x28ff5c", "0x5" ], "field3": [ "0x28ff60", "0x0" ] }, "Status": 0 }
{ "Address": "0x401433", "Opcode": "ff1520614000", "Opcodesize": 6, "Mnemonic": "call dword ptr [0x406120]", "PID": 280, "TID": 1612, "Arguments": [ "Arg1", "OUT", "LPSTARTUPINFOA", "0x28fef0", "0x28ff1c" ], "Timesptamp": "00000000.372280", "FunctionName": "GetStartupInfoA", "ModuleName": "kernel32.dll", "Return": "0x28ff1c", "Output1": { "field1": [ "0x28ff1c", "0x44" ], "field2": [ "0x28ff20", "" ], "field3": [ "0x28ff24", "winsta0\\default" ], "field4": [ "0x28ff28", "C:\\Users\\lhs\\Exec\\amber_mdbx_load.exe" ], "field5": [ "0x28ff2c", "0x0" ], "field6": [ "0x28ff30", "0x0" ], "field7": [ "0x28ff34", "0x0" ], "field8": [ "0x28ff38", "0x0" ], "field9": [ "0x28ff3c", "0x0" ], "field10": [ "0x28ff40", "0x0" ], "field11": [ "0x28ff44", "0x0" ], "field12": [ "0x28ff48", "0x1" ], "field13": [ "0x28ff4c", "0x7" ], "field14": [ "0x28ff4e", "0x0" ], "field15": [ "0x28ff50", "0x0" ], "field16": [ "0x28ff51", "0xff000000" ], "field17": [ "0x28ff55", "0xffffffff" ], "field18": [ "0x28ff59", "0xffffffff" ] }, "Status": 0 }
{ "Address": "0x401479", "Opcode": "e896120000", "Opcodesize": 5, "Mnemonic": "call 0x402714", "PID": 280, "TID": 1612, "Functionname": "_initterm", "Dllname": "msvcrt.dll", "Status": 1 }
{ "Address": "0x40107a", "Opcode": "e8bd160000", "Opcodesize": 5, "Mnemonic": "call 0x40273c", "PID": 280, "TID": 1612, "Arguments": [ ], "Timesptamp": "00000000.410257", "FunctionName": "__p__fmode", "ModuleName": "msvcrt.dll", "Return": "0x762331f4", "Status": 0 }
{ "Address": "0x401404", "Opcode": "e80b130000", "Opcodesize": 5, "Mnemonic": "call 0x402714", "PID": 280, "TID": 1612, "Functionname": "_initterm", "Dllname": "msvcrt.dll", "Status": 1 }
{ "Address": "0x401155", "Opcode": "e8f2150000", "Opcodesize": 5, "Mnemonic": "call 0x40274c", "PID": 280, "TID": 1612, "Functionname": "__getmainargs", "Dllname": "msvcrt.dll", "Status": 1 }
{ "Address": "0x401238", "Opcode": "ff153c614000", "Opcodesize": 6, "Mnemonic": "call dword ptr [0x40613c]", "PID": 280, "TID": 1612, "Arguments": [ "Arg1", "IN", "DWORD", "0x28fef0", "0x401ec0" ], "Timesptamp": "00000000.513152", "FunctionName": "SetUnhandledExceptionFilter", "ModuleName": "kernel32.dll", "Return": "0x0", "Status": 0 }
{ "Address": "0x401261", "Opcode": "e8de140000", "Opcodesize": 5, "Mnemonic": "call 0x402744", "PID": 280, "TID": 1612, "Functionname": "__p__acmdln", "Dllname": "msvcrt.dll", "Status": 1 }
{ "Address": "0x4012eb", "Opcode": "e8e4130000", "Opcodesize": 5, "Mnemonic": "call 0x4026d4", "PID": 280, "TID": 1612, "Arguments": [ "Arg1", "IN", "SIZE_T", "0x28fef0", "0x8" ], "Timesptamp": "00000000.536947", "FunctionName": "malloc", "ModuleName": "msvcrt.dll", "Return": "0x6d0fa0", "Status": 0 }
{ "Address": "0x40131b", "Opcode": "e89c130000", "Opcodesize": 5, "Mnemonic": "call 0x4026bc", "PID": 280, "TID": 1612, "Arguments": [ "Arg1", "IN", "CHAR*", "0x28fef0", "\\Users\\lhs\\Exec\\amber_mdbx_load.exe" ], "Timesptamp": "00000000.552202", "FunctionName": "strlen", "ModuleName": "msvcrt.dll", "Return": "0x23", "Status": 0 }
{ "Address": "0x401326", "Opcode": "e8a9130000", "Opcodesize": 5, "Mnemonic": "call 0x4026d4", "PID": 280, "TID": 1612, "Arguments": [ "Arg1", "IN", "SIZE_T", "0x28fef0", "0x24" ], "Timesptamp": "00000000.563965", "FunctionName": "malloc", "ModuleName": "msvcrt.dll", "Return": "0x6d0fb0", "Status": 0 }
{ "Address": "0x40133c", "Opcode": "e88b130000", "Opcodesize": 5, "Mnemonic": "call 0x4026cc", "PID": 280, "TID": 1612, "Arguments": [ "Arg1", "IN", "VOID*", "0x28fef0", "0x6d0fb0", "Arg2", "IN", "ARRAY0", "0x28fef4", "ARRAY_0x24", "Arg3", "IN", "SIZE_T", "0x28fef8", "0x24" ], "Timesptamp": "00000000.575839", "FunctionName": "memcpy", "ModuleName": "msvcrt.dll", "Return": "0x6d0fb0", "Status": 0 }
{ "Address": "0x4014ea", "Opcode": "e81d120000", "Opcodesize": 5, "Mnemonic": "call 0x40270c", "PID": 280, "TID": 1612, "Functionname": "_onexit", "Dllname": "msvcrt.dll", "Status": 1 }
{ "Address": "0x4014ea", "Opcode": "e81d120000", "Opcodesize": 5, "Mnemonic": "call 0x40270c", "PID": 280, "TID": 1612, "Functionname": "_onexit", "Dllname": "msvcrt.dll", "Status": 1 }
{ "Address": "0x401552", "Opcode": "ffd0", "Opcodesize": 2, "Mnemonic": "call eax", "PID": 280, "TID": 1612, "Arguments": [ "Arg1", "IN", "LPCTSTR", "0x28fe90", "USER32.dll" ], "Timesptamp": "00000000.626534", "FunctionName": "LoadLibraryA", "ModuleName": "kernel32.dll", "Return": "0x74d30000", "Status": 0 }
{ "Address": "0x40156d", "Opcode": "ffd0", "Opcodesize": 2, "Mnemonic": "call eax", "PID": 280, "TID": 1612, "Arguments": [ "Arg1", "IN", "HMODULE", "0x28fe90", "0x74d30000", "Arg2", "IN", "LPCSTR", "0x28fe94", "VirtualAlloc" ], "Timesptamp": "00000000.716355", "FunctionName": "GetProcAddress", "ModuleName": "kernel32.dll", "Return": "0x0", "Status": 0 }
{ "Address": "0x40157e", "Opcode": "ffd0", "Opcodesize": 2, "Mnemonic": "call eax", "PID": 280, "TID": 1612, "Arguments": [ "Arg1", "IN", "LPCTSTR", "0x28fe90", "\"\"" ], "Timesptamp": "00000000.732352", "FunctionName": "GetModuleHandleA", "ModuleName": "kernel32.dll", "Return": "0x400000", "Status": 0 }
{ "Address": "0x40162d", "Opcode": "ffd0", "Opcodesize": 2, "Mnemonic": "call eax", "PID": 280, "TID": 1612, "Arguments": [ "Arg1", "IN", "LPVOID", "0x28fe90", "0x0", "Arg2", "IN", "SIZE_T", "0x28fe94", "0x9400", "Arg3", "IN", "DWORD", "0x28fe98", "0x1000", "Arg4", "IN", "DWORD", "0x28fe9c", "0x40" ], "Timesptamp": "00000000.747257", "FunctionName": "VirtualAlloc", "ModuleName": "kernel32.dll", "Return": "0x2c0000", "Status": 0 }
{ "Address": "0x401657", "Opcode": "e870100000", "Opcodesize": 5, "Mnemonic": "call 0x4026cc", "PID": 280, "TID": 1612, "Arguments": [ "Arg1", "IN", "VOID*", "0x28fe90", "0x2c0000", "Arg2", "IN", "ARRAY0", "0x28fe94", "ARRAY_0x9400", "Arg3", "IN", "SIZE_T", "0x28fe98", "0x9400" ], "Timesptamp": "00000000.760449", "FunctionName": "memcpy", "ModuleName": "msvcrt.dll", "Return": "0x2c0000", "Status": 0 }
{ "Address": "0x2c9057", "Opcode": "e81e010000", "Opcodesize": 5, "Mnemonic": "call 0x2c917a", "PID": 280, "TID": 1612, "Arguments": [ "Arg1", "IN", "LPVOID", "0x28fe6c", "0x0", "Arg2", "IN", "SIZE_T", "0x28fe70", "0x9007", "Arg3", "IN", "DWORD", "0x28fe74", "0x103000", "Arg4", "IN", "DWORD", "0x28fe78", "0x40" ], "Timesptamp": "00000000.779698", "FunctionName": "VirtualAlloc", "ModuleName": "kernel32.dll", "Return": "0x7efa0000", "Status": 0 }
{ "Address": "0x2c9149", "Opcode": "e82c000000", "Opcodesize": 5, "Mnemonic": "call 0x2c917a", "PID": 280, "TID": 1612, "Arguments": [ "Arg1", "IN", "LPCTSTR", "0x28fe64", "KERNEL32.dll" ], "Timesptamp": "00000000.795875", "FunctionName": "LoadLibraryA", "ModuleName": "kernel32.dll", "Return": "0x74f10000", "Status": 0 }
{ "Address": "0x2c915a", "Opcode": "e81b000000", "Opcodesize": 5, "Mnemonic": "call 0x2c917a", "PID": 280, "TID": 1612, "Arguments": [ "Arg1", "IN", "HMODULE", "0x28fe50", "0x74f10000", "Arg2", "IN", "LPCSTR", "0x28fe54", "lstrlenW" ], "Timesptamp": "00000000.813314", "FunctionName": "GetProcAddress", "ModuleName": "kernel32.dll", "Return": "0x74f21700", "Status": 0 }
{ "Address": "0x2c915a", "Opcode": "e81b000000", "Opcodesize": 5, "Mnemonic": "call 0x2c917a", "PID": 280, "TID": 1612, "Arguments": [ "Arg1", "IN", "HMODULE", "0x28fe50", "0x74f10000", "Arg2", "IN", "LPCSTR", "0x28fe54", "GetModuleFileNameW" ], "Timesptamp": "00000000.829175", "FunctionName": "GetProcAddress", "ModuleName": "kernel32.dll", "Return": "0x74f24950", "Status": 0 }
{ "Address": "0x2c915a", "Opcode": "e81b000000", "Opcodesize": 5, "Mnemonic": "call 0x2c917a", "PID": 280, "TID": 1612, "Arguments": [ "Arg1", "IN", "HMODULE", "0x28fe50", "0x74f10000", "Arg2", "IN", "LPCSTR", "0x28fe54", "lstrcatW" ], "Timesptamp": "00000000.845651", "FunctionName": "GetProcAddress", "ModuleName": "kernel32.dll", "Return": "0x74f4828e", "Status": 0 }
{ "Address": "0x2c915a", "Opcode": "e81b000000", "Opcodesize": 5, "Mnemonic": "call 0x2c917a", "PID": 280, "TID": 1612, "Arguments": [ "Arg1", "IN", "HMODULE", "0x28fe50", "0x74f10000", "Arg2", "IN", "LPCSTR", "0x28fe54", "LoadLibraryW" ], "Timesptamp": "00000000.861509", "FunctionName": "GetProcAddress", "ModuleName": "kernel32.dll", "Return": "0x74f2492b", "Status": 0 }
{ "Address": "0x2c915a", "Opcode": "e81b000000", "Opcodesize": 5, "Mnemonic": "call 0x2c917a", "PID": 280, "TID": 1612, "Arguments": [ "Arg1", "IN", "HMODULE", "0x28fe50", "0x74f10000", "Arg2", "IN", "LPCSTR", "0x28fe54", "SetCurrentDirectoryW" ], "Timesptamp": "00000000.877581", "FunctionName": "GetProcAddress", "ModuleName": "kernel32.dll", "Return": "0x74f31260", "Status": 0 }
{ "Address": "0x2c915a", "Opcode": "e81b000000", "Opcodesize": 5, "Mnemonic": "call 0x2c917a", "PID": 280, "TID": 1612, "Arguments": [ "Arg1", "IN", "HMODULE", "0x28fe50", "0x74f10000", "Arg2", "IN", "LPCSTR", "0x28fe54", "SetDllDirectoryW" ], "Timesptamp": "00000000.893593", "FunctionName": "GetProcAddress", "ModuleName": "kernel32.dll", "Return": "0x74fa004f", "Status": 0 }
{ "Address": "0x2c915a", "Opcode": "e81b000000", "Opcodesize": 5, "Mnemonic": "call 0x2c917a", "PID": 280, "TID": 1612, "Arguments": [ "Arg1", "IN", "HMODULE", "0x28fe50", "0x74f10000", "Arg2", "IN", "LPCSTR", "0x28fe54", "SetConsoleCtrlHandler" ], "Timesptamp": "00000000.909719", "FunctionName": "GetProcAddress", "ModuleName": "kernel32.dll", "Return": "0x74f28a09", "Status": 0 }
{ "Address": "0x2c915a", "Opcode": "e81b000000", "Opcodesize": 5, "Mnemonic": "call 0x2c917a", "PID": 280, "TID": 1612, "Arguments": [ "Arg1", "IN", "HMODULE", "0x28fe50", "0x74f10000", "Arg2", "IN", "LPCSTR", "0x28fe54", "IsDebuggerPresent" ], "Timesptamp": "00000000.925483", "FunctionName": "GetProcAddress", "ModuleName": "kernel32.dll", "Return": "0x74f24a5d", "Status": 0 }
{ "Address": "0x2c915a", "Opcode": "e81b000000", "Opcodesize": 5, "Mnemonic": "call 0x2c917a", "PID": 280, "TID": 1612, "Arguments": [ "Arg1", "IN", "HMODULE", "0x28fe50", "0x74f10000", "Arg2", "IN", "LPCSTR", "0x28fe54", "InitializeSListHead" ], "Timesptamp": "00000000.941223", "FunctionName": "GetProcAddress", "ModuleName": "kernel32.dll", "Return": "0x770794a4", "Status": 0 }
{ "Address": "0x2c915a", "Opcode": "e81b000000", "Opcodesize": 5, "Mnemonic": "call 0x2c917a", "PID": 280, "TID": 1612, "Arguments": [ "Arg1", "IN", "HMODULE", "0x28fe50", "0x74f10000", "Arg2", "IN", "LPCSTR", "0x28fe54", "GetSystemTimeAsFileTime" ], "Timesptamp": "00000000.957048", "FunctionName": "GetProcAddress", "ModuleName": "kernel32.dll", "Return": "0x74f23509", "Status": 0 }
{ "Address": "0x2c915a", "Opcode": "e81b000000", "Opcodesize": 5, "Mnemonic": "call 0x2c917a", "PID": 280, "TID": 1612, "Arguments": [ "Arg1", "IN", "HMODULE", "0x28fe50", "0x74f10000", "Arg2", "IN", "LPCSTR", "0x28fe54", "RaiseException" ], "Timesptamp": "00000000.973312", "FunctionName": "GetProcAddress", "ModuleName": "kernel32.dll", "Return": "0x74f258a6", "Status": 0 }
{ "Address": "0x2c915a", "Opcode": "e81b000000", "Opcodesize": 5, "Mnemonic": "call 0x2c917a", "PID": 280, "TID": 1612, "Arguments": [ "Arg1", "IN", "HMODULE", "0x28fe50", "0x74f10000", "Arg2", "IN", "LPCSTR", "0x28fe54", "GetLastError" ], "Timesptamp": "00000000.989331", "FunctionName": "GetProcAddress", "ModuleName": "kernel32.dll", "Return": "0x74f211c0", "Status": 0 }
{ "Address": "0x2c915a", "Opcode": "e81b000000", "Opcodesize": 5, "Mnemonic": "call 0x2c917a", "PID": 280, "TID": 1612, "Arguments": [ "Arg1", "IN", "HMODULE", "0x28fe50", "0x74f10000", "Arg2", "IN", "LPCSTR", "0x28fe54", "GetSystemInfo" ], "Timesptamp": "00000001.005130", "FunctionName": "GetProcAddress", "ModuleName": "kernel32.dll", "Return": "0x74f249ca", "Status": 0 }
{ "Address": "0x2c915a", "Opcode": "e81b000000", "Opcodesize": 5, "Mnemonic": "call 0x2c917a", "PID": 280, "TID": 1612, "Arguments": [ "Arg1", "IN", "HMODULE", "0x28fe50", "0x74f10000", "Arg2", "IN", "LPCSTR", "0x28fe54", "VirtualProtect" ], "Timesptamp": "00000001.020946", "FunctionName": "GetProcAddress", "ModuleName": "kernel32.dll", "Return": "0x74f2435f", "Status": 0 }
{ "Address": "0x2c915a", "Opcode": "e81b000000", "Opcodesize": 5, "Mnemonic": "call 0x2c917a", "PID": 280, "TID": 1612, "Arguments": [ "Arg1", "IN", "HMODULE", "0x28fe50", "0x74f10000", "Arg2", "IN", "LPCSTR", "0x28fe54", "VirtualQuery" ], "Timesptamp": "00000001.037903", "FunctionName": "GetProcAddress", "ModuleName": "kernel32.dll", "Return": "0x74f2445a", "Status": 0 }
{ "Address": "0x2c915a", "Opcode": "e81b000000", "Opcodesize": 5, "Mnemonic": "call 0x2c917a", "PID": 280, "TID": 1612, "Arguments": [ "Arg1", "IN", "HMODULE", "0x28fe50", "0x74f10000", "Arg2", "IN", "LPCSTR", "0x28fe54", "FreeLibrary" ], "Timesptamp": "00000001.053745", "FunctionName": "GetProcAddress", "ModuleName": "kernel32.dll", "Return": "0x74f234c8", "Status": 0 }
{ "Address": "0x2c915a", "Opcode": "e81b000000", "Opcodesize": 5, "Mnemonic": "call 0x2c917a", "PID": 280, "TID": 1612, "Arguments": [ "Arg1", "IN", "HMODULE", "0x28fe50", "0x74f10000", "Arg2", "IN", "LPCSTR", "0x28fe54", "GetModuleHandleW" ], "Timesptamp": "00000001.069539", "FunctionName": "GetProcAddress", "ModuleName": "kernel32.dll", "Return": "0x74f234b0", "Status": 0 }
{ "Address": "0x2c915a", "Opcode": "e81b000000", "Opcodesize": 5, "Mnemonic": "call 0x2c917a", "PID": 280, "TID": 1612, "Arguments": [ "Arg1", "IN", "HMODULE", "0x28fe50", "0x74f10000", "Arg2", "IN", "LPCSTR", "0x28fe54", "GetProcAddress" ], "Timesptamp": "00000001.085698", "FunctionName": "GetProcAddress", "ModuleName": "kernel32.dll", "Return": "0x74f21222", "Status": 0 }
{ "Address": "0x2c915a", "Opcode": "e81b000000", "Opcodesize": 5, "Mnemonic": "call 0x2c917a", "PID": 280, "TID": 1612, "Arguments": [ "Arg1", "IN", "HMODULE", "0x28fe50", "0x74f10000", "Arg2", "IN", "LPCSTR", "0x28fe54", "LoadLibraryExA" ], "Timesptamp": "00000001.101543", "FunctionName": "GetProcAddress", "ModuleName": "kernel32.dll", "Return": "0x74f24913", "Status": 0 }
{ "Address": "0x2c915a", "Opcode": "e81b000000", "Opcodesize": 5, "Mnemonic": "call 0x2c917a", "PID": 280, "TID": 1612, "Arguments": [ "Arg1", "IN", "HMODULE", "0x28fe50", "0x74f10000", "Arg2", "IN", "LPCSTR", "0x28fe54", "UnhandledExceptionFilter" ], "Timesptamp": "00000001.117344", "FunctionName": "GetProcAddress", "ModuleName": "kernel32.dll", "Return": "0x74f4772f", "Status": 0 }
{ "Address": "0x2c915a", "Opcode": "e81b000000", "Opcodesize": 5, "Mnemonic": "call 0x2c917a", "PID": 280, "TID": 1612, "Arguments": [ "Arg1", "IN", "HMODULE", "0x28fe50", "0x74f10000", "Arg2", "IN", "LPCSTR", "0x28fe54", "SetUnhandledExceptionFilter" ], "Timesptamp": "00000001.134146", "FunctionName": "GetProcAddress", "ModuleName": "kernel32.dll", "Return": "0x74f287c9", "Status": 0 }
{ "Address": "0x2c915a", "Opcode": "e81b000000", "Opcodesize": 5, "Mnemonic": "call 0x2c917a", "PID": 280, "TID": 1612, "Arguments": [ "Arg1", "IN", "HMODULE", "0x28fe50", "0x74f10000", "Arg2", "IN", "LPCSTR", "0x28fe54", "GetCurrentProcess" ], "Timesptamp": "00000001.150326", "FunctionName": "GetProcAddress", "ModuleName": "kernel32.dll", "Return": "0x74f21809", "Status": 0 }
{ "Address": "0x2c915a", "Opcode": "e81b000000", "Opcodesize": 5, "Mnemonic": "call 0x2c917a", "PID": 280, "TID": 1612, "Arguments": [ "Arg1", "IN", "HMODULE", "0x28fe50", "0x74f10000", "Arg2", "IN", "LPCSTR", "0x28fe54", "TerminateProcess" ], "Timesptamp": "00000001.166141", "FunctionName": "GetProcAddress", "ModuleName": "kernel32.dll", "Return": "0x74f3d802", "Status": 0 }
{ "Address": "0x2c915a", "Opcode": "e81b000000", "Opcodesize": 5, "Mnemonic": "call 0x2c917a", "PID": 280, "TID": 1612, "Arguments": [ "Arg1", "IN", "HMODULE", "0x28fe50", "0x74f10000", "Arg2", "IN", "LPCSTR", "0x28fe54", "IsProcessorFeaturePresent" ], "Timesptamp": "00000001.182351", "FunctionName": "GetProcAddress", "ModuleName": "kernel32.dll", "Return": "0x74f25235", "Status": 0 }
{ "Address": "0x2c915a", "Opcode": "e81b000000", "Opcodesize": 5, "Mnemonic": "call 0x2c917a", "PID": 280, "TID": 1612, "Arguments": [ "Arg1", "IN", "HMODULE", "0x28fe50", "0x74f10000", "Arg2", "IN", "LPCSTR", "0x28fe54", "QueryPerformanceCounter" ], "Timesptamp": "00000001.198142", "FunctionName": "GetProcAddress", "ModuleName": "kernel32.dll", "Return": "0x74f21725", "Status": 0 }
{ "Address": "0x2c915a", "Opcode": "e81b000000", "Opcodesize": 5, "Mnemonic": "call 0x2c917a", "PID": 280, "TID": 1612, "Arguments": [ "Arg1", "IN", "HMODULE", "0x28fe50", "0x74f10000", "Arg2", "IN", "LPCSTR", "0x28fe54", "GetCurrentProcessId" ], "Timesptamp": "00000001.214469", "FunctionName": "GetProcAddress", "ModuleName": "kernel32.dll", "Return": "0x74f211f8", "Status": 0 }
{ "Address": "0x2c915a", "Opcode": "e81b000000", "Opcodesize": 5, "Mnemonic": "call 0x2c917a", "PID": 280, "TID": 1612, "Arguments": [ "Arg1", "IN", "HMODULE", "0x28fe50", "0x74f10000", "Arg2", "IN", "LPCSTR", "0x28fe54", "GetCurrentThreadId" ], "Timesptamp": "00000001.230359", "FunctionName": "GetProcAddress", "ModuleName": "kernel32.dll", "Return": "0x74f21450", "Status": 0 }
{ "Address": "0x2c9149", "Opcode": "e82c000000", "Opcodesize": 5, "Mnemonic": "call 0x2c917a", "PID": 280, "TID": 1612, "Arguments": [ "Arg1", "IN", "LPCTSTR", "0x28fe64", "api-ms-win-crt-convert-l1-1-0.dll" ], "Timesptamp": "00000001.246661", "FunctionName": "LoadLibraryA", "ModuleName": "kernel32.dll", "Return": "0x743d0000", "Status": 0 }
{ "Address": "0x2c915a", "Opcode": "e81b000000", "Opcodesize": 5, "Mnemonic": "call 0x2c917a", "PID": 280, "TID": 1612, "Arguments": [ "Arg1", "IN", "HMODULE", "0x28fe50", "0x743d0000", "Arg2", "IN", "LPCSTR", "0x28fe54", "atoi" ], "Timesptamp": "00000001.288987", "FunctionName": "GetProcAddress", "ModuleName": "kernel32.dll", "Return": "0x7435c550", "Status": 0 }
{ "Address": "0x7efa1cf6", "Opcode": "ff152440fa7e", "Opcodesize": 6, "Mnemonic": "call dword ptr [0x7efa4024]", "PID": 280, "TID": 1612, "Arguments": [ "Arg1", "OUT", "LPFILETIME", "0x28fe54", "0x28fe60" ], "Timesptamp": "00000001.524319", "FunctionName": "GetSystemTimeAsFileTime", "ModuleName": "kernel32.dll", "Return": "0x1daddab", "Output1": { "field1": [ "0x28fe60", "0xcbb8f020" ], "field2": [ "0x28fe64", "0x1daddab" ] }, "Status": 0 }
{ "Address": "0x7efa1d05", "Opcode": "ff156840fa7e", "Opcodesize": 6, "Mnemonic": "call dword ptr [0x7efa4068]", "PID": 280, "TID": 1612, "Arguments": [ ], "Timesptamp": "00000001.541985", "FunctionName": "GetCurrentThreadId", "ModuleName": "kernel32.dll", "Return": "0x64c", "Status": 0 }
{ "Address": "0x7efa1d0e", "Opcode": "ff156440fa7e", "Opcodesize": 6, "Mnemonic": "call dword ptr [0x7efa4064]", "PID": 280, "TID": 1612, "Arguments": [ ], "Timesptamp": "00000001.559524", "FunctionName": "GetCurrentProcessId", "ModuleName": "kernel32.dll", "Return": "0x118", "Status": 0 }
{ "Address": "0x7efa1d1b", "Opcode": "ff156040fa7e", "Opcodesize": 6, "Mnemonic": "call dword ptr [0x7efa4060]", "PID": 280, "TID": 1612, "Arguments": [ "Arg1", "OUT", "LARGE_INTEGER*", "0x28fe54", "0x28fe58" ], "Timesptamp": "00000001.577103", "FunctionName": "QueryPerformanceCounter", "ModuleName": "kernel32.dll", "Return": "TRUE", "Output1": { "field1": [ "0x28fe58", "0xf5e493ae" ], "field2": [ "0x28fe5c", "0x5" ], "field3": [ "0x28fe60", "0x1daddabcbb8f020" ] }, "Status": 0 }
{ "Address": "0x7efa2097", "Opcode": "e846040000", "Opcodesize": 5, "Mnemonic": "call 0x7efa24e2", "PID": 280, "TID": 1612, "Arguments": [ "Arg1", "IN", "DWORD", "0x28fe08", "0xa" ], "Timesptamp": "00000001.594741", "FunctionName": "IsProcessorFeaturePresent", "ModuleName": "kernel32.dll", "Return": "TRUE", "Status": 0 }
{ "Address": "0x7efa2520", "Opcode": "ff150440fa7e", "Opcodesize": 6, "Mnemonic": "call dword ptr [0x7efa4004]", "PID": 280, "TID": 1612, "Arguments": [ "Arg1", "IN", "HMODULE", "0x28fbbc", "0x0", "Arg2", "OUT", "LPWSTR", "0x28fbc0", "0x28fbc8", "Arg3", "IN", "DWORD", "0x28fbc4", "0x104" ], "Timesptamp": "00000001.615906", "FunctionName": "GetModuleFileNameW", "ModuleName": "kernel32.dll", "Return": "0x25", "Output1": [ "0x28fbc8", "C:\\Users\\lhs\\Exec\\amber_mdbx_load.exe" ], "Status": 0 }
{ "Address": "0x7efa252a", "Opcode": "ff150040fa7e", "Opcodesize": 6, "Mnemonic": "call dword ptr [0x7efa4000]", "PID": 280, "TID": 1612, "Arguments": [ "Arg1", "IN", "LPCWSTR", "0x28fbc4", "C:\\Users\\lhs\\Exec\\amber_mdbx_load.exe" ], "Timesptamp": "00000001.633217", "FunctionName": "lstrlenW", "ModuleName": "kernel32.dll", "Return": "0x25", "Status": 0 }
{ "Address": "0x7efa2545", "Opcode": "ff151040fa7e", "Opcodesize": 6, "Mnemonic": "call dword ptr [0x7efa4010]", "PID": 280, "TID": 1612, "Arguments": [ "Arg1", "IN", "LPCWSTR", "0x28fbc4", "C:\\Users\\lhs\\Exec" ], "Timesptamp": "00000001.656450", "FunctionName": "SetCurrentDirectoryW", "ModuleName": "kernel32.dll", "Return": "TRUE", "Status": 0 }
{ "Address": "0x7efa255e", "Opcode": "ff151440fa7e", "Opcodesize": 6, "Mnemonic": "call dword ptr [0x7efa4014]", "PID": 280, "TID": 1612, "Arguments": [ "Arg1", "IN", "LPCWSTR", "0x28fbc4", "C:\\Users\\lhs\\Exec\\libs" ], "Timesptamp": "00000001.722222", "FunctionName": "SetDllDirectoryW", "ModuleName": "kernel32.dll", "Return": "TRUE", "Status": 0 }
{ "Address": "0x7efa2577", "Opcode": "ff150c40fa7e", "Opcodesize": 6, "Mnemonic": "call dword ptr [0x7efa400c]", "PID": 280, "TID": 1612, "Arguments": [ "Arg1", "IN", "LPCWSTR", "0x28fbc4", "C:\\Users\\lhs\\Exec\\libs\\ucrtbase.dll" ], "Timesptamp": "00000001.771165", "FunctionName": "LoadLibraryW", "ModuleName": "kernel32.dll", "Return": "0x0", "Status": 0 }
{ "Address": "0x7efa14aa", "Opcode": "ff154840fa7e", "Opcodesize": 6, "Mnemonic": "call dword ptr [0x7efa4048]", "PID": 280, "TID": 1612, "Arguments": [ "Arg1", "IN", "LPCTSTR", "0x28fdd8", "api-ms-win-crt-runtime-l1-1-0.dll", "Arg2", "IN", "HANDLE", "0x28fddc", "0x0", "Arg3", "IN", "DWORD", "0x28fde0", "0x0" ], "Timesptamp": "00000001.788463", "FunctionName": "LoadLibraryExA", "ModuleName": "kernel32.dll", "Return": "0x74280000", "Status": 0 }
{ "Address": "0x7efa1578", "Opcode": "ff154440fa7e", "Opcodesize": 6, "Mnemonic": "call dword ptr [0x7efa4044]", "PID": 280, "TID": 1612, "Arguments": [ "Arg1", "IN", "HMODULE", "0x28fddc", "0x74280000", "Arg2", "IN", "LPCSTR", "0x28fde0", "_initterm_e" ], "Timesptamp": "00000001.822601", "FunctionName": "GetProcAddress", "ModuleName": "kernel32.dll", "Return": "0x7431e760", "Status": 0 }
{ "Address": "0x7efa192b", "Opcode": "e8ab0a0000", "Opcodesize": 5, "Mnemonic": "call 0x7efa23db", "PID": 280, "TID": 1612, "Functionname": "_initterm_e", "Dllname": "ucrtbase.dll", "Status": 1 }
{ "Address": "0x7efa1578", "Opcode": "ff154440fa7e", "Opcodesize": 6, "Mnemonic": "call dword ptr [0x7efa4044]", "PID": 280, "TID": 1612, "Arguments": [ "Arg1", "IN", "HMODULE", "0x28fdbc", "0x74280000", "Arg2", "IN", "LPCSTR", "0x28fdc0", "_set_app_type" ], "Timesptamp": "00000001.866131", "FunctionName": "GetProcAddress", "ModuleName": "kernel32.dll", "Return": "0x743203a0", "Status": 0 }
{ "Address": "0x7efa1818", "Opcode": "e84d0b0000", "Opcodesize": 5, "Mnemonic": "call 0x7efa236a", "PID": 280, "TID": 1612, "Functionname": "_set_app_type", "Dllname": "ucrtbase.dll", "Status": 1 }
{ "Address": "0x7efa2520", "Opcode": "ff150440fa7e", "Opcodesize": 6, "Mnemonic": "call dword ptr [0x7efa4004]", "PID": 280, "TID": 1612, "Arguments": [ "Arg1", "IN", "HMODULE", "0x28fb98", "0x0", "Arg2", "OUT", "LPWSTR", "0x28fb9c", "0x28fba4", "Arg3", "IN", "DWORD", "0x28fba0", "0x104" ], "Timesptamp": "00000001.916673", "FunctionName": "GetModuleFileNameW", "ModuleName": "kernel32.dll", "Return": "0x25", "Output1": [ "0x28fba4", "C:\\Users\\lhs\\Exec\\amber_mdbx_load.exe" ], "Status": 0 }
{ "Address": "0x7efa252a", "Opcode": "ff150040fa7e", "Opcodesize": 6, "Mnemonic": "call dword ptr [0x7efa4000]", "PID": 280, "TID": 1612, "Arguments": [ "Arg1", "IN", "LPCWSTR", "0x28fba0", "C:\\Users\\lhs\\Exec\\amber_mdbx_load.exe" ], "Timesptamp": "00000001.938844", "FunctionName": "lstrlenW", "ModuleName": "kernel32.dll", "Return": "0x25", "Status": 0 }
{ "Address": "0x7efa2545", "Opcode": "ff151040fa7e", "Opcodesize": 6, "Mnemonic": "call dword ptr [0x7efa4010]", "PID": 280, "TID": 1612, "Arguments": [ "Arg1", "IN", "LPCWSTR", "0x28fba0", "C:\\Users\\lhs\\Exec" ], "Timesptamp": "00000001.960529", "FunctionName": "SetCurrentDirectoryW", "ModuleName": "kernel32.dll", "Return": "TRUE", "Status": 0 }
{ "Address": "0x7efa255e", "Opcode": "ff151440fa7e", "Opcodesize": 6, "Mnemonic": "call dword ptr [0x7efa4014]", "PID": 280, "TID": 1612, "Arguments": [ "Arg1", "IN", "LPCWSTR", "0x28fba0", "C:\\Users\\lhs\\Exec\\libs" ], "Timesptamp": "00000002.017022", "FunctionName": "SetDllDirectoryW", "ModuleName": "kernel32.dll", "Return": "TRUE", "Status": 0 }
{ "Address": "0x7efa2577", "Opcode": "ff150c40fa7e", "Opcodesize": 6, "Mnemonic": "call dword ptr [0x7efa400c]", "PID": 280, "TID": 1612, "Arguments": [ "Arg1", "IN", "LPCWSTR", "0x28fba0", "C:\\Users\\lhs\\Exec\\libs\\ucrtbase.dll" ], "Timesptamp": "00000002.054112", "FunctionName": "LoadLibraryW", "ModuleName": "kernel32.dll", "Return": "0x0", "Status": 0 }
{ "Address": "0x7efa14aa", "Opcode": "ff154840fa7e", "Opcodesize": 6, "Mnemonic": "call dword ptr [0x7efa4048]", "PID": 280, "TID": 1612, "Arguments": [ "Arg1", "IN", "LPCTSTR", "0x28fdb4", "api-ms-win-crt-stdio-l1-1-0.dll", "Arg2", "IN", "HANDLE", "0x28fdb8", "0x0", "Arg3", "IN", "DWORD", "0x28fdbc", "0x0" ], "Timesptamp": "00000002.071666", "FunctionName": "LoadLibraryExA", "ModuleName": "kernel32.dll", "Return": "0x74270000", "Status": 0 }
{ "Address": "0x7efa1578", "Opcode": "ff154440fa7e", "Opcodesize": 6, "Mnemonic": "call dword ptr [0x7efa4044]", "PID": 280, "TID": 1612, "Arguments": [ "Arg1", "IN", "HMODULE", "0x28fdb8", "0x74270000", "Arg2", "IN", "LPCSTR", "0x28fdbc", "_set_fmode" ], "Timesptamp": "00000002.105243", "FunctionName": "GetProcAddress", "ModuleName": "kernel32.dll", "Return": "0x74320370", "Status": 0 }
{ "Address": "0x7efa1823", "Opcode": "e8d30b0000", "Opcodesize": 5, "Mnemonic": "call 0x7efa23fb", "PID": 280, "TID": 1612, "Functionname": "_set_fmode", "Dllname": "ucrtbase.dll", "Status": 1 }
{ "Address": "0x7efa1578", "Opcode": "ff154440fa7e", "Opcodesize": 6, "Mnemonic": "call dword ptr [0x7efa4044]", "PID": 280, "TID": 1612, "Arguments": [ "Arg1", "IN", "HMODULE", "0x28fdb8", "0x74270000", "Arg2", "IN", "LPCSTR", "0x28fdbc", "__p__commode" ], "Timesptamp": "00000002.148670", "FunctionName": "GetProcAddress", "ModuleName": "kernel32.dll", "Return": "0x743203c0", "Status": 0 }
{ "Address": "0x7efa1828", "Opcode": "e85f0c0000", "Opcodesize": 5, "Mnemonic": "call 0x7efa248c", "PID": 280, "TID": 1612, "Arguments": [ ], "Timesptamp": "00000002.167210", "FunctionName": "__p__commode", "ModuleName": "ucrtbase.dll", "Return": "0x743c2410", "Status": 0 }
{ "Address": "0x7efa1578", "Opcode": "ff154440fa7e", "Opcodesize": 6, "Mnemonic": "call dword ptr [0x7efa4044]", "PID": 280, "TID": 1612, "Arguments": [ "Arg1", "IN", "HMODULE", "0x28fda8", "0x74280000", "Arg2", "IN", "LPCSTR", "0x28fdac", "_crt_atexit" ], "Timesptamp": "00000002.187569", "FunctionName": "GetProcAddress", "ModuleName": "kernel32.dll", "Return": "0x7431e080", "Status": 0 }
{ "Address": "0x7efa1cb1", "Opcode": "e806080000", "Opcodesize": 5, "Mnemonic": "call 0x7efa24bc", "PID": 280, "TID": 1612, "Functionname": "_crt_atexit", "Dllname": "ucrtbase.dll", "Status": 1 }
{ "Address": "0x7efa1578", "Opcode": "ff154440fa7e", "Opcodesize": 6, "Mnemonic": "call dword ptr [0x7efa4044]", "PID": 280, "TID": 1612, "Arguments": [ "Arg1", "IN", "HMODULE", "0x28fdbc", "0x74280000", "Arg2", "IN", "LPCSTR", "0x28fdc0", "_configure_narrow_argv" ], "Timesptamp": "00000002.232789", "FunctionName": "GetProcAddress", "ModuleName": "kernel32.dll", "Return": "0x74316e80", "Status": 0 }
{ "Address": "0x7efa185c", "Opcode": "e83a0b0000", "Opcodesize": 5, "Mnemonic": "call 0x7efa239b", "PID": 280, "TID": 1612, "Functionname": "_configure_narrow_argv", "Dllname": "ucrtbase.dll", "Status": 1 }
{ "Address": "0x7efa1d8e", "Opcode": "ff152040fa7e", "Opcodesize": 6, "Mnemonic": "call dword ptr [0x7efa4020]", "PID": 280, "TID": 1612, "Functionname": "InitializeSListHead", "Dllname": "ntdll.dll", "Status": 1 }
{ "Address": "0x7efa1578", "Opcode": "ff154440fa7e", "Opcodesize": 6, "Mnemonic": "call dword ptr [0x7efa4044]", "PID": 280, "TID": 1612, "Arguments": [ "Arg1", "IN", "HMODULE", "0x28fdb4", "0x74280000", "Arg2", "IN", "LPCSTR", "0x28fdb8", "_controlfp_s" ], "Timesptamp": "00000002.290981", "FunctionName": "GetProcAddress", "ModuleName": "kernel32.dll", "Return": "0x74320260", "Status": 0 }
{ "Address": "0x7efa1da4", "Opcode": "e823070000", "Opcodesize": 5, "Mnemonic": "call 0x7efa24cc", "PID": 280, "TID": 1612, "Functionname": "_controlfp_s", "Dllname": "ucrtbase.dll", "Status": 1 }
{ "Address": "0x7efa2520", "Opcode": "ff150440fa7e", "Opcodesize": 6, "Mnemonic": "call dword ptr [0x7efa4004]", "PID": 280, "TID": 1612, "Arguments": [ "Arg1", "IN", "HMODULE", "0x28fba0", "0x0", "Arg2", "OUT", "LPWSTR", "0x28fba4", "0x28fbac", "Arg3", "IN", "DWORD", "0x28fba8", "0x104" ], "Timesptamp": "00000002.346817", "FunctionName": "GetModuleFileNameW", "ModuleName": "kernel32.dll", "Return": "0x25", "Output1": [ "0x28fbac", "C:\\Users\\lhs\\Exec\\amber_mdbx_load.exe" ], "Status": 0 }
{ "Address": "0x7efa252a", "Opcode": "ff150040fa7e", "Opcodesize": 6, "Mnemonic": "call dword ptr [0x7efa4000]", "PID": 280, "TID": 1612, "Arguments": [ "Arg1", "IN", "LPCWSTR", "0x28fba8", "C:\\Users\\lhs\\Exec\\amber_mdbx_load.exe" ], "Timesptamp": "00000002.367319", "FunctionName": "lstrlenW", "ModuleName": "kernel32.dll", "Return": "0x25", "Status": 0 }
{ "Address": "0x7efa2545", "Opcode": "ff151040fa7e", "Opcodesize": 6, "Mnemonic": "call dword ptr [0x7efa4010]", "PID": 280, "TID": 1612, "Arguments": [ "Arg1", "IN", "LPCWSTR", "0x28fba8", "C:\\Users\\lhs\\Exec" ], "Timesptamp": "00000002.385845", "FunctionName": "SetCurrentDirectoryW", "ModuleName": "kernel32.dll", "Return": "TRUE", "Status": 0 }
{ "Address": "0x7efa255e", "Opcode": "ff151440fa7e", "Opcodesize": 6, "Mnemonic": "call dword ptr [0x7efa4014]", "PID": 280, "TID": 1612, "Arguments": [ "Arg1", "IN", "LPCWSTR", "0x28fba8", "C:\\Users\\lhs\\Exec\\libs" ], "Timesptamp": "00000002.427799", "FunctionName": "SetDllDirectoryW", "ModuleName": "kernel32.dll", "Return": "TRUE", "Status": 0 }
{ "Address": "0x7efa2577", "Opcode": "ff150c40fa7e", "Opcodesize": 6, "Mnemonic": "call dword ptr [0x7efa400c]", "PID": 280, "TID": 1612, "Arguments": [ "Arg1", "IN", "LPCWSTR", "0x28fba8", "C:\\Users\\lhs\\Exec\\libs\\ucrtbase.dll" ], "Timesptamp": "00000002.475918", "FunctionName": "LoadLibraryW", "ModuleName": "kernel32.dll", "Return": "0x0", "Status": 0 }
{ "Address": "0x7efa14aa", "Opcode": "ff154840fa7e", "Opcodesize": 6, "Mnemonic": "call dword ptr [0x7efa4048]", "PID": 280, "TID": 1612, "Arguments": [ "Arg1", "IN", "LPCTSTR", "0x28fdbc", "api-ms-win-crt-locale-l1-1-0.dll", "Arg2", "IN", "HANDLE", "0x28fdc0", "0x0", "Arg3", "IN", "DWORD", "0x28fdc4", "0x0" ], "Timesptamp": "00000002.494239", "FunctionName": "LoadLibraryExA", "ModuleName": "kernel32.dll", "Return": "0x74260000", "Status": 0 }
{ "Address": "0x7efa1578", "Opcode": "ff154440fa7e", "Opcodesize": 6, "Mnemonic": "call dword ptr [0x7efa4044]", "PID": 280, "TID": 1612, "Arguments": [ "Arg1", "IN", "HMODULE", "0x28fdc0", "0x74260000", "Arg2", "IN", "LPCSTR", "0x28fdc4", "_configthreadlocale" ], "Timesptamp": "00000002.525279", "FunctionName": "GetProcAddress", "ModuleName": "kernel32.dll", "Return": "0x743202b0", "Status": 0 }
{ "Address": "0x7efa1895", "Opcode": "e8c10b0000", "Opcodesize": 5, "Mnemonic": "call 0x7efa245b", "PID": 280, "TID": 1612, "Functionname": "_configthreadlocale", "Dllname": "ucrtbase.dll", "Status": 1 }
{ "Address": "0x7efa1578", "Opcode": "ff154440fa7e", "Opcodesize": 6, "Mnemonic": "call dword ptr [0x7efa4044]", "PID": 280, "TID": 1612, "Arguments": [ "Arg1", "IN", "HMODULE", "0x28fdc4", "0x74280000", "Arg2", "IN", "LPCSTR", "0x28fdc8", "_initialize_narrow_environment" ], "Timesptamp": "00000002.565085", "FunctionName": "GetProcAddress", "ModuleName": "kernel32.dll", "Return": "0x7431f6a0", "Status": 0 }
{ "Address": "0x7efa18a4", "Opcode": "e8020b0000", "Opcodesize": 5, "Mnemonic": "call 0x7efa23ab", "PID": 280, "TID": 1612, "Functionname": "_initialize_narrow_environment", "Dllname": "ucrtbase.dll", "Status": 1 }
{ "Address": "0x7efa1578", "Opcode": "ff154440fa7e", "Opcodesize": 6, "Mnemonic": "call dword ptr [0x7efa4044]", "PID": 280, "TID": 1612, "Arguments": [ "Arg1", "IN", "HMODULE", "0x28fddc", "0x74280000", "Arg2", "IN", "LPCSTR", "0x28fde0", "_initterm" ], "Timesptamp": "00000002.662002", "FunctionName": "GetProcAddress", "ModuleName": "kernel32.dll", "Return": "0x74317260", "Status": 0 }
{ "Address": "0x7efa1951", "Opcode": "e8750a0000", "Opcodesize": 5, "Mnemonic": "call 0x7efa23cb", "PID": 280, "TID": 1612, "Functionname": "_initterm", "Dllname": "ucrtbase.dll", "Status": 1 }
{ "Address": "0x7efa1f55", "Opcode": "ff155040fa7e", "Opcodesize": 6, "Mnemonic": "call dword ptr [0x7efa4050]", "PID": 280, "TID": 1612, "Arguments": [ "Arg1", "IN", "DWORD", "0x28fe18", "0x7efa1f5c" ], "Timesptamp": "00000002.698459", "FunctionName": "SetUnhandledExceptionFilter", "ModuleName": "kernel32.dll", "Return": "0x401ec0", "Status": 0 }
{ "Address": "0x7efa2520", "Opcode": "ff150440fa7e", "Opcodesize": 6, "Mnemonic": "call dword ptr [0x7efa4004]", "PID": 280, "TID": 1612, "Arguments": [ "Arg1", "IN", "HMODULE", "0x28fb98", "0x0", "Arg2", "OUT", "LPWSTR", "0x28fb9c", "0x28fba4", "Arg3", "IN", "DWORD", "0x28fba0", "0x104" ], "Timesptamp": "00000002.716262", "FunctionName": "GetModuleFileNameW", "ModuleName": "kernel32.dll", "Return": "0x25", "Output1": [ "0x28fba4", "C:\\Users\\lhs\\Exec\\amber_mdbx_load.exe" ], "Status": 0 }
{ "Address": "0x7efa252a", "Opcode": "ff150040fa7e", "Opcodesize": 6, "Mnemonic": "call dword ptr [0x7efa4000]", "PID": 280, "TID": 1612, "Arguments": [ "Arg1", "IN", "LPCWSTR", "0x28fba0", "C:\\Users\\lhs\\Exec\\amber_mdbx_load.exe" ], "Timesptamp": "00000002.734142", "FunctionName": "lstrlenW", "ModuleName": "kernel32.dll", "Return": "0x25", "Status": 0 }
{ "Address": "0x7efa2545", "Opcode": "ff151040fa7e", "Opcodesize": 6, "Mnemonic": "call dword ptr [0x7efa4010]", "PID": 280, "TID": 1612, "Arguments": [ "Arg1", "IN", "LPCWSTR", "0x28fba0", "C:\\Users\\lhs\\Exec" ], "Timesptamp": "00000002.752378", "FunctionName": "SetCurrentDirectoryW", "ModuleName": "kernel32.dll", "Return": "TRUE", "Status": 0 }
{ "Address": "0x7efa255e", "Opcode": "ff151440fa7e", "Opcodesize": 6, "Mnemonic": "call dword ptr [0x7efa4014]", "PID": 280, "TID": 1612, "Arguments": [ "Arg1", "IN", "LPCWSTR", "0x28fba0", "C:\\Users\\lhs\\Exec\\libs" ], "Timesptamp": "00000002.789202", "FunctionName": "SetDllDirectoryW", "ModuleName": "kernel32.dll", "Return": "TRUE", "Status": 0 }
{ "Address": "0x7efa2577", "Opcode": "ff150c40fa7e", "Opcodesize": 6, "Mnemonic": "call dword ptr [0x7efa400c]", "PID": 280, "TID": 1612, "Arguments": [ "Arg1", "IN", "LPCWSTR", "0x28fba0", "C:\\Users\\lhs\\Exec\\libs\\ucrtbase.dll" ], "Timesptamp": "00000002.826485", "FunctionName": "LoadLibraryW", "ModuleName": "kernel32.dll", "Return": "0x0", "Status": 0 }
{ "Address": "0x7efa14aa", "Opcode": "ff154840fa7e", "Opcodesize": 6, "Mnemonic": "call dword ptr [0x7efa4048]", "PID": 280, "TID": 1612, "Arguments": [ "Arg1", "IN", "LPCTSTR", "0x28fdb4", "api-ms-win-crt-heap-l1-1-0.dll", "Arg2", "IN", "HANDLE", "0x28fdb8", "0x0", "Arg3", "IN", "DWORD", "0x28fdbc", "0x0" ], "Timesptamp": "00000002.844736", "FunctionName": "LoadLibraryExA", "ModuleName": "kernel32.dll", "Return": "0x74250000", "Status": 0 }
{ "Address": "0x7efa1578", "Opcode": "ff154440fa7e", "Opcodesize": 6, "Mnemonic": "call dword ptr [0x7efa4044]", "PID": 280, "TID": 1612, "Arguments": [ "Arg1", "IN", "HMODULE", "0x28fdb8", "0x74250000", "Arg2", "IN", "LPCSTR", "0x28fdbc", "_set_new_mode" ], "Timesptamp": "00000002.873607", "FunctionName": "GetProcAddress", "ModuleName": "kernel32.dll", "Return": "0x74320340", "Status": 0 }
{ "Address": "0x7efa18d3", "Opcode": "e8a40b0000", "Opcodesize": 5, "Mnemonic": "call 0x7efa247c", "PID": 280, "TID": 1612, "Functionname": "_set_new_mode", "Dllname": "ucrtbase.dll", "Status": 1 }
{ "Address": "0x7efa1578", "Opcode": "ff154440fa7e", "Opcodesize": 6, "Mnemonic": "call dword ptr [0x7efa4044]", "PID": 280, "TID": 1612, "Arguments": [ "Arg1", "IN", "HMODULE", "0x28fde4", "0x74280000", "Arg2", "IN", "LPCSTR", "0x28fde8", "__p___argv" ], "Timesptamp": "00000002.942833", "FunctionName": "GetProcAddress", "ModuleName": "kernel32.dll", "Return": "0x7436d880", "Status": 0 }
{ "Address": "0x7efa1578", "Opcode": "ff154440fa7e", "Opcodesize": 6, "Mnemonic": "call dword ptr [0x7efa4044]", "PID": 280, "TID": 1612, "Arguments": [ "Arg1", "IN", "HMODULE", "0x28fde4", "0x74280000", "Arg2", "IN", "LPCSTR", "0x28fde8", "__p___argc" ], "Timesptamp": "00000002.967302", "FunctionName": "GetProcAddress", "ModuleName": "kernel32.dll", "Return": "0x7436d870", "Status": 0 }
{ "Address": "0x7efa19bf", "Opcode": "e8470a0000", "Opcodesize": 5, "Mnemonic": "call 0x7efa240b", "PID": 280, "TID": 1612, "Functionname": "__p___argc", "Dllname": "ucrtbase.dll", "Status": 1 }
{ "Address": "0x7efa1578", "Opcode": "ff154440fa7e", "Opcodesize": 6, "Mnemonic": "call dword ptr [0x7efa4044]", "PID": 280, "TID": 1612, "Arguments": [ "Arg1", "IN", "HMODULE", "0x28fde4", "0x74280000", "Arg2", "IN", "LPCSTR", "0x28fde8", "_get_initial_narrow_environment" ], "Timesptamp": "00000003.003571", "FunctionName": "GetProcAddress", "ModuleName": "kernel32.dll", "Return": "0x743a0950", "Status": 0 }
{ "Address": "0x7efa1578", "Opcode": "ff154440fa7e", "Opcodesize": 6, "Mnemonic": "call dword ptr [0x7efa4044]", "PID": 280, "TID": 1612, "Arguments": [ "Arg1", "IN", "HMODULE", "0x28fd7c", "0x74270000", "Arg2", "IN", "LPCSTR", "0x28fd80", "__acrt_iob_func" ], "Timesptamp": "00000003.027478", "FunctionName": "GetProcAddress", "ModuleName": "kernel32.dll", "Return": "0x7431d780", "Status": 0 }
{ "Address": "0x7efa2b61", "Opcode": "ff153461fa7e", "Opcodesize": 6, "Mnemonic": "call dword ptr [0x7efa6134]", "PID": 280, "TID": 1612, "Functionname": "__acrt_iob_func", "Dllname": "ucrtbase.dll", "Status": 1 }
{ "Address": "0x7efa1578", "Opcode": "ff154440fa7e", "Opcodesize": 6, "Mnemonic": "call dword ptr [0x7efa4044]", "PID": 280, "TID": 1612, "Arguments": [ "Arg1", "IN", "HMODULE", "0x28fd60", "0x74270000", "Arg2", "IN", "LPCSTR", "0x28fd64", "__stdio_common_vfprintf" ], "Timesptamp": "00000003.064133", "FunctionName": "GetProcAddress", "ModuleName": "kernel32.dll", "Return": "0x7437f440", "Status": 0 }
{ "Address": "0x7efa1578", "Opcode": "ff154440fa7e", "Opcodesize": 6, "Mnemonic": "call dword ptr [0x7efa4044]", "PID": 280, "TID": 1612, "Arguments": [ "Arg1", "IN", "HMODULE", "0x28fd84", "0x74280000", "Arg2", "IN", "LPCSTR", "0x28fd88", "exit" ], "Timesptamp": "00000003.124900", "FunctionName": "GetProcAddress", "ModuleName": "kernel32.dll", "Return": "0x7436f650", "Status": 0 }
{ "Address": "0x7efa2b73", "Opcode": "ff15e460fa7e", "Opcodesize": 6, "Mnemonic": "call dword ptr [0x7efa60e4]", "PID": 280, "TID": 1612, "Arguments": [ "Arg1", "IN", "INT", "0x28fde8", "0x1" ], "Timesptamp": "00000003.144333", "FunctionName": "exit", "ModuleName": "ucrtbase.dll" }
