{ "Address": "0x40178f", "Opcode": "ff1524614000", "Opcodesize": 6, "Mnemonic": "call dword ptr [0x406124]", "PID": 1908, "TID": 1588, "Arguments": [ "Arg1", "OUT", "LPFILETIME", "0x28ff40", "0x28ff50" ], "Timesptamp": "00000000.474557", "FunctionName": "GetSystemTimeAsFileTime", "ModuleName": "kernel32.dll", "Return": "0x1daddab", "Output1": { "field1": [ "0x28ff50", "0xc8f85920" ], "field2": [ "0x28ff54", "0x1daddab" ] }, "Status": 0 }
{ "Address": "0x4017a0", "Opcode": "ff150c614000", "Opcodesize": 6, "Mnemonic": "call dword ptr [0x40610c]", "PID": 1908, "TID": 1588, "Arguments": [ ], "Timesptamp": "00000000.500866", "FunctionName": "GetCurrentProcessId", "ModuleName": "kernel32.dll", "Return": "0x774", "Status": 0 }
{ "Address": "0x4017a8", "Opcode": "ff1510614000", "Opcodesize": 6, "Mnemonic": "call dword ptr [0x406110]", "PID": 1908, "TID": 1588, "Arguments": [ ], "Timesptamp": "00000000.513909", "FunctionName": "GetCurrentThreadId", "ModuleName": "kernel32.dll", "Return": "0x634", "Status": 0 }
{ "Address": "0x4017b0", "Opcode": "ff1528614000", "Opcodesize": 6, "Mnemonic": "call dword ptr [0x406128]", "PID": 1908, "TID": 1588, "Arguments": [ ], "Timesptamp": "00000000.526418", "FunctionName": "GetTickCount", "ModuleName": "kernel32.dll", "Return": "0x51209", "Status": 0 }
{ "Address": "0x4017bf", "Opcode": "ff1538614000", "Opcodesize": 6, "Mnemonic": "call dword ptr [0x406138]", "PID": 1908, "TID": 1588, "Arguments": [ "Arg1", "OUT", "LARGE_INTEGER*", "0x28ff40", "0x28ff58" ], "Timesptamp": "00000000.539856", "FunctionName": "QueryPerformanceCounter", "ModuleName": "kernel32.dll", "Return": "TRUE", "Output1": { "field1": [ "0x28ff58", "0xf16fcca4" ], "field2": [ "0x28ff5c", "0x5" ], "field3": [ "0x28ff60", "0x0" ] }, "Status": 0 }
{ "Address": "0x401433", "Opcode": "ff1520614000", "Opcodesize": 6, "Mnemonic": "call dword ptr [0x406120]", "PID": 1908, "TID": 1588, "Arguments": [ "Arg1", "OUT", "LPSTARTUPINFOA", "0x28fef0", "0x28ff1c" ], "Timesptamp": "00000000.553107", "FunctionName": "GetStartupInfoA", "ModuleName": "kernel32.dll", "Return": "0x28ff1c", "Output1": { "field1": [ "0x28ff1c", "0x44" ], "field2": [ "0x28ff20", "" ], "field3": [ "0x28ff24", "winsta0\\default" ], "field4": [ "0x28ff28", "C:\\Users\\lhs\\Exec\\amber_HashCalculator.exe" ], "field5": [ "0x28ff2c", "0x0" ], "field6": [ "0x28ff30", "0x0" ], "field7": [ "0x28ff34", "0x0" ], "field8": [ "0x28ff38", "0x0" ], "field9": [ "0x28ff3c", "0x0" ], "field10": [ "0x28ff40", "0x0" ], "field11": [ "0x28ff44", "0x0" ], "field12": [ "0x28ff48", "0x1" ], "field13": [ "0x28ff4c", "0x7" ], "field14": [ "0x28ff4e", "0x0" ], "field15": [ "0x28ff50", "0x0" ], "field16": [ "0x28ff51", "0xff000000" ], "field17": [ "0x28ff55", "0xffffffff" ], "field18": [ "0x28ff59", "0xffffffff" ] }, "Status": 0 }
{ "Address": "0x401479", "Opcode": "e896120000", "Opcodesize": 5, "Mnemonic": "call 0x402714", "PID": 1908, "TID": 1588, "Functionname": "_initterm", "Dllname": "msvcrt.dll", "Status": 1 }
{ "Address": "0x40107a", "Opcode": "e8bd160000", "Opcodesize": 5, "Mnemonic": "call 0x40273c", "PID": 1908, "TID": 1588, "Arguments": [ ], "Timesptamp": "00000000.601025", "FunctionName": "__p__fmode", "ModuleName": "msvcrt.dll", "Return": "0x762331f4", "Status": 0 }
{ "Address": "0x401404", "Opcode": "e80b130000", "Opcodesize": 5, "Mnemonic": "call 0x402714", "PID": 1908, "TID": 1588, "Functionname": "_initterm", "Dllname": "msvcrt.dll", "Status": 1 }
{ "Address": "0x401155", "Opcode": "e8f2150000", "Opcodesize": 5, "Mnemonic": "call 0x40274c", "PID": 1908, "TID": 1588, "Functionname": "__getmainargs", "Dllname": "msvcrt.dll", "Status": 1 }
{ "Address": "0x401238", "Opcode": "ff153c614000", "Opcodesize": 6, "Mnemonic": "call dword ptr [0x40613c]", "PID": 1908, "TID": 1588, "Arguments": [ "Arg1", "IN", "DWORD", "0x28fef0", "0x401ec0" ], "Timesptamp": "00000000.685638", "FunctionName": "SetUnhandledExceptionFilter", "ModuleName": "kernel32.dll", "Return": "0x0", "Status": 0 }
{ "Address": "0x401261", "Opcode": "e8de140000", "Opcodesize": 5, "Mnemonic": "call 0x402744", "PID": 1908, "TID": 1588, "Functionname": "__p__acmdln", "Dllname": "msvcrt.dll", "Status": 1 }
{ "Address": "0x4012eb", "Opcode": "e8e4130000", "Opcodesize": 5, "Mnemonic": "call 0x4026d4", "PID": 1908, "TID": 1588, "Arguments": [ "Arg1", "IN", "SIZE_T", "0x28fef0", "0x8" ], "Timesptamp": "00000000.714691", "FunctionName": "malloc", "ModuleName": "msvcrt.dll", "Return": "0x3b0fb8", "Status": 0 }
{ "Address": "0x40131b", "Opcode": "e89c130000", "Opcodesize": 5, "Mnemonic": "call 0x4026bc", "PID": 1908, "TID": 1588, "Arguments": [ "Arg1", "IN", "CHAR*", "0x28fef0", "\\Users\\lhs\\Exec\\amber_HashCalculator.exe" ], "Timesptamp": "00000000.727510", "FunctionName": "strlen", "ModuleName": "msvcrt.dll", "Return": "0x28", "Status": 0 }
{ "Address": "0x401326", "Opcode": "e8a9130000", "Opcodesize": 5, "Mnemonic": "call 0x4026d4", "PID": 1908, "TID": 1588, "Arguments": [ "Arg1", "IN", "SIZE_T", "0x28fef0", "0x29" ], "Timesptamp": "00000000.740564", "FunctionName": "malloc", "ModuleName": "msvcrt.dll", "Return": "0x3b0fc8", "Status": 0 }
{ "Address": "0x40133c", "Opcode": "e88b130000", "Opcodesize": 5, "Mnemonic": "call 0x4026cc", "PID": 1908, "TID": 1588, "Arguments": [ "Arg1", "IN", "VOID*", "0x28fef0", "0x3b0fc8", "Arg2", "IN", "ARRAY0", "0x28fef4", "ARRAY_0x29", "Arg3", "IN", "SIZE_T", "0x28fef8", "0x29" ], "Timesptamp": "00000000.757274", "FunctionName": "memcpy", "ModuleName": "msvcrt.dll", "Return": "0x3b0fc8", "Status": 0 }
{ "Address": "0x4014ea", "Opcode": "e81d120000", "Opcodesize": 5, "Mnemonic": "call 0x40270c", "PID": 1908, "TID": 1588, "Functionname": "_onexit", "Dllname": "msvcrt.dll", "Status": 1 }
{ "Address": "0x4014ea", "Opcode": "e81d120000", "Opcodesize": 5, "Mnemonic": "call 0x40270c", "PID": 1908, "TID": 1588, "Functionname": "_onexit", "Dllname": "msvcrt.dll", "Status": 1 }
{ "Address": "0x401552", "Opcode": "ffd0", "Opcodesize": 2, "Mnemonic": "call eax", "PID": 1908, "TID": 1588, "Arguments": [ "Arg1", "IN", "LPCTSTR", "0x28fe90", "USER32.dll" ], "Timesptamp": "00000000.798933", "FunctionName": "LoadLibraryA", "ModuleName": "kernel32.dll", "Return": "0x74d30000", "Status": 0 }
{ "Address": "0x40156d", "Opcode": "ffd0", "Opcodesize": 2, "Mnemonic": "call eax", "PID": 1908, "TID": 1588, "Arguments": [ "Arg1", "IN", "HMODULE", "0x28fe90", "0x74d30000", "Arg2", "IN", "LPCSTR", "0x28fe94", "VirtualAlloc" ], "Timesptamp": "00000000.891648", "FunctionName": "GetProcAddress", "ModuleName": "kernel32.dll", "Return": "0x0", "Status": 0 }
{ "Address": "0x40157e", "Opcode": "ffd0", "Opcodesize": 2, "Mnemonic": "call eax", "PID": 1908, "TID": 1588, "Arguments": [ "Arg1", "IN", "LPCTSTR", "0x28fe90", "\"\"" ], "Timesptamp": "00000000.915739", "FunctionName": "GetModuleHandleA", "ModuleName": "kernel32.dll", "Return": "0x400000", "Status": 0 }
{ "Address": "0x40162d", "Opcode": "ffd0", "Opcodesize": 2, "Mnemonic": "call eax", "PID": 1908, "TID": 1588, "Arguments": [ "Arg1", "IN", "LPVOID", "0x28fe90", "0x0", "Arg2", "IN", "SIZE_T", "0x28fe94", "0xe400", "Arg3", "IN", "DWORD", "0x28fe98", "0x1000", "Arg4", "IN", "DWORD", "0x28fe9c", "0x40" ], "Timesptamp": "00000000.932139", "FunctionName": "VirtualAlloc", "ModuleName": "kernel32.dll", "Return": "0x320000", "Status": 0 }
{ "Address": "0x401657", "Opcode": "e870100000", "Opcodesize": 5, "Mnemonic": "call 0x4026cc", "PID": 1908, "TID": 1588, "Arguments": [ "Arg1", "IN", "VOID*", "0x28fe90", "0x320000", "Arg2", "IN", "ARRAY0", "0x28fe94", "ARRAY_0xe400", "Arg3", "IN", "SIZE_T", "0x28fe98", "0xe400" ], "Timesptamp": "00000000.948032", "FunctionName": "memcpy", "ModuleName": "msvcrt.dll", "Return": "0x320000", "Status": 0 }
{ "Address": "0x32e05c", "Opcode": "e81e010000", "Opcodesize": 5, "Mnemonic": "call 0x32e17f", "PID": 1908, "TID": 1588, "Arguments": [ "Arg1", "IN", "LPVOID", "0x28fe6c", "0x0", "Arg2", "IN", "SIZE_T", "0x28fe70", "0xe007", "Arg3", "IN", "DWORD", "0x28fe74", "0x103000", "Arg4", "IN", "DWORD", "0x28fe78", "0x40" ], "Timesptamp": "00000000.975576", "FunctionName": "VirtualAlloc", "ModuleName": "kernel32.dll", "Return": "0x7efa0000", "Status": 0 }
{ "Address": "0x32e14e", "Opcode": "e82c000000", "Opcodesize": 5, "Mnemonic": "call 0x32e17f", "PID": 1908, "TID": 1588, "Arguments": [ "Arg1", "IN", "LPCTSTR", "0x28fe64", "mscoree.dll" ], "Timesptamp": "00000000.991881", "FunctionName": "LoadLibraryA", "ModuleName": "kernel32.dll", "Return": "0x74390000", "Status": 0 }
{ "Address": "0x32e15f", "Opcode": "e81b000000", "Opcodesize": 5, "Mnemonic": "call 0x32e17f", "PID": 1908, "TID": 1588, "Arguments": [ "Arg1", "IN", "HMODULE", "0x28fe50", "0x74390000", "Arg2", "IN", "LPCSTR", "0x28fe54", "_CorExeMain" ], "Timesptamp": "00000001.038337", "FunctionName": "GetProcAddress", "ModuleName": "kernel32.dll", "Return": "0x74394ddb", "Status": 0 }
{ "Address": "0x32e211", "Opcode": "ffd7", "Opcodesize": 2, "Mnemonic": "call edi", "PID": 1908, "TID": 1588, "Functionname": "_CorExeMain", "Dllname": "mscoree.dll", "Status": 1 }
{ "Address": "0x40207e", "Opcode": "ff1504614000", "Opcodesize": 6, "Mnemonic": "call dword ptr [0x406104]", "PID": 1908, "TID": 1588, "Functionname": "RtlEnterCriticalSection", "Dllname": "ntdll.dll", "Status": 1 }
{ "Address": "0x4020cc", "Opcode": "ff1530614000", "Opcodesize": 6, "Mnemonic": "call dword ptr [0x406130]", "PID": 1908, "TID": 1588, "Functionname": "RtlLeaveCriticalSection", "Dllname": "ntdll.dll", "Status": 1 }
{ "Address": "0x4022ac", "Opcode": "ff1500614000", "Opcodesize": 6, "Mnemonic": "call dword ptr [0x406100]", "PID": 1908, "TID": 1588, "Functionname": "RtlDeleteCriticalSection", "Dllname": "ntdll.dll", "Status": 1 }
