{ "Address": "0x10023f6", "Opcode": "ff1530100001", "Opcodesize": 6, "Mnemonic": "call dword ptr [0x1001030]", "PID": 1712, "TID": 1768, "Arguments": [ ], "Timesptamp": "00000000.221582", "FunctionName": "GetVersion", "ModuleName": "kernel32.dll", "Return": "0x1db10106", "Status": 0 }
{ "Address": "0x1003b69", "Opcode": "ff1588100001", "Opcodesize": 6, "Mnemonic": "call dword ptr [0x1001088]", "PID": 1712, "TID": 1768, "Arguments": [ "Arg1", "IN", "DWORD", "0xcff4c", "0x1", "Arg2", "IN", "SIZE_T", "0xcff50", "0x1000", "Arg3", "IN", "SIZE_T", "0xcff54", "0x0" ], "Timesptamp": "00000000.231236", "FunctionName": "HeapCreate", "ModuleName": "kernel32.dll", "Return": "0x870000", "Status": 0 }
{ "Address": "0x1004e95", "Opcode": "ffd7", "Opcodesize": 2, "Mnemonic": "call edi", "PID": 1712, "TID": 1768, "Arguments": [ "Arg1", "IN", "LPVOID", "0xcff38", "0x0", "Arg2", "IN", "SIZE_T", "0xcff3c", "0x400000", "Arg3", "IN", "DWORD", "0xcff40", "0x2000", "Arg4", "IN", "DWORD", "0xcff44", "0x4" ], "Timesptamp": "00000000.250957", "FunctionName": "VirtualAlloc", "ModuleName": "kernel32.dll", "Return": "0x880000", "Status": 0 }
{ "Address": "0x1004eae", "Opcode": "ffd7", "Opcodesize": 2, "Mnemonic": "call edi", "PID": 1712, "TID": 1768, "Arguments": [ "Arg1", "IN", "LPVOID", "0xcff38", "0x880000", "Arg2", "IN", "SIZE_T", "0xcff3c", "0x10000", "Arg3", "IN", "DWORD", "0xcff40", "0x1000", "Arg4", "IN", "DWORD", "0xcff44", "0x4" ], "Timesptamp": "00000000.260342", "FunctionName": "VirtualAlloc", "ModuleName": "kernel32.dll", "Return": "0x880000", "Status": 0 }
{ "Address": "0x10039c5", "Opcode": "ff1580100001", "Opcodesize": 6, "Mnemonic": "call dword ptr [0x1001080]", "PID": 1712, "TID": 1768, "Arguments": [ "Arg1", "OUT", "LPSTARTUPINFOA", "0xcfefc", "0xcff14" ], "Timesptamp": "00000000.272515", "FunctionName": "GetStartupInfoA", "ModuleName": "kernel32.dll", "Return": "0xcff14", "Output1": { "field1": [ "0xcff14", "0x44" ], "field2": [ "0xcff18", "" ], "field3": [ "0xcff1c", "winsta0\\default" ], "field4": [ "0xcff20", "C:\\Users\\lhs\\Exec\\auditpolreskit.exe" ], "field5": [ "0xcff24", "0x0" ], "field6": [ "0xcff28", "0x0" ], "field7": [ "0xcff2c", "0x0" ], "field8": [ "0xcff30", "0x0" ], "field9": [ "0xcff34", "0x0" ], "field10": [ "0xcff38", "0x0" ], "field11": [ "0xcff3c", "0x0" ], "field12": [ "0xcff40", "0x1" ], "field13": [ "0xcff44", "0x7" ], "field14": [ "0xcff46", "0x0" ], "field15": [ "0xcff48", "0x0" ], "field16": [ "0xcff49", "0xff000000" ], "field17": [ "0xcff4d", "0xffffffff" ], "field18": [ "0xcff51", "0xffffffff" ] }, "Status": 0 }
{ "Address": "0x1003afc", "Opcode": "ffd5", "Opcodesize": 2, "Mnemonic": "call ebp", "PID": 1712, "TID": 1768, "Arguments": [ "Arg1", "IN", "DWORD", "0xcfefc", "0xfffffff6" ], "Timesptamp": "00000000.281894", "FunctionName": "GetStdHandle", "ModuleName": "kernel32.dll", "Return": "0x3", "Status": 0 }
{ "Address": "0x1003b06", "Opcode": "ff157c100001", "Opcodesize": 6, "Mnemonic": "call dword ptr [0x100107c]", "PID": 1712, "TID": 1768, "Arguments": [ "Arg1", "IN", "HANDLE", "0xcfefc", "0x3" ], "Timesptamp": "00000000.293603", "FunctionName": "GetFileType", "ModuleName": "kernel32.dll", "Return": "0x2", "Status": 0 }
{ "Address": "0x1003afc", "Opcode": "ffd5", "Opcodesize": 2, "Mnemonic": "call ebp", "PID": 1712, "TID": 1768, "Arguments": [ "Arg1", "IN", "DWORD", "0xcfefc", "0xfffffff5" ], "Timesptamp": "00000000.303034", "FunctionName": "GetStdHandle", "ModuleName": "kernel32.dll", "Return": "0x7", "Status": 0 }
{ "Address": "0x1003b06", "Opcode": "ff157c100001", "Opcodesize": 6, "Mnemonic": "call dword ptr [0x100107c]", "PID": 1712, "TID": 1768, "Arguments": [ "Arg1", "IN", "HANDLE", "0xcfefc", "0x7" ], "Timesptamp": "00000000.311698", "FunctionName": "GetFileType", "ModuleName": "kernel32.dll", "Return": "0x2", "Status": 0 }
{ "Address": "0x1003afc", "Opcode": "ffd5", "Opcodesize": 2, "Mnemonic": "call ebp", "PID": 1712, "TID": 1768, "Arguments": [ "Arg1", "IN", "DWORD", "0xcfefc", "0xfffffff4" ], "Timesptamp": "00000000.321019", "FunctionName": "GetStdHandle", "ModuleName": "kernel32.dll", "Return": "0xb", "Status": 0 }
{ "Address": "0x1003b06", "Opcode": "ff157c100001", "Opcodesize": 6, "Mnemonic": "call dword ptr [0x100107c]", "PID": 1712, "TID": 1768, "Arguments": [ "Arg1", "IN", "HANDLE", "0xcfefc", "0xb" ], "Timesptamp": "00000000.329681", "FunctionName": "GetFileType", "ModuleName": "kernel32.dll", "Return": "0x2", "Status": 0 }
{ "Address": "0x1003b4a", "Opcode": "ff1574100001", "Opcodesize": 6, "Mnemonic": "call dword ptr [0x1001074]", "PID": 1712, "TID": 1768, "Arguments": [ "Arg1", "IN", "UINT", "0xcfefc", "0x20" ], "Timesptamp": "00000000.343776", "FunctionName": "SetHandleCount", "ModuleName": "kernel32.dll", "Return": "0x20", "Status": 0 }
{ "Address": "0x100347c", "Opcode": "e8ff010000", "Opcodesize": 5, "Mnemonic": "call 0x1003680", "PID": 1712, "TID": 1768, "Arguments": [ ], "Timesptamp": "00000000.352632", "FunctionName": "GetACP", "ModuleName": "kernel32.dll", "Return": "0x4e4", "Status": 0 }
{ "Address": "0x10034d5", "Opcode": "ff1568100001", "Opcodesize": 6, "Mnemonic": "call dword ptr [0x1001068]", "PID": 1712, "TID": 1768, "Arguments": [ "Arg1", "IN", "UINT", "0xcff24", "0x4e4", "Arg2", "OUT", "LPCPINFO", "0xcff28", "0xcff3c" ], "Timesptamp": "00000000.361376", "FunctionName": "GetCPInfo", "ModuleName": "kernel32.dll", "Return": "TRUE", "Output1": { "field1": [ "0xcff3c", "0x1" ], "field2": [ "0xcff40", "0x3f" ], "field3": [ "0xcff44", "0x0" ] }, "Status": 0 }
{ "Address": "0x1003783", "Opcode": "ff1568100001", "Opcodesize": 6, "Mnemonic": "call dword ptr [0x1001068]", "PID": 1712, "TID": 1768, "Arguments": [ "Arg1", "IN", "UINT", "0xcfa08", "0x4e4", "Arg2", "OUT", "LPCPINFO", "0xcfa0c", "0xcfa14" ], "Timesptamp": "00000000.369129", "FunctionName": "GetCPInfo", "ModuleName": "kernel32.dll", "Return": "TRUE", "Output1": { "field1": [ "0xcfa14", "0x1" ], "field2": [ "0xcfa18", "0x3f" ], "field3": [ "0xcfa1c", "0x0" ] }, "Status": 0 }
{ "Address": "0x10057f4", "Opcode": "ff15a4100001", "Opcodesize": 6, "Mnemonic": "call dword ptr [0x10010a4]", "PID": 1712, "TID": 1768, "Arguments": [ "Arg1", "IN", "DWORD", "0xcf9c4", "0x1", "Arg2", "IN", "LPCWCH", "NULL", "Arg3", "IN", "INT", "0xcf9cc", "0x1", "Arg4", "OUT", "LPWORD", "0xcf9d0", "0xcf9e6" ], "Timesptamp": "00000000.390941", "FunctionName": "GetStringTypeW", "ModuleName": "kernel32.dll", "Return": "TRUE", "Output1": [ "0xcf9e6", "0x220" ], "Status": 0 }
{ "Address": "0x1005870", "Opcode": "ff1528100001", "Opcodesize": 6, "Mnemonic": "call dword ptr [0x1001028]", "PID": 1712, "TID": 1768, "Arguments": [ "Arg1", "IN", "UINT", "0xcf9bc", "0x4e4", "Arg2", "IN", "DWORD", "0xcf9c0", "0x1", "Arg3", "IN", "ARRAY0", "0xcf9c4", "ARRAY_0x100", "Arg4", "IN", "INT", "0xcf9c8", "0x100", "Arg5", "OUT", "LPWSTR", "0xcf9cc", "0x0", "Arg6", "IN", "INT", "0xcf9d0", "0x0" ], "Timesptamp": "00000000.399477", "FunctionName": "MultiByteToWideChar", "ModuleName": "kernel32.dll", "Return": "0x100", "Status": 0 }
{ "Address": "0x1004b0e", "Opcode": "ffd3", "Opcodesize": 2, "Mnemonic": "call ebx", "PID": 1712, "TID": 1768, "Arguments": [ "Arg1", "IN", "PVOID", "0xcf9ac", "0x870000", "Arg2", "IN", "ULONG", "0xcf9b0", "0x8", "Arg3", "IN", "SIZE_T", "0xcf9b4", "0x200" ], "Timesptamp": "00000000.409550", "FunctionName": "RtlAllocateHeap", "ModuleName": "ntdll.dll", "Return": "0x870578", "Status": 0 }
{ "Address": "0x1005898", "Opcode": "ff1528100001", "Opcodesize": 6, "Mnemonic": "call dword ptr [0x1001028]", "PID": 1712, "TID": 1768, "Arguments": [ "Arg1", "IN", "UINT", "0xcf9bc", "0x4e4", "Arg2", "IN", "DWORD", "0xcf9c0", "0x1", "Arg3", "IN", "ARRAY0", "0xcf9c4", "ARRAY_0x100", "Arg4", "IN", "INT", "0xcf9c8", "0x100", "Arg5", "OUT", "LPWSTR", "0xcf9cc", "0x870578", "Arg6", "IN", "INT", "0xcf9d0", "0x100" ], "Timesptamp": "00000000.418271", "FunctionName": "MultiByteToWideChar", "ModuleName": "kernel32.dll", "Return": "0x100", "Output1": [ "0x870578", " ............................... !\"#$%&'()*+,-.\/0123456789:;<=>?@ABCDEFGHIJKLMNOPQRSTUVWXYZ[\\]^_`abcdefghijklmnopqrstuvwxyz{|}~......& !.0`9R.}......\"...\"a:S.~x..................................................................................................." ], "Status": 0 }
{ "Address": "0x10058ae", "Opcode": "ff15a4100001", "Opcodesize": 6, "Mnemonic": "call dword ptr [0x10010a4]", "PID": 1712, "TID": 1768, "Arguments": [ "Arg1", "IN", "DWORD", "0xcf9c4", "0x1", "Arg2", "IN", "LPCWCH", "0xcf9c8", " ............................... !\"#$%&'()*+,-.\/0123456789:;<=>?@ABCDEFGHIJKLMNOPQRSTUVWXYZ[\\]^_`abcdefghijklmnopqrstuvwxyz{|}~......& !.0`9R.}......\"...\"a:S.~x...................................................................................................", "Arg3", "IN", "INT", "0xcf9cc", "0x100", "Arg4", "OUT", "LPWORD", "0xcf9d0", "0xcfd28" ], "Timesptamp": "00000000.436405", "FunctionName": "GetStringTypeW", "ModuleName": "kernel32.dll", "Return": "TRUE", "Output1": [ "0xcfd28", "0x248" ], "Status": 0 }
{ "Address": "0x1002cd1", "Opcode": "ff1548100001", "Opcodesize": 6, "Mnemonic": "call dword ptr [0x1001048]", "PID": 1712, "TID": 1768, "Functionname": "HeapFree", "Dllname": "kernel32.dll", "Status": 1 }
{ "Address": "0x1005595", "Opcode": "ff1570100001", "Opcodesize": 6, "Mnemonic": "call dword ptr [0x1001070]", "PID": 1712, "TID": 1768, "Arguments": [ "Arg1", "IN", "LCID", "0xcf9bc", "0x0", "Arg2", "IN", "DWORD", "0xcf9c0", "0x100", "Arg3", "IN", "LPCWSTR", "NULL", "Arg4", "IN", "INT", "0xcf9c8", "0x1", "Arg5", "OUT", "LPCWSTR", "0xcf9cc", "0x0", "Arg6", "IN", "INT", "0xcf9d0", "0x0" ], "Timesptamp": "00000000.454388", "FunctionName": "LCMapStringW", "ModuleName": "kernel32.dll", "Return": "0x1", "Status": 0 }
{ "Address": "0x100564a", "Opcode": "ff1528100001", "Opcodesize": 6, "Mnemonic": "call dword ptr [0x1001028]", "PID": 1712, "TID": 1768, "Arguments": [ "Arg1", "IN", "UINT", "0xcf9bc", "0x4e4", "Arg2", "IN", "DWORD", "0xcf9c0", "0x1", "Arg3", "IN", "ARRAY0", "0xcf9c4", "ARRAY_0x100", "Arg4", "IN", "INT", "0xcf9c8", "0x100", "Arg5", "OUT", "LPWSTR", "0xcf9cc", "0x0", "Arg6", "IN", "INT", "0xcf9d0", "0x0" ], "Timesptamp": "00000000.462173", "FunctionName": "MultiByteToWideChar", "ModuleName": "kernel32.dll", "Return": "0x100", "Status": 0 }
{ "Address": "0x1002c80", "Opcode": "ff1544100001", "Opcodesize": 6, "Mnemonic": "call dword ptr [0x1001044]", "PID": 1712, "TID": 1768, "Arguments": [ "Arg1", "IN", "PVOID", "0xcf9a0", "0x870000", "Arg2", "IN", "ULONG", "0xcf9a4", "0x0", "Arg3", "IN", "SIZE_T", "0xcf9a8", "0x200" ], "Timesptamp": "00000000.481321", "FunctionName": "RtlAllocateHeap", "ModuleName": "ntdll.dll", "Return": "0x870578", "Status": 0 }
{ "Address": "0x100567d", "Opcode": "ff1528100001", "Opcodesize": 6, "Mnemonic": "call dword ptr [0x1001028]", "PID": 1712, "TID": 1768, "Arguments": [ "Arg1", "IN", "UINT", "0xcf9bc", "0x4e4", "Arg2", "IN", "DWORD", "0xcf9c0", "0x1", "Arg3", "IN", "ARRAY0", "0xcf9c4", "ARRAY_0x100", "Arg4", "IN", "INT", "0xcf9c8", "0x100", "Arg5", "OUT", "LPWSTR", "0xcf9cc", "0x870578", "Arg6", "IN", "INT", "0xcf9d0", "0x100" ], "Timesptamp": "00000000.490337", "FunctionName": "MultiByteToWideChar", "ModuleName": "kernel32.dll", "Return": "0x100", "Output1": [ "0x870578", " ............................... !\"#$%&'()*+,-.\/0123456789:;<=>?@ABCDEFGHIJKLMNOPQRSTUVWXYZ[\\]^_`abcdefghijklmnopqrstuvwxyz{|}~......& !.0`9R.}......\"...\"a:S.~x..................................................................................................." ], "Status": 0 }
{ "Address": "0x100569b", "Opcode": "ff1570100001", "Opcodesize": 6, "Mnemonic": "call dword ptr [0x1001070]", "PID": 1712, "TID": 1768, "Arguments": [ "Arg1", "IN", "LCID", "0xcf9bc", "0x0", "Arg2", "IN", "DWORD", "0xcf9c0", "0x100", "Arg3", "IN", "LPCWSTR", "0xcf9c4", " ............................... !\"#$%&'()*+,-.\/0123456789:;<=>?@ABCDEFGHIJKLMNOPQRSTUVWXYZ[\\]^_`abcdefghijklmnopqrstuvwxyz{|}~......& !.0`9R.}......\"...\"a:S.~x...................................................................................................", "Arg4", "IN", "INT", "0xcf9c8", "0x100", "Arg5", "OUT", "LPCWSTR", "0xcf9cc", "0x0", "Arg6", "IN", "INT", "0xcf9d0", "0x0" ], "Timesptamp": "00000000.501046", "FunctionName": "LCMapStringW", "ModuleName": "kernel32.dll", "Return": "0x100", "Status": 0 }
{ "Address": "0x1002c80", "Opcode": "ff1544100001", "Opcodesize": 6, "Mnemonic": "call dword ptr [0x1001044]", "PID": 1712, "TID": 1768, "Arguments": [ "Arg1", "IN", "PVOID", "0xcf9a0", "0x870000", "Arg2", "IN", "ULONG", "0xcf9a4", "0x0", "Arg3", "IN", "SIZE_T", "0xcf9a8", "0x200" ], "Timesptamp": "00000000.508737", "FunctionName": "RtlAllocateHeap", "ModuleName": "ntdll.dll", "Return": "0x870780", "Status": 0 }
{ "Address": "0x100571a", "Opcode": "ff1570100001", "Opcodesize": 6, "Mnemonic": "call dword ptr [0x1001070]", "PID": 1712, "TID": 1768, "Arguments": [ "Arg1", "IN", "LCID", "0xcf9bc", "0x0", "Arg2", "IN", "DWORD", "0xcf9c0", "0x100", "Arg3", "IN", "LPCWSTR", "0xcf9c4", " ............................... !\"#$%&'()*+,-.\/0123456789:;<=>?@ABCDEFGHIJKLMNOPQRSTUVWXYZ[\\]^_`abcdefghijklmnopqrstuvwxyz{|}~......& !.0`9R.}......\"...\"a:S.~x...................................................................................................", "Arg4", "IN", "INT", "0xcf9c8", "0x100", "Arg5", "OUT", "LPCWSTR", "0xcf9cc", "0x870780", "Arg6", "IN", "INT", "0xcf9d0", "0x100" ], "Timesptamp": "00000000.529986", "FunctionName": "LCMapStringW", "ModuleName": "kernel32.dll", "Return": "0x100", "Output1": [ "0x870780", " ............................... !\"#$%&'()*+,-.\/0123456789:;<=>?@abcdefghijklmnopqrstuvwxyz[\\]^_`abcdefghijklmnopqrstuvwxyz{|}~......& !.0a9S.~......\"...\"a:S.~...................................................................................................." ], "Status": 0 }
{ "Address": "0x1005768", "Opcode": "ff1518100001", "Opcodesize": 6, "Mnemonic": "call dword ptr [0x1001018]", "PID": 1712, "TID": 1768, "Arguments": [ "Arg1", "IN", "UINT", "0xcf9b4", "0x4e4", "Arg2", "IN", "DWORD", "0xcf9b8", "0x220", "Arg3", "IN", "LPCWCH", "0xcf9bc", " ............................... !\"#$%&'()*+,-.\/0123456789:;<=>?@abcdefghijklmnopqrstuvwxyz[\\]^_`abcdefghijklmnopqrstuvwxyz{|}~......& !.0a9S.~......\"...\"a:S.~....................................................................................................", "Arg4", "IN", "INT", "0xcf9c0", "0x100", "Arg5", "OUT", "ARRAY0", "0xcf9c4", "0xcfb28", "Arg6", "IN", "INT", "0xcf9c8", "0x100", "Arg7", "IN", "DWORD", "0xcf9cc", "0x0", "Arg8", "OUT", "LPBOOL", "0xcf9d0", "0x0" ], "Timesptamp": "00000000.538801", "FunctionName": "WideCharToMultiByte", "ModuleName": "kernel32.dll", "Return": "0x100", "Output1": [ ], "Status": 0 }
{ "Address": "0x1002cd1", "Opcode": "ff1548100001", "Opcodesize": 6, "Mnemonic": "call dword ptr [0x1001048]", "PID": 1712, "TID": 1768, "Functionname": "HeapFree", "Dllname": "kernel32.dll", "Status": 1 }
{ "Address": "0x1002cd1", "Opcode": "ff1548100001", "Opcodesize": 6, "Mnemonic": "call dword ptr [0x1001048]", "PID": 1712, "TID": 1768, "Functionname": "HeapFree", "Dllname": "kernel32.dll", "Status": 1 }
{ "Address": "0x100564a", "Opcode": "ff1528100001", "Opcodesize": 6, "Mnemonic": "call dword ptr [0x1001028]", "PID": 1712, "TID": 1768, "Arguments": [ "Arg1", "IN", "UINT", "0xcf9bc", "0x4e4", "Arg2", "IN", "DWORD", "0xcf9c0", "0x1", "Arg3", "IN", "ARRAY0", "0xcf9c4", "ARRAY_0x100", "Arg4", "IN", "INT", "0xcf9c8", "0x100", "Arg5", "OUT", "LPWSTR", "0xcf9cc", "0x0", "Arg6", "IN", "INT", "0xcf9d0", "0x0" ], "Timesptamp": "00000000.563628", "FunctionName": "MultiByteToWideChar", "ModuleName": "kernel32.dll", "Return": "0x100", "Status": 0 }
{ "Address": "0x1002c80", "Opcode": "ff1544100001", "Opcodesize": 6, "Mnemonic": "call dword ptr [0x1001044]", "PID": 1712, "TID": 1768, "Arguments": [ "Arg1", "IN", "PVOID", "0xcf9a0", "0x870000", "Arg2", "IN", "ULONG", "0xcf9a4", "0x0", "Arg3", "IN", "SIZE_T", "0xcf9a8", "0x200" ], "Timesptamp": "00000000.574035", "FunctionName": "RtlAllocateHeap", "ModuleName": "ntdll.dll", "Return": "0x870578", "Status": 0 }
{ "Address": "0x100567d", "Opcode": "ff1528100001", "Opcodesize": 6, "Mnemonic": "call dword ptr [0x1001028]", "PID": 1712, "TID": 1768, "Arguments": [ "Arg1", "IN", "UINT", "0xcf9bc", "0x4e4", "Arg2", "IN", "DWORD", "0xcf9c0", "0x1", "Arg3", "IN", "ARRAY0", "0xcf9c4", "ARRAY_0x100", "Arg4", "IN", "INT", "0xcf9c8", "0x100", "Arg5", "OUT", "LPWSTR", "0xcf9cc", "0x870578", "Arg6", "IN", "INT", "0xcf9d0", "0x100" ], "Timesptamp": "00000000.581769", "FunctionName": "MultiByteToWideChar", "ModuleName": "kernel32.dll", "Return": "0x100", "Output1": [ "0x870578", " ............................... !\"#$%&'()*+,-.\/0123456789:;<=>?@ABCDEFGHIJKLMNOPQRSTUVWXYZ[\\]^_`abcdefghijklmnopqrstuvwxyz{|}~......& !.0`9R.}......\"...\"a:S.~x..................................................................................................." ], "Status": 0 }
{ "Address": "0x100569b", "Opcode": "ff1570100001", "Opcodesize": 6, "Mnemonic": "call dword ptr [0x1001070]", "PID": 1712, "TID": 1768, "Arguments": [ "Arg1", "IN", "LCID", "0xcf9bc", "0x0", "Arg2", "IN", "DWORD", "0xcf9c0", "0x200", "Arg3", "IN", "LPCWSTR", "0xcf9c4", " ............................... !\"#$%&'()*+,-.\/0123456789:;<=>?@ABCDEFGHIJKLMNOPQRSTUVWXYZ[\\]^_`abcdefghijklmnopqrstuvwxyz{|}~......& !.0`9R.}......\"...\"a:S.~x...................................................................................................", "Arg4", "IN", "INT", "0xcf9c8", "0x100", "Arg5", "OUT", "LPCWSTR", "0xcf9cc", "0x0", "Arg6", "IN", "INT", "0xcf9d0", "0x0" ], "Timesptamp": "00000000.591656", "FunctionName": "LCMapStringW", "ModuleName": "kernel32.dll", "Return": "0x100", "Status": 0 }
{ "Address": "0x1002c80", "Opcode": "ff1544100001", "Opcodesize": 6, "Mnemonic": "call dword ptr [0x1001044]", "PID": 1712, "TID": 1768, "Arguments": [ "Arg1", "IN", "PVOID", "0xcf9a0", "0x870000", "Arg2", "IN", "ULONG", "0xcf9a4", "0x0", "Arg3", "IN", "SIZE_T", "0xcf9a8", "0x200" ], "Timesptamp": "00000000.600229", "FunctionName": "RtlAllocateHeap", "ModuleName": "ntdll.dll", "Return": "0x870780", "Status": 0 }
{ "Address": "0x100571a", "Opcode": "ff1570100001", "Opcodesize": 6, "Mnemonic": "call dword ptr [0x1001070]", "PID": 1712, "TID": 1768, "Arguments": [ "Arg1", "IN", "LCID", "0xcf9bc", "0x0", "Arg2", "IN", "DWORD", "0xcf9c0", "0x200", "Arg3", "IN", "LPCWSTR", "0xcf9c4", " ............................... !\"#$%&'()*+,-.\/0123456789:;<=>?@ABCDEFGHIJKLMNOPQRSTUVWXYZ[\\]^_`abcdefghijklmnopqrstuvwxyz{|}~......& !.0`9R.}......\"...\"a:S.~x...................................................................................................", "Arg4", "IN", "INT", "0xcf9c8", "0x100", "Arg5", "OUT", "LPCWSTR", "0xcf9cc", "0x870780", "Arg6", "IN", "INT", "0xcf9d0", "0x100" ], "Timesptamp": "00000000.608934", "FunctionName": "LCMapStringW", "ModuleName": "kernel32.dll", "Return": "0x100", "Output1": [ "0x870780", " ............................... !\"#$%&'()*+,-.\/0123456789:;<=>?@ABCDEFGHIJKLMNOPQRSTUVWXYZ[\\]^_`ABCDEFGHIJKLMNOPQRSTUVWXYZ{|}~......& !.0`9R.}......\"...\"`:R.}x...............................................................................................x..." ], "Status": 0 }
{ "Address": "0x1005768", "Opcode": "ff1518100001", "Opcodesize": 6, "Mnemonic": "call dword ptr [0x1001018]", "PID": 1712, "TID": 1768, "Arguments": [ "Arg1", "IN", "UINT", "0xcf9b4", "0x4e4", "Arg2", "IN", "DWORD", "0xcf9b8", "0x220", "Arg3", "IN", "LPCWCH", "0xcf9bc", " ............................... !\"#$%&'()*+,-.\/0123456789:;<=>?@ABCDEFGHIJKLMNOPQRSTUVWXYZ[\\]^_`ABCDEFGHIJKLMNOPQRSTUVWXYZ{|}~......& !.0`9R.}......\"...\"`:R.}x...............................................................................................x...", "Arg4", "IN", "INT", "0xcf9c0", "0x100", "Arg5", "OUT", "ARRAY0", "0xcf9c4", "0xcfc28", "Arg6", "IN", "INT", "0xcf9c8", "0x100", "Arg7", "IN", "DWORD", "0xcf9cc", "0x0", "Arg8", "OUT", "LPBOOL", "0xcf9d0", "0x0" ], "Timesptamp": "00000000.619212", "FunctionName": "WideCharToMultiByte", "ModuleName": "kernel32.dll", "Return": "0x100", "Output1": [ ], "Status": 0 }
{ "Address": "0x1002cd1", "Opcode": "ff1548100001", "Opcodesize": 6, "Mnemonic": "call dword ptr [0x1001048]", "PID": 1712, "TID": 1768, "Functionname": "HeapFree", "Dllname": "kernel32.dll", "Status": 1 }
{ "Address": "0x1002cd1", "Opcode": "ff1548100001", "Opcodesize": 6, "Mnemonic": "call dword ptr [0x1001048]", "PID": 1712, "TID": 1768, "Functionname": "HeapFree", "Dllname": "kernel32.dll", "Status": 1 }
{ "Address": "0x100244b", "Opcode": "ff152c100001", "Opcodesize": 6, "Mnemonic": "call dword ptr [0x100102c]", "PID": 1712, "TID": 1768, "Arguments": [ ], "Timesptamp": "00000000.657004", "FunctionName": "GetCommandLineA", "ModuleName": "kernel32.dll", "Return": "\\Users\\lhs\\Exec\\auditpolreskit.exe ", "Status": 0 }
{ "Address": "0x100332d", "Opcode": "ffd7", "Opcodesize": 2, "Mnemonic": "call edi", "PID": 1712, "TID": 1768, "Arguments": [ ], "Timesptamp": "00000000.666347", "FunctionName": "GetEnvironmentStringsW", "ModuleName": "kernel32.dll", "Return": "=C:=C:\\Windows\\System32", "Status": 0 }
{ "Address": "0x100339a", "Opcode": "ff1518100001", "Opcodesize": 6, "Mnemonic": "call dword ptr [0x1001018]", "PID": 1712, "TID": 1768, "Arguments": [ "Arg1", "IN", "UINT", "0xcff28", "0x0", "Arg2", "IN", "DWORD", "0xcff2c", "0x0", "Arg3", "IN", "LPCWCH", "0xcff30", "=C:=C:\\Windows\\System32", "Arg4", "IN", "INT", "0xcff34", "0x4e6", "Arg5", "OUT", "ARRAY0", "0xcff38", "0x0", "Arg6", "IN", "INT", "0xcff3c", "0x0", "Arg7", "IN", "DWORD", "0xcff40", "0x0", "Arg8", "OUT", "LPBOOL", "0xcff44", "0x0" ], "Timesptamp": "00000000.675193", "FunctionName": "WideCharToMultiByte", "ModuleName": "kernel32.dll", "Return": "0x4e6", "Status": 0 }
{ "Address": "0x1002c80", "Opcode": "ff1544100001", "Opcodesize": 6, "Mnemonic": "call dword ptr [0x1001044]", "PID": 1712, "TID": 1768, "Arguments": [ "Arg1", "IN", "PVOID", "0xcff14", "0x870000", "Arg2", "IN", "ULONG", "0xcff18", "0x0", "Arg3", "IN", "SIZE_T", "0xcff1c", "0x4f0" ], "Timesptamp": "00000000.684081", "FunctionName": "RtlAllocateHeap", "ModuleName": "ntdll.dll", "Return": "0x870578", "Status": 0 }
{ "Address": "0x10033c1", "Opcode": "ff1518100001", "Opcodesize": 6, "Mnemonic": "call dword ptr [0x1001018]", "PID": 1712, "TID": 1768, "Arguments": [ "Arg1", "IN", "UINT", "0xcff28", "0x0", "Arg2", "IN", "DWORD", "0xcff2c", "0x0", "Arg3", "IN", "LPCWCH", "0xcff30", "=C:=C:\\Windows\\System32", "Arg4", "IN", "INT", "0xcff34", "0x4e6", "Arg5", "OUT", "ARRAY0", "0xcff38", "0x870578", "Arg6", "IN", "INT", "0xcff3c", "0x4e6", "Arg7", "IN", "DWORD", "0xcff40", "0x0", "Arg8", "OUT", "LPBOOL", "0xcff44", "0x0" ], "Timesptamp": "00000000.710384", "FunctionName": "WideCharToMultiByte", "ModuleName": "kernel32.dll", "Return": "0x4e6", "Output1": [ ], "Status": 0 }
{ "Address": "0x10033d7", "Opcode": "ff1558100001", "Opcodesize": 6, "Mnemonic": "call dword ptr [0x1001058]", "PID": 1712, "TID": 1768, "Functionname": "FreeEnvironmentStringsW", "Dllname": "kernel32.dll", "Status": 1 }
{ "Address": "0x1003071", "Opcode": "ff1550100001", "Opcodesize": 6, "Mnemonic": "call dword ptr [0x1001050]", "PID": 1712, "TID": 1768, "Arguments": [ "Arg1", "IN", "HMODULE", "0xcff3c", "0x0", "Arg2", "OUT", "LPTSTR", "0xcff40", "0x1009948", "Arg3", "IN", "DWORD", "0xcff44", "0x104" ], "Timesptamp": "00000000.726673", "FunctionName": "GetModuleFileNameA", "ModuleName": "kernel32.dll", "Return": "0x24", "Output1": [ "0x1009948", "C:\\Users\\lhs\\Exec\\auditpolreskit.exe" ], "Status": 0 }
{ "Address": "0x1002cd1", "Opcode": "ff1548100001", "Opcodesize": 6, "Mnemonic": "call dword ptr [0x1001048]", "PID": 1712, "TID": 1768, "Functionname": "HeapFree", "Dllname": "kernel32.dll", "Status": 1 }
{ "Address": "0x1004b0e", "Opcode": "ffd3", "Opcodesize": 2, "Mnemonic": "call ebx", "PID": 1712, "TID": 1768, "Arguments": [ "Arg1", "IN", "PVOID", "0xcff14", "0x870000", "Arg2", "IN", "ULONG", "0xcff18", "0x8", "Arg3", "IN", "SIZE_T", "0xcff1c", "0x800" ], "Timesptamp": "00000000.742920", "FunctionName": "RtlAllocateHeap", "ModuleName": "ntdll.dll", "Return": "0x870578", "Status": 0 }
{ "Address": "0x1002c80", "Opcode": "ff1544100001", "Opcodesize": 6, "Mnemonic": "call dword ptr [0x1001044]", "PID": 1712, "TID": 1768, "Arguments": [ "Arg1", "IN", "PVOID", "0xcfeb8", "0x870000", "Arg2", "IN", "ULONG", "0xcfebc", "0x0", "Arg3", "IN", "SIZE_T", "0xcfec0", "0x1000" ], "Timesptamp": "00000000.751630", "FunctionName": "RtlAllocateHeap", "ModuleName": "ntdll.dll", "Return": "0x870d80", "Status": 0 }
{ "Address": "0x1005dbd", "Opcode": "ff1590100001", "Opcodesize": 6, "Mnemonic": "call dword ptr [0x1001090]", "PID": 1712, "TID": 1768, "Arguments": [ "Arg1", "IN", "HANDLE", "0xcfa88", "0x7", "Arg2", "IN", "ARRAY0", "0xcfa8c", "ARRAY_0xf", "Arg3", "IN", "DWORD", "0xcfa90", "0xf", "Arg4", "OUT", "LPDWORD", "0xcfa94", "0xcfab8", "Arg5", "OUT", "LPOVERLAPPED", "0xcfa98", "0x0" ], "Timesptamp": "00000000.760931", "FunctionName": "WriteFile", "ModuleName": "kernel32.dll", "Return": "TRUE", "Output1": [ "0xcfab8", "0xf" ], "Status": 0 }
{ "Address": "0x100204a", "Opcode": "e887450000", "Opcodesize": 5, "Mnemonic": "call 0x10065d6", "PID": 1712, "TID": 1768, "Functionname": "LsaOpenPolicy", "Dllname": "advapi32.dll", "Status": 1 }
{ "Address": "0x10021bc", "Opcode": "e821440000", "Opcodesize": 5, "Mnemonic": "call 0x10065e2", "PID": 1712, "TID": 1768, "Functionname": "LsaQueryInformationPolicy", "Dllname": "advapi32.dll", "Status": 1 }
{ "Address": "0x1005dbd", "Opcode": "ff1590100001", "Opcodesize": 6, "Mnemonic": "call dword ptr [0x1001090]", "PID": 1712, "TID": 1768, "Arguments": [ "Arg1", "IN", "HANDLE", "0xcfa48", "0x7", "Arg2", "IN", "ARRAY0", "0xcfa4c", "ARRAY_0x13", "Arg3", "IN", "DWORD", "0xcfa50", "0x13", "Arg4", "OUT", "LPDWORD", "0xcfa54", "0xcfa78", "Arg5", "OUT", "LPOVERLAPPED", "0xcfa58", "0x0" ], "Timesptamp": "00000000.799289", "FunctionName": "WriteFile", "ModuleName": "kernel32.dll", "Return": "TRUE", "Output1": [ "0xcfa78", "0x13" ], "Status": 0 }
{ "Address": "0x1005dbd", "Opcode": "ff1590100001", "Opcodesize": 6, "Mnemonic": "call dword ptr [0x1001090]", "PID": 1712, "TID": 1768, "Arguments": [ "Arg1", "IN", "HANDLE", "0xcfa48", "0x7", "Arg2", "IN", "ARRAY0", "0xcfa4c", "ARRAY_0x2", "Arg3", "IN", "DWORD", "0xcfa50", "0x2", "Arg4", "OUT", "LPDWORD", "0xcfa54", "0xcfa78", "Arg5", "OUT", "LPOVERLAPPED", "0xcfa58", "0x0" ], "Timesptamp": "00000000.807265", "FunctionName": "WriteFile", "ModuleName": "kernel32.dll", "Return": "TRUE", "Output1": [ "0xcfa78", "0x2" ], "Status": 0 }
{ "Address": "0x1005dbd", "Opcode": "ff1590100001", "Opcodesize": 6, "Mnemonic": "call dword ptr [0x1001090]", "PID": 1712, "TID": 1768, "Arguments": [ "Arg1", "IN", "HANDLE", "0xcfa40", "0x7", "Arg2", "IN", "ARRAY0", "0xcfa44", "ARRAY_0x25", "Arg3", "IN", "DWORD", "0xcfa48", "0x25", "Arg4", "OUT", "LPDWORD", "0xcfa4c", "0xcfa70", "Arg5", "OUT", "LPOVERLAPPED", "0xcfa50", "0x0" ], "Timesptamp": "00000000.815096", "FunctionName": "WriteFile", "ModuleName": "kernel32.dll", "Return": "TRUE", "Output1": [ "0xcfa70", "0x25" ], "Status": 0 }
{ "Address": "0x1005dbd", "Opcode": "ff1590100001", "Opcodesize": 6, "Mnemonic": "call dword ptr [0x1001090]", "PID": 1712, "TID": 1768, "Arguments": [ "Arg1", "IN", "HANDLE", "0xcfa40", "0x7", "Arg2", "IN", "ARRAY0", "0xcfa44", "ARRAY_0x25", "Arg3", "IN", "DWORD", "0xcfa48", "0x25", "Arg4", "OUT", "LPDWORD", "0xcfa4c", "0xcfa70", "Arg5", "OUT", "LPOVERLAPPED", "0xcfa50", "0x0" ], "Timesptamp": "00000000.823080", "FunctionName": "WriteFile", "ModuleName": "kernel32.dll", "Return": "TRUE", "Output1": [ "0xcfa70", "0x25" ], "Status": 0 }
{ "Address": "0x1005dbd", "Opcode": "ff1590100001", "Opcodesize": 6, "Mnemonic": "call dword ptr [0x1001090]", "PID": 1712, "TID": 1768, "Arguments": [ "Arg1", "IN", "HANDLE", "0xcfa40", "0x7", "Arg2", "IN", "ARRAY0", "0xcfa44", "ARRAY_0x25", "Arg3", "IN", "DWORD", "0xcfa48", "0x25", "Arg4", "OUT", "LPDWORD", "0xcfa4c", "0xcfa70", "Arg5", "OUT", "LPOVERLAPPED", "0xcfa50", "0x0" ], "Timesptamp": "00000000.831218", "FunctionName": "WriteFile", "ModuleName": "kernel32.dll", "Return": "TRUE", "Output1": [ "0xcfa70", "0x25" ], "Status": 0 }
{ "Address": "0x1005dbd", "Opcode": "ff1590100001", "Opcodesize": 6, "Mnemonic": "call dword ptr [0x1001090]", "PID": 1712, "TID": 1768, "Arguments": [ "Arg1", "IN", "HANDLE", "0xcfa40", "0x7", "Arg2", "IN", "ARRAY0", "0xcfa44", "ARRAY_0x25", "Arg3", "IN", "DWORD", "0xcfa48", "0x25", "Arg4", "OUT", "LPDWORD", "0xcfa4c", "0xcfa70", "Arg5", "OUT", "LPOVERLAPPED", "0xcfa50", "0x0" ], "Timesptamp": "00000000.839201", "FunctionName": "WriteFile", "ModuleName": "kernel32.dll", "Return": "TRUE", "Output1": [ "0xcfa70", "0x25" ], "Status": 0 }
{ "Address": "0x1005dbd", "Opcode": "ff1590100001", "Opcodesize": 6, "Mnemonic": "call dword ptr [0x1001090]", "PID": 1712, "TID": 1768, "Arguments": [ "Arg1", "IN", "HANDLE", "0xcfa40", "0x7", "Arg2", "IN", "ARRAY0", "0xcfa44", "ARRAY_0x25", "Arg3", "IN", "DWORD", "0xcfa48", "0x25", "Arg4", "OUT", "LPDWORD", "0xcfa4c", "0xcfa70", "Arg5", "OUT", "LPOVERLAPPED", "0xcfa50", "0x0" ], "Timesptamp": "00000000.847572", "FunctionName": "WriteFile", "ModuleName": "kernel32.dll", "Return": "TRUE", "Output1": [ "0xcfa70", "0x25" ], "Status": 0 }
{ "Address": "0x1005dbd", "Opcode": "ff1590100001", "Opcodesize": 6, "Mnemonic": "call dword ptr [0x1001090]", "PID": 1712, "TID": 1768, "Arguments": [ "Arg1", "IN", "HANDLE", "0xcfa40", "0x7", "Arg2", "IN", "ARRAY0", "0xcfa44", "ARRAY_0x25", "Arg3", "IN", "DWORD", "0xcfa48", "0x25", "Arg4", "OUT", "LPDWORD", "0xcfa4c", "0xcfa70", "Arg5", "OUT", "LPOVERLAPPED", "0xcfa50", "0x0" ], "Timesptamp": "00000000.855731", "FunctionName": "WriteFile", "ModuleName": "kernel32.dll", "Return": "TRUE", "Output1": [ "0xcfa70", "0x25" ], "Status": 0 }
{ "Address": "0x1005dbd", "Opcode": "ff1590100001", "Opcodesize": 6, "Mnemonic": "call dword ptr [0x1001090]", "PID": 1712, "TID": 1768, "Arguments": [ "Arg1", "IN", "HANDLE", "0xcfa40", "0x7", "Arg2", "IN", "ARRAY0", "0xcfa44", "ARRAY_0x25", "Arg3", "IN", "DWORD", "0xcfa48", "0x25", "Arg4", "OUT", "LPDWORD", "0xcfa4c", "0xcfa70", "Arg5", "OUT", "LPOVERLAPPED", "0xcfa50", "0x0" ], "Timesptamp": "00000000.863972", "FunctionName": "WriteFile", "ModuleName": "kernel32.dll", "Return": "TRUE", "Output1": [ "0xcfa70", "0x25" ], "Status": 0 }
{ "Address": "0x1005dbd", "Opcode": "ff1590100001", "Opcodesize": 6, "Mnemonic": "call dword ptr [0x1001090]", "PID": 1712, "TID": 1768, "Arguments": [ "Arg1", "IN", "HANDLE", "0xcfa40", "0x7", "Arg2", "IN", "ARRAY0", "0xcfa44", "ARRAY_0x25", "Arg3", "IN", "DWORD", "0xcfa48", "0x25", "Arg4", "OUT", "LPDWORD", "0xcfa4c", "0xcfa70", "Arg5", "OUT", "LPOVERLAPPED", "0xcfa50", "0x0" ], "Timesptamp": "00000000.872130", "FunctionName": "WriteFile", "ModuleName": "kernel32.dll", "Return": "TRUE", "Output1": [ "0xcfa70", "0x25" ], "Status": 0 }
{ "Address": "0x1005dbd", "Opcode": "ff1590100001", "Opcodesize": 6, "Mnemonic": "call dword ptr [0x1001090]", "PID": 1712, "TID": 1768, "Arguments": [ "Arg1", "IN", "HANDLE", "0xcfa40", "0x7", "Arg2", "IN", "ARRAY0", "0xcfa44", "ARRAY_0x25", "Arg3", "IN", "DWORD", "0xcfa48", "0x25", "Arg4", "OUT", "LPDWORD", "0xcfa4c", "0xcfa70", "Arg5", "OUT", "LPOVERLAPPED", "0xcfa50", "0x0" ], "Timesptamp": "00000000.880282", "FunctionName": "WriteFile", "ModuleName": "kernel32.dll", "Return": "TRUE", "Output1": [ "0xcfa70", "0x25" ], "Status": 0 }
{ "Address": "0x100226c", "Opcode": "e86b430000", "Opcodesize": 5, "Mnemonic": "call 0x10065dc", "PID": 1712, "TID": 1768, "Functionname": "LsaFreeMemory", "Dllname": "advapi32.dll", "Status": 1 }
{ "Address": "0x100265a", "Opcode": "ff1534100001", "Opcodesize": 6, "Mnemonic": "call dword ptr [0x1001034]", "PID": 1712, "TID": 1768, "Arguments": [ "Arg1", "IN", "UINT", "0xcff34", "0x0" ], "Timesptamp": "00000000.897982", "FunctionName": "ExitProcess", "ModuleName": "kernel32.dll" }
