{ "Address": "0xfa2bf8", "Opcode": "ff15a010fa00", "Opcodesize": 6, "Mnemonic": "call dword ptr [0xfa10a0]", "PID": 1712, "TID": 264, "Arguments": [ "Arg1", "OUT", "LPFILETIME", "0x22fac8", "0x22fae0" ], "Timesptamp": "00000000.276081", "FunctionName": "GetSystemTimeAsFileTime", "ModuleName": "kernel32.dll", "Return": "0x1daddab", "Output1": { "field1": [ "0x22fae0", "0xcbbb5180" ], "field2": [ "0x22fae4", "0x1daddab" ] }, "Status": 0 }
{ "Address": "0xfa2c04", "Opcode": "ff15ac10fa00", "Opcodesize": 6, "Mnemonic": "call dword ptr [0xfa10ac]", "PID": 1712, "TID": 264, "Arguments": [ ], "Timesptamp": "00000000.314831", "FunctionName": "GetCurrentProcessId", "ModuleName": "kernel32.dll", "Return": "0x6b0", "Status": 0 }
{ "Address": "0xfa2c0c", "Opcode": "ff15b010fa00", "Opcodesize": 6, "Mnemonic": "call dword ptr [0xfa10b0]", "PID": 1712, "TID": 264, "Arguments": [ ], "Timesptamp": "00000000.325160", "FunctionName": "GetCurrentThreadId", "ModuleName": "kernel32.dll", "Return": "0x108", "Status": 0 }
{ "Address": "0xfa2c14", "Opcode": "ff151c10fa00", "Opcodesize": 6, "Mnemonic": "call dword ptr [0xfa101c]", "PID": 1712, "TID": 264, "Arguments": [ ], "Timesptamp": "00000000.335384", "FunctionName": "GetTickCount", "ModuleName": "kernel32.dll", "Return": "0x52432", "Status": 0 }
{ "Address": "0xfa2c20", "Opcode": "ff15bc10fa00", "Opcodesize": 6, "Mnemonic": "call dword ptr [0xfa10bc]", "PID": 1712, "TID": 264, "Arguments": [ "Arg1", "OUT", "LARGE_INTEGER*", "0x22fac8", "0x22fad8" ], "Timesptamp": "00000000.345708", "FunctionName": "QueryPerformanceCounter", "ModuleName": "kernel32.dll", "Return": "TRUE", "Output1": { "field1": [ "0x22fad8", "0xf5b77cfd" ], "field2": [ "0x22fadc", "0x5" ], "field3": [ "0x22fae0", "0x1daddabcbbb5180" ] }, "Status": 0 }
{ "Address": "0xfa267c", "Opcode": "ff15a810fa00", "Opcodesize": 6, "Mnemonic": "call dword ptr [0xfa10a8]", "PID": 1712, "TID": 264, "Functionname": "InterlockedCompareExchange", "Dllname": "kernel32.dll", "Status": 1 }
{ "Address": "0xfa2b89", "Opcode": "ff15b810fa00", "Opcodesize": 6, "Mnemonic": "call dword ptr [0xfa10b8]", "PID": 1712, "TID": 264, "Arguments": [ "Arg1", "IN", "LPCTSTR", "0x22fa94", "\"\"" ], "Timesptamp": "00000000.370854", "FunctionName": "GetModuleHandleA", "ModuleName": "kernel32.dll", "Return": "0xfa0000", "Status": 0 }
{ "Address": "0xfa2847", "Opcode": "ff151811fa00", "Opcodesize": 6, "Mnemonic": "call dword ptr [0xfa1118]", "PID": 1712, "TID": 264, "Arguments": [ ], "Timesptamp": "00000000.391736", "FunctionName": "__p__fmode", "ModuleName": "msvcrt.dll", "Return": "0x762331f4", "Status": 0 }
{ "Address": "0xfa2855", "Opcode": "ff151c11fa00", "Opcodesize": 6, "Mnemonic": "call dword ptr [0xfa111c]", "PID": 1712, "TID": 264, "Arguments": [ ], "Timesptamp": "00000000.404239", "FunctionName": "__p__commode", "ModuleName": "msvcrt.dll", "Return": "0x762331fc", "Status": 0 }
{ "Address": "0xfa2b06", "Opcode": "ff150811fa00", "Opcodesize": 6, "Mnemonic": "call dword ptr [0xfa1108]", "PID": 1712, "TID": 264, "Functionname": "_controlfp", "Dllname": "msvcrt.dll", "Status": 1 }
{ "Address": "0xfa293d", "Opcode": "ff15b410fa00", "Opcodesize": 6, "Mnemonic": "call dword ptr [0xfa10b4]", "PID": 1712, "TID": 264, "Arguments": [ "Arg1", "IN", "DWORD", "0x22faa0", "0xfa28f0" ], "Timesptamp": "00000000.424901", "FunctionName": "SetUnhandledExceptionFilter", "ModuleName": "kernel32.dll", "Return": "0x0", "Status": 0 }
{ "Address": "0xfa2703", "Opcode": "e852030000", "Opcodesize": 5, "Mnemonic": "call 0xfa2a5a", "PID": 1712, "TID": 264, "Functionname": "_initterm", "Dllname": "msvcrt.dll", "Status": 1 }
{ "Address": "0xfa2643", "Opcode": "ff153811fa00", "Opcodesize": 6, "Mnemonic": "call dword ptr [0xfa1138]", "PID": 1712, "TID": 264, "Functionname": "__wgetmainargs", "Dllname": "msvcrt.dll", "Status": 1 }
{ "Address": "0xfa271b", "Opcode": "ff15a410fa00", "Opcodesize": 6, "Mnemonic": "call dword ptr [0xfa10a4]", "PID": 1712, "TID": 264, "Functionname": "InterlockedExchange", "Dllname": "kernel32.dll", "Status": 1 }
{ "Address": "0xfa2366", "Opcode": "ff153410fa00", "Opcodesize": 6, "Mnemonic": "call dword ptr [0xfa1034]", "PID": 1712, "TID": 264, "Arguments": [ "Arg1", "IN", "HANDLE", "0x22ea4c", "0x0", "Arg2", "IN", "HEAP_INFORMATION_CLASS", "0x22ea50", "0x1", "Arg3", "IN", "PVOID", "0x22ea54", "0x0", "Arg4", "IN", "SIZE_T", "0x22ea58", "0x0" ], "Timesptamp": "00000000.501949", "FunctionName": "HeapSetInformation", "ModuleName": "kernel32.dll", "Return": "TRUE", "Status": 0 }
{ "Address": "0xfa15e2", "Opcode": "e8c7120000", "Opcodesize": 5, "Mnemonic": "call 0xfa28ae", "PID": 1712, "TID": 264, "Arguments": [ "Arg1", "IN", "PVOID", "0x22e660", "0x22e6a2", "Arg2", "IN", "INT", "0x22e664", "0x0", "Arg3", "IN", "SIZE_T", "0x22e668", "0x1fa" ], "Timesptamp": "00000000.512639", "FunctionName": "memset", "ModuleName": "msvcrt.dll", "Return": "0x22e6a2", "Status": 0 }
{ "Address": "0xfa2ffa", "Opcode": "e8aff8ffff", "Opcodesize": 5, "Mnemonic": "call 0xfa28ae", "PID": 1712, "TID": 264, "Arguments": [ "Arg1", "IN", "PVOID", "0x22e4e4", "0x22e4f4", "Arg2", "IN", "INT", "0x22e4e8", "0x0", "Arg3", "IN", "SIZE_T", "0x22e4ec", "0x11c" ], "Timesptamp": "00000000.533795", "FunctionName": "memset", "ModuleName": "msvcrt.dll", "Return": "0x22e4f4", "Status": 0 }
{ "Address": "0xfa3036", "Opcode": "ffd6", "Opcodesize": 2, "Mnemonic": "call esi", "PID": 1712, "TID": 264, "Functionname": "VerSetConditionMask", "Dllname": "ntdll.dll", "Status": 1 }
{ "Address": "0xfa303e", "Opcode": "ffd6", "Opcodesize": 2, "Mnemonic": "call esi", "PID": 1712, "TID": 264, "Functionname": "VerSetConditionMask", "Dllname": "ntdll.dll", "Status": 1 }
{ "Address": "0xfa3046", "Opcode": "ffd6", "Opcodesize": 2, "Mnemonic": "call esi", "PID": 1712, "TID": 264, "Functionname": "VerSetConditionMask", "Dllname": "ntdll.dll", "Status": 1 }
{ "Address": "0xfa3053", "Opcode": "ff158410fa00", "Opcodesize": 6, "Mnemonic": "call dword ptr [0xfa1084]", "PID": 1712, "TID": 264, "Functionname": "VerifyVersionInfoW", "Dllname": "kernel32.dll", "Status": 1 }
{ "Address": "0xfa3361", "Opcode": "ff155810fa00", "Opcodesize": 6, "Mnemonic": "call dword ptr [0xfa1058]", "PID": 1712, "TID": 264, "Arguments": [ ], "Timesptamp": "00000000.592286", "FunctionName": "GetProcessHeap", "ModuleName": "kernel32.dll", "Return": "0x2b0000", "Status": 0 }
{ "Address": "0xfa3375", "Opcode": "ff155410fa00", "Opcodesize": 6, "Mnemonic": "call dword ptr [0xfa1054]", "PID": 1712, "TID": 264, "Arguments": [ "Arg1", "IN", "PVOID", "0x22e5c8", "0x2b0000", "Arg2", "IN", "ULONG", "0x22e5cc", "0xc", "Arg3", "IN", "SIZE_T", "0x22e5d0", "0x10" ], "Timesptamp": "00000000.602502", "FunctionName": "RtlAllocateHeap", "ModuleName": "ntdll.dll", "Return": "0x2bed00", "Status": 0 }
{ "Address": "0xfa5f47", "Opcode": "ff157410fa00", "Opcodesize": 6, "Mnemonic": "call dword ptr [0xfa1074]", "PID": 1712, "TID": 264, "Arguments": [ "Arg1", "IN", "LPCWSTR", "NULL" ], "Timesptamp": "00000000.612905", "FunctionName": "lstrlenW", "ModuleName": "kernel32.dll", "Return": "0x0", "Status": 0 }
{ "Address": "0xfa3361", "Opcode": "ff155810fa00", "Opcodesize": 6, "Mnemonic": "call dword ptr [0xfa1058]", "PID": 1712, "TID": 264, "Arguments": [ ], "Timesptamp": "00000000.623052", "FunctionName": "GetProcessHeap", "ModuleName": "kernel32.dll", "Return": "0x2b0000", "Status": 0 }
{ "Address": "0xfa3375", "Opcode": "ff155410fa00", "Opcodesize": 6, "Mnemonic": "call dword ptr [0xfa1054]", "PID": 1712, "TID": 264, "Arguments": [ "Arg1", "IN", "PVOID", "0x22e5ac", "0x2b0000", "Arg2", "IN", "ULONG", "0x22e5b0", "0xc", "Arg3", "IN", "SIZE_T", "0x22e5b4", "0x2" ], "Timesptamp": "00000000.637212", "FunctionName": "RtlAllocateHeap", "ModuleName": "ntdll.dll", "Return": "0x2c4750", "Status": 0 }
{ "Address": "0xfa3361", "Opcode": "ff155810fa00", "Opcodesize": 6, "Mnemonic": "call dword ptr [0xfa1058]", "PID": 1712, "TID": 264, "Arguments": [ ], "Timesptamp": "00000000.645991", "FunctionName": "GetProcessHeap", "ModuleName": "kernel32.dll", "Return": "0x2b0000", "Status": 0 }
{ "Address": "0xfa3375", "Opcode": "ff155410fa00", "Opcodesize": 6, "Mnemonic": "call dword ptr [0xfa1054]", "PID": 1712, "TID": 264, "Arguments": [ "Arg1", "IN", "PVOID", "0x22e590", "0x2b0000", "Arg2", "IN", "ULONG", "0x22e594", "0xc", "Arg3", "IN", "SIZE_T", "0x22e598", "0x14" ], "Timesptamp": "00000000.656071", "FunctionName": "RtlAllocateHeap", "ModuleName": "ntdll.dll", "Return": "0x2c4760", "Status": 0 }
{ "Address": "0xfa3361", "Opcode": "ff155810fa00", "Opcodesize": 6, "Mnemonic": "call dword ptr [0xfa1058]", "PID": 1712, "TID": 264, "Arguments": [ ], "Timesptamp": "00000000.665529", "FunctionName": "GetProcessHeap", "ModuleName": "kernel32.dll", "Return": "0x2b0000", "Status": 0 }
{ "Address": "0xfa3361", "Opcode": "ff155810fa00", "Opcodesize": 6, "Mnemonic": "call dword ptr [0xfa1058]", "PID": 1712, "TID": 264, "Arguments": [ ], "Timesptamp": "00000000.692739", "FunctionName": "GetProcessHeap", "ModuleName": "kernel32.dll", "Return": "0x2b0000", "Status": 0 }
{ "Address": "0xfa3375", "Opcode": "ff155410fa00", "Opcodesize": 6, "Mnemonic": "call dword ptr [0xfa1054]", "PID": 1712, "TID": 264, "Arguments": [ "Arg1", "IN", "PVOID", "0x22e594", "0x2b0000", "Arg2", "IN", "ULONG", "0x22e598", "0xc", "Arg3", "IN", "SIZE_T", "0x22e59c", "0x14" ], "Timesptamp": "00000000.702842", "FunctionName": "RtlAllocateHeap", "ModuleName": "ntdll.dll", "Return": "0x2c4780", "Status": 0 }
{ "Address": "0xfa3361", "Opcode": "ff155810fa00", "Opcodesize": 6, "Mnemonic": "call dword ptr [0xfa1058]", "PID": 1712, "TID": 264, "Arguments": [ ], "Timesptamp": "00000000.712180", "FunctionName": "GetProcessHeap", "ModuleName": "kernel32.dll", "Return": "0x2b0000", "Status": 0 }
{ "Address": "0xfa3375", "Opcode": "ff155410fa00", "Opcodesize": 6, "Mnemonic": "call dword ptr [0xfa1054]", "PID": 1712, "TID": 264, "Arguments": [ "Arg1", "IN", "PVOID", "0x22e594", "0x2b0000", "Arg2", "IN", "ULONG", "0x22e598", "0xc", "Arg3", "IN", "SIZE_T", "0x22e59c", "0x14" ], "Timesptamp": "00000000.722341", "FunctionName": "RtlAllocateHeap", "ModuleName": "ntdll.dll", "Return": "0x2c47a0", "Status": 0 }
{ "Address": "0xfa3361", "Opcode": "ff155810fa00", "Opcodesize": 6, "Mnemonic": "call dword ptr [0xfa1058]", "PID": 1712, "TID": 264, "Arguments": [ ], "Timesptamp": "00000000.732457", "FunctionName": "GetProcessHeap", "ModuleName": "kernel32.dll", "Return": "0x2b0000", "Status": 0 }
{ "Address": "0xfa3375", "Opcode": "ff155410fa00", "Opcodesize": 6, "Mnemonic": "call dword ptr [0xfa1054]", "PID": 1712, "TID": 264, "Arguments": [ "Arg1", "IN", "PVOID", "0x22e594", "0x2b0000", "Arg2", "IN", "ULONG", "0x22e598", "0xc", "Arg3", "IN", "SIZE_T", "0x22e59c", "0x14" ], "Timesptamp": "00000000.742645", "FunctionName": "RtlAllocateHeap", "ModuleName": "ntdll.dll", "Return": "0x2c47c0", "Status": 0 }
{ "Address": "0xfa3361", "Opcode": "ff155810fa00", "Opcodesize": 6, "Mnemonic": "call dword ptr [0xfa1058]", "PID": 1712, "TID": 264, "Arguments": [ ], "Timesptamp": "00000000.753110", "FunctionName": "GetProcessHeap", "ModuleName": "kernel32.dll", "Return": "0x2b0000", "Status": 0 }
{ "Address": "0xfa3375", "Opcode": "ff155410fa00", "Opcodesize": 6, "Mnemonic": "call dword ptr [0xfa1054]", "PID": 1712, "TID": 264, "Arguments": [ "Arg1", "IN", "PVOID", "0x22e598", "0x2b0000", "Arg2", "IN", "ULONG", "0x22e59c", "0xc", "Arg3", "IN", "SIZE_T", "0x22e5a0", "0x14" ], "Timesptamp": "00000000.763283", "FunctionName": "RtlAllocateHeap", "ModuleName": "ntdll.dll", "Return": "0x2c47e0", "Status": 0 }
{ "Address": "0xfa3361", "Opcode": "ff155810fa00", "Opcodesize": 6, "Mnemonic": "call dword ptr [0xfa1058]", "PID": 1712, "TID": 264, "Arguments": [ ], "Timesptamp": "00000000.773606", "FunctionName": "GetProcessHeap", "ModuleName": "kernel32.dll", "Return": "0x2b0000", "Status": 0 }
{ "Address": "0xfa3375", "Opcode": "ff155410fa00", "Opcodesize": 6, "Mnemonic": "call dword ptr [0xfa1054]", "PID": 1712, "TID": 264, "Arguments": [ "Arg1", "IN", "PVOID", "0x22e5b0", "0x2b0000", "Arg2", "IN", "ULONG", "0x22e5b4", "0xc", "Arg3", "IN", "SIZE_T", "0x22e5b8", "0x10" ], "Timesptamp": "00000000.783799", "FunctionName": "RtlAllocateHeap", "ModuleName": "ntdll.dll", "Return": "0x2bed30", "Status": 0 }
{ "Address": "0xfa3361", "Opcode": "ff155810fa00", "Opcodesize": 6, "Mnemonic": "call dword ptr [0xfa1058]", "PID": 1712, "TID": 264, "Arguments": [ ], "Timesptamp": "00000000.792162", "FunctionName": "GetProcessHeap", "ModuleName": "kernel32.dll", "Return": "0x2b0000", "Status": 0 }
{ "Address": "0xfa3375", "Opcode": "ff155410fa00", "Opcodesize": 6, "Mnemonic": "call dword ptr [0xfa1054]", "PID": 1712, "TID": 264, "Arguments": [ "Arg1", "IN", "PVOID", "0x22e594", "0x2b0000", "Arg2", "IN", "ULONG", "0x22e598", "0xc", "Arg3", "IN", "SIZE_T", "0x22e59c", "0x14" ], "Timesptamp": "00000000.801319", "FunctionName": "RtlAllocateHeap", "ModuleName": "ntdll.dll", "Return": "0x2c4800", "Status": 0 }
{ "Address": "0xfa3361", "Opcode": "ff155810fa00", "Opcodesize": 6, "Mnemonic": "call dword ptr [0xfa1058]", "PID": 1712, "TID": 264, "Arguments": [ ], "Timesptamp": "00000000.811571", "FunctionName": "GetProcessHeap", "ModuleName": "kernel32.dll", "Return": "0x2b0000", "Status": 0 }
{ "Address": "0xfa3375", "Opcode": "ff155410fa00", "Opcodesize": 6, "Mnemonic": "call dword ptr [0xfa1054]", "PID": 1712, "TID": 264, "Arguments": [ "Arg1", "IN", "PVOID", "0x22e594", "0x2b0000", "Arg2", "IN", "ULONG", "0x22e598", "0xc", "Arg3", "IN", "SIZE_T", "0x22e59c", "0x14" ], "Timesptamp": "00000000.821345", "FunctionName": "RtlAllocateHeap", "ModuleName": "ntdll.dll", "Return": "0x2c4820", "Status": 0 }
{ "Address": "0xfa3361", "Opcode": "ff155810fa00", "Opcodesize": 6, "Mnemonic": "call dword ptr [0xfa1058]", "PID": 1712, "TID": 264, "Arguments": [ ], "Timesptamp": "00000000.831326", "FunctionName": "GetProcessHeap", "ModuleName": "kernel32.dll", "Return": "0x2b0000", "Status": 0 }
{ "Address": "0xfa3375", "Opcode": "ff155410fa00", "Opcodesize": 6, "Mnemonic": "call dword ptr [0xfa1054]", "PID": 1712, "TID": 264, "Arguments": [ "Arg1", "IN", "PVOID", "0x22e594", "0x2b0000", "Arg2", "IN", "ULONG", "0x22e598", "0xc", "Arg3", "IN", "SIZE_T", "0x22e59c", "0x14" ], "Timesptamp": "00000000.841507", "FunctionName": "RtlAllocateHeap", "ModuleName": "ntdll.dll", "Return": "0x2c4840", "Status": 0 }
{ "Address": "0xfa3361", "Opcode": "ff155810fa00", "Opcodesize": 6, "Mnemonic": "call dword ptr [0xfa1058]", "PID": 1712, "TID": 264, "Arguments": [ ], "Timesptamp": "00000000.851839", "FunctionName": "GetProcessHeap", "ModuleName": "kernel32.dll", "Return": "0x2b0000", "Status": 0 }
{ "Address": "0xfa3375", "Opcode": "ff155410fa00", "Opcodesize": 6, "Mnemonic": "call dword ptr [0xfa1054]", "PID": 1712, "TID": 264, "Arguments": [ "Arg1", "IN", "PVOID", "0x22e598", "0x2b0000", "Arg2", "IN", "ULONG", "0x22e59c", "0xc", "Arg3", "IN", "SIZE_T", "0x22e5a0", "0x14" ], "Timesptamp": "00000000.862076", "FunctionName": "RtlAllocateHeap", "ModuleName": "ntdll.dll", "Return": "0x2c4860", "Status": 0 }
{ "Address": "0xfa3361", "Opcode": "ff155810fa00", "Opcodesize": 6, "Mnemonic": "call dword ptr [0xfa1058]", "PID": 1712, "TID": 264, "Arguments": [ ], "Timesptamp": "00000000.870312", "FunctionName": "GetProcessHeap", "ModuleName": "kernel32.dll", "Return": "0x2b0000", "Status": 0 }
{ "Address": "0xfa3375", "Opcode": "ff155410fa00", "Opcodesize": 6, "Mnemonic": "call dword ptr [0xfa1054]", "PID": 1712, "TID": 264, "Arguments": [ "Arg1", "IN", "PVOID", "0x22e5b0", "0x2b0000", "Arg2", "IN", "ULONG", "0x22e5b4", "0xc", "Arg3", "IN", "SIZE_T", "0x22e5b8", "0x10" ], "Timesptamp": "00000000.879531", "FunctionName": "RtlAllocateHeap", "ModuleName": "ntdll.dll", "Return": "0x2bed48", "Status": 0 }
{ "Address": "0xfa3361", "Opcode": "ff155810fa00", "Opcodesize": 6, "Mnemonic": "call dword ptr [0xfa1058]", "PID": 1712, "TID": 264, "Arguments": [ ], "Timesptamp": "00000000.889770", "FunctionName": "GetProcessHeap", "ModuleName": "kernel32.dll", "Return": "0x2b0000", "Status": 0 }
{ "Address": "0xfa3375", "Opcode": "ff155410fa00", "Opcodesize": 6, "Mnemonic": "call dword ptr [0xfa1054]", "PID": 1712, "TID": 264, "Arguments": [ "Arg1", "IN", "PVOID", "0x22e594", "0x2b0000", "Arg2", "IN", "ULONG", "0x22e598", "0xc", "Arg3", "IN", "SIZE_T", "0x22e59c", "0x14" ], "Timesptamp": "00000000.897722", "FunctionName": "RtlAllocateHeap", "ModuleName": "ntdll.dll", "Return": "0x2c4880", "Status": 0 }
{ "Address": "0xfa3361", "Opcode": "ff155810fa00", "Opcodesize": 6, "Mnemonic": "call dword ptr [0xfa1058]", "PID": 1712, "TID": 264, "Arguments": [ ], "Timesptamp": "00000000.908454", "FunctionName": "GetProcessHeap", "ModuleName": "kernel32.dll", "Return": "0x2b0000", "Status": 0 }
{ "Address": "0xfa3375", "Opcode": "ff155410fa00", "Opcodesize": 6, "Mnemonic": "call dword ptr [0xfa1054]", "PID": 1712, "TID": 264, "Arguments": [ "Arg1", "IN", "PVOID", "0x22e594", "0x2b0000", "Arg2", "IN", "ULONG", "0x22e598", "0xc", "Arg3", "IN", "SIZE_T", "0x22e59c", "0x14" ], "Timesptamp": "00000000.917450", "FunctionName": "RtlAllocateHeap", "ModuleName": "ntdll.dll", "Return": "0x2c48a0", "Status": 0 }
{ "Address": "0xfa3361", "Opcode": "ff155810fa00", "Opcodesize": 6, "Mnemonic": "call dword ptr [0xfa1058]", "PID": 1712, "TID": 264, "Arguments": [ ], "Timesptamp": "00000000.926225", "FunctionName": "GetProcessHeap", "ModuleName": "kernel32.dll", "Return": "0x2b0000", "Status": 0 }
{ "Address": "0xfa3375", "Opcode": "ff155410fa00", "Opcodesize": 6, "Mnemonic": "call dword ptr [0xfa1054]", "PID": 1712, "TID": 264, "Arguments": [ "Arg1", "IN", "PVOID", "0x22e594", "0x2b0000", "Arg2", "IN", "ULONG", "0x22e598", "0xc", "Arg3", "IN", "SIZE_T", "0x22e59c", "0x14" ], "Timesptamp": "00000000.936304", "FunctionName": "RtlAllocateHeap", "ModuleName": "ntdll.dll", "Return": "0x2c48c0", "Status": 0 }
{ "Address": "0xfa3361", "Opcode": "ff155810fa00", "Opcodesize": 6, "Mnemonic": "call dword ptr [0xfa1058]", "PID": 1712, "TID": 264, "Arguments": [ ], "Timesptamp": "00000000.945994", "FunctionName": "GetProcessHeap", "ModuleName": "kernel32.dll", "Return": "0x2b0000", "Status": 0 }
{ "Address": "0xfa3375", "Opcode": "ff155410fa00", "Opcodesize": 6, "Mnemonic": "call dword ptr [0xfa1054]", "PID": 1712, "TID": 264, "Arguments": [ "Arg1", "IN", "PVOID", "0x22e598", "0x2b0000", "Arg2", "IN", "ULONG", "0x22e59c", "0xc", "Arg3", "IN", "SIZE_T", "0x22e5a0", "0x14" ], "Timesptamp": "00000000.955914", "FunctionName": "RtlAllocateHeap", "ModuleName": "ntdll.dll", "Return": "0x2c48e0", "Status": 0 }
{ "Address": "0xfa2df2", "Opcode": "ff159010fa00", "Opcodesize": 6, "Mnemonic": "call dword ptr [0xfa1090]", "PID": 1712, "TID": 264, "Functionname": "SetThreadUILanguage", "Dllname": "kernel32.dll", "Status": 1 }
{ "Address": "0xfa3361", "Opcode": "ff155810fa00", "Opcodesize": 6, "Mnemonic": "call dword ptr [0xfa1058]", "PID": 1712, "TID": 264, "Arguments": [ ], "Timesptamp": "00000000.992447", "FunctionName": "GetProcessHeap", "ModuleName": "kernel32.dll", "Return": "0x2b0000", "Status": 0 }
{ "Address": "0xfa3375", "Opcode": "ff155410fa00", "Opcodesize": 6, "Mnemonic": "call dword ptr [0xfa1054]", "PID": 1712, "TID": 264, "Arguments": [ "Arg1", "IN", "PVOID", "0x22e550", "0x2b0000", "Arg2", "IN", "ULONG", "0x22e554", "0xc", "Arg3", "IN", "SIZE_T", "0x22e558", "0x14" ], "Timesptamp": "00000001.002706", "FunctionName": "RtlAllocateHeap", "ModuleName": "ntdll.dll", "Return": "0x2c4a98", "Status": 0 }
{ "Address": "0xfa3361", "Opcode": "ff155810fa00", "Opcodesize": 6, "Mnemonic": "call dword ptr [0xfa1058]", "PID": 1712, "TID": 264, "Arguments": [ ], "Timesptamp": "00000001.012942", "FunctionName": "GetProcessHeap", "ModuleName": "kernel32.dll", "Return": "0x2b0000", "Status": 0 }
{ "Address": "0xfa3375", "Opcode": "ff155410fa00", "Opcodesize": 6, "Mnemonic": "call dword ptr [0xfa1054]", "PID": 1712, "TID": 264, "Arguments": [ "Arg1", "IN", "PVOID", "0x22e550", "0x2b0000", "Arg2", "IN", "ULONG", "0x22e554", "0xc", "Arg3", "IN", "SIZE_T", "0x22e558", "0x14" ], "Timesptamp": "00000001.024113", "FunctionName": "RtlAllocateHeap", "ModuleName": "ntdll.dll", "Return": "0x2c4ab8", "Status": 0 }
{ "Address": "0xfa3361", "Opcode": "ff155810fa00", "Opcodesize": 6, "Mnemonic": "call dword ptr [0xfa1058]", "PID": 1712, "TID": 264, "Arguments": [ ], "Timesptamp": "00000001.034465", "FunctionName": "GetProcessHeap", "ModuleName": "kernel32.dll", "Return": "0x2b0000", "Status": 0 }
{ "Address": "0xfa3375", "Opcode": "ff155410fa00", "Opcodesize": 6, "Mnemonic": "call dword ptr [0xfa1054]", "PID": 1712, "TID": 264, "Arguments": [ "Arg1", "IN", "PVOID", "0x22e550", "0x2b0000", "Arg2", "IN", "ULONG", "0x22e554", "0xc", "Arg3", "IN", "SIZE_T", "0x22e558", "0x14" ], "Timesptamp": "00000001.044372", "FunctionName": "RtlAllocateHeap", "ModuleName": "ntdll.dll", "Return": "0x2c4ad8", "Status": 0 }
{ "Address": "0xfa3361", "Opcode": "ff155810fa00", "Opcodesize": 6, "Mnemonic": "call dword ptr [0xfa1058]", "PID": 1712, "TID": 264, "Arguments": [ ], "Timesptamp": "00000001.055181", "FunctionName": "GetProcessHeap", "ModuleName": "kernel32.dll", "Return": "0x2b0000", "Status": 0 }
{ "Address": "0xfa3375", "Opcode": "ff155410fa00", "Opcodesize": 6, "Mnemonic": "call dword ptr [0xfa1054]", "PID": 1712, "TID": 264, "Arguments": [ "Arg1", "IN", "PVOID", "0x22e550", "0x2b0000", "Arg2", "IN", "ULONG", "0x22e554", "0xc", "Arg3", "IN", "SIZE_T", "0x22e558", "0x14" ], "Timesptamp": "00000001.066287", "FunctionName": "RtlAllocateHeap", "ModuleName": "ntdll.dll", "Return": "0x2c4af8", "Status": 0 }
{ "Address": "0xfa3361", "Opcode": "ff155810fa00", "Opcodesize": 6, "Mnemonic": "call dword ptr [0xfa1058]", "PID": 1712, "TID": 264, "Arguments": [ ], "Timesptamp": "00000001.076552", "FunctionName": "GetProcessHeap", "ModuleName": "kernel32.dll", "Return": "0x2b0000", "Status": 0 }
{ "Address": "0xfa3375", "Opcode": "ff155410fa00", "Opcodesize": 6, "Mnemonic": "call dword ptr [0xfa1054]", "PID": 1712, "TID": 264, "Arguments": [ "Arg1", "IN", "PVOID", "0x22e550", "0x2b0000", "Arg2", "IN", "ULONG", "0x22e554", "0xc", "Arg3", "IN", "SIZE_T", "0x22e558", "0x14" ], "Timesptamp": "00000001.086795", "FunctionName": "RtlAllocateHeap", "ModuleName": "ntdll.dll", "Return": "0x2c4b18", "Status": 0 }
{ "Address": "0xfa3361", "Opcode": "ff155810fa00", "Opcodesize": 6, "Mnemonic": "call dword ptr [0xfa1058]", "PID": 1712, "TID": 264, "Arguments": [ ], "Timesptamp": "00000001.097229", "FunctionName": "GetProcessHeap", "ModuleName": "kernel32.dll", "Return": "0x2b0000", "Status": 0 }
{ "Address": "0xfa3375", "Opcode": "ff155410fa00", "Opcodesize": 6, "Mnemonic": "call dword ptr [0xfa1054]", "PID": 1712, "TID": 264, "Arguments": [ "Arg1", "IN", "PVOID", "0x22e580", "0x2b0000", "Arg2", "IN", "ULONG", "0x22e584", "0xc", "Arg3", "IN", "SIZE_T", "0x22e588", "0x10" ], "Timesptamp": "00000001.107418", "FunctionName": "RtlAllocateHeap", "ModuleName": "ntdll.dll", "Return": "0x2bed60", "Status": 0 }
{ "Address": "0xfa3d3f", "Opcode": "ff155811fa00", "Opcodesize": 6, "Mnemonic": "call dword ptr [0xfa1158]", "PID": 1712, "TID": 264, "Functionname": "_memicmp", "Dllname": "msvcrt.dll", "Status": 1 }
{ "Address": "0xfa3361", "Opcode": "ff155810fa00", "Opcodesize": 6, "Mnemonic": "call dword ptr [0xfa1058]", "PID": 1712, "TID": 264, "Arguments": [ ], "Timesptamp": "00000001.128632", "FunctionName": "GetProcessHeap", "ModuleName": "kernel32.dll", "Return": "0x2b0000", "Status": 0 }
{ "Address": "0xfa3375", "Opcode": "ff155410fa00", "Opcodesize": 6, "Mnemonic": "call dword ptr [0xfa1054]", "PID": 1712, "TID": 264, "Arguments": [ "Arg1", "IN", "PVOID", "0x22e580", "0x2b0000", "Arg2", "IN", "ULONG", "0x22e584", "0xc", "Arg3", "IN", "SIZE_T", "0x22e588", "0x208" ], "Timesptamp": "00000001.138863", "FunctionName": "RtlAllocateHeap", "ModuleName": "ntdll.dll", "Return": "0x2c5280", "Status": 0 }
{ "Address": "0xfa3e07", "Opcode": "e8a2eaffff", "Opcodesize": 5, "Mnemonic": "call 0xfa28ae", "PID": 1712, "TID": 264, "Arguments": [ "Arg1", "IN", "PVOID", "0x22e5bc", "0x2c5280", "Arg2", "IN", "INT", "0x22e5c0", "0x0", "Arg3", "IN", "SIZE_T", "0x22e5c4", "0x208" ], "Timesptamp": "00000001.149373", "FunctionName": "memset", "ModuleName": "msvcrt.dll", "Return": "0x2c5280", "Status": 0 }
{ "Address": "0xfa5656", "Opcode": "ff153810fa00", "Opcodesize": 6, "Mnemonic": "call dword ptr [0xfa1038]", "PID": 1712, "TID": 264, "Arguments": [ "Arg1", "IN", "HMODULE", "0x22e5e0", "0x0", "Arg2", "OUT", "LPWSTR", "0x22e5e4", "0x2c5280", "Arg3", "IN", "DWORD", "0x22e5e8", "0x104" ], "Timesptamp": "00000001.159952", "FunctionName": "GetModuleFileNameW", "ModuleName": "kernel32.dll", "Return": "0x1c", "Output1": [ "0x2c5280", "C:\\Users\\lhs\\Exec\\choice.exe" ], "Status": 0 }
{ "Address": "0xfa566a", "Opcode": "e86f0f0000", "Opcodesize": 5, "Mnemonic": "call 0xfa65de", "PID": 1712, "TID": 264, "Arguments": [ "Arg1", "IN", "LPCWSTR", "0x22e5e4", "C:\\Users\\lhs\\Exec\\choice.exe", "Arg2", "OUT", "LPDWORD", "0x22e5e8", "0x0" ], "Timesptamp": "00000001.170397", "FunctionName": "GetFileVersionInfoSizeW", "ModuleName": "version.dll", "Return": "0x734", "Status": 0 }
{ "Address": "0xfa3361", "Opcode": "ff155810fa00", "Opcodesize": 6, "Mnemonic": "call dword ptr [0xfa1058]", "PID": 1712, "TID": 264, "Arguments": [ ], "Timesptamp": "00000001.186598", "FunctionName": "GetProcessHeap", "ModuleName": "kernel32.dll", "Return": "0x2b0000", "Status": 0 }
{ "Address": "0xfa3375", "Opcode": "ff155410fa00", "Opcodesize": 6, "Mnemonic": "call dword ptr [0xfa1054]", "PID": 1712, "TID": 264, "Arguments": [ "Arg1", "IN", "PVOID", "0x22e5a4", "0x2b0000", "Arg2", "IN", "ULONG", "0x22e5a8", "0xc", "Arg3", "IN", "SIZE_T", "0x22e5ac", "0x73e" ], "Timesptamp": "00000001.197142", "FunctionName": "RtlAllocateHeap", "ModuleName": "ntdll.dll", "Return": "0x2c5490", "Status": 0 }
{ "Address": "0xfa56be", "Opcode": "e80f0f0000", "Opcodesize": 5, "Mnemonic": "call 0xfa65d2", "PID": 1712, "TID": 264, "Functionname": "GetFileVersionInfoW", "Dllname": "version.dll", "Status": 1 }
{ "Address": "0xfa56e2", "Opcode": "e8df0e0000", "Opcodesize": 5, "Mnemonic": "call 0xfa65c6", "PID": 1712, "TID": 264, "Functionname": "VerQueryValueW", "Dllname": "version.dll", "Status": 1 }
{ "Address": "0xfa3d3f", "Opcode": "ff155811fa00", "Opcodesize": 6, "Mnemonic": "call dword ptr [0xfa1158]", "PID": 1712, "TID": 264, "Functionname": "_memicmp", "Dllname": "msvcrt.dll", "Status": 1 }
{ "Address": "0xfa3e07", "Opcode": "e8a2eaffff", "Opcodesize": 5, "Mnemonic": "call 0xfa28ae", "PID": 1712, "TID": 264, "Arguments": [ "Arg1", "IN", "PVOID", "0x22e5bc", "0x2c5280", "Arg2", "IN", "INT", "0x22e5c0", "0x0", "Arg3", "IN", "SIZE_T", "0x22e5c4", "0x80" ], "Timesptamp": "00000001.251191", "FunctionName": "memset", "ModuleName": "msvcrt.dll", "Return": "0x2c5280", "Status": 0 }
{ "Address": "0xfa1556", "Opcode": "ff155411fa00", "Opcodesize": 6, "Mnemonic": "call dword ptr [0xfa1154]", "PID": 1712, "TID": 264, "Arguments": [ "Arg1", "OUT", "WCHAR_T*", "0x22e5b4", "0x2c5280", "Arg2", "IN", "SIZE_T", "0x22e5b8", "0x3f", "Arg3", "IN", "WCHAR_T*", "0x22e5bc", "\\StringFileInfo\\%04x%04x\\InternalName" ], "Timesptamp": "00000001.262001", "FunctionName": "_vsnwprintf", "ModuleName": "msvcrt.dll", "Return": "0x25", "Output1": [ "0x2c5280", "\\StringFileInfo\\040904b0\\InternalName" ], "Status": 0 }
{ "Address": "0xfa5732", "Opcode": "e88f0e0000", "Opcodesize": 5, "Mnemonic": "call 0xfa65c6", "PID": 1712, "TID": 264, "Functionname": "VerQueryValueW", "Dllname": "version.dll", "Status": 1 }
{ "Address": "0xfa314c", "Opcode": "ff157410fa00", "Opcodesize": 6, "Mnemonic": "call dword ptr [0xfa1074]", "PID": 1712, "TID": 264, "Arguments": [ "Arg1", "IN", "LPCWSTR", "0x22e5d8", "choice.exe" ], "Timesptamp": "00000001.283078", "FunctionName": "lstrlenW", "ModuleName": "kernel32.dll", "Return": "0xa", "Status": 0 }
{ "Address": "0xfa314c", "Opcode": "ff157410fa00", "Opcodesize": 6, "Mnemonic": "call dword ptr [0xfa1074]", "PID": 1712, "TID": 264, "Arguments": [ "Arg1", "IN", "LPCWSTR", "0x22e5b4", "choice.exe" ], "Timesptamp": "00000001.289427", "FunctionName": "lstrlenW", "ModuleName": "kernel32.dll", "Return": "0xa", "Status": 0 }
{ "Address": "0xfa314c", "Opcode": "ff157410fa00", "Opcodesize": 6, "Mnemonic": "call dword ptr [0xfa1074]", "PID": 1712, "TID": 264, "Arguments": [ "Arg1", "IN", "LPCWSTR", "0x22e5b4", ".EXE" ], "Timesptamp": "00000001.299861", "FunctionName": "lstrlenW", "ModuleName": "kernel32.dll", "Return": "0x4", "Status": 0 }
{ "Address": "0xfa35d6", "Opcode": "ff15d410fa00", "Opcodesize": 6, "Mnemonic": "call dword ptr [0xfa10d4]", "PID": 1712, "TID": 264, "Arguments": [ "Arg1", "IN", "LPWSTR", "0x22e5c0", "choice.exe", "Arg2", "IN", "LPWSTR", "0x22e5c4", ".EXE" ], "Timesptamp": "00000001.310738", "FunctionName": "StrStrIW", "ModuleName": "shlwapi.dll", "Return": ".exe", "Status": 0 }
{ "Address": "0xfa57a0", "Opcode": "ffd6", "Opcodesize": 2, "Mnemonic": "call esi", "PID": 1712, "TID": 264, "Arguments": [ "Arg1", "IN", "LPCWSTR", "0x22e5e8", "choice.exe" ], "Timesptamp": "00000001.327439", "FunctionName": "lstrlenW", "ModuleName": "kernel32.dll", "Return": "0xa", "Status": 0 }
{ "Address": "0xfa57a6", "Opcode": "ffd6", "Opcodesize": 2, "Mnemonic": "call esi", "PID": 1712, "TID": 264, "Arguments": [ "Arg1", "IN", "LPCWSTR", "0x22e5e8", ".EXE" ], "Timesptamp": "00000001.338010", "FunctionName": "lstrlenW", "ModuleName": "kernel32.dll", "Return": "0x4", "Status": 0 }
{ "Address": "0xfa3d3f", "Opcode": "ff155811fa00", "Opcodesize": 6, "Mnemonic": "call dword ptr [0xfa1158]", "PID": 1712, "TID": 264, "Functionname": "_memicmp", "Dllname": "msvcrt.dll", "Status": 1 }
{ "Address": "0xfa314c", "Opcode": "ff157410fa00", "Opcodesize": 6, "Mnemonic": "call dword ptr [0xfa1074]", "PID": 1712, "TID": 264, "Arguments": [ "Arg1", "IN", "LPCWSTR", "0x22e5b4", "choice" ], "Timesptamp": "00000001.359092", "FunctionName": "lstrlenW", "ModuleName": "kernel32.dll", "Return": "0x6", "Status": 0 }
{ "Address": "0xfa582f", "Opcode": "ff15e010fa00", "Opcodesize": 6, "Mnemonic": "call dword ptr [0xfa10e0]", "PID": 1712, "TID": 264, "Functionname": "CharUpperW", "Dllname": "user32.dll", "Status": 1 }
{ "Address": "0xfa3361", "Opcode": "ff155810fa00", "Opcodesize": 6, "Mnemonic": "call dword ptr [0xfa1058]", "PID": 1712, "TID": 264, "Arguments": [ ], "Timesptamp": "00000001.385699", "FunctionName": "GetProcessHeap", "ModuleName": "kernel32.dll", "Return": "0x2b0000", "Status": 0 }
{ "Address": "0xfa3375", "Opcode": "ff155410fa00", "Opcodesize": 6, "Mnemonic": "call dword ptr [0xfa1054]", "PID": 1712, "TID": 264, "Arguments": [ "Arg1", "IN", "PVOID", "0x22e550", "0x2b0000", "Arg2", "IN", "ULONG", "0x22e554", "0xc", "Arg3", "IN", "SIZE_T", "0x22e558", "0x14" ], "Timesptamp": "00000001.396274", "FunctionName": "RtlAllocateHeap", "ModuleName": "ntdll.dll", "Return": "0x2c4b58", "Status": 0 }
{ "Address": "0xfa3361", "Opcode": "ff155810fa00", "Opcodesize": 6, "Mnemonic": "call dword ptr [0xfa1058]", "PID": 1712, "TID": 264, "Arguments": [ ], "Timesptamp": "00000001.406809", "FunctionName": "GetProcessHeap", "ModuleName": "kernel32.dll", "Return": "0x2b0000", "Status": 0 }
{ "Address": "0xfa3375", "Opcode": "ff155410fa00", "Opcodesize": 6, "Mnemonic": "call dword ptr [0xfa1054]", "PID": 1712, "TID": 264, "Arguments": [ "Arg1", "IN", "PVOID", "0x22e550", "0x2b0000", "Arg2", "IN", "ULONG", "0x22e554", "0xc", "Arg3", "IN", "SIZE_T", "0x22e558", "0x14" ], "Timesptamp": "00000001.420001", "FunctionName": "RtlAllocateHeap", "ModuleName": "ntdll.dll", "Return": "0x2c4b78", "Status": 0 }
{ "Address": "0xfa3361", "Opcode": "ff155810fa00", "Opcodesize": 6, "Mnemonic": "call dword ptr [0xfa1058]", "PID": 1712, "TID": 264, "Arguments": [ ], "Timesptamp": "00000001.430576", "FunctionName": "GetProcessHeap", "ModuleName": "kernel32.dll", "Return": "0x2b0000", "Status": 0 }
{ "Address": "0xfa3375", "Opcode": "ff155410fa00", "Opcodesize": 6, "Mnemonic": "call dword ptr [0xfa1054]", "PID": 1712, "TID": 264, "Arguments": [ "Arg1", "IN", "PVOID", "0x22e550", "0x2b0000", "Arg2", "IN", "ULONG", "0x22e554", "0xc", "Arg3", "IN", "SIZE_T", "0x22e558", "0x14" ], "Timesptamp": "00000001.441262", "FunctionName": "RtlAllocateHeap", "ModuleName": "ntdll.dll", "Return": "0x2c4b98", "Status": 0 }
{ "Address": "0xfa3361", "Opcode": "ff155810fa00", "Opcodesize": 6, "Mnemonic": "call dword ptr [0xfa1058]", "PID": 1712, "TID": 264, "Arguments": [ ], "Timesptamp": "00000001.451793", "FunctionName": "GetProcessHeap", "ModuleName": "kernel32.dll", "Return": "0x2b0000", "Status": 0 }
{ "Address": "0xfa3375", "Opcode": "ff155410fa00", "Opcodesize": 6, "Mnemonic": "call dword ptr [0xfa1054]", "PID": 1712, "TID": 264, "Arguments": [ "Arg1", "IN", "PVOID", "0x22e550", "0x2b0000", "Arg2", "IN", "ULONG", "0x22e554", "0xc", "Arg3", "IN", "SIZE_T", "0x22e558", "0x14" ], "Timesptamp": "00000001.469120", "FunctionName": "RtlAllocateHeap", "ModuleName": "ntdll.dll", "Return": "0x2c4bb8", "Status": 0 }
{ "Address": "0xfa3361", "Opcode": "ff155810fa00", "Opcodesize": 6, "Mnemonic": "call dword ptr [0xfa1058]", "PID": 1712, "TID": 264, "Arguments": [ ], "Timesptamp": "00000001.478103", "FunctionName": "GetProcessHeap", "ModuleName": "kernel32.dll", "Return": "0x2b0000", "Status": 0 }
{ "Address": "0xfa3375", "Opcode": "ff155410fa00", "Opcodesize": 6, "Mnemonic": "call dword ptr [0xfa1054]", "PID": 1712, "TID": 264, "Arguments": [ "Arg1", "IN", "PVOID", "0x22e580", "0x2b0000", "Arg2", "IN", "ULONG", "0x22e584", "0xc", "Arg3", "IN", "SIZE_T", "0x22e588", "0x10" ], "Timesptamp": "00000001.487506", "FunctionName": "RtlAllocateHeap", "ModuleName": "ntdll.dll", "Return": "0x2bed78", "Status": 0 }
{ "Address": "0xfa3d3f", "Opcode": "ff155811fa00", "Opcodesize": 6, "Mnemonic": "call dword ptr [0xfa1158]", "PID": 1712, "TID": 264, "Functionname": "_memicmp", "Dllname": "msvcrt.dll", "Status": 1 }
{ "Address": "0xfa3361", "Opcode": "ff155810fa00", "Opcodesize": 6, "Mnemonic": "call dword ptr [0xfa1058]", "PID": 1712, "TID": 264, "Arguments": [ ], "Timesptamp": "00000001.510418", "FunctionName": "GetProcessHeap", "ModuleName": "kernel32.dll", "Return": "0x2b0000", "Status": 0 }
{ "Address": "0xfa3375", "Opcode": "ff155410fa00", "Opcodesize": 6, "Mnemonic": "call dword ptr [0xfa1054]", "PID": 1712, "TID": 264, "Arguments": [ "Arg1", "IN", "PVOID", "0x22e580", "0x2b0000", "Arg2", "IN", "ULONG", "0x22e584", "0xc", "Arg3", "IN", "SIZE_T", "0x22e588", "0xa0" ], "Timesptamp": "00000001.519347", "FunctionName": "RtlAllocateHeap", "ModuleName": "ntdll.dll", "Return": "0x2c5e28", "Status": 0 }
{ "Address": "0xfa3e07", "Opcode": "e8a2eaffff", "Opcodesize": 5, "Mnemonic": "call 0xfa28ae", "PID": 1712, "TID": 264, "Arguments": [ "Arg1", "IN", "PVOID", "0x22e5bc", "0x2c5e28", "Arg2", "IN", "INT", "0x22e5c0", "0x0", "Arg3", "IN", "SIZE_T", "0x22e5c4", "0xa0" ], "Timesptamp": "00000001.529857", "FunctionName": "memset", "ModuleName": "msvcrt.dll", "Return": "0x2c5e28", "Status": 0 }
{ "Address": "0xfa3361", "Opcode": "ff155810fa00", "Opcodesize": 6, "Mnemonic": "call dword ptr [0xfa1058]", "PID": 1712, "TID": 264, "Arguments": [ ], "Timesptamp": "00000001.540061", "FunctionName": "GetProcessHeap", "ModuleName": "kernel32.dll", "Return": "0x2b0000", "Status": 0 }
{ "Address": "0xfa3375", "Opcode": "ff155410fa00", "Opcodesize": 6, "Mnemonic": "call dword ptr [0xfa1054]", "PID": 1712, "TID": 264, "Arguments": [ "Arg1", "IN", "PVOID", "0x22e534", "0x2b0000", "Arg2", "IN", "ULONG", "0x22e538", "0xc", "Arg3", "IN", "SIZE_T", "0x22e53c", "0x14" ], "Timesptamp": "00000001.551512", "FunctionName": "RtlAllocateHeap", "ModuleName": "ntdll.dll", "Return": "0x2c4bd8", "Status": 0 }
{ "Address": "0xfa3361", "Opcode": "ff155810fa00", "Opcodesize": 6, "Mnemonic": "call dword ptr [0xfa1058]", "PID": 1712, "TID": 264, "Arguments": [ ], "Timesptamp": "00000001.562558", "FunctionName": "GetProcessHeap", "ModuleName": "kernel32.dll", "Return": "0x2b0000", "Status": 0 }
{ "Address": "0xfa3375", "Opcode": "ff155410fa00", "Opcodesize": 6, "Mnemonic": "call dword ptr [0xfa1054]", "PID": 1712, "TID": 264, "Arguments": [ "Arg1", "IN", "PVOID", "0x22e534", "0x2b0000", "Arg2", "IN", "ULONG", "0x22e538", "0xc", "Arg3", "IN", "SIZE_T", "0x22e53c", "0x14" ], "Timesptamp": "00000001.571569", "FunctionName": "RtlAllocateHeap", "ModuleName": "ntdll.dll", "Return": "0x2c4bf8", "Status": 0 }
{ "Address": "0xfa3361", "Opcode": "ff155810fa00", "Opcodesize": 6, "Mnemonic": "call dword ptr [0xfa1058]", "PID": 1712, "TID": 264, "Arguments": [ ], "Timesptamp": "00000001.583933", "FunctionName": "GetProcessHeap", "ModuleName": "kernel32.dll", "Return": "0x2b0000", "Status": 0 }
{ "Address": "0xfa3375", "Opcode": "ff155410fa00", "Opcodesize": 6, "Mnemonic": "call dword ptr [0xfa1054]", "PID": 1712, "TID": 264, "Arguments": [ "Arg1", "IN", "PVOID", "0x22e534", "0x2b0000", "Arg2", "IN", "ULONG", "0x22e538", "0xc", "Arg3", "IN", "SIZE_T", "0x22e53c", "0x14" ], "Timesptamp": "00000001.594413", "FunctionName": "RtlAllocateHeap", "ModuleName": "ntdll.dll", "Return": "0x2c4c18", "Status": 0 }
{ "Address": "0xfa3361", "Opcode": "ff155810fa00", "Opcodesize": 6, "Mnemonic": "call dword ptr [0xfa1058]", "PID": 1712, "TID": 264, "Arguments": [ ], "Timesptamp": "00000001.605259", "FunctionName": "GetProcessHeap", "ModuleName": "kernel32.dll", "Return": "0x2b0000", "Status": 0 }
{ "Address": "0xfa3375", "Opcode": "ff155410fa00", "Opcodesize": 6, "Mnemonic": "call dword ptr [0xfa1054]", "PID": 1712, "TID": 264, "Arguments": [ "Arg1", "IN", "PVOID", "0x22e53c", "0x2b0000", "Arg2", "IN", "ULONG", "0x22e540", "0xc", "Arg3", "IN", "SIZE_T", "0x22e544", "0x10" ], "Timesptamp": "00000001.613610", "FunctionName": "RtlAllocateHeap", "ModuleName": "ntdll.dll", "Return": "0x2bed90", "Status": 0 }
{ "Address": "0xfa3d3f", "Opcode": "ff155811fa00", "Opcodesize": 6, "Mnemonic": "call dword ptr [0xfa1158]", "PID": 1712, "TID": 264, "Functionname": "_memicmp", "Dllname": "msvcrt.dll", "Status": 1 }
{ "Address": "0xfa3361", "Opcode": "ff155810fa00", "Opcodesize": 6, "Mnemonic": "call dword ptr [0xfa1058]", "PID": 1712, "TID": 264, "Arguments": [ ], "Timesptamp": "00000001.631588", "FunctionName": "GetProcessHeap", "ModuleName": "kernel32.dll", "Return": "0x2b0000", "Status": 0 }
{ "Address": "0xfa3375", "Opcode": "ff155410fa00", "Opcodesize": 6, "Mnemonic": "call dword ptr [0xfa1054]", "PID": 1712, "TID": 264, "Arguments": [ "Arg1", "IN", "PVOID", "0x22e53c", "0x2b0000", "Arg2", "IN", "ULONG", "0x22e540", "0xc", "Arg3", "IN", "SIZE_T", "0x22e544", "0x200" ], "Timesptamp": "00000001.644300", "FunctionName": "RtlAllocateHeap", "ModuleName": "ntdll.dll", "Return": "0x2c5ed0", "Status": 0 }
{ "Address": "0xfa3e07", "Opcode": "e8a2eaffff", "Opcodesize": 5, "Mnemonic": "call 0xfa28ae", "PID": 1712, "TID": 264, "Arguments": [ "Arg1", "IN", "PVOID", "0x22e578", "0x2c5ed0", "Arg2", "IN", "INT", "0x22e57c", "0x0", "Arg3", "IN", "SIZE_T", "0x22e580", "0x200" ], "Timesptamp": "00000001.654915", "FunctionName": "memset", "ModuleName": "msvcrt.dll", "Return": "0x2c5ed0", "Status": 0 }
{ "Address": "0xfa4073", "Opcode": "ff15e810fa00", "Opcodesize": 6, "Mnemonic": "call dword ptr [0xfa10e8]", "PID": 1712, "TID": 264, "Arguments": [ "Arg1", "IN", "HINSTANCE", "0x22e598", "0x0", "Arg2", "IN", "UINT", "0x22e59c", "0x15ed", "Arg3", "OUT", "LPWSTR", "0x22e5a0", "0x2c5ed0", "Arg4", "IN", "INT", "0x22e5a4", "0x100" ], "Timesptamp": "00000001.664227", "FunctionName": "LoadStringW", "ModuleName": "user32.dll", "Return": "0x0", "Output1": [ "NULL" ], "Status": 0 }
{ "Address": "0xfa407d", "Opcode": "ff150410fa00", "Opcodesize": 6, "Mnemonic": "call dword ptr [0xfa1004]", "PID": 1712, "TID": 264, "Arguments": [ ], "Timesptamp": "00000001.673865", "FunctionName": "GetLastError", "ModuleName": "kernel32.dll", "Return": "0x3b01", "Status": 0 }
{ "Address": "0xfa1556", "Opcode": "ff155411fa00", "Opcodesize": 6, "Mnemonic": "call dword ptr [0xfa1154]", "PID": 1712, "TID": 264, "Arguments": [ "Arg1", "OUT", "WCHAR_T*", "0x22e5b8", "0x2c5e28", "Arg2", "IN", "SIZE_T", "0x22e5bc", "0x4f", "Arg3", "IN", "WCHAR_T*", "NULL" ], "Timesptamp": "00000001.683628", "FunctionName": "_vsnwprintf", "ModuleName": "msvcrt.dll", "Return": "0x0", "Output1": [ "NULL" ], "Status": 0 }
{ "Address": "0xfa367f", "Opcode": "ff155810fa00", "Opcodesize": 6, "Mnemonic": "call dword ptr [0xfa1058]", "PID": 1712, "TID": 264, "Arguments": [ ], "Timesptamp": "00000001.696523", "FunctionName": "GetProcessHeap", "ModuleName": "kernel32.dll", "Return": "0x2b0000", "Status": 0 }
{ "Address": "0xfa330e", "Opcode": "ff155810fa00", "Opcodesize": 6, "Mnemonic": "call dword ptr [0xfa1058]", "PID": 1712, "TID": 264, "Arguments": [ ], "Timesptamp": "00000001.705203", "FunctionName": "GetProcessHeap", "ModuleName": "kernel32.dll", "Return": "0x2b0000", "Status": 0 }
{ "Address": "0xfa331e", "Opcode": "ff155c10fa00", "Opcodesize": 6, "Mnemonic": "call dword ptr [0xfa105c]", "PID": 1712, "TID": 264, "Functionname": "HeapValidate", "Dllname": "kernel32.dll", "Status": 1 }
{ "Address": "0xfa3412", "Opcode": "ff155810fa00", "Opcodesize": 6, "Mnemonic": "call dword ptr [0xfa1058]", "PID": 1712, "TID": 264, "Arguments": [ ], "Timesptamp": "00000001.727962", "FunctionName": "GetProcessHeap", "ModuleName": "kernel32.dll", "Return": "0x2b0000", "Status": 0 }
{ "Address": "0xfa3422", "Opcode": "ff155010fa00", "Opcodesize": 6, "Mnemonic": "call dword ptr [0xfa1050]", "PID": 1712, "TID": 264, "Functionname": "RtlSizeHeap", "Dllname": "ntdll.dll", "Status": 1 }
{ "Address": "0xfa36aa", "Opcode": "36e8fef1ffff", "Opcodesize": 6, "Mnemonic": "call 0xfa28ae", "PID": 1712, "TID": 264, "Arguments": [ "Arg1", "IN", "PVOID", "0x22e5cc", "0x2c5490", "Arg2", "IN", "INT", "0x22e5d0", "0x0", "Arg3", "IN", "SIZE_T", "0x22e5d4", "0x73e" ], "Timesptamp": "00000001.748416", "FunctionName": "memset", "ModuleName": "msvcrt.dll", "Return": "0x2c5490", "Status": 0 }
{ "Address": "0xfa36b8", "Opcode": "ff154c10fa00", "Opcodesize": 6, "Mnemonic": "call dword ptr [0xfa104c]", "PID": 1712, "TID": 264, "Functionname": "HeapFree", "Dllname": "kernel32.dll", "Status": 1 }
{ "Address": "0xfa31e3", "Opcode": "ff156c10fa00", "Opcodesize": 6, "Mnemonic": "call dword ptr [0xfa106c]", "PID": 1712, "TID": 264, "Arguments": [ "Arg1", "IN", "DWORD", "0x22e5e8", "0x0" ], "Timesptamp": "00000001.765419", "FunctionName": "SetLastError", "ModuleName": "kernel32.dll", "Functionname": "GetThreadLocale", "Dllname": "kernel32.dll", "Status": 1 }
{ "Address": "0xfa31ea", "Opcode": "ff156810fa00", "Opcodesize": 6, "Mnemonic": "call dword ptr [0xfa1068]", "PID": 1712, "TID": 264, "Arguments": [ "Arg1", "IN", "LCID", "0x22e5b8", "0x40c", "Arg2", "IN", "DWORD", "0x22e5bc", "0x1", "Arg3", "IN", "LPCTSTR", "0x22e5c0", "PARSER2", "Arg4", "IN", "INT", "0x22e5c4", "0xffffffff", "Arg5", "IN", "LPCTSTR", "0x22e5c8", "PARSER2", "Arg6", "IN", "INT", "0x22e5cc", "0xffffffff" ], "Timesptamp": "00000001.785353", "FunctionName": "CompareStringA", "ModuleName": "kernel32.dll", "Return": "0x2", "Status": 0 }
{ "Address": "0xfa4b9c", "Opcode": "ff157410fa00", "Opcodesize": 6, "Mnemonic": "call dword ptr [0xfa1074]", "PID": 1712, "TID": 264, "Arguments": [ "Arg1", "IN", "LPCWSTR", "0x22e5e4", "?" ], "Timesptamp": "00000001.794342", "FunctionName": "lstrlenW", "ModuleName": "kernel32.dll", "Return": "0x1", "Status": 0 }
{ "Address": "0xfa31e3", "Opcode": "ff156c10fa00", "Opcodesize": 6, "Mnemonic": "call dword ptr [0xfa106c]", "PID": 1712, "TID": 264, "Functionname": "GetThreadLocale", "Dllname": "kernel32.dll", "Status": 1 }
{ "Address": "0xfa31ea", "Opcode": "ff156810fa00", "Opcodesize": 6, "Mnemonic": "call dword ptr [0xfa1068]", "PID": 1712, "TID": 264, "Arguments": [ "Arg1", "IN", "LCID", "0x22e5b8", "0x40c", "Arg2", "IN", "DWORD", "0x22e5bc", "0x1", "Arg3", "IN", "LPCTSTR", "0x22e5c0", "PARSER2", "Arg4", "IN", "INT", "0x22e5c4", "0xffffffff", "Arg5", "IN", "LPCTSTR", "0x22e5c8", "PARSER2", "Arg6", "IN", "INT", "0x22e5cc", "0xffffffff" ], "Timesptamp": "00000001.808859", "FunctionName": "CompareStringA", "ModuleName": "kernel32.dll", "Return": "0x2", "Status": 0 }
{ "Address": "0xfa4b9c", "Opcode": "ff157410fa00", "Opcodesize": 6, "Mnemonic": "call dword ptr [0xfa1074]", "PID": 1712, "TID": 264, "Arguments": [ "Arg1", "IN", "LPCWSTR", "0x22e5e4", "C" ], "Timesptamp": "00000001.816206", "FunctionName": "lstrlenW", "ModuleName": "kernel32.dll", "Return": "0x1", "Status": 0 }
{ "Address": "0xfa31e3", "Opcode": "ff156c10fa00", "Opcodesize": 6, "Mnemonic": "call dword ptr [0xfa106c]", "PID": 1712, "TID": 264, "Functionname": "GetThreadLocale", "Dllname": "kernel32.dll", "Status": 1 }
{ "Address": "0xfa31ea", "Opcode": "ff156810fa00", "Opcodesize": 6, "Mnemonic": "call dword ptr [0xfa1068]", "PID": 1712, "TID": 264, "Arguments": [ "Arg1", "IN", "LCID", "0x22e5b8", "0x40c", "Arg2", "IN", "DWORD", "0x22e5bc", "0x1", "Arg3", "IN", "LPCTSTR", "0x22e5c0", "PARSER2", "Arg4", "IN", "INT", "0x22e5c4", "0xffffffff", "Arg5", "IN", "LPCTSTR", "0x22e5c8", "PARSER2", "Arg6", "IN", "INT", "0x22e5cc", "0xffffffff" ], "Timesptamp": "00000001.849995", "FunctionName": "CompareStringA", "ModuleName": "kernel32.dll", "Return": "0x2", "Status": 0 }
{ "Address": "0xfa4b9c", "Opcode": "ff157410fa00", "Opcodesize": 6, "Mnemonic": "call dword ptr [0xfa1074]", "PID": 1712, "TID": 264, "Arguments": [ "Arg1", "IN", "LPCWSTR", "0x22e5e4", "N" ], "Timesptamp": "00000001.862156", "FunctionName": "lstrlenW", "ModuleName": "kernel32.dll", "Return": "0x1", "Status": 0 }
{ "Address": "0xfa31e3", "Opcode": "ff156c10fa00", "Opcodesize": 6, "Mnemonic": "call dword ptr [0xfa106c]", "PID": 1712, "TID": 264, "Functionname": "GetThreadLocale", "Dllname": "kernel32.dll", "Status": 1 }
{ "Address": "0xfa31ea", "Opcode": "ff156810fa00", "Opcodesize": 6, "Mnemonic": "call dword ptr [0xfa1068]", "PID": 1712, "TID": 264, "Arguments": [ "Arg1", "IN", "LCID", "0x22e5b8", "0x40c", "Arg2", "IN", "DWORD", "0x22e5bc", "0x1", "Arg3", "IN", "LPCTSTR", "0x22e5c0", "PARSER2", "Arg4", "IN", "INT", "0x22e5c4", "0xffffffff", "Arg5", "IN", "LPCTSTR", "0x22e5c8", "PARSER2", "Arg6", "IN", "INT", "0x22e5cc", "0xffffffff" ], "Timesptamp": "00000001.885322", "FunctionName": "CompareStringA", "ModuleName": "kernel32.dll", "Return": "0x2", "Status": 0 }
{ "Address": "0xfa4b9c", "Opcode": "ff157410fa00", "Opcodesize": 6, "Mnemonic": "call dword ptr [0xfa1074]", "PID": 1712, "TID": 264, "Arguments": [ "Arg1", "IN", "LPCWSTR", "0x22e5e4", "CS" ], "Timesptamp": "00000001.903585", "FunctionName": "lstrlenW", "ModuleName": "kernel32.dll", "Return": "0x2", "Status": 0 }
{ "Address": "0xfa31e3", "Opcode": "ff156c10fa00", "Opcodesize": 6, "Mnemonic": "call dword ptr [0xfa106c]", "PID": 1712, "TID": 264, "Functionname": "GetThreadLocale", "Dllname": "kernel32.dll", "Status": 1 }
{ "Address": "0xfa31ea", "Opcode": "ff156810fa00", "Opcodesize": 6, "Mnemonic": "call dword ptr [0xfa1068]", "PID": 1712, "TID": 264, "Arguments": [ "Arg1", "IN", "LCID", "0x22e5b8", "0x40c", "Arg2", "IN", "DWORD", "0x22e5bc", "0x1", "Arg3", "IN", "LPCTSTR", "0x22e5c0", "PARSER2", "Arg4", "IN", "INT", "0x22e5c4", "0xffffffff", "Arg5", "IN", "LPCTSTR", "0x22e5c8", "PARSER2", "Arg6", "IN", "INT", "0x22e5cc", "0xffffffff" ], "Timesptamp": "00000001.920748", "FunctionName": "CompareStringA", "ModuleName": "kernel32.dll", "Return": "0x2", "Status": 0 }
{ "Address": "0xfa4b9c", "Opcode": "ff157410fa00", "Opcodesize": 6, "Mnemonic": "call dword ptr [0xfa1074]", "PID": 1712, "TID": 264, "Arguments": [ "Arg1", "IN", "LPCWSTR", "0x22e5e4", "D" ], "Timesptamp": "00000001.928626", "FunctionName": "lstrlenW", "ModuleName": "kernel32.dll", "Return": "0x1", "Status": 0 }
{ "Address": "0xfa31e3", "Opcode": "ff156c10fa00", "Opcodesize": 6, "Mnemonic": "call dword ptr [0xfa106c]", "PID": 1712, "TID": 264, "Functionname": "GetThreadLocale", "Dllname": "kernel32.dll", "Status": 1 }
{ "Address": "0xfa31ea", "Opcode": "ff156810fa00", "Opcodesize": 6, "Mnemonic": "call dword ptr [0xfa1068]", "PID": 1712, "TID": 264, "Arguments": [ "Arg1", "IN", "LCID", "0x22e5b8", "0x40c", "Arg2", "IN", "DWORD", "0x22e5bc", "0x1", "Arg3", "IN", "LPCTSTR", "0x22e5c0", "PARSER2", "Arg4", "IN", "INT", "0x22e5c4", "0xffffffff", "Arg5", "IN", "LPCTSTR", "0x22e5c8", "PARSER2", "Arg6", "IN", "INT", "0x22e5cc", "0xffffffff" ], "Timesptamp": "00000001.944652", "FunctionName": "CompareStringA", "ModuleName": "kernel32.dll", "Return": "0x2", "Status": 0 }
{ "Address": "0xfa4b9c", "Opcode": "ff157410fa00", "Opcodesize": 6, "Mnemonic": "call dword ptr [0xfa1074]", "PID": 1712, "TID": 264, "Arguments": [ "Arg1", "IN", "LPCWSTR", "0x22e5e4", "T" ], "Timesptamp": "00000001.952655", "FunctionName": "lstrlenW", "ModuleName": "kernel32.dll", "Return": "0x1", "Status": 0 }
{ "Address": "0xfa31e3", "Opcode": "ff156c10fa00", "Opcodesize": 6, "Mnemonic": "call dword ptr [0xfa106c]", "PID": 1712, "TID": 264, "Functionname": "GetThreadLocale", "Dllname": "kernel32.dll", "Status": 1 }
{ "Address": "0xfa31ea", "Opcode": "ff156810fa00", "Opcodesize": 6, "Mnemonic": "call dword ptr [0xfa1068]", "PID": 1712, "TID": 264, "Arguments": [ "Arg1", "IN", "LCID", "0x22e5b8", "0x40c", "Arg2", "IN", "DWORD", "0x22e5bc", "0x1", "Arg3", "IN", "LPCTSTR", "0x22e5c0", "PARSER2", "Arg4", "IN", "INT", "0x22e5c4", "0xffffffff", "Arg5", "IN", "LPCTSTR", "0x22e5c8", "PARSER2", "Arg6", "IN", "INT", "0x22e5cc", "0xffffffff" ], "Timesptamp": "00000001.971781", "FunctionName": "CompareStringA", "ModuleName": "kernel32.dll", "Return": "0x2", "Status": 0 }
{ "Address": "0xfa4b9c", "Opcode": "ff157410fa00", "Opcodesize": 6, "Mnemonic": "call dword ptr [0xfa1074]", "PID": 1712, "TID": 264, "Arguments": [ "Arg1", "IN", "LPCWSTR", "0x22e5e4", "M" ], "Timesptamp": "00000001.980191", "FunctionName": "lstrlenW", "ModuleName": "kernel32.dll", "Return": "0x1", "Status": 0 }
{ "Address": "0xfa199f", "Opcode": "ffd7", "Opcodesize": 2, "Mnemonic": "call edi", "PID": 1712, "TID": 264, "Arguments": [ "Arg1", "IN", "DWORD", "0x22e618", "0x0" ], "Timesptamp": "00000001.987743", "FunctionName": "SetLastError", "ModuleName": "kernel32.dll", "Functionname": "_errno", "Dllname": "msvcrt.dll", "Status": 1 }
{ "Address": "0xfa19b3", "Opcode": "ff154411fa00", "Opcodesize": 6, "Mnemonic": "call dword ptr [0xfa1144]", "PID": 1712, "TID": 264, "Functionname": "wcstol", "Dllname": "msvcrt.dll", "Status": 1 }
{ "Address": "0xfa19c4", "Opcode": "ffd7", "Opcodesize": 2, "Mnemonic": "call edi", "PID": 1712, "TID": 264, "Functionname": "_errno", "Dllname": "msvcrt.dll", "Status": 1 }
{ "Address": "0xfa314c", "Opcode": "ff157410fa00", "Opcodesize": 6, "Mnemonic": "call dword ptr [0xfa1074]", "PID": 1712, "TID": 264, "Arguments": [ "Arg1", "IN", "LPCWSTR", "NULL" ], "Timesptamp": "00000002.020927", "FunctionName": "lstrlenW", "ModuleName": "kernel32.dll", "Return": "0x0", "Status": 0 }
{ "Address": "0xfa3361", "Opcode": "ff155810fa00", "Opcodesize": 6, "Mnemonic": "call dword ptr [0xfa1058]", "PID": 1712, "TID": 264, "Arguments": [ ], "Timesptamp": "00000002.028808", "FunctionName": "GetProcessHeap", "ModuleName": "kernel32.dll", "Return": "0x2b0000", "Status": 0 }
{ "Address": "0xfa3375", "Opcode": "ff155410fa00", "Opcodesize": 6, "Mnemonic": "call dword ptr [0xfa1054]", "PID": 1712, "TID": 264, "Arguments": [ "Arg1", "IN", "PVOID", "0x22e5b4", "0x2b0000", "Arg2", "IN", "ULONG", "0x22e5b8", "0xc", "Arg3", "IN", "SIZE_T", "0x22e5bc", "0x14" ], "Timesptamp": "00000002.036782", "FunctionName": "RtlAllocateHeap", "ModuleName": "ntdll.dll", "Return": "0x2c4c38", "Status": 0 }
{ "Address": "0xfa3d3f", "Opcode": "ff155811fa00", "Opcodesize": 6, "Mnemonic": "call dword ptr [0xfa1158]", "PID": 1712, "TID": 264, "Functionname": "_memicmp", "Dllname": "msvcrt.dll", "Status": 1 }
{ "Address": "0xfa3e07", "Opcode": "e8a2eaffff", "Opcodesize": 5, "Mnemonic": "call 0xfa28ae", "PID": 1712, "TID": 264, "Arguments": [ "Arg1", "IN", "PVOID", "0x22e5f8", "0x2c5ed0", "Arg2", "IN", "INT", "0x22e5fc", "0x0", "Arg3", "IN", "SIZE_T", "0x22e600", "0x200" ], "Timesptamp": "00000002.054078", "FunctionName": "memset", "ModuleName": "msvcrt.dll", "Return": "0x2c5ed0", "Status": 0 }
{ "Address": "0xfa4073", "Opcode": "ff15e810fa00", "Opcodesize": 6, "Mnemonic": "call dword ptr [0xfa10e8]", "PID": 1712, "TID": 264, "Arguments": [ "Arg1", "IN", "HINSTANCE", "0x22e618", "0x0", "Arg2", "IN", "UINT", "0x22e61c", "0x11", "Arg3", "OUT", "LPWSTR", "0x22e620", "0x2c5ed0", "Arg4", "IN", "INT", "0x22e624", "0x100" ], "Timesptamp": "00000002.061137", "FunctionName": "LoadStringW", "ModuleName": "user32.dll", "Return": "0x0", "Output1": [ "NULL" ], "Status": 0 }
{ "Address": "0xfa407d", "Opcode": "ff150410fa00", "Opcodesize": 6, "Mnemonic": "call dword ptr [0xfa1004]", "PID": 1712, "TID": 264, "Arguments": [ ], "Timesptamp": "00000002.069128", "FunctionName": "GetLastError", "ModuleName": "kernel32.dll", "Return": "0x3b01", "Status": 0 }
{ "Address": "0xfa314c", "Opcode": "ff157410fa00", "Opcodesize": 6, "Mnemonic": "call dword ptr [0xfa1074]", "PID": 1712, "TID": 264, "Arguments": [ "Arg1", "IN", "LPCWSTR", "NULL" ], "Timesptamp": "00000002.076914", "FunctionName": "lstrlenW", "ModuleName": "kernel32.dll", "Return": "0x0", "Status": 0 }
{ "Address": "0xfa145f", "Opcode": "ff15dc10fa00", "Opcodesize": 6, "Mnemonic": "call dword ptr [0xfa10dc]", "PID": 1712, "TID": 264, "Arguments": [ "Arg1", "IN", "LPCWSTR", "NULL" ], "Timesptamp": "00000002.084870", "FunctionName": "CharNextW", "ModuleName": "user32.dll", "Return": "NULL", "Status": 0 }
{ "Address": "0xfa314c", "Opcode": "ff157410fa00", "Opcodesize": 6, "Mnemonic": "call dword ptr [0xfa1074]", "PID": 1712, "TID": 264, "Arguments": [ "Arg1", "IN", "LPCWSTR", "NULL" ], "Timesptamp": "00000002.092841", "FunctionName": "lstrlenW", "ModuleName": "kernel32.dll", "Return": "0x0", "Status": 0 }
{ "Address": "0xfa1d11", "Opcode": "e8980b0000", "Opcodesize": 5, "Mnemonic": "call 0xfa28ae", "PID": 1712, "TID": 264, "Arguments": [ "Arg1", "IN", "PVOID", "0x22e7c0", "0x22e834", "Arg2", "IN", "INT", "0x22e7c4", "0x0", "Arg3", "IN", "SIZE_T", "0x22e7c8", "0x1f8" ], "Timesptamp": "00000002.104904", "FunctionName": "memset", "ModuleName": "msvcrt.dll", "Return": "0x22e834", "Status": 0 }
{ "Address": "0xfa1d59", "Opcode": "ffd6", "Opcodesize": 2, "Mnemonic": "call esi", "PID": 1712, "TID": 264, "Arguments": [ "Arg1", "IN", "DWORD", "0x22e7c8", "0xfffffff6" ], "Timesptamp": "00000002.118553", "FunctionName": "GetStdHandle", "ModuleName": "kernel32.dll", "Return": "0x3", "Status": 0 }
{ "Address": "0xfa1d82", "Opcode": "ffd6", "Opcodesize": 2, "Mnemonic": "call esi", "PID": 1712, "TID": 264, "Arguments": [ "Arg1", "IN", "DWORD", "0x22e7c8", "0xfffffff5" ], "Timesptamp": "00000002.125134", "FunctionName": "GetStdHandle", "ModuleName": "kernel32.dll", "Return": "0x7", "Status": 0 }
{ "Address": "0xfa1d95", "Opcode": "ff152c10fa00", "Opcodesize": 6, "Mnemonic": "call dword ptr [0xfa102c]", "PID": 1712, "TID": 264, "Functionname": "GetConsoleMode", "Dllname": "kernel32.dll", "Status": 1 }
{ "Address": "0xfa1dae", "Opcode": "ff152810fa00", "Opcodesize": 6, "Mnemonic": "call dword ptr [0xfa1028]", "PID": 1712, "TID": 264, "Functionname": "SetConsoleMode", "Dllname": "kernel32.dll", "Status": 1 }
{ "Address": "0xfa1dbd", "Opcode": "ff152410fa00", "Opcodesize": 6, "Mnemonic": "call dword ptr [0xfa1024]", "PID": 1712, "TID": 264, "Functionname": "FlushConsoleInputBuffer", "Dllname": "kernel32.dll", "Status": 1 }
{ "Address": "0xfa1dd2", "Opcode": "ffd6", "Opcodesize": 2, "Mnemonic": "call esi", "PID": 1712, "TID": 264, "Arguments": [ ], "Timesptamp": "00000002.169605", "FunctionName": "__iob_func", "ModuleName": "msvcrt.dll", "Return": "0x76232900", "Status": 0 }
{ "Address": "0xfa3097", "Opcode": "ff156011fa00", "Opcodesize": 6, "Mnemonic": "call dword ptr [0xfa1160]", "PID": 1712, "TID": 264, "Arguments": [ "Arg1", "IN", "FILE*", "0x22e77c", "0x76232920" ], "Timesptamp": "00000002.180513", "FunctionName": "_fileno", "ModuleName": "msvcrt.dll", "Return": "0x1", "Status": 0 }
{ "Address": "0xfa30a5", "Opcode": "ffd6", "Opcodesize": 2, "Mnemonic": "call esi", "PID": 1712, "TID": 264, "Functionname": "_errno", "Dllname": "msvcrt.dll", "Status": 1 }
{ "Address": "0xfa30aa", "Opcode": "ff155c11fa00", "Opcodesize": 6, "Mnemonic": "call dword ptr [0xfa115c]", "PID": 1712, "TID": 264, "Functionname": "_get_osfhandle", "Dllname": "msvcrt.dll", "Status": 1 }
{ "Address": "0xfa30b9", "Opcode": "ffd6", "Opcodesize": 2, "Mnemonic": "call esi", "PID": 1712, "TID": 264, "Functionname": "_errno", "Dllname": "msvcrt.dll", "Status": 1 }
{ "Address": "0xfa30c1", "Opcode": "ff157c10fa00", "Opcodesize": 6, "Mnemonic": "call dword ptr [0xfa107c]", "PID": 1712, "TID": 264, "Arguments": [ "Arg1", "IN", "HANDLE", "0x22e77c", "0x7" ], "Timesptamp": "00000002.224183", "FunctionName": "GetFileType", "ModuleName": "kernel32.dll", "Return": "0x2", "Status": 0 }
{ "Address": "0xfa30e1", "Opcode": "ff153010fa00", "Opcodesize": 6, "Mnemonic": "call dword ptr [0xfa1030]", "PID": 1712, "TID": 264, "Arguments": [ "Arg1", "IN", "DWORD", "0x22e77c", "0xfffffff5" ], "Timesptamp": "00000002.235909", "FunctionName": "GetStdHandle", "ModuleName": "kernel32.dll", "Return": "0x7", "Status": 0 }
{ "Address": "0xfa30f5", "Opcode": "ff152c10fa00", "Opcodesize": 6, "Mnemonic": "call dword ptr [0xfa102c]", "PID": 1712, "TID": 264, "Functionname": "GetConsoleMode", "Dllname": "kernel32.dll", "Status": 1 }
{ "Address": "0xfa3a7f", "Opcode": "ffd6", "Opcodesize": 2, "Mnemonic": "call esi", "PID": 1712, "TID": 264, "Arguments": [ ], "Timesptamp": "00000002.257726", "FunctionName": "__iob_func", "ModuleName": "msvcrt.dll", "Return": "0x76232900", "Status": 0 }
{ "Address": "0xfa3a9d", "Opcode": "ff153010fa00", "Opcodesize": 6, "Mnemonic": "call dword ptr [0xfa1030]", "PID": 1712, "TID": 264, "Arguments": [ "Arg1", "IN", "DWORD", "0x22e798", "0xfffffff5" ], "Timesptamp": "00000002.268439", "FunctionName": "GetStdHandle", "ModuleName": "kernel32.dll", "Return": "0x7", "Status": 0 }
{ "Address": "0xfa314c", "Opcode": "ff157410fa00", "Opcodesize": 6, "Mnemonic": "call dword ptr [0xfa1074]", "PID": 1712, "TID": 264, "Arguments": [ "Arg1", "IN", "LPCWSTR", "0x22e788", "[]?" ], "Timesptamp": "00000002.279219", "FunctionName": "lstrlenW", "ModuleName": "kernel32.dll", "Return": "0x3", "Status": 0 }
{ "Address": "0xfa1de4", "Opcode": "ff152010fa00", "Opcodesize": 6, "Mnemonic": "call dword ptr [0xfa1020]", "PID": 1712, "TID": 264, "Functionname": "SetConsoleCtrlHandler", "Dllname": "kernel32.dll", "Status": 1 }
{ "Address": "0xfa1dfb", "Opcode": "ff151c10fa00", "Opcodesize": 6, "Mnemonic": "call dword ptr [0xfa101c]", "PID": 1712, "TID": 264, "Arguments": [ ], "Timesptamp": "00000002.314802", "FunctionName": "GetTickCount", "ModuleName": "kernel32.dll", "Return": "0x52bef", "Status": 0 }
