{ "Address": "0x402240", "Opcode": "ff1588604000", "Opcodesize": 6, "Mnemonic": "call dword ptr [0x406088]", "PID": 280, "TID": 1612, "Arguments": [ ], "Timesptamp": "00000000.205348", "FunctionName": "GetVersion", "ModuleName": "kernel32.dll", "Return": "0x1db10106", "Status": 0 }
{ "Address": "0x402cfb", "Opcode": "ff15bc604000", "Opcodesize": 6, "Mnemonic": "call dword ptr [0x4060bc]", "PID": 280, "TID": 1612, "Arguments": [ "Arg1", "IN", "DWORD", "0x18ff48", "0x1", "Arg2", "IN", "SIZE_T", "0x18ff4c", "0x1000", "Arg3", "IN", "SIZE_T", "0x18ff50", "0x0" ], "Timesptamp": "00000000.227567", "FunctionName": "HeapCreate", "ModuleName": "kernel32.dll", "Return": "0x590000", "Status": 0 }
{ "Address": "0x402d33", "Opcode": "ff15ac604000", "Opcodesize": 6, "Mnemonic": "call dword ptr [0x4060ac]", "PID": 280, "TID": 1612, "Arguments": [ "Arg1", "IN", "PVOID", "0x18ff44", "0x590000", "Arg2", "IN", "ULONG", "0x18ff48", "0x0", "Arg3", "IN", "SIZE_T", "0x18ff4c", "0x140" ], "Timesptamp": "00000000.238742", "FunctionName": "RtlAllocateHeap", "ModuleName": "ntdll.dll", "Return": "0x590578", "Status": 0 }
{ "Address": "0x40341f", "Opcode": "ff15ac604000", "Opcodesize": 6, "Mnemonic": "call dword ptr [0x4060ac]", "PID": 280, "TID": 1612, "Arguments": [ "Arg1", "IN", "PVOID", "0x18fea0", "0x590000", "Arg2", "IN", "ULONG", "0x18fea4", "0x8", "Arg3", "IN", "SIZE_T", "0x18fea8", "0x41c4" ], "Timesptamp": "00000000.249478", "FunctionName": "RtlAllocateHeap", "ModuleName": "ntdll.dll", "Return": "0x5906c0", "Status": 0 }
{ "Address": "0x403439", "Opcode": "ff15c4604000", "Opcodesize": 6, "Mnemonic": "call dword ptr [0x4060c4]", "PID": 280, "TID": 1612, "Arguments": [ "Arg1", "IN", "LPVOID", "0x18fe9c", "0x0", "Arg2", "IN", "SIZE_T", "0x18fea0", "0x100000", "Arg3", "IN", "DWORD", "0x18fea4", "0x2000", "Arg4", "IN", "DWORD", "0x18fea8", "0x4" ], "Timesptamp": "00000000.260472", "FunctionName": "VirtualAlloc", "ModuleName": "kernel32.dll", "Return": "0x1d00000", "Status": 0 }
{ "Address": "0x4034c5", "Opcode": "ff15c4604000", "Opcodesize": 6, "Mnemonic": "call dword ptr [0x4060c4]", "PID": 280, "TID": 1612, "Arguments": [ "Arg1", "IN", "LPVOID", "0x18fe8c", "0x1d00000", "Arg2", "IN", "SIZE_T", "0x18fe90", "0x8000", "Arg3", "IN", "DWORD", "0x18fe94", "0x1000", "Arg4", "IN", "DWORD", "0x18fe98", "0x4" ], "Timesptamp": "00000000.272861", "FunctionName": "VirtualAlloc", "ModuleName": "kernel32.dll", "Return": "0x1d00000", "Status": 0 }
{ "Address": "0x403c99", "Opcode": "ff15f4604000", "Opcodesize": 6, "Mnemonic": "call dword ptr [0x4060f4]", "PID": 280, "TID": 1612, "Arguments": [ "Arg1", "OUT", "LPSTARTUPINFOA", "0x18ff00", "0x18ff14" ], "Timesptamp": "00000000.284096", "FunctionName": "GetStartupInfoA", "ModuleName": "kernel32.dll", "Return": "0x18ff14", "Output1": { "field1": [ "0x18ff14", "0x44" ], "field2": [ "0x18ff18", "" ], "field3": [ "0x18ff1c", "winsta0\\default" ], "field4": [ "0x18ff20", "C:\\Users\\lhs\\Exec\\ctrl2cap.exe" ], "field5": [ "0x18ff24", "0x0" ], "field6": [ "0x18ff28", "0x0" ], "field7": [ "0x18ff2c", "0x0" ], "field8": [ "0x18ff30", "0x0" ], "field9": [ "0x18ff34", "0x0" ], "field10": [ "0x18ff38", "0x0" ], "field11": [ "0x18ff3c", "0x0" ], "field12": [ "0x18ff40", "0x1" ], "field13": [ "0x18ff44", "0x7" ], "field14": [ "0x18ff46", "0x0" ], "field15": [ "0x18ff48", "0x0" ], "field16": [ "0x18ff49", "0xff000000" ], "field17": [ "0x18ff4d", "0xffffffff" ], "field18": [ "0x18ff51", "0xffffffff" ] }, "Status": 0 }
{ "Address": "0x403d98", "Opcode": "ff15ec604000", "Opcodesize": 6, "Mnemonic": "call dword ptr [0x4060ec]", "PID": 280, "TID": 1612, "Arguments": [ "Arg1", "IN", "DWORD", "0x18ff00", "0xfffffff6" ], "Timesptamp": "00000000.294956", "FunctionName": "GetStdHandle", "ModuleName": "kernel32.dll", "Return": "0x3", "Status": 0 }
{ "Address": "0x403da6", "Opcode": "ff15f0604000", "Opcodesize": 6, "Mnemonic": "call dword ptr [0x4060f0]", "PID": 280, "TID": 1612, "Arguments": [ "Arg1", "IN", "HANDLE", "0x18ff00", "0x3" ], "Timesptamp": "00000000.305379", "FunctionName": "GetFileType", "ModuleName": "kernel32.dll", "Return": "0x2", "Status": 0 }
{ "Address": "0x403d98", "Opcode": "ff15ec604000", "Opcodesize": 6, "Mnemonic": "call dword ptr [0x4060ec]", "PID": 280, "TID": 1612, "Arguments": [ "Arg1", "IN", "DWORD", "0x18ff00", "0xfffffff5" ], "Timesptamp": "00000000.318593", "FunctionName": "GetStdHandle", "ModuleName": "kernel32.dll", "Return": "0x7", "Status": 0 }
{ "Address": "0x403da6", "Opcode": "ff15f0604000", "Opcodesize": 6, "Mnemonic": "call dword ptr [0x4060f0]", "PID": 280, "TID": 1612, "Arguments": [ "Arg1", "IN", "HANDLE", "0x18ff00", "0x7" ], "Timesptamp": "00000000.329329", "FunctionName": "GetFileType", "ModuleName": "kernel32.dll", "Return": "0x2", "Status": 0 }
{ "Address": "0x403d98", "Opcode": "ff15ec604000", "Opcodesize": 6, "Mnemonic": "call dword ptr [0x4060ec]", "PID": 280, "TID": 1612, "Arguments": [ "Arg1", "IN", "DWORD", "0x18ff00", "0xfffffff4" ], "Timesptamp": "00000000.341916", "FunctionName": "GetStdHandle", "ModuleName": "kernel32.dll", "Return": "0xb", "Status": 0 }
{ "Address": "0x403da6", "Opcode": "ff15f0604000", "Opcodesize": 6, "Mnemonic": "call dword ptr [0x4060f0]", "PID": 280, "TID": 1612, "Arguments": [ "Arg1", "IN", "HANDLE", "0x18ff00", "0xb" ], "Timesptamp": "00000000.352083", "FunctionName": "GetFileType", "ModuleName": "kernel32.dll", "Return": "0x2", "Status": 0 }
{ "Address": "0x403ddd", "Opcode": "ff15e8604000", "Opcodesize": 6, "Mnemonic": "call dword ptr [0x4060e8]", "PID": 280, "TID": 1612, "Arguments": [ "Arg1", "IN", "UINT", "0x18ff00", "0x20" ], "Timesptamp": "00000000.363608", "FunctionName": "SetHandleCount", "ModuleName": "kernel32.dll", "Return": "0x20", "Status": 0 }
{ "Address": "0x40228e", "Opcode": "ff15b4604000", "Opcodesize": 6, "Mnemonic": "call dword ptr [0x4060b4]", "PID": 280, "TID": 1612, "Arguments": [ ], "Timesptamp": "00000000.374204", "FunctionName": "GetCommandLineA", "ModuleName": "kernel32.dll", "Return": "\\Users\\lhs\\Exec\\ctrl2cap.exe ", "Status": 0 }
{ "Address": "0x403b29", "Opcode": "ffd5", "Opcodesize": 2, "Mnemonic": "call ebp", "PID": 280, "TID": 1612, "Arguments": [ ], "Timesptamp": "00000000.384770", "FunctionName": "GetEnvironmentStringsW", "ModuleName": "kernel32.dll", "Return": "=C:=C:\\Windows\\System32", "Status": 0 }
{ "Address": "0x403ba1", "Opcode": "ffd7", "Opcodesize": 2, "Mnemonic": "call edi", "PID": 280, "TID": 1612, "Arguments": [ "Arg1", "IN", "UINT", "0x18ff20", "0x0", "Arg2", "IN", "DWORD", "0x18ff24", "0x0", "Arg3", "IN", "LPCWCH", "0x18ff28", "=C:=C:\\Windows\\System32", "Arg4", "IN", "INT", "0x18ff2c", "0x4e6", "Arg5", "OUT", "ARRAY0", "0x18ff30", "0x0", "Arg6", "IN", "INT", "0x18ff34", "0x0", "Arg7", "IN", "DWORD", "0x18ff38", "0x0", "Arg8", "OUT", "LPBOOL", "0x18ff3c", "0x0" ], "Timesptamp": "00000000.396036", "FunctionName": "WideCharToMultiByte", "ModuleName": "kernel32.dll", "Return": "0x4e6", "Status": 0 }
{ "Address": "0x40214f", "Opcode": "ff15ac604000", "Opcodesize": 6, "Mnemonic": "call dword ptr [0x4060ac]", "PID": 280, "TID": 1612, "Arguments": [ "Arg1", "IN", "PVOID", "0x18ff14", "0x590000", "Arg2", "IN", "ULONG", "0x18ff18", "0x0", "Arg3", "IN", "SIZE_T", "0x18ff1c", "0x4f0" ], "Timesptamp": "00000000.406577", "FunctionName": "RtlAllocateHeap", "ModuleName": "ntdll.dll", "Return": "0x594890", "Status": 0 }
{ "Address": "0x403bc3", "Opcode": "ffd7", "Opcodesize": 2, "Mnemonic": "call edi", "PID": 280, "TID": 1612, "Arguments": [ "Arg1", "IN", "UINT", "0x18ff20", "0x0", "Arg2", "IN", "DWORD", "0x18ff24", "0x0", "Arg3", "IN", "LPCWCH", "0x18ff28", "=C:=C:\\Windows\\System32", "Arg4", "IN", "INT", "0x18ff2c", "0x4e6", "Arg5", "OUT", "ARRAY0", "0x18ff30", "0x594890", "Arg6", "IN", "INT", "0x18ff34", "0x4e6", "Arg7", "IN", "DWORD", "0x18ff38", "0x0", "Arg8", "OUT", "LPBOOL", "0x18ff3c", "0x0" ], "Timesptamp": "00000000.421350", "FunctionName": "WideCharToMultiByte", "ModuleName": "kernel32.dll", "Return": "0x4e6", "Output1": [ ], "Status": 0 }
{ "Address": "0x403bdc", "Opcode": "ff15d8604000", "Opcodesize": 6, "Mnemonic": "call dword ptr [0x4060d8]", "PID": 280, "TID": 1612, "Functionname": "FreeEnvironmentStringsW", "Dllname": "kernel32.dll", "Status": 1 }
{ "Address": "0x404bec", "Opcode": "e888010000", "Opcodesize": 5, "Mnemonic": "call 0x404d79", "PID": 280, "TID": 1612, "Arguments": [ ], "Timesptamp": "00000000.442966", "FunctionName": "GetACP", "ModuleName": "kernel32.dll", "Return": "0x4e4", "Status": 0 }
{ "Address": "0x404c28", "Opcode": "ff1558604000", "Opcodesize": 6, "Mnemonic": "call dword ptr [0x406058]", "PID": 280, "TID": 1612, "Arguments": [ "Arg1", "IN", "UINT", "0x18ff04", "0x4e4", "Arg2", "OUT", "LPCPINFO", "0x18ff08", "0x18ff18" ], "Timesptamp": "00000000.453520", "FunctionName": "GetCPInfo", "ModuleName": "kernel32.dll", "Return": "TRUE", "Output1": { "field1": [ "0x18ff18", "0x1" ], "field2": [ "0x18ff1c", "0x3f" ], "field3": [ "0x18ff20", "0x0" ] }, "Status": 0 }
{ "Address": "0x404e33", "Opcode": "ff1558604000", "Opcodesize": 6, "Mnemonic": "call dword ptr [0x406058]", "PID": 280, "TID": 1612, "Arguments": [ "Arg1", "IN", "UINT", "0x18f9e4", "0x4e4", "Arg2", "OUT", "LPCPINFO", "0x18f9e8", "0x18fef0" ], "Timesptamp": "00000000.463815", "FunctionName": "GetCPInfo", "ModuleName": "kernel32.dll", "Return": "TRUE", "Output1": { "field1": [ "0x18fef0", "0x1" ], "field2": [ "0x18fef4", "0x3f" ], "field3": [ "0x18fef8", "0x0" ] }, "Status": 0 }
{ "Address": "0x40593a", "Opcode": "ff1564604000", "Opcodesize": 6, "Mnemonic": "call dword ptr [0x406064]", "PID": 280, "TID": 1612, "Arguments": [ "Arg1", "IN", "DWORD", "0x18f984", "0x1", "Arg2", "IN", "LPCWCH", "NULL", "Arg3", "IN", "INT", "0x18f98c", "0x1", "Arg4", "OUT", "LPWORD", "0x18f990", "0x18f9ac" ], "Timesptamp": "00000000.477384", "FunctionName": "GetStringTypeW", "ModuleName": "kernel32.dll", "Return": "TRUE", "Output1": [ "0x18f9ac", "0x220" ], "Status": 0 }
{ "Address": "0x4059c0", "Opcode": "ff1544604000", "Opcodesize": 6, "Mnemonic": "call dword ptr [0x406044]", "PID": 280, "TID": 1612, "Arguments": [ "Arg1", "IN", "UINT", "0x18f97c", "0x4e4", "Arg2", "IN", "DWORD", "0x18f980", "0x1", "Arg3", "IN", "ARRAY0", "0x18f984", "ARRAY_0x100", "Arg4", "IN", "INT", "0x18f988", "0x100", "Arg5", "OUT", "LPWSTR", "0x18f98c", "0x0", "Arg6", "IN", "INT", "0x18f990", "0x0" ], "Timesptamp": "00000000.488190", "FunctionName": "MultiByteToWideChar", "ModuleName": "kernel32.dll", "Return": "0x100", "Status": 0 }
{ "Address": "0x405a16", "Opcode": "ff1544604000", "Opcodesize": 6, "Mnemonic": "call dword ptr [0x406044]", "PID": 280, "TID": 1612, "Arguments": [ "Arg1", "IN", "UINT", "0x18f77c", "0x4e4", "Arg2", "IN", "DWORD", "0x18f780", "0x1", "Arg3", "IN", "ARRAY0", "0x18f784", "ARRAY_0x100", "Arg4", "IN", "INT", "0x18f788", "0x100", "Arg5", "OUT", "LPWSTR", "0x18f78c", "0x18f794", "Arg6", "IN", "INT", "0x18f790", "0x100" ], "Timesptamp": "00000000.499879", "FunctionName": "MultiByteToWideChar", "ModuleName": "kernel32.dll", "Return": "0x100", "Output1": [ "0x18f794", " ............................... !\"#$%&'()*+,-.\/0123456789:;<=>?@ABCDEFGHIJKLMNOPQRSTUVWXYZ[\\]^_`abcdefghijklmnopqrstuvwxyz{|}~......& !.0`9R.}......\"...\"a:S.~x................................................................................................,B" ], "Status": 0 }
{ "Address": "0x405a28", "Opcode": "ff1564604000", "Opcodesize": 6, "Mnemonic": "call dword ptr [0x406064]", "PID": 280, "TID": 1612, "Arguments": [ "Arg1", "IN", "DWORD", "0x18f784", "0x1", "Arg2", "IN", "LPCWCH", "0x18f788", " ............................... !\"#$%&'()*+,-.\/0123456789:;<=>?@ABCDEFGHIJKLMNOPQRSTUVWXYZ[\\]^_`abcdefghijklmnopqrstuvwxyz{|}~......& !.0`9R.}......\"...\"a:S.~x................................................................................................,B", "Arg3", "IN", "INT", "0x18f78c", "0x100", "Arg4", "OUT", "LPWORD", "0x18f790", "0x18f9f0" ], "Timesptamp": "00000000.523457", "FunctionName": "GetStringTypeW", "ModuleName": "kernel32.dll", "Return": "TRUE", "Output1": [ "0x18f9f0", "0x248" ], "Status": 0 }
{ "Address": "0x4056ee", "Opcode": "ff155c604000", "Opcodesize": 6, "Mnemonic": "call dword ptr [0x40605c]", "PID": 280, "TID": 1612, "Arguments": [ "Arg1", "IN", "LCID", "0x18f958", "0x0", "Arg2", "IN", "DWORD", "0x18f95c", "0x100", "Arg3", "IN", "LPCWSTR", "NULL", "Arg4", "IN", "INT", "0x18f964", "0x1", "Arg5", "OUT", "LPCWSTR", "0x18f968", "0x0", "Arg6", "IN", "INT", "0x18f96c", "0x0" ], "Timesptamp": "00000000.534207", "FunctionName": "LCMapStringW", "ModuleName": "kernel32.dll", "Return": "0x1", "Status": 0 }
{ "Address": "0x40578b", "Opcode": "ff1544604000", "Opcodesize": 6, "Mnemonic": "call dword ptr [0x406044]", "PID": 280, "TID": 1612, "Arguments": [ "Arg1", "IN", "UINT", "0x18f958", "0x4e4", "Arg2", "IN", "DWORD", "0x18f95c", "0x1", "Arg3", "IN", "ARRAY0", "0x18f960", "ARRAY_0x100", "Arg4", "IN", "INT", "0x18f964", "0x100", "Arg5", "OUT", "LPWSTR", "0x18f968", "0x0", "Arg6", "IN", "INT", "0x18f96c", "0x0" ], "Timesptamp": "00000000.544788", "FunctionName": "MultiByteToWideChar", "ModuleName": "kernel32.dll", "Return": "0x100", "Status": 0 }
{ "Address": "0x4057e3", "Opcode": "ff1544604000", "Opcodesize": 6, "Mnemonic": "call dword ptr [0x406044]", "PID": 280, "TID": 1612, "Arguments": [ "Arg1", "IN", "UINT", "0x18f758", "0x4e4", "Arg2", "IN", "DWORD", "0x18f75c", "0x1", "Arg3", "IN", "ARRAY0", "0x18f760", "ARRAY_0x100", "Arg4", "IN", "INT", "0x18f764", "0x100", "Arg5", "OUT", "LPWSTR", "0x18f768", "0x18f770", "Arg6", "IN", "INT", "0x18f76c", "0x100" ], "Timesptamp": "00000000.556310", "FunctionName": "MultiByteToWideChar", "ModuleName": "kernel32.dll", "Return": "0x100", "Output1": [ "0x18f770", " ............................... !\"#$%&'()*+,-.\/0123456789:;<=>?@ABCDEFGHIJKLMNOPQRSTUVWXYZ[\\]^_`abcdefghijklmnopqrstuvwxyz{|}~......& !.0`9R.}......\"...\"a:S.~x................................................................................................,B" ], "Status": 0 }
{ "Address": "0x4057f9", "Opcode": "ff155c604000", "Opcodesize": 6, "Mnemonic": "call dword ptr [0x40605c]", "PID": 280, "TID": 1612, "Arguments": [ "Arg1", "IN", "LCID", "0x18f758", "0x0", "Arg2", "IN", "DWORD", "0x18f75c", "0x100", "Arg3", "IN", "LPCWSTR", "0x18f760", " ............................... !\"#$%&'()*+,-.\/0123456789:;<=>?@ABCDEFGHIJKLMNOPQRSTUVWXYZ[\\]^_`abcdefghijklmnopqrstuvwxyz{|}~......& !.0`9R.}......\"...\"a:S.~x................................................................................................,B", "Arg4", "IN", "INT", "0x18f764", "0x100", "Arg5", "OUT", "LPCWSTR", "0x18f768", "0x0", "Arg6", "IN", "INT", "0x18f76c", "0x0" ], "Timesptamp": "00000000.569627", "FunctionName": "LCMapStringW", "ModuleName": "kernel32.dll", "Return": "0x100", "Status": 0 }
{ "Address": "0x405894", "Opcode": "ff155c604000", "Opcodesize": 6, "Mnemonic": "call dword ptr [0x40605c]", "PID": 280, "TID": 1612, "Arguments": [ "Arg1", "IN", "LCID", "0x18f558", "0x0", "Arg2", "IN", "DWORD", "0x18f55c", "0x100", "Arg3", "IN", "LPCWSTR", "0x18f560", " ............................... !\"#$%&'()*+,-.\/0123456789:;<=>?@ABCDEFGHIJKLMNOPQRSTUVWXYZ[\\]^_`abcdefghijklmnopqrstuvwxyz{|}~......& !.0`9R.}......\"...\"a:S.~x................................................................................................,B", "Arg4", "IN", "INT", "0x18f564", "0x100", "Arg5", "OUT", "LPCWSTR", "0x18f568", "0x18f570", "Arg6", "IN", "INT", "0x18f56c", "0x100" ], "Timesptamp": "00000000.580208", "FunctionName": "LCMapStringW", "ModuleName": "kernel32.dll", "Return": "0x100", "Output1": [ "0x18f570", " ............................... !\"#$%&'()*+,-.\/0123456789:;<=>?@abcdefghijklmnopqrstuvwxyz[\\]^_`abcdefghijklmnopqrstuvwxyz{|}~......& !.0a9S.~......\"...\"a:S.~................................................................................................. ............................... !\"#$%&'()*+,-.\/0123456789:;<=>?@ABCDEFGHIJKLMNOPQRSTUVWXYZ[\\]^_`abcdefghijklmnopqrstuvwxyz{|}~......& !.0`9R.}......\"...\"a:S.~x................................................................................................" ], "Status": 0 }
{ "Address": "0x4058b9", "Opcode": "ff15dc604000", "Opcodesize": 6, "Mnemonic": "call dword ptr [0x4060dc]", "PID": 280, "TID": 1612, "Arguments": [ "Arg1", "IN", "UINT", "0x18f550", "0x4e4", "Arg2", "IN", "DWORD", "0x18f554", "0x220", "Arg3", "IN", "LPCWCH", "0x18f558", " ............................... !\"#$%&'()*+,-.\/0123456789:;<=>?@abcdefghijklmnopqrstuvwxyz[\\]^_`abcdefghijklmnopqrstuvwxyz{|}~......& !.0a9S.~......\"...\"a:S.~................................................................................................. ............................... !\"#$%&'()*+,-.\/0123456789:;<=>?@ABCDEFGHIJKLMNOPQRSTUVWXYZ[\\]^_`abcdefghijklmnopqrstuvwxyz{|}~......& !.0`9R.}......\"...\"a:S.~x................................................................................................", "Arg4", "IN", "INT", "0x18f55c", "0x100", "Arg5", "OUT", "ARRAY0", "0x18f560", "0x18fcf0", "Arg6", "IN", "INT", "0x18f564", "0x100", "Arg7", "IN", "DWORD", "0x18f568", "0x0", "Arg8", "OUT", "LPBOOL", "0x18f56c", "0x0" ], "Timesptamp": "00000000.590929", "FunctionName": "WideCharToMultiByte", "ModuleName": "kernel32.dll", "Return": "0x100", "Output1": [ ], "Status": 0 }
{ "Address": "0x40578b", "Opcode": "ff1544604000", "Opcodesize": 6, "Mnemonic": "call dword ptr [0x406044]", "PID": 280, "TID": 1612, "Arguments": [ "Arg1", "IN", "UINT", "0x18f938", "0x4e4", "Arg2", "IN", "DWORD", "0x18f93c", "0x1", "Arg3", "IN", "ARRAY0", "0x18f940", "ARRAY_0x100", "Arg4", "IN", "INT", "0x18f944", "0x100", "Arg5", "OUT", "LPWSTR", "0x18f948", "0x0", "Arg6", "IN", "INT", "0x18f94c", "0x0" ], "Timesptamp": "00000000.601630", "FunctionName": "MultiByteToWideChar", "ModuleName": "kernel32.dll", "Return": "0x100", "Status": 0 }
{ "Address": "0x4057e3", "Opcode": "ff1544604000", "Opcodesize": 6, "Mnemonic": "call dword ptr [0x406044]", "PID": 280, "TID": 1612, "Arguments": [ "Arg1", "IN", "UINT", "0x18f738", "0x4e4", "Arg2", "IN", "DWORD", "0x18f73c", "0x1", "Arg3", "IN", "ARRAY0", "0x18f740", "ARRAY_0x100", "Arg4", "IN", "INT", "0x18f744", "0x100", "Arg5", "OUT", "LPWSTR", "0x18f748", "0x18f750", "Arg6", "IN", "INT", "0x18f74c", "0x100" ], "Timesptamp": "00000000.614834", "FunctionName": "MultiByteToWideChar", "ModuleName": "kernel32.dll", "Return": "0x100", "Output1": [ "0x18f750", " ............................... !\"#$%&'()*+,-.\/0123456789:;<=>?@ABCDEFGHIJKLMNOPQRSTUVWXYZ[\\]^_`abcdefghijklmnopqrstuvwxyz{|}~......& !.0`9R.}......\"...\"a:S.~x................................................................................................,B" ], "Status": 0 }
{ "Address": "0x4057f9", "Opcode": "ff155c604000", "Opcodesize": 6, "Mnemonic": "call dword ptr [0x40605c]", "PID": 280, "TID": 1612, "Arguments": [ "Arg1", "IN", "LCID", "0x18f738", "0x0", "Arg2", "IN", "DWORD", "0x18f73c", "0x200", "Arg3", "IN", "LPCWSTR", "0x18f740", " ............................... !\"#$%&'()*+,-.\/0123456789:;<=>?@ABCDEFGHIJKLMNOPQRSTUVWXYZ[\\]^_`abcdefghijklmnopqrstuvwxyz{|}~......& !.0`9R.}......\"...\"a:S.~x................................................................................................,B", "Arg4", "IN", "INT", "0x18f744", "0x100", "Arg5", "OUT", "LPCWSTR", "0x18f748", "0x0", "Arg6", "IN", "INT", "0x18f74c", "0x0" ], "Timesptamp": "00000000.626625", "FunctionName": "LCMapStringW", "ModuleName": "kernel32.dll", "Return": "0x100", "Status": 0 }
{ "Address": "0x405894", "Opcode": "ff155c604000", "Opcodesize": 6, "Mnemonic": "call dword ptr [0x40605c]", "PID": 280, "TID": 1612, "Arguments": [ "Arg1", "IN", "LCID", "0x18f538", "0x0", "Arg2", "IN", "DWORD", "0x18f53c", "0x200", "Arg3", "IN", "LPCWSTR", "0x18f540", " ............................... !\"#$%&'()*+,-.\/0123456789:;<=>?@ABCDEFGHIJKLMNOPQRSTUVWXYZ[\\]^_`abcdefghijklmnopqrstuvwxyz{|}~......& !.0`9R.}......\"...\"a:S.~x................................................................................................,B", "Arg4", "IN", "INT", "0x18f544", "0x100", "Arg5", "OUT", "LPCWSTR", "0x18f548", "0x18f550", "Arg6", "IN", "INT", "0x18f54c", "0x100" ], "Timesptamp": "00000000.637229", "FunctionName": "LCMapStringW", "ModuleName": "kernel32.dll", "Return": "0x100", "Output1": [ "0x18f550", " ............................... !\"#$%&'()*+,-.\/0123456789:;<=>?@ABCDEFGHIJKLMNOPQRSTUVWXYZ[\\]^_`ABCDEFGHIJKLMNOPQRSTUVWXYZ{|}~......& !.0`9R.}......\"...\"`:R.}x...............................................................................................x ............................... !\"#$%&'()*+,-.\/0123456789:;<=>?@ABCDEFGHIJKLMNOPQRSTUVWXYZ[\\]^_`abcdefghijklmnopqrstuvwxyz{|}~......& !.0`9R.}......\"...\"a:S.~x................................................................................................" ], "Status": 0 }
{ "Address": "0x4058b9", "Opcode": "ff15dc604000", "Opcodesize": 6, "Mnemonic": "call dword ptr [0x4060dc]", "PID": 280, "TID": 1612, "Arguments": [ "Arg1", "IN", "UINT", "0x18f530", "0x4e4", "Arg2", "IN", "DWORD", "0x18f534", "0x220", "Arg3", "IN", "LPCWCH", "0x18f538", " ............................... !\"#$%&'()*+,-.\/0123456789:;<=>?@ABCDEFGHIJKLMNOPQRSTUVWXYZ[\\]^_`ABCDEFGHIJKLMNOPQRSTUVWXYZ{|}~......& !.0`9R.}......\"...\"`:R.}x...............................................................................................x ............................... !\"#$%&'()*+,-.\/0123456789:;<=>?@ABCDEFGHIJKLMNOPQRSTUVWXYZ[\\]^_`abcdefghijklmnopqrstuvwxyz{|}~......& !.0`9R.}......\"...\"a:S.~x................................................................................................", "Arg4", "IN", "INT", "0x18f53c", "0x100", "Arg5", "OUT", "ARRAY0", "0x18f540", "0x18fbf0", "Arg6", "IN", "INT", "0x18f544", "0x100", "Arg7", "IN", "DWORD", "0x18f548", "0x0", "Arg8", "OUT", "LPBOOL", "0x18f54c", "0x0" ], "Timesptamp": "00000000.647654", "FunctionName": "WideCharToMultiByte", "ModuleName": "kernel32.dll", "Return": "0x100", "Output1": [ ], "Status": 0 }
{ "Address": "0x4038e4", "Opcode": "ff15d0604000", "Opcodesize": 6, "Mnemonic": "call dword ptr [0x4060d0]", "PID": 280, "TID": 1612, "Arguments": [ "Arg1", "IN", "HMODULE", "0x18ff34", "0x0", "Arg2", "OUT", "LPTSTR", "0x18ff38", "0x4221d0", "Arg3", "IN", "DWORD", "0x18ff3c", "0x104" ], "Timesptamp": "00000000.666301", "FunctionName": "GetModuleFileNameA", "ModuleName": "kernel32.dll", "Return": "0x1e", "Output1": [ "0x4221d0", "C:\\Users\\lhs\\Exec\\ctrl2cap.exe" ], "Status": 0 }
{ "Address": "0x4021d0", "Opcode": "ff15b0604000", "Opcodesize": 6, "Mnemonic": "call dword ptr [0x4060b0]", "PID": 280, "TID": 1612, "Functionname": "HeapFree", "Dllname": "kernel32.dll", "Status": 1 }
{ "Address": "0x40449a", "Opcode": "ff15ac604000", "Opcodesize": 6, "Mnemonic": "call dword ptr [0x4060ac]", "PID": 280, "TID": 1612, "Arguments": [ "Arg1", "IN", "PVOID", "0x18ff1c", "0x590000", "Arg2", "IN", "ULONG", "0x18ff20", "0x8", "Arg3", "IN", "SIZE_T", "0x18ff24", "0x800" ], "Timesptamp": "00000000.687795", "FunctionName": "RtlAllocateHeap", "ModuleName": "ntdll.dll", "Return": "0x594890", "Status": 0 }
{ "Address": "0x40214f", "Opcode": "ff15ac604000", "Opcodesize": 6, "Mnemonic": "call dword ptr [0x4060ac]", "PID": 280, "TID": 1612, "Arguments": [ "Arg1", "IN", "PVOID", "0x18fddc", "0x590000", "Arg2", "IN", "ULONG", "0x18fde0", "0x0", "Arg3", "IN", "SIZE_T", "0x18fde4", "0x1000" ], "Timesptamp": "00000000.698573", "FunctionName": "RtlAllocateHeap", "ModuleName": "ntdll.dll", "Return": "0x595098", "Status": 0 }
{ "Address": "0x4049d7", "Opcode": "ff1578604000", "Opcodesize": 6, "Mnemonic": "call dword ptr [0x406078]", "PID": 280, "TID": 1612, "Arguments": [ "Arg1", "IN", "HANDLE", "0x18f9a0", "0x7", "Arg2", "IN", "ARRAY0", "0x18f9a4", "ARRAY_0x20", "Arg3", "IN", "DWORD", "0x18f9a8", "0x20", "Arg4", "OUT", "LPDWORD", "0x18f9ac", "0x18fdc8", "Arg5", "OUT", "LPOVERLAPPED", "0x18f9b0", "0x0" ], "Timesptamp": "00000000.709612", "FunctionName": "WriteFile", "ModuleName": "kernel32.dll", "Return": "TRUE", "Output1": [ "0x18fdc8", "0x20" ], "Status": 0 }
{ "Address": "0x4049d7", "Opcode": "ff1578604000", "Opcodesize": 6, "Mnemonic": "call dword ptr [0x406078]", "PID": 280, "TID": 1612, "Arguments": [ "Arg1", "IN", "HANDLE", "0x18f99c", "0x7", "Arg2", "IN", "ARRAY0", "0x18f9a0", "ARRAY_0x2a", "Arg3", "IN", "DWORD", "0x18f9a4", "0x2a", "Arg4", "OUT", "LPDWORD", "0x18f9a8", "0x18fdc4", "Arg5", "OUT", "LPOVERLAPPED", "0x18f9ac", "0x0" ], "Timesptamp": "00000000.718764", "FunctionName": "WriteFile", "ModuleName": "kernel32.dll", "Return": "TRUE", "Output1": [ "0x18fdc4", "0x2a" ], "Status": 0 }
{ "Address": "0x4049d7", "Opcode": "ff1578604000", "Opcodesize": 6, "Mnemonic": "call dword ptr [0x406078]", "PID": 280, "TID": 1612, "Arguments": [ "Arg1", "IN", "HANDLE", "0x18f998", "0x7", "Arg2", "IN", "ARRAY0", "0x18f99c", "ARRAY_0x27", "Arg3", "IN", "DWORD", "0x18f9a0", "0x27", "Arg4", "OUT", "LPDWORD", "0x18f9a4", "0x18fdc0", "Arg5", "OUT", "LPOVERLAPPED", "0x18f9a8", "0x0" ], "Timesptamp": "00000000.727608", "FunctionName": "WriteFile", "ModuleName": "kernel32.dll", "Return": "TRUE", "Output1": [ "0x18fdc0", "0x27" ], "Status": 0 }
{ "Address": "0x40197a", "Opcode": "ff1504604000", "Opcodesize": 6, "Mnemonic": "call dword ptr [0x406004]", "PID": 280, "TID": 1612, "Arguments": [ "Arg1", "IN", "HKEY", "0x18fcfc", "0x80000001", "Arg2", "IN", "LPCTSTR", "0x18fd00", "Software\\Sysinternals\\Ctrl2cap", "Arg3", "OUT", "PHKEY", "0x18fd04", "0x18fd10" ], "Timesptamp": "00000000.736983", "FunctionName": "RegCreateKeyA", "ModuleName": "advapi32.dll", "Return": "0x0", "Output1": [ "0x18fd10", "0x90" ], "Status": 0 }
{ "Address": "0x4019a2", "Opcode": "ff1508604000", "Opcodesize": 6, "Mnemonic": "call dword ptr [0x406008]", "PID": 280, "TID": 1612, "Arguments": [ "Arg1", "IN", "HKEY", "0x18fcf0", "0x90", "Arg2", "IN", "LPCTSTR", "0x18fcf4", "EulaAccepted", "Arg3", "IN", "LPDWORD", "0x18fcf8", "0x0", "Arg4", "OUT", "LPDWORD", "0x18fcfc", "0x0", "Arg5", "OUT", "BUFFER3", "0x18fd00", "0x18fd0c", "Arg6", "OUT", "LPDWORD", "0x18fd04", "0x18fd14" ], "Timesptamp": "00000000.752780", "FunctionName": "RegQueryValueExA", "ModuleName": "advapi32.dll", "Return": "0x2", "Output1": [ ], "Output2": [ "0x18fd14", "0x4" ], "Status": 0 }
{ "Address": "0x4019bb", "Opcode": "ff1568604000", "Opcodesize": 6, "Mnemonic": "call dword ptr [0x406068]", "PID": 280, "TID": 1612, "Arguments": [ "Arg1", "IN", "UINT", "0x18fcf8", "0x40", "Arg2", "IN", "SIZE_T", "0x18fcfc", "0x3e8" ], "Timesptamp": "00000000.759367", "FunctionName": "LocalAlloc", "ModuleName": "kernel32.dll", "Return": "0x2e4ad0", "Status": 0 }
{ "Address": "0x4019cb", "Opcode": "ff157c604000", "Opcodesize": 6, "Mnemonic": "call dword ptr [0x40607c]", "PID": 280, "TID": 1612, "Arguments": [ "Arg1", "IN", "LPCTSTR", "0x18fcfc", "Riched32.dll" ], "Timesptamp": "00000000.769038", "FunctionName": "LoadLibraryA", "ModuleName": "kernel32.dll", "Return": "0x74260000", "Status": 0 }
{ "Address": "0x401b79", "Opcode": "ff1504614000", "Opcodesize": 6, "Mnemonic": "call dword ptr [0x406104]", "PID": 280, "TID": 1612, "Functionname": "DialogBoxIndirectParamA", "Dllname": "user32.dll", "Status": 1 }
{ "Address": "0x40214f", "Opcode": "ff15ac604000", "Opcodesize": 6, "Mnemonic": "call dword ptr [0x4060ac]", "PID": 280, "TID": 1612, "Arguments": [ "Arg1", "IN", "PVOID", "0x18f834", "0x590000", "Arg2", "IN", "ULONG", "0x18f838", "0x0", "Arg3", "IN", "SIZE_T", "0x18f83c", "0x1ad10" ], "Timesptamp": "00000001.230824", "FunctionName": "RtlAllocateHeap", "ModuleName": "ntdll.dll", "Return": "0x2720048", "Status": 0 }
{ "Address": "0x401cf2", "Opcode": "ff1520614000", "Opcodesize": 6, "Mnemonic": "call dword ptr [0x406120]", "PID": 280, "TID": 1612, "Functionname": "SetWindowTextA", "Dllname": "user32.dll", "Status": 1 }
{ "Address": "0x401d10", "Opcode": "ffd3", "Opcodesize": 2, "Mnemonic": "call ebx", "PID": 280, "TID": 1612, "Functionname": "GetDlgItem", "Dllname": "user32.dll", "Status": 1 }
{ "Address": "0x401d19", "Opcode": "ffd5", "Opcodesize": 2, "Mnemonic": "call ebp", "PID": 280, "TID": 1612, "Arguments": [ "Arg1", "IN", "HWND", "0x18f868", "0x1015a", "Arg2", "IN", "UINT", "0x18f86c", "0x435", "Arg3", "IN", "WPARAM", "0x18f870", "0x0", "Arg4", "IN", "LPARAM", "0x18f874", "0x100000" ], "Timesptamp": "00000001.308466", "FunctionName": "SendMessageA", "ModuleName": "user32.dll", "Return": "0x0", "Status": 0 }
{ "Address": "0x401d2d", "Opcode": "ffd3", "Opcodesize": 2, "Mnemonic": "call ebx", "PID": 280, "TID": 1612, "Functionname": "GetDlgItem", "Dllname": "user32.dll", "Status": 1 }
{ "Address": "0x401d30", "Opcode": "ffd5", "Opcodesize": 2, "Mnemonic": "call ebp", "PID": 280, "TID": 1612, "Arguments": [ "Arg1", "IN", "HWND", "0x18f868", "0x1015a", "Arg2", "IN", "UINT", "0x18f86c", "0x449", "Arg3", "IN", "WPARAM", "0x18f870", "0x2", "Arg4", "IN", "LPARAM", "0x18f874", "0x18f88c" ], "Timesptamp": "00000001.338486", "FunctionName": "SendMessageA", "ModuleName": "user32.dll", "Return": "0x18f88c", "Status": 0 }
{ "Address": "0x4021d0", "Opcode": "ff15b0604000", "Opcodesize": 6, "Mnemonic": "call dword ptr [0x4060b0]", "PID": 280, "TID": 1612, "Functionname": "HeapFree", "Dllname": "kernel32.dll", "Status": 1 }
