{ "Address": "0x4051c5", "Opcode": "ff1590104000", "Opcodesize": 6, "Mnemonic": "call dword ptr [0x401090]", "PID": 264, "TID": 1768, "Arguments": [ "Arg1", "OUT", "LPFILETIME", "0x18ff64", "0x18ff7c" ], "Timesptamp": "00000000.310445", "FunctionName": "GetSystemTimeAsFileTime", "ModuleName": "kernel32.dll", "Return": "0x1daddab", "Output1": { "field1": [ "0x18ff7c", "0xcb3141c0" ], "field2": [ "0x18ff80", "0x1daddab" ] }, "Status": 0 }
{ "Address": "0x4051d1", "Opcode": "ff1550104000", "Opcodesize": 6, "Mnemonic": "call dword ptr [0x401050]", "PID": 264, "TID": 1768, "Arguments": [ ], "Timesptamp": "00000000.319649", "FunctionName": "GetCurrentProcessId", "ModuleName": "kernel32.dll", "Return": "0x108", "Status": 0 }
{ "Address": "0x4051d9", "Opcode": "ff1518104000", "Opcodesize": 6, "Mnemonic": "call dword ptr [0x401018]", "PID": 264, "TID": 1768, "Arguments": [ ], "Timesptamp": "00000000.327749", "FunctionName": "GetCurrentThreadId", "ModuleName": "kernel32.dll", "Return": "0x6e8", "Status": 0 }
{ "Address": "0x4051e1", "Opcode": "ff151c104000", "Opcodesize": 6, "Mnemonic": "call dword ptr [0x40101c]", "PID": 264, "TID": 1768, "Arguments": [ ], "Timesptamp": "00000000.335649", "FunctionName": "GetTickCount", "ModuleName": "kernel32.dll", "Return": "0x5208a", "Status": 0 }
{ "Address": "0x4051ed", "Opcode": "ff1520104000", "Opcodesize": 6, "Mnemonic": "call dword ptr [0x401020]", "PID": 264, "TID": 1768, "Arguments": [ "Arg1", "OUT", "LARGE_INTEGER*", "0x18ff64", "0x18ff74" ], "Timesptamp": "00000000.342945", "FunctionName": "QueryPerformanceCounter", "ModuleName": "kernel32.dll", "Return": "TRUE", "Output1": { "field1": [ "0x18ff74", "0xf24b5a39" ], "field2": [ "0x18ff78", "0x5" ], "field3": [ "0x18ff7c", "0x1daddabcb3141c0" ] }, "Status": 0 }
{ "Address": "0x404b32", "Opcode": "ff1528104000", "Opcodesize": 6, "Mnemonic": "call dword ptr [0x401028]", "PID": 264, "TID": 1768, "Functionname": "InterlockedCompareExchange", "Dllname": "kernel32.dll", "Status": 1 }
{ "Address": "0x404b84", "Opcode": "e859050000", "Opcodesize": 5, "Mnemonic": "call 0x4050e2", "PID": 264, "TID": 1768, "Functionname": "_initterm_e", "Dllname": "msvcr80.dll", "Status": 1 }
{ "Address": "0x404cee", "Opcode": "ff15f4104000", "Opcodesize": 6, "Mnemonic": "call dword ptr [0x4010f4]", "PID": 264, "TID": 1768, "Arguments": [ "Arg1", "IN", "INT", "0x18ff40", "0x1" ], "Timesptamp": "00000000.366487", "FunctionName": "__set_app_type", "ModuleName": "msvcr80.dll", "Functionname": "_encode_pointer", "Dllname": "msvcr80.dll", "Status": 1 }
{ "Address": "0x404d00", "Opcode": "ff15f0104000", "Opcodesize": 6, "Mnemonic": "call dword ptr [0x4010f0]", "PID": 264, "TID": 1768, "Arguments": [ ], "Timesptamp": "00000000.381725", "FunctionName": "__p__fmode", "ModuleName": "msvcr80.dll", "Return": "0x73ed4008", "Status": 0 }
{ "Address": "0x404d0e", "Opcode": "ff15ec104000", "Opcodesize": 6, "Mnemonic": "call dword ptr [0x4010ec]", "PID": 264, "TID": 1768, "Arguments": [ ], "Timesptamp": "00000000.389070", "FunctionName": "__p__commode", "ModuleName": "msvcr80.dll", "Return": "0x73ed43e8", "Status": 0 }
{ "Address": "0x405172", "Opcode": "e8d5010000", "Opcodesize": 5, "Mnemonic": "call 0x40534c", "PID": 264, "TID": 1768, "Functionname": "_controlfp_s", "Dllname": "msvcr80.dll", "Status": 1 }
{ "Address": "0x404e86", "Opcode": "ff1524104000", "Opcodesize": 6, "Mnemonic": "call dword ptr [0x401024]", "PID": 264, "TID": 1768, "Arguments": [ "Arg1", "IN", "DWORD", "0x18ff40", "0x404e44" ], "Timesptamp": "00000000.425326", "FunctionName": "SetUnhandledExceptionFilter", "ModuleName": "kernel32.dll", "Return": "0x0", "Status": 0 }
{ "Address": "0x404bb9", "Opcode": "e81e050000", "Opcodesize": 5, "Mnemonic": "call 0x4050dc", "PID": 264, "TID": 1768, "Functionname": "_initterm", "Dllname": "msvcr80.dll", "Status": 1 }
{ "Address": "0x404eae", "Opcode": "ffd6", "Opcodesize": 2, "Mnemonic": "call esi", "PID": 264, "TID": 1768, "Functionname": "_decode_pointer", "Dllname": "msvcr80.dll", "Status": 1 }
{ "Address": "0x404ebc", "Opcode": "ff150c114000", "Opcodesize": 6, "Mnemonic": "call dword ptr [0x40110c]", "PID": 264, "TID": 1768, "Functionname": "_onexit", "Dllname": "msvcr80.dll", "Status": 1 }
{ "Address": "0x404af2", "Opcode": "ff15c4104000", "Opcodesize": 6, "Mnemonic": "call dword ptr [0x4010c4]", "PID": 264, "TID": 1768, "Functionname": "__wgetmainargs", "Dllname": "msvcr80.dll", "Status": 1 }
{ "Address": "0x404bb9", "Opcode": "e81e050000", "Opcodesize": 5, "Mnemonic": "call 0x4050dc", "PID": 264, "TID": 1768, "Functionname": "_initterm", "Dllname": "msvcr80.dll", "Status": 1 }
{ "Address": "0x404bd1", "Opcode": "ff1530104000", "Opcodesize": 6, "Mnemonic": "call dword ptr [0x401030]", "PID": 264, "TID": 1768, "Functionname": "InterlockedExchange", "Dllname": "kernel32.dll", "Status": 1 }
{ "Address": "0x404053", "Opcode": "ff1544104000", "Opcodesize": 6, "Mnemonic": "call dword ptr [0x401044]", "PID": 264, "TID": 1768, "Arguments": [ "Arg1", "IN", "UINT", "0x18f300", "0x1" ], "Timesptamp": "00000000.514029", "FunctionName": "SetErrorMode", "ModuleName": "kernel32.dll", "Return": "0x1", "Status": 0 }
{ "Address": "0x404060", "Opcode": "ff153c114000", "Opcodesize": 6, "Mnemonic": "call dword ptr [0x40113c]", "PID": 264, "TID": 1768, "Functionname": "setlocale", "Dllname": "msvcr80.dll", "Status": 1 }
{ "Address": "0x40490d", "Opcode": "ffd6", "Opcodesize": 2, "Mnemonic": "call esi", "PID": 264, "TID": 1768, "Arguments": [ ], "Timesptamp": "00000000.550703", "FunctionName": "__iob_func", "ModuleName": "msvcr80.dll", "Return": "0x73ed1b78", "Status": 0 }
{ "Address": "0x4048cb", "Opcode": "ff15a4114000", "Opcodesize": 6, "Mnemonic": "call dword ptr [0x4011a4]", "PID": 264, "TID": 1768, "Arguments": [ "Arg1", "IN", "FILE*", "0x18f2e8", "0x73ed1bb8" ], "Timesptamp": "00000000.559395", "FunctionName": "_fileno", "ModuleName": "msvcr80.dll", "Return": "0x2", "Status": 0 }
{ "Address": "0x4048d2", "Opcode": "ff15a8114000", "Opcodesize": 6, "Mnemonic": "call dword ptr [0x4011a8]", "PID": 264, "TID": 1768, "Functionname": "_get_osfhandle", "Dllname": "msvcr80.dll", "Status": 1 }
{ "Address": "0x4048dd", "Opcode": "ff153c104000", "Opcodesize": 6, "Mnemonic": "call dword ptr [0x40103c]", "PID": 264, "TID": 1768, "Arguments": [ "Arg1", "IN", "HANDLE", "0x18f2e8", "0xb" ], "Timesptamp": "00000000.573962", "FunctionName": "GetFileType", "ModuleName": "kernel32.dll", "Return": "0x2", "Status": 0 }
{ "Address": "0x4048f6", "Opcode": "ff1540104000", "Opcodesize": 6, "Mnemonic": "call dword ptr [0x401040]", "PID": 264, "TID": 1768, "Functionname": "GetConsoleMode", "Dllname": "kernel32.dll", "Status": 1 }
{ "Address": "0x404923", "Opcode": "ffd6", "Opcodesize": 2, "Mnemonic": "call esi", "PID": 264, "TID": 1768, "Arguments": [ ], "Timesptamp": "00000000.601035", "FunctionName": "__iob_func", "ModuleName": "msvcr80.dll", "Return": "0x73ed1b78", "Status": 0 }
{ "Address": "0x4048cb", "Opcode": "ff15a4114000", "Opcodesize": 6, "Mnemonic": "call dword ptr [0x4011a4]", "PID": 264, "TID": 1768, "Arguments": [ "Arg1", "IN", "FILE*", "0x18f2e8", "0x73ed1b98" ], "Timesptamp": "00000000.607724", "FunctionName": "_fileno", "ModuleName": "msvcr80.dll", "Return": "0x1", "Status": 0 }
{ "Address": "0x4048d2", "Opcode": "ff15a8114000", "Opcodesize": 6, "Mnemonic": "call dword ptr [0x4011a8]", "PID": 264, "TID": 1768, "Functionname": "_get_osfhandle", "Dllname": "msvcr80.dll", "Status": 1 }
{ "Address": "0x4048dd", "Opcode": "ff153c104000", "Opcodesize": 6, "Mnemonic": "call dword ptr [0x40103c]", "PID": 264, "TID": 1768, "Arguments": [ "Arg1", "IN", "HANDLE", "0x18f2e8", "0x7" ], "Timesptamp": "00000000.623144", "FunctionName": "GetFileType", "ModuleName": "kernel32.dll", "Return": "0x2", "Status": 0 }
{ "Address": "0x4048f6", "Opcode": "ff1540104000", "Opcodesize": 6, "Mnemonic": "call dword ptr [0x401040]", "PID": 264, "TID": 1768, "Functionname": "GetConsoleMode", "Dllname": "kernel32.dll", "Status": 1 }
{ "Address": "0x4029f2", "Opcode": "ff1554104000", "Opcodesize": 6, "Mnemonic": "call dword ptr [0x401054]", "PID": 264, "TID": 1768, "Arguments": [ "Arg1", "IN", "HMODULE", "0x18efc4", "0x0", "Arg2", "OUT", "LPTSTR", "0x18efc8", "0x18f0d8", "Arg3", "IN", "DWORD", "0x18efcc", "0x104" ], "Timesptamp": "00000000.639587", "FunctionName": "GetModuleFileNameA", "ModuleName": "kernel32.dll", "Return": "0x1c", "Output1": [ "0x18f0d8", "C:\\Users\\lhs\\Exec\\cvtres.exe" ], "Status": 0 }
{ "Address": "0x401870", "Opcode": "e805350000", "Opcodesize": 5, "Mnemonic": "call 0x404d7a", "PID": 264, "TID": 1768, "Arguments": [ "Arg1", "IN", "PVOID", "0x18eaf8", "0x18ed89", "Arg2", "IN", "INT", "0x18eafc", "0x0", "Arg3", "IN", "SIZE_T", "0x18eb00", "0x103" ], "Timesptamp": "00000000.678756", "FunctionName": "memset", "ModuleName": "msvcr80.dll", "Return": "0x18ed89", "Status": 0 }
{ "Address": "0x401886", "Opcode": "e8ef340000", "Opcodesize": 5, "Mnemonic": "call 0x404d7a", "PID": 264, "TID": 1768, "Arguments": [ "Arg1", "IN", "PVOID", "0x18eaec", "0x18ee8d", "Arg2", "IN", "INT", "0x18eaf0", "0x0", "Arg3", "IN", "SIZE_T", "0x18eaf4", "0x103" ], "Timesptamp": "00000000.687363", "FunctionName": "memset", "ModuleName": "msvcr80.dll", "Return": "0x18ee8d", "Status": 0 }
{ "Address": "0x40189c", "Opcode": "e8d9340000", "Opcodesize": 5, "Mnemonic": "call 0x404d7a", "PID": 264, "TID": 1768, "Arguments": [ "Arg1", "IN", "PVOID", "0x18eae0", "0x18ec85", "Arg2", "IN", "INT", "0x18eae4", "0x0", "Arg3", "IN", "SIZE_T", "0x18eae8", "0x103" ], "Timesptamp": "00000000.695532", "FunctionName": "memset", "ModuleName": "msvcr80.dll", "Return": "0x18ec85", "Status": 0 }
{ "Address": "0x40195a", "Opcode": "ff1568104000", "Opcodesize": 6, "Mnemonic": "call dword ptr [0x401068]", "PID": 264, "TID": 1768, "Arguments": [ "Arg1", "IN", "LPCSTR", "0x18eb00", "C:\\Users\\lhs\\Exec\\" ], "Timesptamp": "00000000.704004", "FunctionName": "GetFileAttributesA", "ModuleName": "kernel32.dll", "Return": "0x10", "Status": 0 }
{ "Address": "0x40196a", "Opcode": "ff156c104000", "Opcodesize": 6, "Mnemonic": "call dword ptr [0x40106c]", "PID": 264, "TID": 1768, "Arguments": [ "Arg1", "IN", "LPCTSTR", "0x18eb00", "KERNEL32.DLL" ], "Timesptamp": "00000000.711926", "FunctionName": "GetModuleHandleA", "ModuleName": "kernel32.dll", "Return": "0x74f10000", "Status": 0 }
{ "Address": "0x401976", "Opcode": "ff1570104000", "Opcodesize": 6, "Mnemonic": "call dword ptr [0x401070]", "PID": 264, "TID": 1768, "Arguments": [ "Arg1", "IN", "HMODULE", "0x18eafc", "0x74f10000", "Arg2", "IN", "LPCSTR", "0x18eb00", "GetUserDefaultUILanguage" ], "Timesptamp": "00000000.719169", "FunctionName": "GetProcAddress", "ModuleName": "kernel32.dll", "Return": "0x74f244ab", "Status": 0 }
{ "Address": "0x401980", "Opcode": "ffd0", "Opcodesize": 2, "Mnemonic": "call eax", "PID": 264, "TID": 1768, "Arguments": [ ], "Timesptamp": "00000000.727310", "FunctionName": "GetUserDefaultUILanguage", "ModuleName": "kernel32.dll", "Return": "0x40c", "Status": 0 }
{ "Address": "0x401993", "Opcode": "ff1578104000", "Opcodesize": 6, "Mnemonic": "call dword ptr [0x401078]", "PID": 264, "TID": 1768, "Functionname": "GetConsoleOutputCP", "Dllname": "kernel32.dll", "Status": 1 }
{ "Address": "0x4019e1", "Opcode": "ffd6", "Opcodesize": 2, "Mnemonic": "call esi", "PID": 264, "TID": 1768, "Functionname": "GetLocaleInfoA", "Dllname": "kernel32.dll", "Status": 1 }
{ "Address": "0x4019eb", "Opcode": "ff15b8114000", "Opcodesize": 6, "Mnemonic": "call dword ptr [0x4011b8]", "PID": 264, "TID": 1768, "Functionname": "atoi", "Dllname": "msvcr80.dll", "Status": 1 }
{ "Address": "0x401a0b", "Opcode": "ffd6", "Opcodesize": 2, "Mnemonic": "call esi", "PID": 264, "TID": 1768, "Functionname": "GetLocaleInfoA", "Dllname": "kernel32.dll", "Status": 1 }
{ "Address": "0x401a15", "Opcode": "ff15b8114000", "Opcodesize": 6, "Mnemonic": "call dword ptr [0x4011b8]", "PID": 264, "TID": 1768, "Functionname": "atoi", "Dllname": "msvcr80.dll", "Status": 1 }
{ "Address": "0x401a89", "Opcode": "ff15b4114000", "Opcodesize": 6, "Mnemonic": "call dword ptr [0x4011b4]", "PID": 264, "TID": 1768, "Functionname": "strncat_s", "Dllname": "msvcr80.dll", "Status": 1 }
{ "Address": "0x401aa0", "Opcode": "ff15bc114000", "Opcodesize": 6, "Mnemonic": "call dword ptr [0x4011bc]", "PID": 264, "TID": 1768, "Functionname": "strncpy_s", "Dllname": "msvcr80.dll", "Status": 1 }
{ "Address": "0x401ba8", "Opcode": "ff1568104000", "Opcodesize": 6, "Mnemonic": "call dword ptr [0x401068]", "PID": 264, "TID": 1768, "Arguments": [ "Arg1", "IN", "LPCSTR", "0x18eb00", "C:\\Users\\lhs\\Exec\\1036\\cvtresUI.DLL" ], "Timesptamp": "00000000.808792", "FunctionName": "GetFileAttributesA", "ModuleName": "kernel32.dll", "Return": "0xffffffff", "Status": 0 }
{ "Address": "0x401bc7", "Opcode": "ff15bc114000", "Opcodesize": 6, "Mnemonic": "call dword ptr [0x4011bc]", "PID": 264, "TID": 1768, "Functionname": "strncpy_s", "Dllname": "msvcr80.dll", "Status": 1 }
{ "Address": "0x401ba8", "Opcode": "ff1568104000", "Opcodesize": 6, "Mnemonic": "call dword ptr [0x401068]", "PID": 264, "TID": 1768, "Arguments": [ "Arg1", "IN", "LPCSTR", "0x18eb00", "C:\\Users\\lhs\\Exec\\1033\\cvtresUI.DLL" ], "Timesptamp": "00000000.825870", "FunctionName": "GetFileAttributesA", "ModuleName": "kernel32.dll", "Return": "0xffffffff", "Status": 0 }
{ "Address": "0x401bc7", "Opcode": "ff15bc114000", "Opcodesize": 6, "Mnemonic": "call dword ptr [0x4011bc]", "PID": 264, "TID": 1768, "Functionname": "strncpy_s", "Dllname": "msvcr80.dll", "Status": 1 }
{ "Address": "0x401c76", "Opcode": "ff1580104000", "Opcodesize": 6, "Mnemonic": "call dword ptr [0x401080]", "PID": 264, "TID": 1768, "Arguments": [ "Arg1", "IN", "LPCSTR", "0x18eafc", "C:\\Users\\lhs\\Exec\\C:\\Users\\lhs\\Exec\\*.*", "Arg2", "OUT", "LPWIN32_FIND_DATAA", "0x18eb00", "0x18eb44" ], "Timesptamp": "00000000.843795", "FunctionName": "FindFirstFileA", "ModuleName": "kernel32.dll", "Return": "0xffffffff", "Output1": { "field1": [ "0x18eb44", "0x80007" ], "field2": [ "0x18eb48", "0xc000b000a0009" ], "field3": [ "0x18eb50", "0x10000f000e000d" ], "field4": [ "0x18eb58", "0x14001300120011" ], "field5": [ "0x18eb60", "0x160015" ], "field6": [ "0x18eb64", "0x180017" ], "field7": [ "0x18eb68", "0x1a0019" ], "field8": [ "0x18eb6c", "0x1c001b" ], "field9": [ "0x18eb70", "\u001d" ] }, "Status": 0 }
{ "Address": "0x402a93", "Opcode": "ff156c104000", "Opcodesize": 6, "Mnemonic": "call dword ptr [0x40106c]", "PID": 264, "TID": 1768, "Arguments": [ "Arg1", "IN", "LPCTSTR", "0x18efcc", "\"\"" ], "Timesptamp": "00000000.852454", "FunctionName": "GetModuleHandleA", "ModuleName": "kernel32.dll", "Return": "0x400000", "Status": 0 }
{ "Address": "0x404a57", "Opcode": "ff1534104000", "Opcodesize": 6, "Mnemonic": "call dword ptr [0x401034]", "PID": 264, "TID": 1768, "Arguments": [ "Arg1", "IN", "HMODULE", "0x18efac", "0x400000", "Arg2", "IN", "LPCTSTR", "0x18efb0", "NULL", "Arg3", "IN", "LPCTSTR", "0x18efb4", "NULL" ], "Timesptamp": "00000000.861037", "FunctionName": "FindResourceA", "ModuleName": "kernel32.dll", "Return": "0x408198", "Status": 0 }
{ "Address": "0x404a63", "Opcode": "ff1538104000", "Opcodesize": 6, "Mnemonic": "call dword ptr [0x401038]", "PID": 264, "TID": 1768, "Arguments": [ "Arg1", "IN", "HMODULE", "0x18efb0", "0x400000", "Arg2", "IN", "HANDLE", "0x18efb4", "0x408198" ], "Timesptamp": "00000000.874804", "FunctionName": "LoadResource", "ModuleName": "kernel32.dll", "Return": "0x4085f8", "Status": 0 }
{ "Address": "0x404a99", "Opcode": "e80e030000", "Opcodesize": 5, "Mnemonic": "call 0x404dac", "PID": 264, "TID": 1768, "Arguments": [ "Arg1", "IN", "VOID*", "0x18efac", "0x4065e8", "Arg2", "IN", "ARRAY0", "0x18efb0", "ARRAY_0x7c", "Arg3", "IN", "SIZE_T", "0x18efb4", "0x7c" ], "Timesptamp": "00000000.883691", "FunctionName": "memcpy", "ModuleName": "msvcr80.dll", "Return": "0x4065e8", "Status": 0 }
{ "Address": "0x4049e3", "Opcode": "ff15bc104000", "Opcodesize": 6, "Mnemonic": "call dword ptr [0x4010bc]", "PID": 264, "TID": 1768, "Functionname": "_vcwprintf", "Dllname": "msvcr80.dll", "Status": 1 }
{ "Address": "0x404a57", "Opcode": "ff1534104000", "Opcodesize": 6, "Mnemonic": "call dword ptr [0x401034]", "PID": 264, "TID": 1768, "Arguments": [ "Arg1", "IN", "HMODULE", "0x18efb0", "0x400000", "Arg2", "IN", "LPCTSTR", "0x18efb4", "NULL", "Arg3", "IN", "LPCTSTR", "0x18efb8", "NULL" ], "Timesptamp": "00000000.937804", "FunctionName": "FindResourceA", "ModuleName": "kernel32.dll", "Return": "0x408198", "Status": 0 }
{ "Address": "0x404a63", "Opcode": "ff1538104000", "Opcodesize": 6, "Mnemonic": "call dword ptr [0x401038]", "PID": 264, "TID": 1768, "Arguments": [ "Arg1", "IN", "HMODULE", "0x18efb4", "0x400000", "Arg2", "IN", "HANDLE", "0x18efb8", "0x408198" ], "Timesptamp": "00000000.946451", "FunctionName": "LoadResource", "ModuleName": "kernel32.dll", "Return": "0x4085f8", "Status": 0 }
{ "Address": "0x404a99", "Opcode": "e80e030000", "Opcodesize": 5, "Mnemonic": "call 0x404dac", "PID": 264, "TID": 1768, "Arguments": [ "Arg1", "IN", "VOID*", "0x18efb0", "0x4065e8", "Arg2", "IN", "ARRAY0", "0x18efb4", "ARRAY_0x76", "Arg3", "IN", "SIZE_T", "0x18efb8", "0x76" ], "Timesptamp": "00000000.955026", "FunctionName": "memcpy", "ModuleName": "msvcr80.dll", "Return": "0x4065e8", "Status": 0 }
{ "Address": "0x4049b0", "Opcode": "ff15b4104000", "Opcodesize": 6, "Mnemonic": "call dword ptr [0x4010b4]", "PID": 264, "TID": 1768, "Functionname": "_cputws", "Dllname": "msvcr80.dll", "Status": 1 }
{ "Address": "0x4049b0", "Opcode": "ff15b4104000", "Opcodesize": 6, "Mnemonic": "call dword ptr [0x4010b4]", "PID": 264, "TID": 1768, "Functionname": "_cputws", "Dllname": "msvcr80.dll", "Status": 1 }
{ "Address": "0x404a57", "Opcode": "ff1534104000", "Opcodesize": 6, "Mnemonic": "call dword ptr [0x401034]", "PID": 264, "TID": 1768, "Arguments": [ "Arg1", "IN", "HMODULE", "0x18efb0", "0x400000", "Arg2", "IN", "LPCTSTR", "0x18efb4", "NULL", "Arg3", "IN", "LPCTSTR", "0x18efb8", "NULL" ], "Timesptamp": "00000000.993984", "FunctionName": "FindResourceA", "ModuleName": "kernel32.dll", "Return": "0x408198", "Status": 0 }
{ "Address": "0x404a63", "Opcode": "ff1538104000", "Opcodesize": 6, "Mnemonic": "call dword ptr [0x401038]", "PID": 264, "TID": 1768, "Arguments": [ "Arg1", "IN", "HMODULE", "0x18efb4", "0x400000", "Arg2", "IN", "HANDLE", "0x18efb8", "0x408198" ], "Timesptamp": "00000001.002572", "FunctionName": "LoadResource", "ModuleName": "kernel32.dll", "Return": "0x4085f8", "Status": 0 }
{ "Address": "0x404a99", "Opcode": "e80e030000", "Opcodesize": 5, "Mnemonic": "call 0x404dac", "PID": 264, "TID": 1768, "Arguments": [ "Arg1", "IN", "VOID*", "0x18efb0", "0x4065e8", "Arg2", "IN", "ARRAY0", "0x18efb4", "ARRAY_0x42", "Arg3", "IN", "SIZE_T", "0x18efb8", "0x42" ], "Timesptamp": "00000001.011261", "FunctionName": "memcpy", "ModuleName": "msvcr80.dll", "Return": "0x4065e8", "Status": 0 }
{ "Address": "0x4049b0", "Opcode": "ff15b4104000", "Opcodesize": 6, "Mnemonic": "call dword ptr [0x4010b4]", "PID": 264, "TID": 1768, "Functionname": "_cputws", "Dllname": "msvcr80.dll", "Status": 1 }
{ "Address": "0x404a57", "Opcode": "ff1534104000", "Opcodesize": 6, "Mnemonic": "call dword ptr [0x401034]", "PID": 264, "TID": 1768, "Arguments": [ "Arg1", "IN", "HMODULE", "0x18efb0", "0x400000", "Arg2", "IN", "LPCTSTR", "0x18efb4", "NULL", "Arg3", "IN", "LPCTSTR", "0x18efb8", "NULL" ], "Timesptamp": "00000001.035497", "FunctionName": "FindResourceA", "ModuleName": "kernel32.dll", "Return": "0x408198", "Status": 0 }
{ "Address": "0x404a63", "Opcode": "ff1538104000", "Opcodesize": 6, "Mnemonic": "call dword ptr [0x401038]", "PID": 264, "TID": 1768, "Arguments": [ "Arg1", "IN", "HMODULE", "0x18efb4", "0x400000", "Arg2", "IN", "HANDLE", "0x18efb8", "0x408198" ], "Timesptamp": "00000001.044049", "FunctionName": "LoadResource", "ModuleName": "kernel32.dll", "Return": "0x4085f8", "Status": 0 }
{ "Address": "0x404a99", "Opcode": "e80e030000", "Opcodesize": 5, "Mnemonic": "call 0x404dac", "PID": 264, "TID": 1768, "Arguments": [ "Arg1", "IN", "VOID*", "0x18efb0", "0x4065e8", "Arg2", "IN", "ARRAY0", "0x18efb4", "ARRAY_0x1a", "Arg3", "IN", "SIZE_T", "0x18efb8", "0x1a" ], "Timesptamp": "00000001.052549", "FunctionName": "memcpy", "ModuleName": "msvcr80.dll", "Return": "0x4065e8", "Status": 0 }
{ "Address": "0x4049b0", "Opcode": "ff15b4104000", "Opcodesize": 6, "Mnemonic": "call dword ptr [0x4010b4]", "PID": 264, "TID": 1768, "Functionname": "_cputws", "Dllname": "msvcr80.dll", "Status": 1 }
{ "Address": "0x404a57", "Opcode": "ff1534104000", "Opcodesize": 6, "Mnemonic": "call dword ptr [0x401034]", "PID": 264, "TID": 1768, "Arguments": [ "Arg1", "IN", "HMODULE", "0x18efb0", "0x400000", "Arg2", "IN", "LPCTSTR", "0x18efb4", "NULL", "Arg3", "IN", "LPCTSTR", "0x18efb8", "NULL" ], "Timesptamp": "00000001.072702", "FunctionName": "FindResourceA", "ModuleName": "kernel32.dll", "Return": "0x408198", "Status": 0 }
{ "Address": "0x404a63", "Opcode": "ff1538104000", "Opcodesize": 6, "Mnemonic": "call dword ptr [0x401038]", "PID": 264, "TID": 1768, "Arguments": [ "Arg1", "IN", "HMODULE", "0x18efb4", "0x400000", "Arg2", "IN", "HANDLE", "0x18efb8", "0x408198" ], "Timesptamp": "00000001.081281", "FunctionName": "LoadResource", "ModuleName": "kernel32.dll", "Return": "0x4085f8", "Status": 0 }
{ "Address": "0x404a99", "Opcode": "e80e030000", "Opcodesize": 5, "Mnemonic": "call 0x404dac", "PID": 264, "TID": 1768, "Arguments": [ "Arg1", "IN", "VOID*", "0x18efb0", "0x4065e8", "Arg2", "IN", "ARRAY0", "0x18efb4", "ARRAY_0x2a", "Arg3", "IN", "SIZE_T", "0x18efb8", "0x2a" ], "Timesptamp": "00000001.089897", "FunctionName": "memcpy", "ModuleName": "msvcr80.dll", "Return": "0x4065e8", "Status": 0 }
{ "Address": "0x4049b0", "Opcode": "ff15b4104000", "Opcodesize": 6, "Mnemonic": "call dword ptr [0x4010b4]", "PID": 264, "TID": 1768, "Functionname": "_cputws", "Dllname": "msvcr80.dll", "Status": 1 }
{ "Address": "0x404a57", "Opcode": "ff1534104000", "Opcodesize": 6, "Mnemonic": "call dword ptr [0x401034]", "PID": 264, "TID": 1768, "Arguments": [ "Arg1", "IN", "HMODULE", "0x18efb0", "0x400000", "Arg2", "IN", "LPCTSTR", "0x18efb4", "NULL", "Arg3", "IN", "LPCTSTR", "0x18efb8", "NULL" ], "Timesptamp": "00000001.111800", "FunctionName": "FindResourceA", "ModuleName": "kernel32.dll", "Return": "0x408198", "Status": 0 }
{ "Address": "0x404a63", "Opcode": "ff1538104000", "Opcodesize": 6, "Mnemonic": "call dword ptr [0x401038]", "PID": 264, "TID": 1768, "Arguments": [ "Arg1", "IN", "HMODULE", "0x18efb4", "0x400000", "Arg2", "IN", "HANDLE", "0x18efb8", "0x408198" ], "Timesptamp": "00000001.120701", "FunctionName": "LoadResource", "ModuleName": "kernel32.dll", "Return": "0x4085f8", "Status": 0 }
{ "Address": "0x404a99", "Opcode": "e80e030000", "Opcodesize": 5, "Mnemonic": "call 0x404dac", "PID": 264, "TID": 1768, "Arguments": [ "Arg1", "IN", "VOID*", "0x18efb0", "0x4065e8", "Arg2", "IN", "ARRAY0", "0x18efb4", "ARRAY_0x62", "Arg3", "IN", "SIZE_T", "0x18efb8", "0x62" ], "Timesptamp": "00000001.129227", "FunctionName": "memcpy", "ModuleName": "msvcr80.dll", "Return": "0x4065e8", "Status": 0 }
{ "Address": "0x4049b0", "Opcode": "ff15b4104000", "Opcodesize": 6, "Mnemonic": "call dword ptr [0x4010b4]", "PID": 264, "TID": 1768, "Functionname": "_cputws", "Dllname": "msvcr80.dll", "Status": 1 }
{ "Address": "0x404a57", "Opcode": "ff1534104000", "Opcodesize": 6, "Mnemonic": "call dword ptr [0x401034]", "PID": 264, "TID": 1768, "Arguments": [ "Arg1", "IN", "HMODULE", "0x18efb0", "0x400000", "Arg2", "IN", "LPCTSTR", "0x18efb4", "NULL", "Arg3", "IN", "LPCTSTR", "0x18efb8", "NULL" ], "Timesptamp": "00000001.155998", "FunctionName": "FindResourceA", "ModuleName": "kernel32.dll", "Return": "0x408198", "Status": 0 }
{ "Address": "0x404a63", "Opcode": "ff1538104000", "Opcodesize": 6, "Mnemonic": "call dword ptr [0x401038]", "PID": 264, "TID": 1768, "Arguments": [ "Arg1", "IN", "HMODULE", "0x18efb4", "0x400000", "Arg2", "IN", "HANDLE", "0x18efb8", "0x408198" ], "Timesptamp": "00000001.164812", "FunctionName": "LoadResource", "ModuleName": "kernel32.dll", "Return": "0x4085f8", "Status": 0 }
{ "Address": "0x404a99", "Opcode": "e80e030000", "Opcodesize": 5, "Mnemonic": "call 0x404dac", "PID": 264, "TID": 1768, "Arguments": [ "Arg1", "IN", "VOID*", "0x18efb0", "0x4065e8", "Arg2", "IN", "ARRAY0", "0x18efb4", "ARRAY_0x5a", "Arg3", "IN", "SIZE_T", "0x18efb8", "0x5a" ], "Timesptamp": "00000001.173401", "FunctionName": "memcpy", "ModuleName": "msvcr80.dll", "Return": "0x4065e8", "Status": 0 }
{ "Address": "0x4049b0", "Opcode": "ff15b4104000", "Opcodesize": 6, "Mnemonic": "call dword ptr [0x4010b4]", "PID": 264, "TID": 1768, "Functionname": "_cputws", "Dllname": "msvcr80.dll", "Status": 1 }
{ "Address": "0x404a57", "Opcode": "ff1534104000", "Opcodesize": 6, "Mnemonic": "call dword ptr [0x401034]", "PID": 264, "TID": 1768, "Arguments": [ "Arg1", "IN", "HMODULE", "0x18efb0", "0x400000", "Arg2", "IN", "LPCTSTR", "0x18efb4", "NULL", "Arg3", "IN", "LPCTSTR", "0x18efb8", "NULL" ], "Timesptamp": "00000001.200366", "FunctionName": "FindResourceA", "ModuleName": "kernel32.dll", "Return": "0x408198", "Status": 0 }
{ "Address": "0x404a63", "Opcode": "ff1538104000", "Opcodesize": 6, "Mnemonic": "call dword ptr [0x401038]", "PID": 264, "TID": 1768, "Arguments": [ "Arg1", "IN", "HMODULE", "0x18efb4", "0x400000", "Arg2", "IN", "HANDLE", "0x18efb8", "0x408198" ], "Timesptamp": "00000001.208942", "FunctionName": "LoadResource", "ModuleName": "kernel32.dll", "Return": "0x4085f8", "Status": 0 }
{ "Address": "0x404a99", "Opcode": "e80e030000", "Opcodesize": 5, "Mnemonic": "call 0x404dac", "PID": 264, "TID": 1768, "Arguments": [ "Arg1", "IN", "VOID*", "0x18efb0", "0x4065e8", "Arg2", "IN", "ARRAY0", "0x18efb4", "ARRAY_0x1c", "Arg3", "IN", "SIZE_T", "0x18efb8", "0x1c" ], "Timesptamp": "00000001.217527", "FunctionName": "memcpy", "ModuleName": "msvcr80.dll", "Return": "0x4065e8", "Status": 0 }
{ "Address": "0x4049b0", "Opcode": "ff15b4104000", "Opcodesize": 6, "Mnemonic": "call dword ptr [0x4010b4]", "PID": 264, "TID": 1768, "Functionname": "_cputws", "Dllname": "msvcr80.dll", "Status": 1 }
{ "Address": "0x404a57", "Opcode": "ff1534104000", "Opcodesize": 6, "Mnemonic": "call dword ptr [0x401034]", "PID": 264, "TID": 1768, "Arguments": [ "Arg1", "IN", "HMODULE", "0x18efb0", "0x400000", "Arg2", "IN", "LPCTSTR", "0x18efb4", "NULL", "Arg3", "IN", "LPCTSTR", "0x18efb8", "NULL" ], "Timesptamp": "00000001.238008", "FunctionName": "FindResourceA", "ModuleName": "kernel32.dll", "Return": "0x4081a8", "Status": 0 }
{ "Address": "0x404a63", "Opcode": "ff1538104000", "Opcodesize": 6, "Mnemonic": "call dword ptr [0x401038]", "PID": 264, "TID": 1768, "Arguments": [ "Arg1", "IN", "HMODULE", "0x18efb4", "0x400000", "Arg2", "IN", "HANDLE", "0x18efb8", "0x4081a8" ], "Timesptamp": "00000001.246779", "FunctionName": "LoadResource", "ModuleName": "kernel32.dll", "Return": "0x4088dc", "Status": 0 }
{ "Address": "0x404a99", "Opcode": "e80e030000", "Opcodesize": 5, "Mnemonic": "call 0x404dac", "PID": 264, "TID": 1768, "Arguments": [ "Arg1", "IN", "VOID*", "0x18efb0", "0x4065e8", "Arg2", "IN", "ARRAY0", "0x18efb4", "ARRAY_0x28", "Arg3", "IN", "SIZE_T", "0x18efb8", "0x28" ], "Timesptamp": "00000001.255369", "FunctionName": "memcpy", "ModuleName": "msvcr80.dll", "Return": "0x4065e8", "Status": 0 }
{ "Address": "0x4049b0", "Opcode": "ff15b4104000", "Opcodesize": 6, "Mnemonic": "call dword ptr [0x4010b4]", "PID": 264, "TID": 1768, "Functionname": "_cputws", "Dllname": "msvcr80.dll", "Status": 1 }
{ "Address": "0x404a57", "Opcode": "ff1534104000", "Opcodesize": 6, "Mnemonic": "call dword ptr [0x401034]", "PID": 264, "TID": 1768, "Arguments": [ "Arg1", "IN", "HMODULE", "0x18efb0", "0x400000", "Arg2", "IN", "LPCTSTR", "0x18efb4", "NULL", "Arg3", "IN", "LPCTSTR", "0x18efb8", "NULL" ], "Timesptamp": "00000001.277636", "FunctionName": "FindResourceA", "ModuleName": "kernel32.dll", "Return": "0x4081a8", "Status": 0 }
{ "Address": "0x404a63", "Opcode": "ff1538104000", "Opcodesize": 6, "Mnemonic": "call dword ptr [0x401038]", "PID": 264, "TID": 1768, "Arguments": [ "Arg1", "IN", "HMODULE", "0x18efb4", "0x400000", "Arg2", "IN", "HANDLE", "0x18efb8", "0x4081a8" ], "Timesptamp": "00000001.282816", "FunctionName": "LoadResource", "ModuleName": "kernel32.dll", "Return": "0x4088dc", "Status": 0 }
{ "Address": "0x404a99", "Opcode": "e80e030000", "Opcodesize": 5, "Mnemonic": "call 0x404dac", "PID": 264, "TID": 1768, "Arguments": [ "Arg1", "IN", "VOID*", "0x18efb0", "0x4065e8", "Arg2", "IN", "ARRAY0", "0x18efb4", "ARRAY_0x20", "Arg3", "IN", "SIZE_T", "0x18efb8", "0x20" ], "Timesptamp": "00000001.290077", "FunctionName": "memcpy", "ModuleName": "msvcr80.dll", "Return": "0x4065e8", "Status": 0 }
{ "Address": "0x4049b0", "Opcode": "ff15b4104000", "Opcodesize": 6, "Mnemonic": "call dword ptr [0x4010b4]", "PID": 264, "TID": 1768, "Functionname": "_cputws", "Dllname": "msvcr80.dll", "Status": 1 }
{ "Address": "0x404a57", "Opcode": "ff1534104000", "Opcodesize": 6, "Mnemonic": "call dword ptr [0x401034]", "PID": 264, "TID": 1768, "Arguments": [ "Arg1", "IN", "HMODULE", "0x18efb0", "0x400000", "Arg2", "IN", "LPCTSTR", "0x18efb4", "NULL", "Arg3", "IN", "LPCTSTR", "0x18efb8", "NULL" ], "Timesptamp": "00000001.306547", "FunctionName": "FindResourceA", "ModuleName": "kernel32.dll", "Return": "0x4081a8", "Status": 0 }
{ "Address": "0x404a63", "Opcode": "ff1538104000", "Opcodesize": 6, "Mnemonic": "call dword ptr [0x401038]", "PID": 264, "TID": 1768, "Arguments": [ "Arg1", "IN", "HMODULE", "0x18efb4", "0x400000", "Arg2", "IN", "HANDLE", "0x18efb8", "0x4081a8" ], "Timesptamp": "00000001.311710", "FunctionName": "LoadResource", "ModuleName": "kernel32.dll", "Return": "0x4088dc", "Status": 0 }
{ "Address": "0x404a99", "Opcode": "e80e030000", "Opcodesize": 5, "Mnemonic": "call 0x404dac", "PID": 264, "TID": 1768, "Arguments": [ "Arg1", "IN", "VOID*", "0x18efb0", "0x4065e8", "Arg2", "IN", "ARRAY0", "0x18efb4", "ARRAY_0x1e", "Arg3", "IN", "SIZE_T", "0x18efb8", "0x1e" ], "Timesptamp": "00000001.316877", "FunctionName": "memcpy", "ModuleName": "msvcr80.dll", "Return": "0x4065e8", "Status": 0 }
{ "Address": "0x4049b0", "Opcode": "ff15b4104000", "Opcodesize": 6, "Mnemonic": "call dword ptr [0x4010b4]", "PID": 264, "TID": 1768, "Functionname": "_cputws", "Dllname": "msvcr80.dll", "Status": 1 }
{ "Address": "0x404a57", "Opcode": "ff1534104000", "Opcodesize": 6, "Mnemonic": "call dword ptr [0x401034]", "PID": 264, "TID": 1768, "Arguments": [ "Arg1", "IN", "HMODULE", "0x18efb0", "0x400000", "Arg2", "IN", "LPCTSTR", "0x18efb4", "NULL", "Arg3", "IN", "LPCTSTR", "0x18efb8", "NULL" ], "Timesptamp": "00000001.339815", "FunctionName": "FindResourceA", "ModuleName": "kernel32.dll", "Return": "0x4081a8", "Status": 0 }
{ "Address": "0x404a63", "Opcode": "ff1538104000", "Opcodesize": 6, "Mnemonic": "call dword ptr [0x401038]", "PID": 264, "TID": 1768, "Arguments": [ "Arg1", "IN", "HMODULE", "0x18efb4", "0x400000", "Arg2", "IN", "HANDLE", "0x18efb8", "0x4081a8" ], "Timesptamp": "00000001.344977", "FunctionName": "LoadResource", "ModuleName": "kernel32.dll", "Return": "0x4088dc", "Status": 0 }
{ "Address": "0x404a99", "Opcode": "e80e030000", "Opcodesize": 5, "Mnemonic": "call 0x404dac", "PID": 264, "TID": 1768, "Arguments": [ "Arg1", "IN", "VOID*", "0x18efb0", "0x4065e8", "Arg2", "IN", "ARRAY0", "0x18efb4", "ARRAY_0x4e", "Arg3", "IN", "SIZE_T", "0x18efb8", "0x4e" ], "Timesptamp": "00000001.350123", "FunctionName": "memcpy", "ModuleName": "msvcr80.dll", "Return": "0x4065e8", "Status": 0 }
{ "Address": "0x4049b0", "Opcode": "ff15b4104000", "Opcodesize": 6, "Mnemonic": "call dword ptr [0x4010b4]", "PID": 264, "TID": 1768, "Functionname": "_cputws", "Dllname": "msvcr80.dll", "Status": 1 }
{ "Address": "0x403edc", "Opcode": "ff1568114000", "Opcodesize": 6, "Mnemonic": "call dword ptr [0x401168]", "PID": 264, "TID": 1768, "Arguments": [ "Arg1", "IN", "INT", "0x18f2f0", "0x0" ], "Timesptamp": "00000001.373392", "FunctionName": "exit", "ModuleName": "msvcr80.dll" }
