{ "Address": "0x401161", "Opcode": "e8a23c0000", "Opcodesize": 5, "Mnemonic": "call 0x404e08", "PID": 1712, "TID": 1768, "Arguments": [ "Arg1", "IN", "DWORD", "0x28ff50", "0x401000" ], "Timesptamp": "00000000.138507", "FunctionName": "SetUnhandledExceptionFilter", "ModuleName": "kernel32.dll", "Return": "0x0", "Status": 0 }
{ "Address": "0x40119a", "Opcode": "e8893b0000", "Opcodesize": 5, "Mnemonic": "call 0x404d28", "PID": 1712, "TID": 1768, "Functionname": "__getmainargs", "Dllname": "msvcrt.dll", "Status": 1 }
{ "Address": "0x401200", "Opcode": "e8133b0000", "Opcodesize": 5, "Mnemonic": "call 0x404d18", "PID": 1712, "TID": 1768, "Arguments": [ ], "Timesptamp": "00000000.252218", "FunctionName": "__p__fmode", "ModuleName": "msvcrt.dll", "Return": "0x762331f4", "Status": 0 }
{ "Address": "0x401215", "Opcode": "e8ee3a0000", "Opcodesize": 5, "Mnemonic": "call 0x404d08", "PID": 1712, "TID": 1768, "Functionname": "__p__environ", "Dllname": "msvcrt.dll", "Status": 1 }
{ "Address": "0x404959", "Opcode": "e85a050000", "Opcodesize": 5, "Mnemonic": "call 0x404eb8", "PID": 1712, "TID": 1768, "Arguments": [ ], "Timesptamp": "00000000.288098", "FunctionName": "GetCommandLineA", "ModuleName": "kernel32.dll", "Return": "\\Users\\lhs\\Exec\\DocFetcher-1024.exe ", "Status": 0 }
{ "Address": "0x404966", "Opcode": "e855050000", "Opcodesize": 5, "Mnemonic": "call 0x404ec0", "PID": 1712, "TID": 1768, "Arguments": [ "Arg1", "OUT", "LPSTARTUPINFOA", "0x28fed0", "0x28fef0" ], "Timesptamp": "00000000.298138", "FunctionName": "GetStartupInfoA", "ModuleName": "kernel32.dll", "Return": "0x28fef0", "Output1": { "field1": [ "0x28fef0", "0x44" ], "field2": [ "0x28fef4", "" ], "field3": [ "0x28fef8", "winsta0\\default" ], "field4": [ "0x28fefc", "C:\\Users\\lhs\\Exec\\DocFetcher-1024.exe" ], "field5": [ "0x28ff00", "0x0" ], "field6": [ "0x28ff04", "0x0" ], "field7": [ "0x28ff08", "0x0" ], "field8": [ "0x28ff0c", "0x0" ], "field9": [ "0x28ff10", "0x0" ], "field10": [ "0x28ff14", "0x0" ], "field11": [ "0x28ff18", "0x0" ], "field12": [ "0x28ff1c", "0x1" ], "field13": [ "0x28ff20", "0x7" ], "field14": [ "0x28ff22", "0x0" ], "field15": [ "0x28ff24", "0x0" ], "field16": [ "0x28ff25", "0xff000000" ], "field17": [ "0x28ff29", "0xffffffff" ], "field18": [ "0x28ff2d", "0xffffffff" ] }, "Status": 0 }
{ "Address": "0x404a1d", "Opcode": "e8fe030000", "Opcodesize": 5, "Mnemonic": "call 0x404e20", "PID": 1712, "TID": 1768, "Arguments": [ "Arg1", "IN", "LPCTSTR", "0x28fed0", "\"\"" ], "Timesptamp": "00000000.308654", "FunctionName": "GetModuleHandleA", "ModuleName": "kernel32.dll", "Return": "0x400000", "Status": 0 }
{ "Address": "0x4030ee", "Opcode": "e8451c0000", "Opcodesize": 5, "Mnemonic": "call 0x404d38", "PID": 1712, "TID": 1768, "Arguments": [ "Arg1", "IN", "PVOID", "0x267540", "0x287d20", "Arg2", "IN", "INT", "0x267544", "0x0", "Arg3", "IN", "SIZE_T", "0x267548", "0x8000" ], "Timesptamp": "00000000.326236", "FunctionName": "memset", "ModuleName": "msvcrt.dll", "Return": "0x287d20", "Status": 0 }
{ "Address": "0x4030fa", "Opcode": "e8211d0000", "Opcodesize": 5, "Mnemonic": "call 0x404e20", "PID": 1712, "TID": 1768, "Arguments": [ "Arg1", "IN", "LPCTSTR", "0x267540", "\"\"" ], "Timesptamp": "00000000.336179", "FunctionName": "GetModuleHandleA", "ModuleName": "kernel32.dll", "Return": "0x400000", "Status": 0 }
{ "Address": "0x403143", "Opcode": "e8f01b0000", "Opcodesize": 5, "Mnemonic": "call 0x404d38", "PID": 1712, "TID": 1768, "Arguments": [ "Arg1", "IN", "PVOID", "0x267540", "0x287c10", "Arg2", "IN", "INT", "0x267544", "0x0", "Arg3", "IN", "SIZE_T", "0x267548", "0x104" ], "Timesptamp": "00000000.346018", "FunctionName": "memset", "ModuleName": "msvcrt.dll", "Return": "0x287c10", "Status": 0 }
{ "Address": "0x403159", "Opcode": "e8121d0000", "Opcodesize": 5, "Mnemonic": "call 0x404e70", "PID": 1712, "TID": 1768, "Arguments": [ "Arg1", "IN", "HMODULE", "0x267540", "0x400000", "Arg2", "OUT", "LPTSTR", "0x267544", "0x287c10", "Arg3", "IN", "DWORD", "0x267548", "0x104" ], "Timesptamp": "00000000.356608", "FunctionName": "GetModuleFileNameA", "ModuleName": "kernel32.dll", "Return": "0x25", "Output1": [ "0x287c10", "C:\\Users\\lhs\\Exec\\DocFetcher-1024.exe" ], "Status": 0 }
{ "Address": "0x403175", "Opcode": "e84e1c0000", "Opcodesize": 5, "Mnemonic": "call 0x404dc8", "PID": 1712, "TID": 1768, "Functionname": "strrchr", "Dllname": "msvcrt.dll", "Status": 1 }
{ "Address": "0x403198", "Opcode": "e8b31b0000", "Opcodesize": 5, "Mnemonic": "call 0x404d50", "PID": 1712, "TID": 1768, "Arguments": [ "Arg1", "IN", "LPCTSTR", "0x267540", "", "Arg2", "IN", "LPCTSTR", "0x267544", "NULL" ], "Timesptamp": "00000000.377406", "FunctionName": "strstr", "ModuleName": "msvcrt.dll", "Status": 0 }
{ "Address": "0x40324c", "Opcode": "e8cf1b0000", "Opcodesize": 5, "Mnemonic": "call 0x404e20", "PID": 1712, "TID": 1768, "Arguments": [ "Arg1", "IN", "LPCTSTR", "0x267540", "kernel32" ], "Timesptamp": "00000000.388730", "FunctionName": "GetModuleHandleA", "ModuleName": "kernel32.dll", "Return": "0x74f10000", "Status": 0 }
{ "Address": "0x403260", "Opcode": "e8c31b0000", "Opcodesize": 5, "Mnemonic": "call 0x404e28", "PID": 1712, "TID": 1768, "Arguments": [ "Arg1", "IN", "HMODULE", "0x267540", "0x74f10000", "Arg2", "IN", "LPCSTR", "0x267544", "IsWow64Process" ], "Timesptamp": "00000000.398223", "FunctionName": "GetProcAddress", "ModuleName": "kernel32.dll", "Return": "0x74f2195e", "Status": 0 }
{ "Address": "0x40326e", "Opcode": "e8bd1b0000", "Opcodesize": 5, "Mnemonic": "call 0x404e30", "PID": 1712, "TID": 1768, "Arguments": [ ], "Timesptamp": "00000000.408306", "FunctionName": "GetCurrentProcess", "ModuleName": "kernel32.dll", "Return": "0xffffffff", "Status": 0 }
{ "Address": "0x40327f", "Opcode": "ffd3", "Opcodesize": 2, "Mnemonic": "call ebx", "PID": 1712, "TID": 1768, "Arguments": [ "Arg1", "IN", "HANDLE", "0x267540", "0xffffffff", "Arg2", "OUT", "PBOOL", "0x267544", "0x40fba4" ], "Timesptamp": "00000000.418438", "FunctionName": "IsWow64Process", "ModuleName": "kernel32.dll", "Return": "TRUE", "Output1": { "field1": [ "0x40fba4", "TRUE" ] }, "Status": 0 }
{ "Address": "0x401e3c", "Opcode": "e80f300000", "Opcodesize": 5, "Mnemonic": "call 0x404e50", "PID": 1712, "TID": 1768, "Arguments": [ "Arg1", "IN", "HMODULE", "0x267520", "0x400000", "Arg2", "IN", "LPCTSTR", "0x267524", "NULL", "Arg3", "IN", "LPCTSTR", "0x267528", "NULL", "Arg4", "IN", "WORD", "0x26752c", "0x400" ], "Timesptamp": "00000000.426788", "FunctionName": "FindResourceExA", "ModuleName": "kernel32.dll", "Return": "0x0", "Status": 0 }
{ "Address": "0x401e3c", "Opcode": "e80f300000", "Opcodesize": 5, "Mnemonic": "call 0x404e50", "PID": 1712, "TID": 1768, "Arguments": [ "Arg1", "IN", "HMODULE", "0x267520", "0x400000", "Arg2", "IN", "LPCTSTR", "0x267524", "NULL", "Arg3", "IN", "LPCTSTR", "0x267528", "NULL", "Arg4", "IN", "WORD", "0x26752c", "0x400" ], "Timesptamp": "00000000.466004", "FunctionName": "FindResourceExA", "ModuleName": "kernel32.dll", "Return": "0x0", "Status": 0 }
{ "Address": "0x401e3c", "Opcode": "e80f300000", "Opcodesize": 5, "Mnemonic": "call 0x404e50", "PID": 1712, "TID": 1768, "Arguments": [ "Arg1", "IN", "HMODULE", "0x267520", "0x400000", "Arg2", "IN", "LPCTSTR", "0x267524", "NULL", "Arg3", "IN", "LPCTSTR", "0x267528", "NULL", "Arg4", "IN", "WORD", "0x26752c", "0x400" ], "Timesptamp": "00000000.486157", "FunctionName": "FindResourceExA", "ModuleName": "kernel32.dll", "Return": "0x411398", "Status": 0 }
{ "Address": "0x401e55", "Opcode": "e8fe2f0000", "Opcodesize": 5, "Mnemonic": "call 0x404e58", "PID": 1712, "TID": 1768, "Arguments": [ "Arg1", "IN", "HMODULE", "0x267520", "0x400000", "Arg2", "IN", "HANDLE", "0x267524", "0x411398" ], "Timesptamp": "00000000.497988", "FunctionName": "LoadResource", "ModuleName": "kernel32.dll", "Return": "0x414f38", "Status": 0 }
{ "Address": "0x401e64", "Opcode": "e8f72f0000", "Opcodesize": 5, "Mnemonic": "call 0x404e60", "PID": 1712, "TID": 1768, "Functionname": "LockResource", "Dllname": "kernel32.dll", "Status": 1 }
{ "Address": "0x401e3c", "Opcode": "e80f300000", "Opcodesize": 5, "Mnemonic": "call 0x404e50", "PID": 1712, "TID": 1768, "Arguments": [ "Arg1", "IN", "HMODULE", "0x267520", "0x400000", "Arg2", "IN", "LPCTSTR", "0x267524", "NULL", "Arg3", "IN", "LPCTSTR", "0x267528", "NULL", "Arg4", "IN", "WORD", "0x26752c", "0x400" ], "Timesptamp": "00000000.518411", "FunctionName": "FindResourceExA", "ModuleName": "kernel32.dll", "Return": "0x0", "Status": 0 }
{ "Address": "0x403388", "Opcode": "e8ab190000", "Opcodesize": 5, "Mnemonic": "call 0x404d38", "PID": 1712, "TID": 1768, "Arguments": [ "Arg1", "IN", "PVOID", "0x267540", "0x2879e0", "Arg2", "IN", "INT", "0x267544", "0x0", "Arg3", "IN", "SIZE_T", "0x267548", "0x104" ], "Timesptamp": "00000000.539464", "FunctionName": "memset", "ModuleName": "msvcrt.dll", "Return": "0x2879e0", "Status": 0 }
{ "Address": "0x403398", "Opcode": "e8e31a0000", "Opcodesize": 5, "Mnemonic": "call 0x404e80", "PID": 1712, "TID": 1768, "Arguments": [ "Arg1", "IN", "DWORD", "0x267540", "0x104", "Arg2", "OUT", "LPSTR", "0x267544", "0x40f260" ], "Timesptamp": "00000000.550605", "FunctionName": "GetCurrentDirectoryA", "ModuleName": "kernel32.dll", "Return": "0x13", "Output1": [ "0x40f260", "C:\\Windows\\system32" ], "Status": 0 }
{ "Address": "0x401e3c", "Opcode": "e80f300000", "Opcodesize": 5, "Mnemonic": "call 0x404e50", "PID": 1712, "TID": 1768, "Arguments": [ "Arg1", "IN", "HMODULE", "0x267520", "0x400000", "Arg2", "IN", "LPCTSTR", "0x267524", "NULL", "Arg3", "IN", "LPCTSTR", "0x267528", "NULL", "Arg4", "IN", "WORD", "0x26752c", "0x400" ], "Timesptamp": "00000000.566749", "FunctionName": "FindResourceExA", "ModuleName": "kernel32.dll", "Return": "0x4112f8", "Status": 0 }
{ "Address": "0x401e55", "Opcode": "e8fe2f0000", "Opcodesize": 5, "Mnemonic": "call 0x404e58", "PID": 1712, "TID": 1768, "Arguments": [ "Arg1", "IN", "HMODULE", "0x267520", "0x400000", "Arg2", "IN", "HANDLE", "0x267524", "0x4112f8" ], "Timesptamp": "00000000.576874", "FunctionName": "LoadResource", "ModuleName": "kernel32.dll", "Return": "0x414ea8", "Status": 0 }
{ "Address": "0x401e64", "Opcode": "e8f72f0000", "Opcodesize": 5, "Mnemonic": "call 0x404e60", "PID": 1712, "TID": 1768, "Functionname": "LockResource", "Dllname": "kernel32.dll", "Status": 1 }
{ "Address": "0x40376b", "Opcode": "e888160000", "Opcodesize": 5, "Mnemonic": "call 0x404df8", "PID": 1712, "TID": 1768, "Arguments": [ "Arg1", "IN", "VOID*", "0x267540", "0x40f140", "Arg2", "IN", "ARRAY0", "0x267544", "ARRAY_0x11", "Arg3", "IN", "SIZE_T", "0x267548", "0x11" ], "Timesptamp": "00000000.596828", "FunctionName": "strncpy", "ModuleName": "msvcrt.dll", "Return": "C:\\Users\\lhs\\Exec", "Status": 0 }
{ "Address": "0x403777", "Opcode": "e8dc150000", "Opcodesize": 5, "Mnemonic": "call 0x404d58", "PID": 1712, "TID": 1768, "Arguments": [ "Arg1", "IN", "CHAR*", "0x267540", "C:\\Users\\lhs\\Exec" ], "Timesptamp": "00000000.607540", "FunctionName": "strlen", "ModuleName": "msvcrt.dll", "Return": "0x11", "Status": 0 }
{ "Address": "0x4037a2", "Opcode": "e849160000", "Opcodesize": 5, "Mnemonic": "call 0x404df0", "PID": 1712, "TID": 1768, "Functionname": "_mbscat", "Dllname": "msvcrt.dll", "Status": 1 }
{ "Address": "0x401e3c", "Opcode": "e80f300000", "Opcodesize": 5, "Mnemonic": "call 0x404e50", "PID": 1712, "TID": 1768, "Arguments": [ "Arg1", "IN", "HMODULE", "0x267520", "0x400000", "Arg2", "IN", "LPCTSTR", "0x267524", "NULL", "Arg3", "IN", "LPCTSTR", "0x267528", "NULL", "Arg4", "IN", "WORD", "0x26752c", "0x400" ], "Timesptamp": "00000000.661236", "FunctionName": "FindResourceExA", "ModuleName": "kernel32.dll", "Return": "0x0", "Status": 0 }
{ "Address": "0x401e3c", "Opcode": "e80f300000", "Opcodesize": 5, "Mnemonic": "call 0x404e50", "PID": 1712, "TID": 1768, "Arguments": [ "Arg1", "IN", "HMODULE", "0x267520", "0x400000", "Arg2", "IN", "LPCTSTR", "0x267524", "NULL", "Arg3", "IN", "LPCTSTR", "0x267528", "NULL", "Arg4", "IN", "WORD", "0x26752c", "0x400" ], "Timesptamp": "00000000.681799", "FunctionName": "FindResourceExA", "ModuleName": "kernel32.dll", "Return": "0x4112e8", "Status": 0 }
{ "Address": "0x401e55", "Opcode": "e8fe2f0000", "Opcodesize": 5, "Mnemonic": "call 0x404e58", "PID": 1712, "TID": 1768, "Arguments": [ "Arg1", "IN", "HMODULE", "0x267520", "0x400000", "Arg2", "IN", "HANDLE", "0x267524", "0x4112e8" ], "Timesptamp": "00000000.692200", "FunctionName": "LoadResource", "ModuleName": "kernel32.dll", "Return": "0x414ea0", "Status": 0 }
{ "Address": "0x401e64", "Opcode": "e8f72f0000", "Opcodesize": 5, "Mnemonic": "call 0x404e60", "PID": 1712, "TID": 1768, "Functionname": "LockResource", "Dllname": "kernel32.dll", "Status": 1 }
{ "Address": "0x401e3c", "Opcode": "e80f300000", "Opcodesize": 5, "Mnemonic": "call 0x404e50", "PID": 1712, "TID": 1768, "Arguments": [ "Arg1", "IN", "HMODULE", "0x267520", "0x400000", "Arg2", "IN", "LPCTSTR", "0x267524", "NULL", "Arg3", "IN", "LPCTSTR", "0x267528", "NULL", "Arg4", "IN", "WORD", "0x26752c", "0x400" ], "Timesptamp": "00000000.710566", "FunctionName": "FindResourceExA", "ModuleName": "kernel32.dll", "Return": "0x0", "Status": 0 }
{ "Address": "0x40382e", "Opcode": "e81d160000", "Opcodesize": 5, "Mnemonic": "call 0x404e50", "PID": 1712, "TID": 1768, "Arguments": [ "Arg1", "IN", "HMODULE", "0x267540", "0x400000", "Arg2", "IN", "LPCTSTR", "0x267544", "NULL", "Arg3", "IN", "LPCTSTR", "0x267548", "NULL", "Arg4", "IN", "WORD", "0x26754c", "0x400" ], "Timesptamp": "00000000.731260", "FunctionName": "FindResourceExA", "ModuleName": "kernel32.dll", "Return": "0x411358", "Status": 0 }
{ "Address": "0x40384b", "Opcode": "e808160000", "Opcodesize": 5, "Mnemonic": "call 0x404e58", "PID": 1712, "TID": 1768, "Arguments": [ "Arg1", "IN", "HMODULE", "0x267540", "0x400000", "Arg2", "IN", "HANDLE", "0x267544", "0x411358" ], "Timesptamp": "00000000.741806", "FunctionName": "LoadResource", "ModuleName": "kernel32.dll", "Return": "0x414f18", "Status": 0 }
{ "Address": "0x40385a", "Opcode": "e801160000", "Opcodesize": 5, "Mnemonic": "call 0x404e60", "PID": 1712, "TID": 1768, "Functionname": "LockResource", "Dllname": "kernel32.dll", "Status": 1 }
{ "Address": "0x403879", "Opcode": "e8ca140000", "Opcodesize": 5, "Mnemonic": "call 0x404d48", "PID": 1712, "TID": 1768, "Functionname": "atoi", "Dllname": "msvcrt.dll", "Status": 1 }
{ "Address": "0x4024ee", "Opcode": "e87d2a0000", "Opcodesize": 5, "Mnemonic": "call 0x404f70", "PID": 1712, "TID": 1768, "Arguments": [ "Arg1", "IN", "HKEY", "0x2670c0", "0x80000002", "Arg2", "IN", "LPCTSTR", "0x2670c4", "SOFTWARE\\JavaSoft\\Java Runtime Environment", "Arg3", "IN", "DWORD", "0x2670c8", "0x0", "Arg4", "IN", "REGSAM", "0x2670cc", "0x20119", "Arg5", "OUT", "PHKEY", "0x2670d0", "0x2670d8" ], "Timesptamp": "00000000.776967", "FunctionName": "RegOpenKeyExA", "ModuleName": "advapi32.dll", "Return": "0x2", "Output1": [ "0x2670d8", "0x0" ], "Status": 0 }
{ "Address": "0x402485", "Opcode": "e8e62a0000", "Opcodesize": 5, "Mnemonic": "call 0x404f70", "PID": 1712, "TID": 1768, "Arguments": [ "Arg1", "IN", "HKEY", "0x2670c0", "0x80000002", "Arg2", "IN", "LPCTSTR", "0x2670c4", "SOFTWARE\\JavaSoft\\Java Runtime Environment", "Arg3", "IN", "DWORD", "0x2670c8", "0x0", "Arg4", "IN", "REGSAM", "0x2670cc", "0x20019", "Arg5", "OUT", "PHKEY", "0x2670d0", "0x2670d8" ], "Timesptamp": "00000000.787378", "FunctionName": "RegOpenKeyExA", "ModuleName": "advapi32.dll", "Return": "0x2", "Output1": [ "0x2670d8", "0x0" ], "Status": 0 }
{ "Address": "0x4024ee", "Opcode": "e87d2a0000", "Opcodesize": 5, "Mnemonic": "call 0x404f70", "PID": 1712, "TID": 1768, "Arguments": [ "Arg1", "IN", "HKEY", "0x2670c0", "0x80000002", "Arg2", "IN", "LPCTSTR", "0x2670c4", "SOFTWARE\\JavaSoft\\Java Development Kit", "Arg3", "IN", "DWORD", "0x2670c8", "0x0", "Arg4", "IN", "REGSAM", "0x2670cc", "0x20119", "Arg5", "OUT", "PHKEY", "0x2670d0", "0x2670d8" ], "Timesptamp": "00000000.797698", "FunctionName": "RegOpenKeyExA", "ModuleName": "advapi32.dll", "Return": "0x2", "Output1": [ "0x2670d8", "0x0" ], "Status": 0 }
{ "Address": "0x402485", "Opcode": "e8e62a0000", "Opcodesize": 5, "Mnemonic": "call 0x404f70", "PID": 1712, "TID": 1768, "Arguments": [ "Arg1", "IN", "HKEY", "0x2670c0", "0x80000002", "Arg2", "IN", "LPCTSTR", "0x2670c4", "SOFTWARE\\JavaSoft\\Java Development Kit", "Arg3", "IN", "DWORD", "0x2670c8", "0x0", "Arg4", "IN", "REGSAM", "0x2670cc", "0x20019", "Arg5", "OUT", "PHKEY", "0x2670d0", "0x2670d8" ], "Timesptamp": "00000000.808314", "FunctionName": "RegOpenKeyExA", "ModuleName": "advapi32.dll", "Return": "0x2", "Output1": [ "0x2670d8", "0x0" ], "Status": 0 }
{ "Address": "0x4024ee", "Opcode": "e87d2a0000", "Opcodesize": 5, "Mnemonic": "call 0x404f70", "PID": 1712, "TID": 1768, "Arguments": [ "Arg1", "IN", "HKEY", "0x2670c0", "0x80000002", "Arg2", "IN", "LPCTSTR", "0x2670c4", "SOFTWARE\\IBM\\Java2 Runtime Environment", "Arg3", "IN", "DWORD", "0x2670c8", "0x0", "Arg4", "IN", "REGSAM", "0x2670cc", "0x20119", "Arg5", "OUT", "PHKEY", "0x2670d0", "0x2670d8" ], "Timesptamp": "00000000.818763", "FunctionName": "RegOpenKeyExA", "ModuleName": "advapi32.dll", "Return": "0x2", "Output1": [ "0x2670d8", "0x0" ], "Status": 0 }
{ "Address": "0x402485", "Opcode": "e8e62a0000", "Opcodesize": 5, "Mnemonic": "call 0x404f70", "PID": 1712, "TID": 1768, "Arguments": [ "Arg1", "IN", "HKEY", "0x2670c0", "0x80000002", "Arg2", "IN", "LPCTSTR", "0x2670c4", "SOFTWARE\\IBM\\Java2 Runtime Environment", "Arg3", "IN", "DWORD", "0x2670c8", "0x0", "Arg4", "IN", "REGSAM", "0x2670cc", "0x20019", "Arg5", "OUT", "PHKEY", "0x2670d0", "0x2670d8" ], "Timesptamp": "00000000.829022", "FunctionName": "RegOpenKeyExA", "ModuleName": "advapi32.dll", "Return": "0x2", "Output1": [ "0x2670d8", "0x0" ], "Status": 0 }
{ "Address": "0x4024ee", "Opcode": "e87d2a0000", "Opcodesize": 5, "Mnemonic": "call 0x404f70", "PID": 1712, "TID": 1768, "Arguments": [ "Arg1", "IN", "HKEY", "0x2670c0", "0x80000002", "Arg2", "IN", "LPCTSTR", "0x2670c4", "SOFTWARE\\IBM\\Java Development Kit", "Arg3", "IN", "DWORD", "0x2670c8", "0x0", "Arg4", "IN", "REGSAM", "0x2670cc", "0x20119", "Arg5", "OUT", "PHKEY", "0x2670d0", "0x2670d8" ], "Timesptamp": "00000000.839511", "FunctionName": "RegOpenKeyExA", "ModuleName": "advapi32.dll", "Return": "0x2", "Output1": [ "0x2670d8", "0x0" ], "Status": 0 }
{ "Address": "0x402485", "Opcode": "e8e62a0000", "Opcodesize": 5, "Mnemonic": "call 0x404f70", "PID": 1712, "TID": 1768, "Arguments": [ "Arg1", "IN", "HKEY", "0x2670c0", "0x80000002", "Arg2", "IN", "LPCTSTR", "0x2670c4", "SOFTWARE\\IBM\\Java Development Kit", "Arg3", "IN", "DWORD", "0x2670c8", "0x0", "Arg4", "IN", "REGSAM", "0x2670cc", "0x20019", "Arg5", "OUT", "PHKEY", "0x2670d0", "0x2670d8" ], "Timesptamp": "00000000.849799", "FunctionName": "RegOpenKeyExA", "ModuleName": "advapi32.dll", "Return": "0x2", "Output1": [ "0x2670d8", "0x0" ], "Status": 0 }
{ "Address": "0x401e3c", "Opcode": "e80f300000", "Opcodesize": 5, "Mnemonic": "call 0x404e50", "PID": 1712, "TID": 1768, "Arguments": [ "Arg1", "IN", "HMODULE", "0x267520", "0x400000", "Arg2", "IN", "LPCTSTR", "0x267524", "NULL", "Arg3", "IN", "LPCTSTR", "0x267528", "NULL", "Arg4", "IN", "WORD", "0x26752c", "0x400" ], "Timesptamp": "00000000.860099", "FunctionName": "FindResourceExA", "ModuleName": "kernel32.dll", "Return": "0x4113b8", "Status": 0 }
{ "Address": "0x401e55", "Opcode": "e8fe2f0000", "Opcodesize": 5, "Mnemonic": "call 0x404e58", "PID": 1712, "TID": 1768, "Arguments": [ "Arg1", "IN", "HMODULE", "0x267520", "0x400000", "Arg2", "IN", "HANDLE", "0x267524", "0x4113b8" ], "Timesptamp": "00000000.870565", "FunctionName": "LoadResource", "ModuleName": "kernel32.dll", "Return": "0x414fe0", "Status": 0 }
{ "Address": "0x401e64", "Opcode": "e8f72f0000", "Opcodesize": 5, "Mnemonic": "call 0x404e60", "PID": 1712, "TID": 1768, "Functionname": "LockResource", "Dllname": "kernel32.dll", "Status": 1 }
{ "Address": "0x403a30", "Opcode": "e8bb130000", "Opcodesize": 5, "Mnemonic": "call 0x404df0", "PID": 1712, "TID": 1768, "Functionname": "_mbscat", "Dllname": "msvcrt.dll", "Status": 1 }
{ "Address": "0x401e3c", "Opcode": "e80f300000", "Opcodesize": 5, "Mnemonic": "call 0x404e50", "PID": 1712, "TID": 1768, "Arguments": [ "Arg1", "IN", "HMODULE", "0x267520", "0x400000", "Arg2", "IN", "LPCTSTR", "0x267524", "NULL", "Arg3", "IN", "LPCTSTR", "0x267528", "NULL", "Arg4", "IN", "WORD", "0x26752c", "0x400" ], "Timesptamp": "00000000.899946", "FunctionName": "FindResourceExA", "ModuleName": "kernel32.dll", "Return": "0x411378", "Status": 0 }
{ "Address": "0x401e55", "Opcode": "e8fe2f0000", "Opcodesize": 5, "Mnemonic": "call 0x404e58", "PID": 1712, "TID": 1768, "Arguments": [ "Arg1", "IN", "HMODULE", "0x267520", "0x400000", "Arg2", "IN", "HANDLE", "0x267524", "0x411378" ], "Timesptamp": "00000000.910192", "FunctionName": "LoadResource", "ModuleName": "kernel32.dll", "Return": "0x414f20", "Status": 0 }
{ "Address": "0x401e64", "Opcode": "e8f72f0000", "Opcodesize": 5, "Mnemonic": "call 0x404e60", "PID": 1712, "TID": 1768, "Functionname": "LockResource", "Dllname": "kernel32.dll", "Status": 1 }
{ "Address": "0x401bf6", "Opcode": "e83d320000", "Opcodesize": 5, "Mnemonic": "call 0x404e38", "PID": 1712, "TID": 1768, "Arguments": [ ], "Timesptamp": "00000000.930785", "FunctionName": "GetLastError", "ModuleName": "kernel32.dll", "Return": "0x0", "Status": 0 }
