{ "Address": "0x40215e", "Opcode": "ff159c604000", "Opcodesize": 6, "Mnemonic": "call dword ptr [0x40609c]", "PID": 580, "TID": 1288, "Arguments": [ ], "Timesptamp": "00000000.204874", "FunctionName": "GetVersion", "ModuleName": "kernel32.dll", "Return": "0x1db10106", "Status": 0 }
{ "Address": "0x402d17", "Opcode": "ff15a8604000", "Opcodesize": 6, "Mnemonic": "call dword ptr [0x4060a8]", "PID": 580, "TID": 1288, "Arguments": [ "Arg1", "IN", "DWORD", "0x18ff48", "0x1", "Arg2", "IN", "SIZE_T", "0x18ff4c", "0x1000", "Arg3", "IN", "SIZE_T", "0x18ff50", "0x0" ], "Timesptamp": "00000000.216447", "FunctionName": "HeapCreate", "ModuleName": "kernel32.dll", "Return": "0x2d0000", "Status": 0 }
{ "Address": "0x402d4f", "Opcode": "ff1594604000", "Opcodesize": 6, "Mnemonic": "call dword ptr [0x406094]", "PID": 580, "TID": 1288, "Arguments": [ "Arg1", "IN", "PVOID", "0x18ff44", "0x2d0000", "Arg2", "IN", "ULONG", "0x18ff48", "0x0", "Arg3", "IN", "SIZE_T", "0x18ff4c", "0x140" ], "Timesptamp": "00000000.227773", "FunctionName": "RtlAllocateHeap", "ModuleName": "ntdll.dll", "Return": "0x2d0578", "Status": 0 }
{ "Address": "0x40343b", "Opcode": "ff1594604000", "Opcodesize": 6, "Mnemonic": "call dword ptr [0x406094]", "PID": 580, "TID": 1288, "Arguments": [ "Arg1", "IN", "PVOID", "0x18fea0", "0x2d0000", "Arg2", "IN", "ULONG", "0x18fea4", "0x8", "Arg3", "IN", "SIZE_T", "0x18fea8", "0x41c4" ], "Timesptamp": "00000000.238201", "FunctionName": "RtlAllocateHeap", "ModuleName": "ntdll.dll", "Return": "0x2d06c0", "Status": 0 }
{ "Address": "0x403455", "Opcode": "ff15b0604000", "Opcodesize": 6, "Mnemonic": "call dword ptr [0x4060b0]", "PID": 580, "TID": 1288, "Arguments": [ "Arg1", "IN", "LPVOID", "0x18fe9c", "0x0", "Arg2", "IN", "SIZE_T", "0x18fea0", "0x100000", "Arg3", "IN", "DWORD", "0x18fea4", "0x2000", "Arg4", "IN", "DWORD", "0x18fea8", "0x4" ], "Timesptamp": "00000000.251199", "FunctionName": "VirtualAlloc", "ModuleName": "kernel32.dll", "Return": "0x1ca0000", "Status": 0 }
{ "Address": "0x4034e1", "Opcode": "ff15b0604000", "Opcodesize": 6, "Mnemonic": "call dword ptr [0x4060b0]", "PID": 580, "TID": 1288, "Arguments": [ "Arg1", "IN", "LPVOID", "0x18fe8c", "0x1ca0000", "Arg2", "IN", "SIZE_T", "0x18fe90", "0x8000", "Arg3", "IN", "DWORD", "0x18fe94", "0x1000", "Arg4", "IN", "DWORD", "0x18fe98", "0x4" ], "Timesptamp": "00000000.261729", "FunctionName": "VirtualAlloc", "ModuleName": "kernel32.dll", "Return": "0x1ca0000", "Status": 0 }
{ "Address": "0x403d59", "Opcode": "ff15f0604000", "Opcodesize": 6, "Mnemonic": "call dword ptr [0x4060f0]", "PID": 580, "TID": 1288, "Arguments": [ "Arg1", "OUT", "LPSTARTUPINFOA", "0x18ff00", "0x18ff14" ], "Timesptamp": "00000000.272724", "FunctionName": "GetStartupInfoA", "ModuleName": "kernel32.dll", "Return": "0x18ff14", "Output1": { "field1": [ "0x18ff14", "0x44" ], "field2": [ "0x18ff18", "" ], "field3": [ "0x18ff1c", "winsta0\\default" ], "field4": [ "0x18ff20", "C:\\Users\\lhs\\Exec\\efsdump.exe" ], "field5": [ "0x18ff24", "0x0" ], "field6": [ "0x18ff28", "0x0" ], "field7": [ "0x18ff2c", "0x0" ], "field8": [ "0x18ff30", "0x0" ], "field9": [ "0x18ff34", "0x0" ], "field10": [ "0x18ff38", "0x0" ], "field11": [ "0x18ff3c", "0x0" ], "field12": [ "0x18ff40", "0x1" ], "field13": [ "0x18ff44", "0x7" ], "field14": [ "0x18ff46", "0x0" ], "field15": [ "0x18ff48", "0x0" ], "field16": [ "0x18ff49", "0xff000000" ], "field17": [ "0x18ff4d", "0xffffffff" ], "field18": [ "0x18ff51", "0xffffffff" ] }, "Status": 0 }
{ "Address": "0x403e58", "Opcode": "ff15e8604000", "Opcodesize": 6, "Mnemonic": "call dword ptr [0x4060e8]", "PID": 580, "TID": 1288, "Arguments": [ "Arg1", "IN", "DWORD", "0x18ff00", "0xfffffff6" ], "Timesptamp": "00000000.283545", "FunctionName": "GetStdHandle", "ModuleName": "kernel32.dll", "Return": "0x3", "Status": 0 }
{ "Address": "0x403e66", "Opcode": "ff15ec604000", "Opcodesize": 6, "Mnemonic": "call dword ptr [0x4060ec]", "PID": 580, "TID": 1288, "Arguments": [ "Arg1", "IN", "HANDLE", "0x18ff00", "0x3" ], "Timesptamp": "00000000.309929", "FunctionName": "GetFileType", "ModuleName": "kernel32.dll", "Return": "0x2", "Status": 0 }
{ "Address": "0x403e58", "Opcode": "ff15e8604000", "Opcodesize": 6, "Mnemonic": "call dword ptr [0x4060e8]", "PID": 580, "TID": 1288, "Arguments": [ "Arg1", "IN", "DWORD", "0x18ff00", "0xfffffff5" ], "Timesptamp": "00000000.320365", "FunctionName": "GetStdHandle", "ModuleName": "kernel32.dll", "Return": "0x7", "Status": 0 }
{ "Address": "0x403e66", "Opcode": "ff15ec604000", "Opcodesize": 6, "Mnemonic": "call dword ptr [0x4060ec]", "PID": 580, "TID": 1288, "Arguments": [ "Arg1", "IN", "HANDLE", "0x18ff00", "0x7" ], "Timesptamp": "00000000.330605", "FunctionName": "GetFileType", "ModuleName": "kernel32.dll", "Return": "0x2", "Status": 0 }
{ "Address": "0x403e58", "Opcode": "ff15e8604000", "Opcodesize": 6, "Mnemonic": "call dword ptr [0x4060e8]", "PID": 580, "TID": 1288, "Arguments": [ "Arg1", "IN", "DWORD", "0x18ff00", "0xfffffff4" ], "Timesptamp": "00000000.341704", "FunctionName": "GetStdHandle", "ModuleName": "kernel32.dll", "Return": "0xb", "Status": 0 }
{ "Address": "0x403e66", "Opcode": "ff15ec604000", "Opcodesize": 6, "Mnemonic": "call dword ptr [0x4060ec]", "PID": 580, "TID": 1288, "Arguments": [ "Arg1", "IN", "HANDLE", "0x18ff00", "0xb" ], "Timesptamp": "00000000.354661", "FunctionName": "GetFileType", "ModuleName": "kernel32.dll", "Return": "0x2", "Status": 0 }
{ "Address": "0x403e9d", "Opcode": "ff15e4604000", "Opcodesize": 6, "Mnemonic": "call dword ptr [0x4060e4]", "PID": 580, "TID": 1288, "Arguments": [ "Arg1", "IN", "UINT", "0x18ff00", "0x20" ], "Timesptamp": "00000000.365466", "FunctionName": "SetHandleCount", "ModuleName": "kernel32.dll", "Return": "0x20", "Status": 0 }
{ "Address": "0x403c78", "Opcode": "ffd7", "Opcodesize": 2, "Mnemonic": "call edi", "PID": 580, "TID": 1288, "Arguments": [ ], "Timesptamp": "00000000.375836", "FunctionName": "GetCommandLineW", "ModuleName": "kernel32.dll", "Return": "\\Users\\lhs\\Exec\\efsdump.exe ", "Status": 0 }
{ "Address": "0x403ca1", "Opcode": "ffd7", "Opcodesize": 2, "Mnemonic": "call edi", "PID": 580, "TID": 1288, "Arguments": [ ], "Timesptamp": "00000000.388012", "FunctionName": "GetCommandLineW", "ModuleName": "kernel32.dll", "Return": "\\Users\\lhs\\Exec\\efsdump.exe ", "Status": 0 }
{ "Address": "0x403b10", "Opcode": "ffd7", "Opcodesize": 2, "Mnemonic": "call edi", "PID": 580, "TID": 1288, "Arguments": [ ], "Timesptamp": "00000000.398559", "FunctionName": "GetEnvironmentStringsW", "ModuleName": "kernel32.dll", "Return": "=C:=C:\\Windows\\System32", "Status": 0 }
{ "Address": "0x4020e4", "Opcode": "ff1594604000", "Opcodesize": 6, "Mnemonic": "call dword ptr [0x406094]", "PID": 580, "TID": 1288, "Arguments": [ "Arg1", "IN", "PVOID", "0x18ff18", "0x2d0000", "Arg2", "IN", "ULONG", "0x18ff1c", "0x0", "Arg3", "IN", "SIZE_T", "0x18ff20", "0x9d0" ], "Timesptamp": "00000000.408864", "FunctionName": "RtlAllocateHeap", "ModuleName": "ntdll.dll", "Return": "0x2d4890", "Status": 0 }
{ "Address": "0x403b7c", "Opcode": "ff15d0604000", "Opcodesize": 6, "Mnemonic": "call dword ptr [0x4060d0]", "PID": 580, "TID": 1288, "Functionname": "FreeEnvironmentStringsW", "Dllname": "kernel32.dll", "Status": 1 }
{ "Address": "0x4038dd", "Opcode": "ff15c4604000", "Opcodesize": 6, "Mnemonic": "call dword ptr [0x4060c4]", "PID": 580, "TID": 1288, "Arguments": [ "Arg1", "IN", "HMODULE", "0x18ff38", "0x0", "Arg2", "OUT", "LPWSTR", "0x18ff3c", "0x421e7c", "Arg3", "IN", "DWORD", "0x18ff40", "0x104" ], "Timesptamp": "00000000.430078", "FunctionName": "GetModuleFileNameW", "ModuleName": "kernel32.dll", "Return": "0x1d", "Output1": [ "0x421e7c", "C:\\Users\\lhs\\Exec\\efsdump.exe" ], "Status": 0 }
{ "Address": "0x402113", "Opcode": "ff1598604000", "Opcodesize": 6, "Mnemonic": "call dword ptr [0x406098]", "PID": 580, "TID": 1288, "Functionname": "HeapFree", "Dllname": "kernel32.dll", "Status": 1 }
{ "Address": "0x4046af", "Opcode": "ff1594604000", "Opcodesize": 6, "Mnemonic": "call dword ptr [0x406094]", "PID": 580, "TID": 1288, "Arguments": [ "Arg1", "IN", "PVOID", "0x18ff1c", "0x2d0000", "Arg2", "IN", "ULONG", "0x18ff20", "0x8", "Arg3", "IN", "SIZE_T", "0x18ff24", "0x800" ], "Timesptamp": "00000000.456427", "FunctionName": "RtlAllocateHeap", "ModuleName": "ntdll.dll", "Return": "0x2d4890", "Status": 0 }
{ "Address": "0x4020e4", "Opcode": "ff1594604000", "Opcodesize": 6, "Mnemonic": "call dword ptr [0x406094]", "PID": 580, "TID": 1288, "Arguments": [ "Arg1", "IN", "PVOID", "0x18fad4", "0x2d0000", "Arg2", "IN", "ULONG", "0x18fad8", "0x0", "Arg3", "IN", "SIZE_T", "0x18fadc", "0x1000" ], "Timesptamp": "00000000.468622", "FunctionName": "RtlAllocateHeap", "ModuleName": "ntdll.dll", "Return": "0x2d5098", "Status": 0 }
{ "Address": "0x4048b1", "Opcode": "ff15f8604000", "Opcodesize": 6, "Mnemonic": "call dword ptr [0x4060f8]", "PID": 580, "TID": 1288, "Arguments": [ "Arg1", "IN", "HANDLE", "0x18f698", "0x7", "Arg2", "IN", "ARRAY0", "0x18f69c", "ARRAY_0x20", "Arg3", "IN", "DWORD", "0x18f6a0", "0x20", "Arg4", "OUT", "LPDWORD", "0x18f6a4", "0x18fac0", "Arg5", "OUT", "LPOVERLAPPED", "0x18f6a8", "0x0" ], "Timesptamp": "00000000.476438", "FunctionName": "WriteFile", "ModuleName": "kernel32.dll", "Return": "TRUE", "Output1": [ "0x18fac0", "0x20" ], "Status": 0 }
{ "Address": "0x4048b1", "Opcode": "ff15f8604000", "Opcodesize": 6, "Mnemonic": "call dword ptr [0x4060f8]", "PID": 580, "TID": 1288, "Arguments": [ "Arg1", "IN", "HANDLE", "0x18f694", "0x7", "Arg2", "IN", "ARRAY0", "0x18f698", "ARRAY_0x25", "Arg3", "IN", "DWORD", "0x18f69c", "0x25", "Arg4", "OUT", "LPDWORD", "0x18f6a0", "0x18fabc", "Arg5", "OUT", "LPOVERLAPPED", "0x18f6a4", "0x0" ], "Timesptamp": "00000000.486445", "FunctionName": "WriteFile", "ModuleName": "kernel32.dll", "Return": "TRUE", "Output1": [ "0x18fabc", "0x25" ], "Status": 0 }
{ "Address": "0x4048b1", "Opcode": "ff15f8604000", "Opcodesize": 6, "Mnemonic": "call dword ptr [0x4060f8]", "PID": 580, "TID": 1288, "Arguments": [ "Arg1", "IN", "HANDLE", "0x18f690", "0x7", "Arg2", "IN", "ARRAY0", "0x18f694", "ARRAY_0x33", "Arg3", "IN", "DWORD", "0x18f698", "0x33", "Arg4", "OUT", "LPDWORD", "0x18f69c", "0x18fab8", "Arg5", "OUT", "LPOVERLAPPED", "0x18f6a0", "0x0" ], "Timesptamp": "00000000.494147", "FunctionName": "WriteFile", "ModuleName": "kernel32.dll", "Return": "TRUE", "Output1": [ "0x18fab8", "0x33" ], "Status": 0 }
{ "Address": "0x4018ca", "Opcode": "ff151c604000", "Opcodesize": 6, "Mnemonic": "call dword ptr [0x40601c]", "PID": 580, "TID": 1288, "Arguments": [ "Arg1", "IN", "HKEY", "0x18f8f0", "0x80000001", "Arg2", "IN", "LPCWSTR", "0x18f8f4", "Software\\Sysinternals\\EFSDump", "Arg3", "OUT", "PHKEY", "0x18f8f8", "0x18f904" ], "Timesptamp": "00000000.505859", "FunctionName": "RegCreateKeyW", "ModuleName": "advapi32.dll", "Return": "0x0", "Output1": [ "0x18f904", "0x90" ], "Status": 0 }
{ "Address": "0x4018f2", "Opcode": "ff1500604000", "Opcodesize": 6, "Mnemonic": "call dword ptr [0x406000]", "PID": 580, "TID": 1288, "Arguments": [ "Arg1", "IN", "HKEY", "0x18f8e4", "0x90", "Arg2", "IN", "LPCWSTR", "0x18f8e8", "EulaAccepted", "Arg3", "IN", "LPDWORD", "0x18f8ec", "0x0", "Arg4", "OUT", "LPDWORD", "0x18f8f0", "0x0", "Arg5", "OUT", "BUFFER3", "0x18f8f4", "0x18f900", "Arg6", "OUT", "LPDWORD", "0x18f8f8", "0x18f908" ], "Timesptamp": "00000000.522123", "FunctionName": "RegQueryValueExW", "ModuleName": "advapi32.dll", "Return": "0x2", "Output1": [ ], "Output2": [ "0x18f908", "0x4" ], "Status": 0 }
{ "Address": "0x40190b", "Opcode": "ff1570604000", "Opcodesize": 6, "Mnemonic": "call dword ptr [0x406070]", "PID": 580, "TID": 1288, "Arguments": [ "Arg1", "IN", "UINT", "0x18f8ec", "0x40", "Arg2", "IN", "SIZE_T", "0x18f8f0", "0x3e8" ], "Timesptamp": "00000000.532950", "FunctionName": "LocalAlloc", "ModuleName": "kernel32.dll", "Return": "0x5f4ac8", "Status": 0 }
{ "Address": "0x40191b", "Opcode": "ff1574604000", "Opcodesize": 6, "Mnemonic": "call dword ptr [0x406074]", "PID": 580, "TID": 1288, "Arguments": [ "Arg1", "IN", "LPCWSTR", "0x18f8f0", "Riched32.dll" ], "Timesptamp": "00000000.543877", "FunctionName": "LoadLibraryW", "ModuleName": "kernel32.dll", "Return": "0x743d0000", "Status": 0 }
{ "Address": "0x4020e4", "Opcode": "ff1594604000", "Opcodesize": 6, "Mnemonic": "call dword ptr [0x406094]", "PID": 580, "TID": 1288, "Arguments": [ "Arg1", "IN", "PVOID", "0x18f324", "0x2d0000", "Arg2", "IN", "ULONG", "0x18f328", "0x0", "Arg3", "IN", "SIZE_T", "0x18f32c", "0x1ad10" ], "Timesptamp": "00000000.972855", "FunctionName": "RtlAllocateHeap", "ModuleName": "ntdll.dll", "Return": "0x2690048", "Status": 0 }
{ "Address": "0x401c42", "Opcode": "ff1520614000", "Opcodesize": 6, "Mnemonic": "call dword ptr [0x406120]", "PID": 580, "TID": 1288, "Functionname": "SetWindowTextW", "Dllname": "user32.dll", "Status": 1 }
{ "Address": "0x401c60", "Opcode": "ffd3", "Opcodesize": 2, "Mnemonic": "call ebx", "PID": 580, "TID": 1288, "Functionname": "GetDlgItem", "Dllname": "user32.dll", "Status": 1 }
{ "Address": "0x401c69", "Opcode": "ffd5", "Opcodesize": 2, "Mnemonic": "call ebp", "PID": 580, "TID": 1288, "Arguments": [ "Arg1", "IN", "HWND", "0x18f358", "0x1015a", "Arg2", "IN", "UINT", "0x18f35c", "0x435", "Arg3", "IN", "WPARAM", "0x18f360", "0x0", "Arg4", "IN", "LPARAM", "0x18f364", "0x100000" ], "Timesptamp": "00000001.035766", "FunctionName": "SendMessageW", "ModuleName": "user32.dll", "Return": "0x0", "Status": 0 }
{ "Address": "0x401c7d", "Opcode": "ffd3", "Opcodesize": 2, "Mnemonic": "call ebx", "PID": 580, "TID": 1288, "Functionname": "GetDlgItem", "Dllname": "user32.dll", "Status": 1 }
{ "Address": "0x401c80", "Opcode": "ffd5", "Opcodesize": 2, "Mnemonic": "call ebp", "PID": 580, "TID": 1288, "Arguments": [ "Arg1", "IN", "HWND", "0x18f358", "0x1015a", "Arg2", "IN", "UINT", "0x18f35c", "0x449", "Arg3", "IN", "WPARAM", "0x18f360", "0x2", "Arg4", "IN", "LPARAM", "0x18f364", "0x18f37c" ], "Timesptamp": "00000001.059782", "FunctionName": "SendMessageW", "ModuleName": "user32.dll", "Return": "0x18f37c", "Status": 0 }
{ "Address": "0x402113", "Opcode": "ff1598604000", "Opcodesize": 6, "Mnemonic": "call dword ptr [0x406098]", "PID": 580, "TID": 1288, "Functionname": "HeapFree", "Dllname": "kernel32.dll", "Status": 1 }
