{ "Address": "0x11e4e2e", "Opcode": "ff1568701e01", "Opcodesize": 6, "Mnemonic": "call dword ptr [0x11e7068]", "PID": 2052, "TID": 2056, "Arguments": [ "Arg1", "OUT", "LPFILETIME", "0x16f7e4", "0x16f7f8" ], "Timesptamp": "00000000.149326", "FunctionName": "GetSystemTimeAsFileTime", "ModuleName": "kernel32.dll", "Return": "0x1daddab", "Output1": { "field1": [ "0x16f7f8", "0xcae77720" ], "field2": [ "0x16f7fc", "0x1daddab" ] }, "Status": 0 }
{ "Address": "0x11e4e3d", "Opcode": "ff1560701e01", "Opcodesize": 6, "Mnemonic": "call dword ptr [0x11e7060]", "PID": 2052, "TID": 2056, "Arguments": [ ], "Timesptamp": "00000000.172083", "FunctionName": "GetCurrentProcessId", "ModuleName": "kernel32.dll", "Return": "0x804", "Status": 0 }
{ "Address": "0x11e4e46", "Opcode": "ff1564701e01", "Opcodesize": 6, "Mnemonic": "call dword ptr [0x11e7064]", "PID": 2052, "TID": 2056, "Arguments": [ ], "Timesptamp": "00000000.182618", "FunctionName": "GetCurrentThreadId", "ModuleName": "kernel32.dll", "Return": "0x808", "Status": 0 }
{ "Address": "0x11e4e4f", "Opcode": "ff156c701e01", "Opcodesize": 6, "Mnemonic": "call dword ptr [0x11e706c]", "PID": 2052, "TID": 2056, "Arguments": [ ], "Timesptamp": "00000000.193197", "FunctionName": "GetTickCount", "ModuleName": "kernel32.dll", "Return": "0x51eb6", "Status": 0 }
{ "Address": "0x11e4e64", "Opcode": "ff155c701e01", "Opcodesize": 6, "Mnemonic": "call dword ptr [0x11e705c]", "PID": 2052, "TID": 2056, "Arguments": [ "Arg1", "OUT", "LARGE_INTEGER*", "0x16f7e4", "0x16f7f0" ], "Timesptamp": "00000000.203675", "FunctionName": "QueryPerformanceCounter", "ModuleName": "kernel32.dll", "Return": "TRUE", "Output1": { "field1": [ "0x16f7f0", "0xf08aa82b" ], "field2": [ "0x16f7f4", "0x5" ], "field3": [ "0x16f7f8", "0x1daddabcae77720" ] }, "Status": 0 }
{ "Address": "0x11e4c4f", "Opcode": "ff1558701e01", "Opcodesize": 6, "Mnemonic": "call dword ptr [0x11e7058]", "PID": 2052, "TID": 2056, "Arguments": [ "Arg1", "IN", "LPCTSTR", "0x16f7b4", "\"\"" ], "Timesptamp": "00000000.215017", "FunctionName": "GetModuleHandleA", "ModuleName": "kernel32.dll", "Return": "0x11e0000", "Status": 0 }
{ "Address": "0x11e4890", "Opcode": "ff15f4701e01", "Opcodesize": 6, "Mnemonic": "call dword ptr [0x11e70f4]", "PID": 2052, "TID": 2056, "Arguments": [ ], "Timesptamp": "00000000.236122", "FunctionName": "__p__fmode", "ModuleName": "msvcrt.dll", "Return": "0x762331f4", "Status": 0 }
{ "Address": "0x11e489e", "Opcode": "ff15cc701e01", "Opcodesize": 6, "Mnemonic": "call dword ptr [0x11e70cc]", "PID": 2052, "TID": 2056, "Arguments": [ ], "Timesptamp": "00000000.312695", "FunctionName": "__p__commode", "ModuleName": "msvcrt.dll", "Return": "0x762331fc", "Status": 0 }
{ "Address": "0x11e4ea9", "Opcode": "ff1514711e01", "Opcodesize": 6, "Mnemonic": "call dword ptr [0x11e7114]", "PID": 2052, "TID": 2056, "Functionname": "_controlfp", "Dllname": "msvcrt.dll", "Status": 1 }
{ "Address": "0x11e4bbf", "Opcode": "ff1554701e01", "Opcodesize": 6, "Mnemonic": "call dword ptr [0x11e7054]", "PID": 2052, "TID": 2056, "Arguments": [ "Arg1", "IN", "DWORD", "0x16f7c0", "0x11e4b72" ], "Timesptamp": "00000000.333561", "FunctionName": "SetUnhandledExceptionFilter", "ModuleName": "kernel32.dll", "Return": "0x0", "Status": 0 }
{ "Address": "0x11e49b1", "Opcode": "e802050000", "Opcodesize": 5, "Mnemonic": "call 0x11e4eb8", "PID": 2052, "TID": 2056, "Functionname": "_initterm", "Dllname": "msvcrt.dll", "Status": 1 }
{ "Address": "0x11e48f7", "Opcode": "ff15d4701e01", "Opcodesize": 6, "Mnemonic": "call dword ptr [0x11e70d4]", "PID": 2052, "TID": 2056, "Functionname": "__getmainargs", "Dllname": "msvcrt.dll", "Status": 1 }
{ "Address": "0x11e4ae2", "Opcode": "ff150c711e01", "Opcodesize": 6, "Mnemonic": "call dword ptr [0x11e710c]", "PID": 2052, "TID": 2056, "Functionname": "_onexit", "Dllname": "msvcrt.dll", "Status": 1 }
{ "Address": "0x11e47fa", "Opcode": "ff1530701e01", "Opcodesize": 6, "Mnemonic": "call dword ptr [0x11e7030]", "PID": 2052, "TID": 2056, "Arguments": [ "Arg1", "OUT", "LPOSVERSIONINFOA", "0x16f198", "0x11e63a8" ], "Timesptamp": "00000000.408017", "FunctionName": "GetVersionExA", "ModuleName": "kernel32.dll", "Return": "TRUE", "Output1": { "field1": [ "0x11e63a8", "0x9c" ], "field2": [ "0x11e63ac", "0x6" ], "field3": [ "0x11e63b0", "0x1" ], "field4": [ "0x11e63b4", "0x1db1" ], "field5": [ "0x11e63b8", "0x2" ], "field6": [ "0x11e63bc", "Service Pack 1" ] }, "Status": 0 }
{ "Address": "0x11e320e", "Opcode": "ff15e8701e01", "Opcodesize": 6, "Mnemonic": "call dword ptr [0x11e70e8]", "PID": 2052, "TID": 2056, "Functionname": "rand_s", "Dllname": "msvcrt.dll", "Status": 1 }
{ "Address": "0x11e323a", "Opcode": "ff1514701e01", "Opcodesize": 6, "Mnemonic": "call dword ptr [0x11e7014]", "PID": 2052, "TID": 2056, "Arguments": [ "Arg1", "IN", "LPVOID", "0x16f190", "0x0", "Arg2", "IN", "SIZE_T", "0x16f194", "0x10000", "Arg3", "IN", "DWORD", "0x16f198", "0x2000", "Arg4", "IN", "DWORD", "0x16f19c", "0x1" ], "Timesptamp": "00000000.433053", "FunctionName": "VirtualAlloc", "ModuleName": "kernel32.dll", "Return": "0x80000", "Status": 0 }
{ "Address": "0x11e4a1a", "Opcode": "ff15dc701e01", "Opcodesize": 6, "Mnemonic": "call dword ptr [0x11e70dc]", "PID": 2052, "TID": 2056, "Arguments": [ "Arg1", "IN", "INT", "0x16f7d8", "0x0" ], "Timesptamp": "00000000.471109", "FunctionName": "exit", "ModuleName": "msvcrt.dll" }
