{ "Address": "0xc251d4", "Opcode": "ff15b8b0c200", "Opcodesize": 6, "Mnemonic": "call dword ptr [0xc2b0b8]", "PID": 280, "TID": 264, "Arguments": [ "Arg1", "OUT", "LPFILETIME", "0x2dfe04", "0x2dfe1c" ], "Timesptamp": "00000000.114581", "FunctionName": "GetSystemTimeAsFileTime", "ModuleName": "kernel32.dll", "Return": "0x1daddab", "Output1": { "field1": [ "0x2dfe1c", "0xcb066900" ], "field2": [ "0x2dfe20", "0x1daddab" ] }, "Status": 0 }
{ "Address": "0xc251e0", "Opcode": "ff15b4b0c200", "Opcodesize": 6, "Mnemonic": "call dword ptr [0xc2b0b4]", "PID": 280, "TID": 264, "Arguments": [ ], "Timesptamp": "00000000.121511", "FunctionName": "GetCurrentProcessId", "ModuleName": "kernel32.dll", "Return": "0x118", "Status": 0 }
{ "Address": "0xc22540", "Opcode": "ff1518b0c200", "Opcodesize": 6, "Mnemonic": "call dword ptr [0xc2b018]", "PID": 280, "TID": 264, "Arguments": [ "Arg1", "IN", "HANDLE", "0x2dfde4", "0x0", "Arg2", "IN", "HEAP_INFORMATION_CLASS", "0x2dfde8", "0x1", "Arg3", "IN", "PVOID", "0x2dfdec", "0x0", "Arg4", "IN", "SIZE_T", "0x2dfdf0", "0x0" ], "Timesptamp": "00000000.257892", "FunctionName": "HeapSetInformation", "ModuleName": "kernel32.dll", "Return": "TRUE", "Status": 0 }
{ "Address": "0xc25188", "Opcode": "ff15a8b0c200", "Opcodesize": 6, "Mnemonic": "call dword ptr [0xc2b0a8]", "PID": 280, "TID": 264, "Arguments": [ "Arg1", "IN", "DWORD", "0x2dfde4", "0x0", "Arg2", "IN", "SIZE_T", "0x2dfde8", "0x1000", "Arg3", "IN", "SIZE_T", "0x2dfdec", "0x0" ], "Timesptamp": "00000000.264605", "FunctionName": "HeapCreate", "ModuleName": "kernel32.dll", "Return": "0x5b0000", "Status": 0 }
{ "Address": "0xc2500c", "Opcode": "ff1558b0c200", "Opcodesize": 6, "Mnemonic": "call dword ptr [0xc2b058]", "PID": 280, "TID": 264, "Arguments": [ "Arg1", "IN", "LPCWSTR", "0x2dfde8", "KERNEL32.DLL" ], "Timesptamp": "00000000.273492", "FunctionName": "GetModuleHandleW", "ModuleName": "kernel32.dll", "Return": "0x74f10000", "Status": 0 }
{ "Address": "0xc2502e", "Opcode": "ffd6", "Opcodesize": 2, "Mnemonic": "call esi", "PID": 280, "TID": 264, "Arguments": [ "Arg1", "IN", "HMODULE", "0x2dfde0", "0x74f10000", "Arg2", "IN", "LPCSTR", "0x2dfde4", "FlsAlloc" ], "Timesptamp": "00000000.279983", "FunctionName": "GetProcAddress", "ModuleName": "kernel32.dll", "Return": "0x74f24f2b", "Status": 0 }
{ "Address": "0xc2503b", "Opcode": "ffd6", "Opcodesize": 2, "Mnemonic": "call esi", "PID": 280, "TID": 264, "Arguments": [ "Arg1", "IN", "HMODULE", "0x2dfde0", "0x74f10000", "Arg2", "IN", "LPCSTR", "0x2dfde4", "FlsGetValue" ], "Timesptamp": "00000000.286479", "FunctionName": "GetProcAddress", "ModuleName": "kernel32.dll", "Return": "0x74f21252", "Status": 0 }
{ "Address": "0xc25048", "Opcode": "ffd6", "Opcodesize": 2, "Mnemonic": "call esi", "PID": 280, "TID": 264, "Arguments": [ "Arg1", "IN", "HMODULE", "0x2dfde0", "0x74f10000", "Arg2", "IN", "LPCSTR", "0x2dfde4", "FlsSetValue" ], "Timesptamp": "00000000.292784", "FunctionName": "GetProcAddress", "ModuleName": "kernel32.dll", "Return": "0x74f24208", "Status": 0 }
{ "Address": "0xc26955", "Opcode": "ff1544b0c200", "Opcodesize": 6, "Mnemonic": "call dword ptr [0xc2b044]", "PID": 280, "TID": 264, "Functionname": "RtlEncodePointer", "Dllname": "ntdll.dll", "Status": 1 }
{ "Address": "0xc250db", "Opcode": "ffd6", "Opcodesize": 2, "Mnemonic": "call esi", "PID": 280, "TID": 264, "Functionname": "RtlEncodePointer", "Dllname": "ntdll.dll", "Status": 1 }
{ "Address": "0xc250e8", "Opcode": "ffd6", "Opcodesize": 2, "Mnemonic": "call esi", "PID": 280, "TID": 264, "Functionname": "RtlEncodePointer", "Dllname": "ntdll.dll", "Status": 1 }
{ "Address": "0xc250f5", "Opcode": "ffd6", "Opcodesize": 2, "Mnemonic": "call esi", "PID": 280, "TID": 264, "Functionname": "RtlEncodePointer", "Dllname": "ntdll.dll", "Status": 1 }
{ "Address": "0xc25102", "Opcode": "ffd6", "Opcodesize": 2, "Mnemonic": "call esi", "PID": 280, "TID": 264, "Functionname": "RtlEncodePointer", "Dllname": "ntdll.dll", "Status": 1 }
{ "Address": "0xc25268", "Opcode": "ff1578b0c200", "Opcodesize": 6, "Mnemonic": "call dword ptr [0xc2b078]", "PID": 280, "TID": 264, "Functionname": "InitializeCriticalSectionAndSpinCount", "Dllname": "kernel32.dll", "Status": 1 }
{ "Address": "0xc24a87", "Opcode": "ff1580b0c200", "Opcodesize": 6, "Mnemonic": "call dword ptr [0xc2b080]", "PID": 280, "TID": 264, "Arguments": [ "Arg1", "OUT", "LPSTARTUPINFOW", "0x2dfd98", "0x2dfda0" ], "Timesptamp": "00000000.352927", "FunctionName": "GetStartupInfoW", "ModuleName": "kernel32.dll", "Return": "0x2dfda0", "Output1": { "field1": [ "0x2dfda0", "0x44" ], "field2": [ "NULL" ], "field3": [ "0x2dfda8", "winsta0\\default" ], "field4": [ "0x2dfdac", "C:\\Users\\lhs\\Exec\\FileAssociation.exe" ], "field5": [ "0x2dfdb0", "0x0" ], "field6": [ "0x2dfdb4", "0x0" ], "field7": [ "0x2dfdb8", "0x0" ], "field8": [ "0x2dfdbc", "0x0" ], "field9": [ "0x2dfdc0", "0x0" ], "field10": [ "0x2dfdc4", "0x0" ], "field11": [ "0x2dfdc8", "0x0" ], "field12": [ "0x2dfdcc", "0x1" ], "field13": [ "0x2dfdd0", "0x7" ], "field14": [ "0x2dfdd2", "0x0" ], "field15": [ "0x2dfdd4", "0x0" ], "field16": [ "0x2dfdd5", "0x29000000" ], "field17": [ "0x2dfdd9", "0x6200c24e" ], "field18": [ "0x2dfddd", "0xd000c251" ] }, "Status": 0 }
{ "Address": "0xc2737a", "Opcode": "ff1534b0c200", "Opcodesize": 6, "Mnemonic": "call dword ptr [0xc2b034]", "PID": 280, "TID": 264, "Arguments": [ "Arg1", "IN", "PVOID", "0x2dfd60", "0x5b0000", "Arg2", "IN", "ULONG", "0x2dfd64", "0x8", "Arg3", "IN", "SIZE_T", "0x2dfd68", "0x800" ], "Timesptamp": "00000000.360518", "FunctionName": "RtlAllocateHeap", "ModuleName": "ntdll.dll", "Return": "0x5b09f0", "Status": 0 }
{ "Address": "0xc24c44", "Opcode": "ff1564b0c200", "Opcodesize": 6, "Mnemonic": "call dword ptr [0xc2b064]", "PID": 280, "TID": 264, "Arguments": [ "Arg1", "IN", "DWORD", "0x2dfd90", "0xfffffff6" ], "Timesptamp": "00000000.367083", "FunctionName": "GetStdHandle", "ModuleName": "kernel32.dll", "Return": "0x3", "Status": 0 }
{ "Address": "0xc24c56", "Opcode": "ff157cb0c200", "Opcodesize": 6, "Mnemonic": "call dword ptr [0xc2b07c]", "PID": 280, "TID": 264, "Arguments": [ "Arg1", "IN", "HANDLE", "0x2dfd90", "0x3" ], "Timesptamp": "00000000.373478", "FunctionName": "GetFileType", "ModuleName": "kernel32.dll", "Return": "0x2", "Status": 0 }
{ "Address": "0xc24c84", "Opcode": "ff1578b0c200", "Opcodesize": 6, "Mnemonic": "call dword ptr [0xc2b078]", "PID": 280, "TID": 264, "Functionname": "InitializeCriticalSectionAndSpinCount", "Dllname": "kernel32.dll", "Status": 1 }
{ "Address": "0xc24c44", "Opcode": "ff1564b0c200", "Opcodesize": 6, "Mnemonic": "call dword ptr [0xc2b064]", "PID": 280, "TID": 264, "Arguments": [ "Arg1", "IN", "DWORD", "0x2dfd90", "0xfffffff5" ], "Timesptamp": "00000000.386282", "FunctionName": "GetStdHandle", "ModuleName": "kernel32.dll", "Return": "0x7", "Status": 0 }
{ "Address": "0xc225ca", "Opcode": "ff1514b0c200", "Opcodesize": 6, "Mnemonic": "call dword ptr [0xc2b014]", "PID": 280, "TID": 264, "Arguments": [ ], "Timesptamp": "00000000.402383", "FunctionName": "GetCommandLineW", "ModuleName": "kernel32.dll", "Return": "\\Users\\lhs\\Exec\\FileAssociation.exe ", "Status": 0 }
{ "Address": "0xc24a25", "Opcode": "ff1570b0c200", "Opcodesize": 6, "Mnemonic": "call dword ptr [0xc2b070]", "PID": 280, "TID": 264, "Arguments": [ ], "Timesptamp": "00000000.410382", "FunctionName": "GetEnvironmentStringsW", "ModuleName": "kernel32.dll", "Return": "=C:=C:\\Windows\\System32", "Status": 0 }
{ "Address": "0xc22886", "Opcode": "ff1534b0c200", "Opcodesize": 6, "Mnemonic": "call dword ptr [0xc2b034]", "PID": 280, "TID": 264, "Arguments": [ "Arg1", "IN", "PVOID", "0x2dfdac", "0x5b0000", "Arg2", "IN", "ULONG", "0x2dfdb0", "0x0", "Arg3", "IN", "SIZE_T", "0x2dfdb4", "0x9cc" ], "Timesptamp": "00000000.416023", "FunctionName": "RtlAllocateHeap", "ModuleName": "ntdll.dll", "Return": "0x5b11f8", "Status": 0 }
{ "Address": "0xc24a61", "Opcode": "ff156cb0c200", "Opcodesize": 6, "Mnemonic": "call dword ptr [0xc2b06c]", "PID": 280, "TID": 264, "Functionname": "FreeEnvironmentStringsW", "Dllname": "kernel32.dll", "Status": 1 }
{ "Address": "0xc24994", "Opcode": "ff1568b0c200", "Opcodesize": 6, "Mnemonic": "call dword ptr [0xc2b068]", "PID": 280, "TID": 264, "Arguments": [ "Arg1", "IN", "HMODULE", "0x2dfdcc", "0x0", "Arg2", "OUT", "LPWSTR", "0x2dfdd0", "0xc30860", "Arg3", "IN", "DWORD", "0x2dfdd4", "0x104" ], "Timesptamp": "00000000.429061", "FunctionName": "GetModuleFileNameW", "ModuleName": "kernel32.dll", "Return": "0x25", "Output1": [ "0xc30860", "C:\\Users\\lhs\\Exec\\FileAssociation.exe" ], "Status": 0 }
{ "Address": "0xc22886", "Opcode": "ff1534b0c200", "Opcodesize": 6, "Mnemonic": "call dword ptr [0xc2b034]", "PID": 280, "TID": 264, "Arguments": [ "Arg1", "IN", "PVOID", "0x2dfda0", "0x5b0000", "Arg2", "IN", "ULONG", "0x2dfda4", "0x0", "Arg3", "IN", "SIZE_T", "0x2dfda8", "0x50" ], "Timesptamp": "00000000.435514", "FunctionName": "RtlAllocateHeap", "ModuleName": "ntdll.dll", "Return": "0x5b1bd0", "Status": 0 }
{ "Address": "0xc2737a", "Opcode": "ff1534b0c200", "Opcodesize": 6, "Mnemonic": "call dword ptr [0xc2b034]", "PID": 280, "TID": 264, "Arguments": [ "Arg1", "IN", "PVOID", "0x2dfda8", "0x5b0000", "Arg2", "IN", "ULONG", "0x2dfdac", "0x8", "Arg3", "IN", "SIZE_T", "0x2dfdb0", "0x88" ], "Timesptamp": "00000000.445132", "FunctionName": "RtlAllocateHeap", "ModuleName": "ntdll.dll", "Return": "0x5b1c28", "Status": 0 }
{ "Address": "0xc2737a", "Opcode": "ff1534b0c200", "Opcodesize": 6, "Mnemonic": "call dword ptr [0xc2b034]", "PID": 280, "TID": 264, "Arguments": [ "Arg1", "IN", "PVOID", "0x2dfda8", "0x5b0000", "Arg2", "IN", "ULONG", "0x2dfdac", "0x8", "Arg3", "IN", "SIZE_T", "0x2dfdb0", "0x3e" ], "Timesptamp": "00000000.451428", "FunctionName": "RtlAllocateHeap", "ModuleName": "ntdll.dll", "Return": "0x5b1cb8", "Status": 0 }
{ "Address": "0xc2737a", "Opcode": "ff1534b0c200", "Opcodesize": 6, "Mnemonic": "call dword ptr [0xc2b034]", "PID": 280, "TID": 264, "Arguments": [ "Arg1", "IN", "PVOID", "0x2dfda8", "0x5b0000", "Arg2", "IN", "ULONG", "0x2dfdac", "0x8", "Arg3", "IN", "SIZE_T", "0x2dfdb0", "0x82" ], "Timesptamp": "00000000.457888", "FunctionName": "RtlAllocateHeap", "ModuleName": "ntdll.dll", "Return": "0x5b1d00", "Status": 0 }
{ "Address": "0xc2737a", "Opcode": "ff1534b0c200", "Opcodesize": 6, "Mnemonic": "call dword ptr [0xc2b034]", "PID": 280, "TID": 264, "Arguments": [ "Arg1", "IN", "PVOID", "0x2dfda8", "0x5b0000", "Arg2", "IN", "ULONG", "0x2dfdac", "0x8", "Arg3", "IN", "SIZE_T", "0x2dfdb0", "0x6e" ], "Timesptamp": "00000000.464176", "FunctionName": "RtlAllocateHeap", "ModuleName": "ntdll.dll", "Return": "0x5b1d90", "Status": 0 }
{ "Address": "0xc2737a", "Opcode": "ff1534b0c200", "Opcodesize": 6, "Mnemonic": "call dword ptr [0xc2b034]", "PID": 280, "TID": 264, "Arguments": [ "Arg1", "IN", "PVOID", "0x2dfda8", "0x5b0000", "Arg2", "IN", "ULONG", "0x2dfdac", "0x8", "Arg3", "IN", "SIZE_T", "0x2dfdb0", "0x78" ], "Timesptamp": "00000000.470599", "FunctionName": "RtlAllocateHeap", "ModuleName": "ntdll.dll", "Return": "0x5b1e08", "Status": 0 }
{ "Address": "0xc2737a", "Opcode": "ff1534b0c200", "Opcodesize": 6, "Mnemonic": "call dword ptr [0xc2b034]", "PID": 280, "TID": 264, "Arguments": [ "Arg1", "IN", "PVOID", "0x2dfda8", "0x5b0000", "Arg2", "IN", "ULONG", "0x2dfdac", "0x8", "Arg3", "IN", "SIZE_T", "0x2dfdb0", "0x62" ], "Timesptamp": "00000000.476898", "FunctionName": "RtlAllocateHeap", "ModuleName": "ntdll.dll", "Return": "0x5b1e88", "Status": 0 }
{ "Address": "0xc2737a", "Opcode": "ff1534b0c200", "Opcodesize": 6, "Mnemonic": "call dword ptr [0xc2b034]", "PID": 280, "TID": 264, "Arguments": [ "Arg1", "IN", "PVOID", "0x2dfda8", "0x5b0000", "Arg2", "IN", "ULONG", "0x2dfdac", "0x8", "Arg3", "IN", "SIZE_T", "0x2dfdb0", "0x2a" ], "Timesptamp": "00000000.483193", "FunctionName": "RtlAllocateHeap", "ModuleName": "ntdll.dll", "Return": "0x5b1ef8", "Status": 0 }
{ "Address": "0xc2737a", "Opcode": "ff1534b0c200", "Opcodesize": 6, "Mnemonic": "call dword ptr [0xc2b034]", "PID": 280, "TID": 264, "Arguments": [ "Arg1", "IN", "PVOID", "0x2dfda8", "0x5b0000", "Arg2", "IN", "ULONG", "0x2dfdac", "0x8", "Arg3", "IN", "SIZE_T", "0x2dfdb0", "0x48" ], "Timesptamp": "00000000.491389", "FunctionName": "RtlAllocateHeap", "ModuleName": "ntdll.dll", "Return": "0x5b1f30", "Status": 0 }
{ "Address": "0xc2737a", "Opcode": "ff1534b0c200", "Opcodesize": 6, "Mnemonic": "call dword ptr [0xc2b034]", "PID": 280, "TID": 264, "Arguments": [ "Arg1", "IN", "PVOID", "0x2dfda8", "0x5b0000", "Arg2", "IN", "ULONG", "0x2dfdac", "0x8", "Arg3", "IN", "SIZE_T", "0x2dfdb0", "0x28" ], "Timesptamp": "00000000.497699", "FunctionName": "RtlAllocateHeap", "ModuleName": "ntdll.dll", "Return": "0x5b1f80", "Status": 0 }
{ "Address": "0xc2737a", "Opcode": "ff1534b0c200", "Opcodesize": 6, "Mnemonic": "call dword ptr [0xc2b034]", "PID": 280, "TID": 264, "Arguments": [ "Arg1", "IN", "PVOID", "0x2dfda8", "0x5b0000", "Arg2", "IN", "ULONG", "0x2dfdac", "0x8", "Arg3", "IN", "SIZE_T", "0x2dfdb0", "0x88" ], "Timesptamp": "00000000.504299", "FunctionName": "RtlAllocateHeap", "ModuleName": "ntdll.dll", "Return": "0x5b1fb0", "Status": 0 }
{ "Address": "0xc2737a", "Opcode": "ff1534b0c200", "Opcodesize": 6, "Mnemonic": "call dword ptr [0xc2b034]", "PID": 280, "TID": 264, "Arguments": [ "Arg1", "IN", "PVOID", "0x2dfda8", "0x5b0000", "Arg2", "IN", "ULONG", "0x2dfdac", "0x8", "Arg3", "IN", "SIZE_T", "0x2dfdb0", "0x2e" ], "Timesptamp": "00000000.510688", "FunctionName": "RtlAllocateHeap", "ModuleName": "ntdll.dll", "Return": "0x5b2040", "Status": 0 }
{ "Address": "0xc2737a", "Opcode": "ff1534b0c200", "Opcodesize": 6, "Mnemonic": "call dword ptr [0xc2b034]", "PID": 280, "TID": 264, "Arguments": [ "Arg1", "IN", "PVOID", "0x2dfda8", "0x5b0000", "Arg2", "IN", "ULONG", "0x2dfdac", "0x8", "Arg3", "IN", "SIZE_T", "0x2dfdb0", "0x1c" ], "Timesptamp": "00000000.516136", "FunctionName": "RtlAllocateHeap", "ModuleName": "ntdll.dll", "Return": "0x5b2078", "Status": 0 }
{ "Address": "0xc2737a", "Opcode": "ff1534b0c200", "Opcodesize": 6, "Mnemonic": "call dword ptr [0xc2b034]", "PID": 280, "TID": 264, "Arguments": [ "Arg1", "IN", "PVOID", "0x2dfda8", "0x5b0000", "Arg2", "IN", "ULONG", "0x2dfdac", "0x8", "Arg3", "IN", "SIZE_T", "0x2dfdb0", "0x108" ], "Timesptamp": "00000000.522446", "FunctionName": "RtlAllocateHeap", "ModuleName": "ntdll.dll", "Return": "0x5b20a0", "Status": 0 }
{ "Address": "0xc2737a", "Opcode": "ff1534b0c200", "Opcodesize": 6, "Mnemonic": "call dword ptr [0xc2b034]", "PID": 280, "TID": 264, "Arguments": [ "Arg1", "IN", "PVOID", "0x2dfda8", "0x5b0000", "Arg2", "IN", "ULONG", "0x2dfdac", "0x8", "Arg3", "IN", "SIZE_T", "0x2dfdb0", "0x7c" ], "Timesptamp": "00000000.528749", "FunctionName": "RtlAllocateHeap", "ModuleName": "ntdll.dll", "Return": "0x5b21b0", "Status": 0 }
{ "Address": "0xc2737a", "Opcode": "ff1534b0c200", "Opcodesize": 6, "Mnemonic": "call dword ptr [0xc2b034]", "PID": 280, "TID": 264, "Arguments": [ "Arg1", "IN", "PVOID", "0x2dfda8", "0x5b0000", "Arg2", "IN", "ULONG", "0x2dfdac", "0x8", "Arg3", "IN", "SIZE_T", "0x2dfdb0", "0x36" ], "Timesptamp": "00000000.535339", "FunctionName": "RtlAllocateHeap", "ModuleName": "ntdll.dll", "Return": "0x5b2238", "Status": 0 }
{ "Address": "0xc2737a", "Opcode": "ff1534b0c200", "Opcodesize": 6, "Mnemonic": "call dword ptr [0xc2b034]", "PID": 280, "TID": 264, "Arguments": [ "Arg1", "IN", "PVOID", "0x2dfda8", "0x5b0000", "Arg2", "IN", "ULONG", "0x2dfdac", "0x8", "Arg3", "IN", "SIZE_T", "0x2dfdb0", "0x3a" ], "Timesptamp": "00000000.541634", "FunctionName": "RtlAllocateHeap", "ModuleName": "ntdll.dll", "Return": "0x5b2278", "Status": 0 }
{ "Address": "0xc2737a", "Opcode": "ff1534b0c200", "Opcodesize": 6, "Mnemonic": "call dword ptr [0xc2b034]", "PID": 280, "TID": 264, "Arguments": [ "Arg1", "IN", "PVOID", "0x2dfda8", "0x5b0000", "Arg2", "IN", "ULONG", "0x2dfdac", "0x8", "Arg3", "IN", "SIZE_T", "0x2dfdb0", "0x92" ], "Timesptamp": "00000000.548124", "FunctionName": "RtlAllocateHeap", "ModuleName": "ntdll.dll", "Return": "0x5b22c0", "Status": 0 }
{ "Address": "0xc2737a", "Opcode": "ff1534b0c200", "Opcodesize": 6, "Mnemonic": "call dword ptr [0xc2b034]", "PID": 280, "TID": 264, "Arguments": [ "Arg1", "IN", "PVOID", "0x2dfda8", "0x5b0000", "Arg2", "IN", "ULONG", "0x2dfdac", "0x8", "Arg3", "IN", "SIZE_T", "0x2dfdb0", "0x24" ], "Timesptamp": "00000000.554415", "FunctionName": "RtlAllocateHeap", "ModuleName": "ntdll.dll", "Return": "0x5b2360", "Status": 0 }
{ "Address": "0xc2737a", "Opcode": "ff1534b0c200", "Opcodesize": 6, "Mnemonic": "call dword ptr [0xc2b034]", "PID": 280, "TID": 264, "Arguments": [ "Arg1", "IN", "PVOID", "0x2dfda8", "0x5b0000", "Arg2", "IN", "ULONG", "0x2dfdac", "0x8", "Arg3", "IN", "SIZE_T", "0x2dfdb0", "0x30" ], "Timesptamp": "00000000.560723", "FunctionName": "RtlAllocateHeap", "ModuleName": "ntdll.dll", "Return": "0x5b2390", "Status": 0 }
{ "Address": "0xc2737a", "Opcode": "ff1534b0c200", "Opcodesize": 6, "Mnemonic": "call dword ptr [0xc2b034]", "PID": 280, "TID": 264, "Arguments": [ "Arg1", "IN", "PVOID", "0x2dfda8", "0x5b0000", "Arg2", "IN", "ULONG", "0x2dfdac", "0x8", "Arg3", "IN", "SIZE_T", "0x2dfdb0", "0x36" ], "Timesptamp": "00000000.565986", "FunctionName": "RtlAllocateHeap", "ModuleName": "ntdll.dll", "Return": "0x5b23c8", "Status": 0 }
{ "Address": "0xc2737a", "Opcode": "ff1534b0c200", "Opcodesize": 6, "Mnemonic": "call dword ptr [0xc2b034]", "PID": 280, "TID": 264, "Arguments": [ "Arg1", "IN", "PVOID", "0x2dfda8", "0x5b0000", "Arg2", "IN", "ULONG", "0x2dfdac", "0x8", "Arg3", "IN", "SIZE_T", "0x2dfdb0", "0x48" ], "Timesptamp": "00000000.572283", "FunctionName": "RtlAllocateHeap", "ModuleName": "ntdll.dll", "Return": "0x5b2408", "Status": 0 }
{ "Address": "0xc2737a", "Opcode": "ff1534b0c200", "Opcodesize": 6, "Mnemonic": "call dword ptr [0xc2b034]", "PID": 280, "TID": 264, "Arguments": [ "Arg1", "IN", "PVOID", "0x2dfda8", "0x5b0000", "Arg2", "IN", "ULONG", "0x2dfdac", "0x8", "Arg3", "IN", "SIZE_T", "0x2dfdb0", "0x52" ], "Timesptamp": "00000000.589952", "FunctionName": "RtlAllocateHeap", "ModuleName": "ntdll.dll", "Return": "0x5b2458", "Status": 0 }
{ "Address": "0xc2737a", "Opcode": "ff1534b0c200", "Opcodesize": 6, "Mnemonic": "call dword ptr [0xc2b034]", "PID": 280, "TID": 264, "Arguments": [ "Arg1", "IN", "PVOID", "0x2dfda8", "0x5b0000", "Arg2", "IN", "ULONG", "0x2dfdac", "0x8", "Arg3", "IN", "SIZE_T", "0x2dfdb0", "0x3c" ], "Timesptamp": "00000000.596914", "FunctionName": "RtlAllocateHeap", "ModuleName": "ntdll.dll", "Return": "0x5b24b8", "Status": 0 }
{ "Address": "0xc2737a", "Opcode": "ff1534b0c200", "Opcodesize": 6, "Mnemonic": "call dword ptr [0xc2b034]", "PID": 280, "TID": 264, "Arguments": [ "Arg1", "IN", "PVOID", "0x2dfda8", "0x5b0000", "Arg2", "IN", "ULONG", "0x2dfdac", "0x8", "Arg3", "IN", "SIZE_T", "0x2dfdb0", "0x18" ], "Timesptamp": "00000000.603806", "FunctionName": "RtlAllocateHeap", "ModuleName": "ntdll.dll", "Return": "0x5b2500", "Status": 0 }
{ "Address": "0xc2737a", "Opcode": "ff1534b0c200", "Opcodesize": 6, "Mnemonic": "call dword ptr [0xc2b034]", "PID": 280, "TID": 264, "Arguments": [ "Arg1", "IN", "PVOID", "0x2dfda8", "0x5b0000", "Arg2", "IN", "ULONG", "0x2dfdac", "0x8", "Arg3", "IN", "SIZE_T", "0x2dfdb0", "0x82" ], "Timesptamp": "00000000.611744", "FunctionName": "RtlAllocateHeap", "ModuleName": "ntdll.dll", "Return": "0x5b2520", "Status": 0 }
{ "Address": "0xc2737a", "Opcode": "ff1534b0c200", "Opcodesize": 6, "Mnemonic": "call dword ptr [0xc2b034]", "PID": 280, "TID": 264, "Arguments": [ "Arg1", "IN", "PVOID", "0x2dfda8", "0x5b0000", "Arg2", "IN", "ULONG", "0x2dfdac", "0x8", "Arg3", "IN", "SIZE_T", "0x2dfdb0", "0x2e" ], "Timesptamp": "00000000.618037", "FunctionName": "RtlAllocateHeap", "ModuleName": "ntdll.dll", "Return": "0x5b25b0", "Status": 0 }
{ "Address": "0xc2737a", "Opcode": "ff1534b0c200", "Opcodesize": 6, "Mnemonic": "call dword ptr [0xc2b034]", "PID": 280, "TID": 264, "Arguments": [ "Arg1", "IN", "PVOID", "0x2dfda8", "0x5b0000", "Arg2", "IN", "ULONG", "0x2dfdac", "0x8", "Arg3", "IN", "SIZE_T", "0x2dfdb0", "0x1e" ], "Timesptamp": "00000000.633753", "FunctionName": "RtlAllocateHeap", "ModuleName": "ntdll.dll", "Return": "0x5b25e8", "Status": 0 }
{ "Address": "0xc2737a", "Opcode": "ff1534b0c200", "Opcodesize": 6, "Mnemonic": "call dword ptr [0xc2b034]", "PID": 280, "TID": 264, "Arguments": [ "Arg1", "IN", "PVOID", "0x2dfda8", "0x5b0000", "Arg2", "IN", "ULONG", "0x2dfdac", "0x8", "Arg3", "IN", "SIZE_T", "0x2dfdb0", "0x2c" ], "Timesptamp": "00000000.640091", "FunctionName": "RtlAllocateHeap", "ModuleName": "ntdll.dll", "Return": "0x5b2610", "Status": 0 }
{ "Address": "0xc2737a", "Opcode": "ff1534b0c200", "Opcodesize": 6, "Mnemonic": "call dword ptr [0xc2b034]", "PID": 280, "TID": 264, "Arguments": [ "Arg1", "IN", "PVOID", "0x2dfda8", "0x5b0000", "Arg2", "IN", "ULONG", "0x2dfdac", "0x8", "Arg3", "IN", "SIZE_T", "0x2dfdb0", "0x2a" ], "Timesptamp": "00000000.646402", "FunctionName": "RtlAllocateHeap", "ModuleName": "ntdll.dll", "Return": "0x5b2648", "Status": 0 }
{ "Address": "0xc2737a", "Opcode": "ff1534b0c200", "Opcodesize": 6, "Mnemonic": "call dword ptr [0xc2b034]", "PID": 280, "TID": 264, "Arguments": [ "Arg1", "IN", "PVOID", "0x2dfda8", "0x5b0000", "Arg2", "IN", "ULONG", "0x2dfdac", "0x8", "Arg3", "IN", "SIZE_T", "0x2dfdb0", "0x28" ], "Timesptamp": "00000000.652712", "FunctionName": "RtlAllocateHeap", "ModuleName": "ntdll.dll", "Return": "0x5b2680", "Status": 0 }
{ "Address": "0xc2737a", "Opcode": "ff1534b0c200", "Opcodesize": 6, "Mnemonic": "call dword ptr [0xc2b034]", "PID": 280, "TID": 264, "Arguments": [ "Arg1", "IN", "PVOID", "0x2dfda8", "0x5b0000", "Arg2", "IN", "ULONG", "0x2dfdac", "0x8", "Arg3", "IN", "SIZE_T", "0x2dfdb0", "0x2a" ], "Timesptamp": "00000000.659003", "FunctionName": "RtlAllocateHeap", "ModuleName": "ntdll.dll", "Return": "0x5b26b0", "Status": 0 }
{ "Address": "0xc2737a", "Opcode": "ff1534b0c200", "Opcodesize": 6, "Mnemonic": "call dword ptr [0xc2b034]", "PID": 280, "TID": 264, "Arguments": [ "Arg1", "IN", "PVOID", "0x2dfda8", "0x5b0000", "Arg2", "IN", "ULONG", "0x2dfdac", "0x8", "Arg3", "IN", "SIZE_T", "0x2dfdb0", "0x24" ], "Timesptamp": "00000000.665368", "FunctionName": "RtlAllocateHeap", "ModuleName": "ntdll.dll", "Return": "0x5b26e8", "Status": 0 }
{ "Address": "0xc2737a", "Opcode": "ff1534b0c200", "Opcodesize": 6, "Mnemonic": "call dword ptr [0xc2b034]", "PID": 280, "TID": 264, "Arguments": [ "Arg1", "IN", "PVOID", "0x2dfda8", "0x5b0000", "Arg2", "IN", "ULONG", "0x2dfdac", "0x8", "Arg3", "IN", "SIZE_T", "0x2dfdb0", "0x6a" ], "Timesptamp": "00000000.674087", "FunctionName": "RtlAllocateHeap", "ModuleName": "ntdll.dll", "Return": "0x5b2718", "Status": 0 }
{ "Address": "0xc2737a", "Opcode": "ff1534b0c200", "Opcodesize": 6, "Mnemonic": "call dword ptr [0xc2b034]", "PID": 280, "TID": 264, "Arguments": [ "Arg1", "IN", "PVOID", "0x2dfda8", "0x5b0000", "Arg2", "IN", "ULONG", "0x2dfdac", "0x8", "Arg3", "IN", "SIZE_T", "0x2dfdb0", "0x24" ], "Timesptamp": "00000000.680959", "FunctionName": "RtlAllocateHeap", "ModuleName": "ntdll.dll", "Return": "0x5b2790", "Status": 0 }
{ "Address": "0xc22981", "Opcode": "ff153cb0c200", "Opcodesize": 6, "Mnemonic": "call dword ptr [0xc2b03c]", "PID": 280, "TID": 264, "Functionname": "HeapFree", "Dllname": "kernel32.dll", "Status": 1 }
{ "Address": "0xc264af", "Opcode": "ff1544b0c200", "Opcodesize": 6, "Mnemonic": "call dword ptr [0xc2b044]", "PID": 280, "TID": 264, "Functionname": "RtlEncodePointer", "Dllname": "ntdll.dll", "Status": 1 }
{ "Address": "0xc264af", "Opcode": "ff1544b0c200", "Opcodesize": 6, "Mnemonic": "call dword ptr [0xc2b044]", "PID": 280, "TID": 264, "Functionname": "RtlEncodePointer", "Dllname": "ntdll.dll", "Status": 1 }
{ "Address": "0xc264af", "Opcode": "ff1544b0c200", "Opcodesize": 6, "Mnemonic": "call dword ptr [0xc2b044]", "PID": 280, "TID": 264, "Functionname": "RtlEncodePointer", "Dllname": "ntdll.dll", "Status": 1 }
{ "Address": "0xc264af", "Opcode": "ff1544b0c200", "Opcodesize": 6, "Mnemonic": "call dword ptr [0xc2b044]", "PID": 280, "TID": 264, "Functionname": "RtlEncodePointer", "Dllname": "ntdll.dll", "Status": 1 }
{ "Address": "0xc22aaa", "Opcode": "ff1540b0c200", "Opcodesize": 6, "Mnemonic": "call dword ptr [0xc2b040]", "PID": 280, "TID": 264, "Arguments": [ "Arg1", "IN", "DWORD", "0x2dfdcc", "0xa" ], "Timesptamp": "00000000.728294", "FunctionName": "IsProcessorFeaturePresent", "ModuleName": "kernel32.dll", "Return": "TRUE", "Status": 0 }
{ "Address": "0xc2737a", "Opcode": "ff1534b0c200", "Opcodesize": 6, "Mnemonic": "call dword ptr [0xc2b034]", "PID": 280, "TID": 264, "Arguments": [ "Arg1", "IN", "PVOID", "0x2dfd90", "0x5b0000", "Arg2", "IN", "ULONG", "0x2dfd94", "0x8", "Arg3", "IN", "SIZE_T", "0x2dfd98", "0x80" ], "Timesptamp": "00000000.734720", "FunctionName": "RtlAllocateHeap", "ModuleName": "ntdll.dll", "Return": "0x5b27c0", "Status": 0 }
{ "Address": "0xc22c7f", "Opcode": "ff1544b0c200", "Opcodesize": 6, "Mnemonic": "call dword ptr [0xc2b044]", "PID": 280, "TID": 264, "Functionname": "RtlEncodePointer", "Dllname": "ntdll.dll", "Status": 1 }
{ "Address": "0xc2737a", "Opcode": "ff1534b0c200", "Opcodesize": 6, "Mnemonic": "call dword ptr [0xc2b034]", "PID": 280, "TID": 264, "Arguments": [ "Arg1", "IN", "PVOID", "0x2dfd90", "0x5b0000", "Arg2", "IN", "ULONG", "0x2dfd94", "0x8", "Arg3", "IN", "SIZE_T", "0x2dfd98", "0x800" ], "Timesptamp": "00000000.747378", "FunctionName": "RtlAllocateHeap", "ModuleName": "ntdll.dll", "Return": "0x5b11f8", "Status": 0 }
{ "Address": "0xc24e46", "Opcode": "ff1538b0c200", "Opcodesize": 6, "Mnemonic": "call dword ptr [0xc2b038]", "PID": 280, "TID": 264, "Arguments": [ ], "Timesptamp": "00000000.753957", "FunctionName": "GetLastError", "ModuleName": "kernel32.dll", "Return": "0x0", "Status": 0 }
{ "Address": "0xc24d26", "Opcode": "ff158cb0c200", "Opcodesize": 6, "Mnemonic": "call dword ptr [0xc2b08c]", "PID": 280, "TID": 264, "Arguments": [ "Arg1", "IN", "DWORD", "0x2dfd6c", "0x3" ], "Timesptamp": "00000000.760595", "FunctionName": "TlsGetValue", "ModuleName": "kernel32.dll", "Return": "0x74f21252", "Status": 0 }
{ "Address": "0xc24e46", "Opcode": "ff1538b0c200", "Opcodesize": 6, "Mnemonic": "call dword ptr [0xc2b038]", "PID": 280, "TID": 264, "Arguments": [ ], "Timesptamp": "00000000.781235", "FunctionName": "GetLastError", "ModuleName": "kernel32.dll", "Return": "0x0", "Status": 0 }
{ "Address": "0xc24d26", "Opcode": "ff158cb0c200", "Opcodesize": 6, "Mnemonic": "call dword ptr [0xc2b08c]", "PID": 280, "TID": 264, "Arguments": [ "Arg1", "IN", "DWORD", "0x2dfd40", "0x3" ], "Timesptamp": "00000000.787479", "FunctionName": "TlsGetValue", "ModuleName": "kernel32.dll", "Return": "0x74f21252", "Status": 0 }
{ "Address": "0xc24e59", "Opcode": "ffd0", "Opcodesize": 2, "Mnemonic": "call eax", "PID": 280, "TID": 264, "Arguments": [ "Arg1", "IN", "DWORD", "0x2dfd4c", "0x2" ], "Timesptamp": "00000000.793754", "FunctionName": "FlsGetValue", "ModuleName": "kernel32.dll", "Return": "0x5b07d0", "Status": 0 }
{ "Address": "0xc25c12", "Opcode": "ff15ccb0c200", "Opcodesize": 6, "Mnemonic": "call dword ptr [0xc2b0cc]", "PID": 280, "TID": 264, "Arguments": [ ], "Timesptamp": "00000000.806729", "FunctionName": "GetACP", "ModuleName": "kernel32.dll", "Return": "0x4e4", "Status": 0 }
{ "Address": "0xc22886", "Opcode": "ff1534b0c200", "Opcodesize": 6, "Mnemonic": "call dword ptr [0xc2b034]", "PID": 280, "TID": 264, "Arguments": [ "Arg1", "IN", "PVOID", "0x2dfd58", "0x5b0000", "Arg2", "IN", "ULONG", "0x2dfd5c", "0x0", "Arg3", "IN", "SIZE_T", "0x2dfd60", "0x220" ], "Timesptamp": "00000000.813389", "FunctionName": "RtlAllocateHeap", "ModuleName": "ntdll.dll", "Return": "0x5b2848", "Status": 0 }
{ "Address": "0xc24e46", "Opcode": "ff1538b0c200", "Opcodesize": 6, "Mnemonic": "call dword ptr [0xc2b038]", "PID": 280, "TID": 264, "Arguments": [ ], "Timesptamp": "00000000.819713", "FunctionName": "GetLastError", "ModuleName": "kernel32.dll", "Return": "0x0", "Status": 0 }
{ "Address": "0xc24d26", "Opcode": "ff158cb0c200", "Opcodesize": 6, "Mnemonic": "call dword ptr [0xc2b08c]", "PID": 280, "TID": 264, "Arguments": [ "Arg1", "IN", "DWORD", "0x2dfd04", "0x3" ], "Timesptamp": "00000000.825924", "FunctionName": "TlsGetValue", "ModuleName": "kernel32.dll", "Return": "0x74f21252", "Status": 0 }
{ "Address": "0xc24e59", "Opcode": "ffd0", "Opcodesize": 2, "Mnemonic": "call eax", "PID": 280, "TID": 264, "Arguments": [ "Arg1", "IN", "DWORD", "0x2dfd10", "0x2" ], "Timesptamp": "00000000.832309", "FunctionName": "FlsGetValue", "ModuleName": "kernel32.dll", "Return": "0x5b07d0", "Status": 0 }
{ "Address": "0xc25cb5", "Opcode": "ff15d4b0c200", "Opcodesize": 6, "Mnemonic": "call dword ptr [0xc2b0d4]", "PID": 280, "TID": 264, "Arguments": [ "Arg1", "IN", "UINT", "0x2dfd50", "0x4e4" ], "Timesptamp": "00000000.845147", "FunctionName": "IsValidCodePage", "ModuleName": "kernel32.dll", "Return": "TRUE", "Status": 0 }
{ "Address": "0xc25cc8", "Opcode": "ff15c8b0c200", "Opcodesize": 6, "Mnemonic": "call dword ptr [0xc2b0c8]", "PID": 280, "TID": 264, "Arguments": [ "Arg1", "IN", "UINT", "0x2dfd4c", "0x4e4", "Arg2", "OUT", "LPCPINFO", "0x2dfd50", "0x2dfd68" ], "Timesptamp": "00000000.851516", "FunctionName": "GetCPInfo", "ModuleName": "kernel32.dll", "Return": "TRUE", "Output1": { "field1": [ "0x2dfd68", "0x1" ], "field2": [ "0x2dfd6c", "0x3f" ], "field3": [ "0x2dfd70", "0x0" ] }, "Status": 0 }
{ "Address": "0xc259b3", "Opcode": "ff15c8b0c200", "Opcodesize": 6, "Mnemonic": "call dword ptr [0xc2b0c8]", "PID": 280, "TID": 264, "Arguments": [ "Arg1", "IN", "UINT", "0x2df820", "0x4e4", "Arg2", "OUT", "LPCPINFO", "0x2df824", "0x2df834" ], "Timesptamp": "00000000.858085", "FunctionName": "GetCPInfo", "ModuleName": "kernel32.dll", "Return": "TRUE", "Output1": { "field1": [ "0x2df834", "0x1" ], "field2": [ "0x2df838", "0x3f" ], "field3": [ "0x2df83c", "0x0" ] }, "Status": 0 }
{ "Address": "0xc24e46", "Opcode": "ff1538b0c200", "Opcodesize": 6, "Mnemonic": "call dword ptr [0xc2b038]", "PID": 280, "TID": 264, "Arguments": [ ], "Timesptamp": "00000000.864567", "FunctionName": "GetLastError", "ModuleName": "kernel32.dll", "Return": "0x0", "Status": 0 }
{ "Address": "0xc24d26", "Opcode": "ff158cb0c200", "Opcodesize": 6, "Mnemonic": "call dword ptr [0xc2b08c]", "PID": 280, "TID": 264, "Arguments": [ "Arg1", "IN", "DWORD", "0x2df7bc", "0x3" ], "Timesptamp": "00000000.870766", "FunctionName": "TlsGetValue", "ModuleName": "kernel32.dll", "Return": "0x74f21252", "Status": 0 }
{ "Address": "0xc24e59", "Opcode": "ffd0", "Opcodesize": 2, "Mnemonic": "call eax", "PID": 280, "TID": 264, "Arguments": [ "Arg1", "IN", "DWORD", "0x2df7c8", "0x2" ], "Timesptamp": "00000000.877310", "FunctionName": "FlsGetValue", "ModuleName": "kernel32.dll", "Return": "0x5b07d0", "Status": 0 }
{ "Address": "0xc28088", "Opcode": "ffd6", "Opcodesize": 2, "Mnemonic": "call esi", "PID": 280, "TID": 264, "Arguments": [ "Arg1", "IN", "UINT", "0x2df7a0", "0x4e4", "Arg2", "IN", "DWORD", "0x2df7a4", "0x1", "Arg3", "IN", "ARRAY0", "0x2df7a8", "ARRAY_0x100", "Arg4", "IN", "INT", "0x2df7ac", "0x100", "Arg5", "OUT", "LPWSTR", "0x2df7b0", "0x0", "Arg6", "IN", "INT", "0x2df7b4", "0x0" ], "Timesptamp": "00000000.890300", "FunctionName": "MultiByteToWideChar", "ModuleName": "kernel32.dll", "Return": "0x100", "Status": 0 }
{ "Address": "0xc280f2", "Opcode": "ffd6", "Opcodesize": 2, "Mnemonic": "call esi", "PID": 280, "TID": 264, "Arguments": [ "Arg1", "IN", "UINT", "0x2df598", "0x4e4", "Arg2", "IN", "DWORD", "0x2df59c", "0x1", "Arg3", "IN", "ARRAY0", "0x2df5a0", "ARRAY_0x100", "Arg4", "IN", "INT", "0x2df5a4", "0x100", "Arg5", "OUT", "LPWSTR", "0x2df5a8", "0x2df5b8", "Arg6", "IN", "INT", "0x2df5ac", "0x100" ], "Timesptamp": "00000000.896512", "FunctionName": "MultiByteToWideChar", "ModuleName": "kernel32.dll", "Return": "0x100", "Output1": [ "0x2df5b8", " ............................... !\"#$%&'()*+,-.\/0123456789:;<=>?@ABCDEFGHIJKLMNOPQRSTUVWXYZ[\\]^_`abcdefghijklmnopqrstuvwxyz{|}~......& !.0`9R.}......\"...\"a:S.~x................................................................................................" ], "Status": 0 }
{ "Address": "0xc28100", "Opcode": "ff15f8b0c200", "Opcodesize": 6, "Mnemonic": "call dword ptr [0xc2b0f8]", "PID": 280, "TID": 264, "Arguments": [ "Arg1", "IN", "DWORD", "0x2df5a0", "0x1", "Arg2", "IN", "LPCWCH", "0x2df5a4", " ............................... !\"#$%&'()*+,-.\/0123456789:;<=>?@ABCDEFGHIJKLMNOPQRSTUVWXYZ[\\]^_`abcdefghijklmnopqrstuvwxyz{|}~......& !.0`9R.}......\"...\"a:S.~x................................................................................................", "Arg3", "IN", "INT", "0x2df5a8", "0x100", "Arg4", "OUT", "LPWORD", "0x2df5ac", "0x2df848" ], "Timesptamp": "00000000.904202", "FunctionName": "GetStringTypeW", "ModuleName": "kernel32.dll", "Return": "TRUE", "Output1": [ "0x2df848", "0x248" ], "Status": 0 }
{ "Address": "0xc24e46", "Opcode": "ff1538b0c200", "Opcodesize": 6, "Mnemonic": "call dword ptr [0xc2b038]", "PID": 280, "TID": 264, "Arguments": [ ], "Timesptamp": "00000000.911104", "FunctionName": "GetLastError", "ModuleName": "kernel32.dll", "Return": "0x0", "Status": 0 }
{ "Address": "0xc24d26", "Opcode": "ff158cb0c200", "Opcodesize": 6, "Mnemonic": "call dword ptr [0xc2b08c]", "PID": 280, "TID": 264, "Arguments": [ "Arg1", "IN", "DWORD", "0x2df798", "0x3" ], "Timesptamp": "00000000.917365", "FunctionName": "TlsGetValue", "ModuleName": "kernel32.dll", "Return": "0x74f21252", "Status": 0 }
{ "Address": "0xc24e59", "Opcode": "ffd0", "Opcodesize": 2, "Mnemonic": "call eax", "PID": 280, "TID": 264, "Arguments": [ "Arg1", "IN", "DWORD", "0x2df7a4", "0x2" ], "Timesptamp": "00000000.923826", "FunctionName": "FlsGetValue", "ModuleName": "kernel32.dll", "Return": "0x5b07d0", "Status": 0 }
{ "Address": "0xc27e82", "Opcode": "ffd6", "Opcodesize": 2, "Mnemonic": "call esi", "PID": 280, "TID": 264, "Arguments": [ "Arg1", "IN", "UINT", "0x2df76c", "0x4e4", "Arg2", "IN", "DWORD", "0x2df770", "0x1", "Arg3", "IN", "ARRAY0", "0x2df774", "ARRAY_0x100", "Arg4", "IN", "INT", "0x2df778", "0x100", "Arg5", "OUT", "LPWSTR", "0x2df77c", "0x0", "Arg6", "IN", "INT", "0x2df780", "0x0" ], "Timesptamp": "00000000.936496", "FunctionName": "MultiByteToWideChar", "ModuleName": "kernel32.dll", "Return": "0x100", "Status": 0 }
{ "Address": "0xc27ef0", "Opcode": "ffd6", "Opcodesize": 2, "Mnemonic": "call esi", "PID": 280, "TID": 264, "Arguments": [ "Arg1", "IN", "UINT", "0x2df558", "0x4e4", "Arg2", "IN", "DWORD", "0x2df55c", "0x1", "Arg3", "IN", "ARRAY0", "0x2df560", "ARRAY_0x100", "Arg4", "IN", "INT", "0x2df564", "0x100", "Arg5", "OUT", "LPWSTR", "0x2df568", "0x2df578", "Arg6", "IN", "INT", "0x2df56c", "0x100" ], "Timesptamp": "00000000.944048", "FunctionName": "MultiByteToWideChar", "ModuleName": "kernel32.dll", "Return": "0x100", "Output1": [ "0x2df578", " ............................... !\"#$%&'()*+,-.\/0123456789:;<=>?@ABCDEFGHIJKLMNOPQRSTUVWXYZ[\\]^_`abcdefghijklmnopqrstuvwxyz{|}~......& !.0`9R.}......\"...\"a:S.~x................................................................................................" ], "Status": 0 }
{ "Address": "0xc27f0c", "Opcode": "ffd6", "Opcodesize": 2, "Mnemonic": "call esi", "PID": 280, "TID": 264, "Arguments": [ "Arg1", "IN", "LCID", "0x2df558", "0x0", "Arg2", "IN", "DWORD", "0x2df55c", "0x100", "Arg3", "IN", "LPCWSTR", "0x2df560", " ............................... !\"#$%&'()*+,-.\/0123456789:;<=>?@ABCDEFGHIJKLMNOPQRSTUVWXYZ[\\]^_`abcdefghijklmnopqrstuvwxyz{|}~......& !.0`9R.}......\"...\"a:S.~x................................................................................................", "Arg4", "IN", "INT", "0x2df564", "0x100", "Arg5", "OUT", "LPCWSTR", "0x2df568", "0x0", "Arg6", "IN", "INT", "0x2df56c", "0x0" ], "Timesptamp": "00000000.952428", "FunctionName": "LCMapStringW", "ModuleName": "kernel32.dll", "Return": "0x100", "Status": 0 }
{ "Address": "0xc27fab", "Opcode": "ffd6", "Opcodesize": 2, "Mnemonic": "call esi", "PID": 280, "TID": 264, "Arguments": [ "Arg1", "IN", "LCID", "0x2df348", "0x0", "Arg2", "IN", "DWORD", "0x2df34c", "0x100", "Arg3", "IN", "LPCWSTR", "0x2df350", " ............................... !\"#$%&'()*+,-.\/0123456789:;<=>?@ABCDEFGHIJKLMNOPQRSTUVWXYZ[\\]^_`abcdefghijklmnopqrstuvwxyz{|}~......& !.0`9R.}......\"...\"a:S.~x................................................................................................", "Arg4", "IN", "INT", "0x2df354", "0x100", "Arg5", "OUT", "LPCWSTR", "0x2df358", "0x2df368", "Arg6", "IN", "INT", "0x2df35c", "0x100" ], "Timesptamp": "00000000.958825", "FunctionName": "LCMapStringW", "ModuleName": "kernel32.dll", "Return": "0x100", "Output1": [ "0x2df368", " ............................... !\"#$%&'()*+,-.\/0123456789:;<=>?@abcdefghijklmnopqrstuvwxyz[\\]^_`abcdefghijklmnopqrstuvwxyz{|}~......& !.0a9S.~......\"...\"a:S.~................................................................................................." ], "Status": 0 }
{ "Address": "0xc27fca", "Opcode": "ff15e4b0c200", "Opcodesize": 6, "Mnemonic": "call dword ptr [0xc2b0e4]", "PID": 280, "TID": 264, "Arguments": [ "Arg1", "IN", "UINT", "0x2df340", "0x4e4", "Arg2", "IN", "DWORD", "0x2df344", "0x0", "Arg3", "IN", "LPCWCH", "0x2df348", " ............................... !\"#$%&'()*+,-.\/0123456789:;<=>?@abcdefghijklmnopqrstuvwxyz[\\]^_`abcdefghijklmnopqrstuvwxyz{|}~......& !.0a9S.~......\"...\"a:S.~.................................................................................................", "Arg4", "IN", "INT", "0x2df34c", "0x100", "Arg5", "OUT", "ARRAY0", "0x2df350", "0x2dfb48", "Arg6", "IN", "INT", "0x2df354", "0x100", "Arg7", "IN", "DWORD", "0x2df358", "0x0", "Arg8", "OUT", "LPBOOL", "0x2df35c", "0x0" ], "Timesptamp": "00000000.965707", "FunctionName": "WideCharToMultiByte", "ModuleName": "kernel32.dll", "Return": "0x100", "Output1": [ ], "Status": 0 }
{ "Address": "0xc24e46", "Opcode": "ff1538b0c200", "Opcodesize": 6, "Mnemonic": "call dword ptr [0xc2b038]", "PID": 280, "TID": 264, "Arguments": [ ], "Timesptamp": "00000000.972331", "FunctionName": "GetLastError", "ModuleName": "kernel32.dll", "Return": "0x0", "Status": 0 }
{ "Address": "0xc24d26", "Opcode": "ff158cb0c200", "Opcodesize": 6, "Mnemonic": "call dword ptr [0xc2b08c]", "PID": 280, "TID": 264, "Arguments": [ "Arg1", "IN", "DWORD", "0x2df7b8", "0x3" ], "Timesptamp": "00000000.978562", "FunctionName": "TlsGetValue", "ModuleName": "kernel32.dll", "Return": "0x74f21252", "Status": 0 }
{ "Address": "0xc24e59", "Opcode": "ffd0", "Opcodesize": 2, "Mnemonic": "call eax", "PID": 280, "TID": 264, "Arguments": [ "Arg1", "IN", "DWORD", "0x2df7c4", "0x2" ], "Timesptamp": "00000000.984953", "FunctionName": "FlsGetValue", "ModuleName": "kernel32.dll", "Return": "0x5b07d0", "Status": 0 }
{ "Address": "0xc27e82", "Opcode": "ffd6", "Opcodesize": 2, "Mnemonic": "call esi", "PID": 280, "TID": 264, "Arguments": [ "Arg1", "IN", "UINT", "0x2df78c", "0x4e4", "Arg2", "IN", "DWORD", "0x2df790", "0x1", "Arg3", "IN", "ARRAY0", "0x2df794", "ARRAY_0x100", "Arg4", "IN", "INT", "0x2df798", "0x100", "Arg5", "OUT", "LPWSTR", "0x2df79c", "0x0", "Arg6", "IN", "INT", "0x2df7a0", "0x0" ], "Timesptamp": "00000000.998477", "FunctionName": "MultiByteToWideChar", "ModuleName": "kernel32.dll", "Return": "0x100", "Status": 0 }
{ "Address": "0xc27ef0", "Opcode": "ffd6", "Opcodesize": 2, "Mnemonic": "call esi", "PID": 280, "TID": 264, "Arguments": [ "Arg1", "IN", "UINT", "0x2df578", "0x4e4", "Arg2", "IN", "DWORD", "0x2df57c", "0x1", "Arg3", "IN", "ARRAY0", "0x2df580", "ARRAY_0x100", "Arg4", "IN", "INT", "0x2df584", "0x100", "Arg5", "OUT", "LPWSTR", "0x2df588", "0x2df598", "Arg6", "IN", "INT", "0x2df58c", "0x100" ], "Timesptamp": "00000001.006115", "FunctionName": "MultiByteToWideChar", "ModuleName": "kernel32.dll", "Return": "0x100", "Output1": [ "0x2df598", " ............................... !\"#$%&'()*+,-.\/0123456789:;<=>?@ABCDEFGHIJKLMNOPQRSTUVWXYZ[\\]^_`abcdefghijklmnopqrstuvwxyz{|}~......& !.0`9R.}......\"...\"a:S.~x................................................................................................" ], "Status": 0 }
{ "Address": "0xc27f0c", "Opcode": "ffd6", "Opcodesize": 2, "Mnemonic": "call esi", "PID": 280, "TID": 264, "Arguments": [ "Arg1", "IN", "LCID", "0x2df578", "0x0", "Arg2", "IN", "DWORD", "0x2df57c", "0x200", "Arg3", "IN", "LPCWSTR", "0x2df580", " ............................... !\"#$%&'()*+,-.\/0123456789:;<=>?@ABCDEFGHIJKLMNOPQRSTUVWXYZ[\\]^_`abcdefghijklmnopqrstuvwxyz{|}~......& !.0`9R.}......\"...\"a:S.~x................................................................................................", "Arg4", "IN", "INT", "0x2df584", "0x100", "Arg5", "OUT", "LPCWSTR", "0x2df588", "0x0", "Arg6", "IN", "INT", "0x2df58c", "0x0" ], "Timesptamp": "00000001.013635", "FunctionName": "LCMapStringW", "ModuleName": "kernel32.dll", "Return": "0x100", "Status": 0 }
{ "Address": "0xc27fab", "Opcode": "ffd6", "Opcodesize": 2, "Mnemonic": "call esi", "PID": 280, "TID": 264, "Arguments": [ "Arg1", "IN", "LCID", "0x2df368", "0x0", "Arg2", "IN", "DWORD", "0x2df36c", "0x200", "Arg3", "IN", "LPCWSTR", "0x2df370", " ............................... !\"#$%&'()*+,-.\/0123456789:;<=>?@ABCDEFGHIJKLMNOPQRSTUVWXYZ[\\]^_`abcdefghijklmnopqrstuvwxyz{|}~......& !.0`9R.}......\"...\"a:S.~x................................................................................................", "Arg4", "IN", "INT", "0x2df374", "0x100", "Arg5", "OUT", "LPCWSTR", "0x2df378", "0x2df388", "Arg6", "IN", "INT", "0x2df37c", "0x100" ], "Timesptamp": "00000001.020211", "FunctionName": "LCMapStringW", "ModuleName": "kernel32.dll", "Return": "0x100", "Output1": [ "0x2df388", " ............................... !\"#$%&'()*+,-.\/0123456789:;<=>?@ABCDEFGHIJKLMNOPQRSTUVWXYZ[\\]^_`ABCDEFGHIJKLMNOPQRSTUVWXYZ{|}~......& !.0`9R.}......\"...\"`:R.}x...............................................................................................x" ], "Status": 0 }
{ "Address": "0xc27fca", "Opcode": "ff15e4b0c200", "Opcodesize": 6, "Mnemonic": "call dword ptr [0xc2b0e4]", "PID": 280, "TID": 264, "Arguments": [ "Arg1", "IN", "UINT", "0x2df360", "0x4e4", "Arg2", "IN", "DWORD", "0x2df364", "0x0", "Arg3", "IN", "LPCWCH", "0x2df368", " ............................... !\"#$%&'()*+,-.\/0123456789:;<=>?@ABCDEFGHIJKLMNOPQRSTUVWXYZ[\\]^_`ABCDEFGHIJKLMNOPQRSTUVWXYZ{|}~......& !.0`9R.}......\"...\"`:R.}x...............................................................................................x", "Arg4", "IN", "INT", "0x2df36c", "0x100", "Arg5", "OUT", "ARRAY0", "0x2df370", "0x2dfa48", "Arg6", "IN", "INT", "0x2df374", "0x100", "Arg7", "IN", "DWORD", "0x2df378", "0x0", "Arg8", "OUT", "LPBOOL", "0x2df37c", "0x0" ], "Timesptamp": "00000001.026575", "FunctionName": "WideCharToMultiByte", "ModuleName": "kernel32.dll", "Return": "0x100", "Output1": [ ], "Status": 0 }
{ "Address": "0xc25ea1", "Opcode": "ff15a4b0c200", "Opcodesize": 6, "Mnemonic": "call dword ptr [0xc2b0a4]", "PID": 280, "TID": 264, "Functionname": "InterlockedDecrement", "Dllname": "kernel32.dll", "Status": 1 }
{ "Address": "0xc25ec6", "Opcode": "ffd7", "Opcodesize": 2, "Mnemonic": "call edi", "PID": 280, "TID": 264, "Functionname": "InterlockedIncrement", "Dllname": "kernel32.dll", "Status": 1 }
{ "Address": "0xc253e4", "Opcode": "ff154cb0c200", "Opcodesize": 6, "Mnemonic": "call dword ptr [0xc2b04c]", "PID": 280, "TID": 264, "Functionname": "RtlEnterCriticalSection", "Dllname": "ntdll.dll", "Status": 1 }
{ "Address": "0xc25f58", "Opcode": "ff15a4b0c200", "Opcodesize": 6, "Mnemonic": "call dword ptr [0xc2b0a4]", "PID": 280, "TID": 264, "Functionname": "InterlockedDecrement", "Dllname": "kernel32.dll", "Status": 1 }
{ "Address": "0xc25f7c", "Opcode": "ffd7", "Opcodesize": 2, "Mnemonic": "call edi", "PID": 280, "TID": 264, "Functionname": "InterlockedIncrement", "Dllname": "kernel32.dll", "Status": 1 }
{ "Address": "0xc252f0", "Opcode": "ff1550b0c200", "Opcodesize": 6, "Mnemonic": "call dword ptr [0xc2b050]", "PID": 280, "TID": 264, "Functionname": "RtlLeaveCriticalSection", "Dllname": "ntdll.dll", "Status": 1 }
{ "Address": "0xc240f6", "Opcode": "ff152cb0c200", "Opcodesize": 6, "Mnemonic": "call dword ptr [0xc2b02c]", "PID": 280, "TID": 264, "Arguments": [ "Arg1", "IN", "DWORD", "0x2dfdcc", "0xc240af" ], "Timesptamp": "00000001.072479", "FunctionName": "SetUnhandledExceptionFilter", "ModuleName": "kernel32.dll", "Return": "0x0", "Status": 0 }
{ "Address": "0xc253e4", "Opcode": "ff154cb0c200", "Opcodesize": 6, "Mnemonic": "call dword ptr [0xc2b04c]", "PID": 280, "TID": 264, "Functionname": "RtlEnterCriticalSection", "Dllname": "ntdll.dll", "Status": 1 }
{ "Address": "0xc22bcd", "Opcode": "ffd6", "Opcodesize": 2, "Mnemonic": "call esi", "PID": 280, "TID": 264, "Functionname": "RtlDecodePointer", "Dllname": "ntdll.dll", "Status": 1 }
{ "Address": "0xc22bda", "Opcode": "ffd6", "Opcodesize": 2, "Mnemonic": "call esi", "PID": 280, "TID": 264, "Functionname": "RtlDecodePointer", "Dllname": "ntdll.dll", "Status": 1 }
{ "Address": "0xc2564c", "Opcode": "ff15c4b0c200", "Opcodesize": 6, "Mnemonic": "call dword ptr [0xc2b0c4]", "PID": 280, "TID": 264, "Functionname": "RtlSizeHeap", "Dllname": "ntdll.dll", "Status": 1 }
{ "Address": "0xc22c53", "Opcode": "ffd7", "Opcodesize": 2, "Mnemonic": "call edi", "PID": 280, "TID": 264, "Functionname": "RtlEncodePointer", "Dllname": "ntdll.dll", "Status": 1 }
{ "Address": "0xc22c5b", "Opcode": "ffd7", "Opcodesize": 2, "Mnemonic": "call edi", "PID": 280, "TID": 264, "Functionname": "RtlEncodePointer", "Dllname": "ntdll.dll", "Status": 1 }
{ "Address": "0xc252f0", "Opcode": "ff1550b0c200", "Opcodesize": 6, "Mnemonic": "call dword ptr [0xc2b050]", "PID": 280, "TID": 264, "Functionname": "RtlLeaveCriticalSection", "Dllname": "ntdll.dll", "Status": 1 }
{ "Address": "0xc253e4", "Opcode": "ff154cb0c200", "Opcodesize": 6, "Mnemonic": "call dword ptr [0xc2b04c]", "PID": 280, "TID": 264, "Functionname": "RtlEnterCriticalSection", "Dllname": "ntdll.dll", "Status": 1 }
{ "Address": "0xc22886", "Opcode": "ff1534b0c200", "Opcodesize": 6, "Mnemonic": "call dword ptr [0xc2b034]", "PID": 280, "TID": 264, "Arguments": [ "Arg1", "IN", "PVOID", "0x2df4e0", "0x5b0000", "Arg2", "IN", "ULONG", "0x2df4e4", "0x0", "Arg3", "IN", "SIZE_T", "0x2df4e8", "0x1000" ], "Timesptamp": "00000001.130387", "FunctionName": "RtlAllocateHeap", "ModuleName": "ntdll.dll", "Return": "0x5b2a70", "Status": 0 }
{ "Address": "0xc24e46", "Opcode": "ff1538b0c200", "Opcodesize": 6, "Mnemonic": "call dword ptr [0xc2b038]", "PID": 280, "TID": 264, "Arguments": [ ], "Timesptamp": "00000001.136845", "FunctionName": "GetLastError", "ModuleName": "kernel32.dll", "Return": "0x0", "Status": 0 }
{ "Address": "0xc24d26", "Opcode": "ff158cb0c200", "Opcodesize": 6, "Mnemonic": "call dword ptr [0xc2b08c]", "PID": 280, "TID": 264, "Arguments": [ "Arg1", "IN", "DWORD", "0x2df060", "0x3" ], "Timesptamp": "00000001.143289", "FunctionName": "TlsGetValue", "ModuleName": "kernel32.dll", "Return": "0x74f21252", "Status": 0 }
{ "Address": "0xc24e59", "Opcode": "ffd0", "Opcodesize": 2, "Mnemonic": "call eax", "PID": 280, "TID": 264, "Arguments": [ "Arg1", "IN", "DWORD", "0x2df06c", "0x2" ], "Timesptamp": "00000001.149611", "FunctionName": "FlsGetValue", "ModuleName": "kernel32.dll", "Return": "0x5b07d0", "Status": 0 }
{ "Address": "0xc24e46", "Opcode": "ff1538b0c200", "Opcodesize": 6, "Mnemonic": "call dword ptr [0xc2b038]", "PID": 280, "TID": 264, "Arguments": [ ], "Timesptamp": "00000001.162394", "FunctionName": "GetLastError", "ModuleName": "kernel32.dll", "Return": "0x0", "Status": 0 }
{ "Address": "0xc24d26", "Opcode": "ff158cb0c200", "Opcodesize": 6, "Mnemonic": "call dword ptr [0xc2b08c]", "PID": 280, "TID": 264, "Arguments": [ "Arg1", "IN", "DWORD", "0x2df074", "0x3" ], "Timesptamp": "00000001.168646", "FunctionName": "TlsGetValue", "ModuleName": "kernel32.dll", "Return": "0x74f21252", "Status": 0 }
{ "Address": "0xc24e59", "Opcode": "ffd0", "Opcodesize": 2, "Mnemonic": "call eax", "PID": 280, "TID": 264, "Arguments": [ "Arg1", "IN", "DWORD", "0x2df080", "0x2" ], "Timesptamp": "00000001.175091", "FunctionName": "FlsGetValue", "ModuleName": "kernel32.dll", "Return": "0x5b07d0", "Status": 0 }
{ "Address": "0xc24e46", "Opcode": "ff1538b0c200", "Opcodesize": 6, "Mnemonic": "call dword ptr [0xc2b038]", "PID": 280, "TID": 264, "Arguments": [ ], "Timesptamp": "00000001.188057", "FunctionName": "GetLastError", "ModuleName": "kernel32.dll", "Return": "0x0", "Status": 0 }
{ "Address": "0xc24d26", "Opcode": "ff158cb0c200", "Opcodesize": 6, "Mnemonic": "call dword ptr [0xc2b08c]", "PID": 280, "TID": 264, "Arguments": [ "Arg1", "IN", "DWORD", "0x2defd8", "0x3" ], "Timesptamp": "00000001.194308", "FunctionName": "TlsGetValue", "ModuleName": "kernel32.dll", "Return": "0x74f21252", "Status": 0 }
{ "Address": "0xc24e59", "Opcode": "ffd0", "Opcodesize": 2, "Mnemonic": "call eax", "PID": 280, "TID": 264, "Arguments": [ "Arg1", "IN", "DWORD", "0x2defe4", "0x2" ], "Timesptamp": "00000001.200611", "FunctionName": "FlsGetValue", "ModuleName": "kernel32.dll", "Return": "0x5b07d0", "Status": 0 }
{ "Address": "0xc24e46", "Opcode": "ff1538b0c200", "Opcodesize": 6, "Mnemonic": "call dword ptr [0xc2b038]", "PID": 280, "TID": 264, "Arguments": [ ], "Timesptamp": "00000001.213450", "FunctionName": "GetLastError", "ModuleName": "kernel32.dll", "Return": "0x0", "Status": 0 }
{ "Address": "0xc24d26", "Opcode": "ff158cb0c200", "Opcodesize": 6, "Mnemonic": "call dword ptr [0xc2b08c]", "PID": 280, "TID": 264, "Arguments": [ "Arg1", "IN", "DWORD", "0x2defd8", "0x3" ], "Timesptamp": "00000001.219946", "FunctionName": "TlsGetValue", "ModuleName": "kernel32.dll", "Return": "0x74f21252", "Status": 0 }
{ "Address": "0xc24e59", "Opcode": "ffd0", "Opcodesize": 2, "Mnemonic": "call eax", "PID": 280, "TID": 264, "Arguments": [ "Arg1", "IN", "DWORD", "0x2defe4", "0x2" ], "Timesptamp": "00000001.226209", "FunctionName": "FlsGetValue", "ModuleName": "kernel32.dll", "Return": "0x5b07d0", "Status": 0 }
{ "Address": "0xc24e46", "Opcode": "ff1538b0c200", "Opcodesize": 6, "Mnemonic": "call dword ptr [0xc2b038]", "PID": 280, "TID": 264, "Arguments": [ ], "Timesptamp": "00000001.237756", "FunctionName": "GetLastError", "ModuleName": "kernel32.dll", "Return": "0x0", "Status": 0 }
{ "Address": "0xc24d26", "Opcode": "ff158cb0c200", "Opcodesize": 6, "Mnemonic": "call dword ptr [0xc2b08c]", "PID": 280, "TID": 264, "Arguments": [ "Arg1", "IN", "DWORD", "0x2defd8", "0x3" ], "Timesptamp": "00000001.244023", "FunctionName": "TlsGetValue", "ModuleName": "kernel32.dll", "Return": "0x74f21252", "Status": 0 }
{ "Address": "0xc24e59", "Opcode": "ffd0", "Opcodesize": 2, "Mnemonic": "call eax", "PID": 280, "TID": 264, "Arguments": [ "Arg1", "IN", "DWORD", "0x2defe4", "0x2" ], "Timesptamp": "00000001.249560", "FunctionName": "FlsGetValue", "ModuleName": "kernel32.dll", "Return": "0x5b07d0", "Status": 0 }
{ "Address": "0xc24e46", "Opcode": "ff1538b0c200", "Opcodesize": 6, "Mnemonic": "call dword ptr [0xc2b038]", "PID": 280, "TID": 264, "Arguments": [ ], "Timesptamp": "00000001.262040", "FunctionName": "GetLastError", "ModuleName": "kernel32.dll", "Return": "0x0", "Status": 0 }
{ "Address": "0xc24d26", "Opcode": "ff158cb0c200", "Opcodesize": 6, "Mnemonic": "call dword ptr [0xc2b08c]", "PID": 280, "TID": 264, "Arguments": [ "Arg1", "IN", "DWORD", "0x2defd8", "0x3" ], "Timesptamp": "00000001.267867", "FunctionName": "TlsGetValue", "ModuleName": "kernel32.dll", "Return": "0x74f21252", "Status": 0 }
{ "Address": "0xc24e59", "Opcode": "ffd0", "Opcodesize": 2, "Mnemonic": "call eax", "PID": 280, "TID": 264, "Arguments": [ "Arg1", "IN", "DWORD", "0x2defe4", "0x2" ], "Timesptamp": "00000001.274122", "FunctionName": "FlsGetValue", "ModuleName": "kernel32.dll", "Return": "0x5b07d0", "Status": 0 }
{ "Address": "0xc24e46", "Opcode": "ff1538b0c200", "Opcodesize": 6, "Mnemonic": "call dword ptr [0xc2b038]", "PID": 280, "TID": 264, "Arguments": [ ], "Timesptamp": "00000001.288924", "FunctionName": "GetLastError", "ModuleName": "kernel32.dll", "Return": "0x0", "Status": 0 }
{ "Address": "0xc24d26", "Opcode": "ff158cb0c200", "Opcodesize": 6, "Mnemonic": "call dword ptr [0xc2b08c]", "PID": 280, "TID": 264, "Arguments": [ "Arg1", "IN", "DWORD", "0x2defd8", "0x3" ], "Timesptamp": "00000001.295274", "FunctionName": "TlsGetValue", "ModuleName": "kernel32.dll", "Return": "0x74f21252", "Status": 0 }
{ "Address": "0xc24e59", "Opcode": "ffd0", "Opcodesize": 2, "Mnemonic": "call eax", "PID": 280, "TID": 264, "Arguments": [ "Arg1", "IN", "DWORD", "0x2defe4", "0x2" ], "Timesptamp": "00000001.301584", "FunctionName": "FlsGetValue", "ModuleName": "kernel32.dll", "Return": "0x5b07d0", "Status": 0 }
{ "Address": "0xc24e46", "Opcode": "ff1538b0c200", "Opcodesize": 6, "Mnemonic": "call dword ptr [0xc2b038]", "PID": 280, "TID": 264, "Arguments": [ ], "Timesptamp": "00000001.313365", "FunctionName": "GetLastError", "ModuleName": "kernel32.dll", "Return": "0x0", "Status": 0 }
{ "Address": "0xc24d26", "Opcode": "ff158cb0c200", "Opcodesize": 6, "Mnemonic": "call dword ptr [0xc2b08c]", "PID": 280, "TID": 264, "Arguments": [ "Arg1", "IN", "DWORD", "0x2defd8", "0x3" ], "Timesptamp": "00000001.320939", "FunctionName": "TlsGetValue", "ModuleName": "kernel32.dll", "Return": "0x74f21252", "Status": 0 }
{ "Address": "0xc24e59", "Opcode": "ffd0", "Opcodesize": 2, "Mnemonic": "call eax", "PID": 280, "TID": 264, "Arguments": [ "Arg1", "IN", "DWORD", "0x2defe4", "0x2" ], "Timesptamp": "00000001.327336", "FunctionName": "FlsGetValue", "ModuleName": "kernel32.dll", "Return": "0x5b07d0", "Status": 0 }
{ "Address": "0xc24e46", "Opcode": "ff1538b0c200", "Opcodesize": 6, "Mnemonic": "call dword ptr [0xc2b038]", "PID": 280, "TID": 264, "Arguments": [ ], "Timesptamp": "00000001.340552", "FunctionName": "GetLastError", "ModuleName": "kernel32.dll", "Return": "0x0", "Status": 0 }
{ "Address": "0xc24d26", "Opcode": "ff158cb0c200", "Opcodesize": 6, "Mnemonic": "call dword ptr [0xc2b08c]", "PID": 280, "TID": 264, "Arguments": [ "Arg1", "IN", "DWORD", "0x2defd8", "0x3" ], "Timesptamp": "00000001.346374", "FunctionName": "TlsGetValue", "ModuleName": "kernel32.dll", "Return": "0x74f21252", "Status": 0 }
{ "Address": "0xc24e59", "Opcode": "ffd0", "Opcodesize": 2, "Mnemonic": "call eax", "PID": 280, "TID": 264, "Arguments": [ "Arg1", "IN", "DWORD", "0x2defe4", "0x2" ], "Timesptamp": "00000001.352961", "FunctionName": "FlsGetValue", "ModuleName": "kernel32.dll", "Return": "0x5b07d0", "Status": 0 }
{ "Address": "0xc24e46", "Opcode": "ff1538b0c200", "Opcodesize": 6, "Mnemonic": "call dword ptr [0xc2b038]", "PID": 280, "TID": 264, "Arguments": [ ], "Timesptamp": "00000001.365308", "FunctionName": "GetLastError", "ModuleName": "kernel32.dll", "Return": "0x0", "Status": 0 }
{ "Address": "0xc24d26", "Opcode": "ff158cb0c200", "Opcodesize": 6, "Mnemonic": "call dword ptr [0xc2b08c]", "PID": 280, "TID": 264, "Arguments": [ "Arg1", "IN", "DWORD", "0x2defd8", "0x3" ], "Timesptamp": "00000001.371845", "FunctionName": "TlsGetValue", "ModuleName": "kernel32.dll", "Return": "0x74f21252", "Status": 0 }
{ "Address": "0xc24e59", "Opcode": "ffd0", "Opcodesize": 2, "Mnemonic": "call eax", "PID": 280, "TID": 264, "Arguments": [ "Arg1", "IN", "DWORD", "0x2defe4", "0x2" ], "Timesptamp": "00000001.378090", "FunctionName": "FlsGetValue", "ModuleName": "kernel32.dll", "Return": "0x5b07d0", "Status": 0 }
{ "Address": "0xc24e46", "Opcode": "ff1538b0c200", "Opcodesize": 6, "Mnemonic": "call dword ptr [0xc2b038]", "PID": 280, "TID": 264, "Arguments": [ ], "Timesptamp": "00000001.391220", "FunctionName": "GetLastError", "ModuleName": "kernel32.dll", "Return": "0x0", "Status": 0 }
{ "Address": "0xc24d26", "Opcode": "ff158cb0c200", "Opcodesize": 6, "Mnemonic": "call dword ptr [0xc2b08c]", "PID": 280, "TID": 264, "Arguments": [ "Arg1", "IN", "DWORD", "0x2defd8", "0x3" ], "Timesptamp": "00000001.397487", "FunctionName": "TlsGetValue", "ModuleName": "kernel32.dll", "Return": "0x74f21252", "Status": 0 }
{ "Address": "0xc24e59", "Opcode": "ffd0", "Opcodesize": 2, "Mnemonic": "call eax", "PID": 280, "TID": 264, "Arguments": [ "Arg1", "IN", "DWORD", "0x2defe4", "0x2" ], "Timesptamp": "00000001.403769", "FunctionName": "FlsGetValue", "ModuleName": "kernel32.dll", "Return": "0x5b07d0", "Status": 0 }
{ "Address": "0xc24e46", "Opcode": "ff1538b0c200", "Opcodesize": 6, "Mnemonic": "call dword ptr [0xc2b038]", "PID": 280, "TID": 264, "Arguments": [ ], "Timesptamp": "00000001.424240", "FunctionName": "GetLastError", "ModuleName": "kernel32.dll", "Return": "0x0", "Status": 0 }
{ "Address": "0xc24d26", "Opcode": "ff158cb0c200", "Opcodesize": 6, "Mnemonic": "call dword ptr [0xc2b08c]", "PID": 280, "TID": 264, "Arguments": [ "Arg1", "IN", "DWORD", "0x2defd8", "0x3" ], "Timesptamp": "00000001.432664", "FunctionName": "TlsGetValue", "ModuleName": "kernel32.dll", "Return": "0x74f21252", "Status": 0 }
{ "Address": "0xc24e59", "Opcode": "ffd0", "Opcodesize": 2, "Mnemonic": "call eax", "PID": 280, "TID": 264, "Arguments": [ "Arg1", "IN", "DWORD", "0x2defe4", "0x2" ], "Timesptamp": "00000001.440678", "FunctionName": "FlsGetValue", "ModuleName": "kernel32.dll", "Return": "0x5b07d0", "Status": 0 }
{ "Address": "0xc24e46", "Opcode": "ff1538b0c200", "Opcodesize": 6, "Mnemonic": "call dword ptr [0xc2b038]", "PID": 280, "TID": 264, "Arguments": [ ], "Timesptamp": "00000001.453300", "FunctionName": "GetLastError", "ModuleName": "kernel32.dll", "Return": "0x0", "Status": 0 }
{ "Address": "0xc24d26", "Opcode": "ff158cb0c200", "Opcodesize": 6, "Mnemonic": "call dword ptr [0xc2b08c]", "PID": 280, "TID": 264, "Arguments": [ "Arg1", "IN", "DWORD", "0x2defd8", "0x3" ], "Timesptamp": "00000001.459526", "FunctionName": "TlsGetValue", "ModuleName": "kernel32.dll", "Return": "0x74f21252", "Status": 0 }
{ "Address": "0xc24e59", "Opcode": "ffd0", "Opcodesize": 2, "Mnemonic": "call eax", "PID": 280, "TID": 264, "Arguments": [ "Arg1", "IN", "DWORD", "0x2defe4", "0x2" ], "Timesptamp": "00000001.465771", "FunctionName": "FlsGetValue", "ModuleName": "kernel32.dll", "Return": "0x5b07d0", "Status": 0 }
{ "Address": "0xc24e46", "Opcode": "ff1538b0c200", "Opcodesize": 6, "Mnemonic": "call dword ptr [0xc2b038]", "PID": 280, "TID": 264, "Arguments": [ ], "Timesptamp": "00000001.483933", "FunctionName": "GetLastError", "ModuleName": "kernel32.dll", "Return": "0x0", "Status": 0 }
{ "Address": "0xc24d26", "Opcode": "ff158cb0c200", "Opcodesize": 6, "Mnemonic": "call dword ptr [0xc2b08c]", "PID": 280, "TID": 264, "Arguments": [ "Arg1", "IN", "DWORD", "0x2defd8", "0x3" ], "Timesptamp": "00000001.490153", "FunctionName": "TlsGetValue", "ModuleName": "kernel32.dll", "Return": "0x74f21252", "Status": 0 }
{ "Address": "0xc24e59", "Opcode": "ffd0", "Opcodesize": 2, "Mnemonic": "call eax", "PID": 280, "TID": 264, "Arguments": [ "Arg1", "IN", "DWORD", "0x2defe4", "0x2" ], "Timesptamp": "00000001.496390", "FunctionName": "FlsGetValue", "ModuleName": "kernel32.dll", "Return": "0x5b07d0", "Status": 0 }
{ "Address": "0xc24e46", "Opcode": "ff1538b0c200", "Opcodesize": 6, "Mnemonic": "call dword ptr [0xc2b038]", "PID": 280, "TID": 264, "Arguments": [ ], "Timesptamp": "00000001.509150", "FunctionName": "GetLastError", "ModuleName": "kernel32.dll", "Return": "0x0", "Status": 0 }
{ "Address": "0xc24d26", "Opcode": "ff158cb0c200", "Opcodesize": 6, "Mnemonic": "call dword ptr [0xc2b08c]", "PID": 280, "TID": 264, "Arguments": [ "Arg1", "IN", "DWORD", "0x2defd8", "0x3" ], "Timesptamp": "00000001.517438", "FunctionName": "TlsGetValue", "ModuleName": "kernel32.dll", "Return": "0x74f21252", "Status": 0 }
{ "Address": "0xc24e59", "Opcode": "ffd0", "Opcodesize": 2, "Mnemonic": "call eax", "PID": 280, "TID": 264, "Arguments": [ "Arg1", "IN", "DWORD", "0x2defe4", "0x2" ], "Timesptamp": "00000001.524284", "FunctionName": "FlsGetValue", "ModuleName": "kernel32.dll", "Return": "0x5b07d0", "Status": 0 }
{ "Address": "0xc24e46", "Opcode": "ff1538b0c200", "Opcodesize": 6, "Mnemonic": "call dword ptr [0xc2b038]", "PID": 280, "TID": 264, "Arguments": [ ], "Timesptamp": "00000001.536911", "FunctionName": "GetLastError", "ModuleName": "kernel32.dll", "Return": "0x0", "Status": 0 }
{ "Address": "0xc24d26", "Opcode": "ff158cb0c200", "Opcodesize": 6, "Mnemonic": "call dword ptr [0xc2b08c]", "PID": 280, "TID": 264, "Arguments": [ "Arg1", "IN", "DWORD", "0x2defd8", "0x3" ], "Timesptamp": "00000001.543134", "FunctionName": "TlsGetValue", "ModuleName": "kernel32.dll", "Return": "0x74f21252", "Status": 0 }
{ "Address": "0xc24e59", "Opcode": "ffd0", "Opcodesize": 2, "Mnemonic": "call eax", "PID": 280, "TID": 264, "Arguments": [ "Arg1", "IN", "DWORD", "0x2defe4", "0x2" ], "Timesptamp": "00000001.549544", "FunctionName": "FlsGetValue", "ModuleName": "kernel32.dll", "Return": "0x5b07d0", "Status": 0 }
{ "Address": "0xc24e46", "Opcode": "ff1538b0c200", "Opcodesize": 6, "Mnemonic": "call dword ptr [0xc2b038]", "PID": 280, "TID": 264, "Arguments": [ ], "Timesptamp": "00000001.563668", "FunctionName": "GetLastError", "ModuleName": "kernel32.dll", "Return": "0x0", "Status": 0 }
{ "Address": "0xc24d26", "Opcode": "ff158cb0c200", "Opcodesize": 6, "Mnemonic": "call dword ptr [0xc2b08c]", "PID": 280, "TID": 264, "Arguments": [ "Arg1", "IN", "DWORD", "0x2defd8", "0x3" ], "Timesptamp": "00000001.570433", "FunctionName": "TlsGetValue", "ModuleName": "kernel32.dll", "Return": "0x74f21252", "Status": 0 }
{ "Address": "0xc24e59", "Opcode": "ffd0", "Opcodesize": 2, "Mnemonic": "call eax", "PID": 280, "TID": 264, "Arguments": [ "Arg1", "IN", "DWORD", "0x2defe4", "0x2" ], "Timesptamp": "00000001.576849", "FunctionName": "FlsGetValue", "ModuleName": "kernel32.dll", "Return": "0x5b07d0", "Status": 0 }
{ "Address": "0xc24e46", "Opcode": "ff1538b0c200", "Opcodesize": 6, "Mnemonic": "call dword ptr [0xc2b038]", "PID": 280, "TID": 264, "Arguments": [ ], "Timesptamp": "00000001.589338", "FunctionName": "GetLastError", "ModuleName": "kernel32.dll", "Return": "0x0", "Status": 0 }
{ "Address": "0xc24d26", "Opcode": "ff158cb0c200", "Opcodesize": 6, "Mnemonic": "call dword ptr [0xc2b08c]", "PID": 280, "TID": 264, "Arguments": [ "Arg1", "IN", "DWORD", "0x2defd8", "0x3" ], "Timesptamp": "00000001.595793", "FunctionName": "TlsGetValue", "ModuleName": "kernel32.dll", "Return": "0x74f21252", "Status": 0 }
{ "Address": "0xc24e59", "Opcode": "ffd0", "Opcodesize": 2, "Mnemonic": "call eax", "PID": 280, "TID": 264, "Arguments": [ "Arg1", "IN", "DWORD", "0x2defe4", "0x2" ], "Timesptamp": "00000001.602027", "FunctionName": "FlsGetValue", "ModuleName": "kernel32.dll", "Return": "0x5b07d0", "Status": 0 }
{ "Address": "0xc2906c", "Opcode": "ff154cb0c200", "Opcodesize": 6, "Mnemonic": "call dword ptr [0xc2b04c]", "PID": 280, "TID": 264, "Arguments": [ "Arg1", "IN", "DWORD", "0x2defe4", "0x0" ], "Timesptamp": "00000001.613002", "FunctionName": "SetLastError", "ModuleName": "kernel32.dll", "Functionname": "RtlEnterCriticalSection", "Dllname": "ntdll.dll", "Status": 1 }
{ "Address": "0xc24e46", "Opcode": "ff1538b0c200", "Opcodesize": 6, "Mnemonic": "call dword ptr [0xc2b038]", "PID": 280, "TID": 264, "Arguments": [ ], "Timesptamp": "00000001.626442", "FunctionName": "GetLastError", "ModuleName": "kernel32.dll", "Return": "0x0", "Status": 0 }
{ "Address": "0xc24d26", "Opcode": "ff158cb0c200", "Opcodesize": 6, "Mnemonic": "call dword ptr [0xc2b08c]", "PID": 280, "TID": 264, "Arguments": [ "Arg1", "IN", "DWORD", "0x2dd988", "0x3" ], "Timesptamp": "00000001.632685", "FunctionName": "TlsGetValue", "ModuleName": "kernel32.dll", "Return": "0x74f21252", "Status": 0 }
{ "Address": "0xc24e59", "Opcode": "ffd0", "Opcodesize": 2, "Mnemonic": "call eax", "PID": 280, "TID": 264, "Arguments": [ "Arg1", "IN", "DWORD", "0x2dd994", "0x2" ], "Timesptamp": "00000001.639068", "FunctionName": "FlsGetValue", "ModuleName": "kernel32.dll", "Return": "0x5b07d0", "Status": 0 }
{ "Address": "0xc27657", "Opcode": "ff15ecb0c200", "Opcodesize": 6, "Mnemonic": "call dword ptr [0xc2b0ec]", "PID": 280, "TID": 264, "Arguments": [ "Arg1", "IN", "DWORD", "0x2dd994", "0x0" ], "Timesptamp": "00000001.645337", "FunctionName": "SetLastError", "ModuleName": "kernel32.dll", "Functionname": "GetConsoleMode", "Dllname": "kernel32.dll", "Status": 1 }
{ "Address": "0xc27957", "Opcode": "ff1560b0c200", "Opcodesize": 6, "Mnemonic": "call dword ptr [0xc2b060]", "PID": 280, "TID": 264, "Arguments": [ "Arg1", "IN", "HANDLE", "0x2dd998", "0x7", "Arg2", "IN", "ARRAY0", "0x2dd99c", "ARRAY_0x11", "Arg3", "IN", "DWORD", "0x2dd9a0", "0x11", "Arg4", "OUT", "LPDWORD", "0x2dd9a4", "0x2dd9c4", "Arg5", "OUT", "LPOVERLAPPED", "0x2dd9a8", "0x0" ], "Timesptamp": "00000001.660992", "FunctionName": "WriteFile", "ModuleName": "kernel32.dll", "Return": "TRUE", "Output1": [ "0x2dd9c4", "0x11" ], "Status": 0 }
{ "Address": "0xc290a8", "Opcode": "ff1550b0c200", "Opcodesize": 6, "Mnemonic": "call dword ptr [0xc2b050]", "PID": 280, "TID": 264, "Functionname": "RtlLeaveCriticalSection", "Dllname": "ntdll.dll", "Status": 1 }
{ "Address": "0xc252f0", "Opcode": "ff1550b0c200", "Opcodesize": 6, "Mnemonic": "call dword ptr [0xc2b050]", "PID": 280, "TID": 264, "Functionname": "RtlLeaveCriticalSection", "Dllname": "ntdll.dll", "Status": 1 }
{ "Address": "0xc253e4", "Opcode": "ff154cb0c200", "Opcodesize": 6, "Mnemonic": "call dword ptr [0xc2b04c]", "PID": 280, "TID": 264, "Functionname": "RtlEnterCriticalSection", "Dllname": "ntdll.dll", "Status": 1 }
{ "Address": "0xc2428c", "Opcode": "ffd6", "Opcodesize": 2, "Mnemonic": "call esi", "PID": 280, "TID": 264, "Functionname": "RtlDecodePointer", "Dllname": "ntdll.dll", "Status": 1 }
{ "Address": "0xc2429d", "Opcode": "ffd6", "Opcodesize": 2, "Mnemonic": "call esi", "PID": 280, "TID": 264, "Functionname": "RtlDecodePointer", "Dllname": "ntdll.dll", "Status": 1 }
{ "Address": "0xc24d0d", "Opcode": "ff1544b0c200", "Opcodesize": 6, "Mnemonic": "call dword ptr [0xc2b044]", "PID": 280, "TID": 264, "Functionname": "RtlEncodePointer", "Dllname": "ntdll.dll", "Status": 1 }
{ "Address": "0xc242c3", "Opcode": "ffd6", "Opcodesize": 2, "Mnemonic": "call esi", "PID": 280, "TID": 264, "Functionname": "RtlDecodePointer", "Dllname": "ntdll.dll", "Status": 1 }
{ "Address": "0xc24d0d", "Opcode": "ff1544b0c200", "Opcodesize": 6, "Mnemonic": "call dword ptr [0xc2b044]", "PID": 280, "TID": 264, "Functionname": "RtlEncodePointer", "Dllname": "ntdll.dll", "Status": 1 }
{ "Address": "0xc242d6", "Opcode": "ffd6", "Opcodesize": 2, "Mnemonic": "call esi", "PID": 280, "TID": 264, "Functionname": "RtlDecodePointer", "Dllname": "ntdll.dll", "Status": 1 }
{ "Address": "0xc242e0", "Opcode": "ffd6", "Opcodesize": 2, "Mnemonic": "call esi", "PID": 280, "TID": 264, "Functionname": "RtlDecodePointer", "Dllname": "ntdll.dll", "Status": 1 }
{ "Address": "0xc253e4", "Opcode": "ff154cb0c200", "Opcodesize": 6, "Mnemonic": "call dword ptr [0xc2b04c]", "PID": 280, "TID": 264, "Functionname": "RtlEnterCriticalSection", "Dllname": "ntdll.dll", "Status": 1 }
{ "Address": "0xc253e4", "Opcode": "ff154cb0c200", "Opcodesize": 6, "Mnemonic": "call dword ptr [0xc2b04c]", "PID": 280, "TID": 264, "Functionname": "RtlEnterCriticalSection", "Dllname": "ntdll.dll", "Status": 1 }
{ "Address": "0xc252f0", "Opcode": "ff1550b0c200", "Opcodesize": 6, "Mnemonic": "call dword ptr [0xc2b050]", "PID": 280, "TID": 264, "Functionname": "RtlLeaveCriticalSection", "Dllname": "ntdll.dll", "Status": 1 }
{ "Address": "0xc253e4", "Opcode": "ff154cb0c200", "Opcodesize": 6, "Mnemonic": "call dword ptr [0xc2b04c]", "PID": 280, "TID": 264, "Functionname": "RtlEnterCriticalSection", "Dllname": "ntdll.dll", "Status": 1 }
{ "Address": "0xc252f0", "Opcode": "ff1550b0c200", "Opcodesize": 6, "Mnemonic": "call dword ptr [0xc2b050]", "PID": 280, "TID": 264, "Functionname": "RtlLeaveCriticalSection", "Dllname": "ntdll.dll", "Status": 1 }
{ "Address": "0xc253e4", "Opcode": "ff154cb0c200", "Opcodesize": 6, "Mnemonic": "call dword ptr [0xc2b04c]", "PID": 280, "TID": 264, "Functionname": "RtlEnterCriticalSection", "Dllname": "ntdll.dll", "Status": 1 }
{ "Address": "0xc252f0", "Opcode": "ff1550b0c200", "Opcodesize": 6, "Mnemonic": "call dword ptr [0xc2b050]", "PID": 280, "TID": 264, "Functionname": "RtlLeaveCriticalSection", "Dllname": "ntdll.dll", "Status": 1 }
{ "Address": "0xc252f0", "Opcode": "ff1550b0c200", "Opcodesize": 6, "Mnemonic": "call dword ptr [0xc2b050]", "PID": 280, "TID": 264, "Functionname": "RtlLeaveCriticalSection", "Dllname": "ntdll.dll", "Status": 1 }
{ "Address": "0xc22981", "Opcode": "ff153cb0c200", "Opcodesize": 6, "Mnemonic": "call dword ptr [0xc2b03c]", "PID": 280, "TID": 264, "Functionname": "HeapFree", "Dllname": "kernel32.dll", "Status": 1 }
{ "Address": "0xc252f0", "Opcode": "ff1550b0c200", "Opcodesize": 6, "Mnemonic": "call dword ptr [0xc2b050]", "PID": 280, "TID": 264, "Functionname": "RtlLeaveCriticalSection", "Dllname": "ntdll.dll", "Status": 1 }
{ "Address": "0xc24109", "Opcode": "ff1558b0c200", "Opcodesize": 6, "Mnemonic": "call dword ptr [0xc2b058]", "PID": 280, "TID": 264, "Arguments": [ "Arg1", "IN", "LPCWSTR", "0x2dfd78", "mscoree.dll" ], "Timesptamp": "00000001.798230", "FunctionName": "GetModuleHandleW", "ModuleName": "kernel32.dll", "Return": "0x0", "Status": 0 }
{ "Address": "0xc2413b", "Opcode": "ff155cb0c200", "Opcodesize": 6, "Mnemonic": "call dword ptr [0xc2b05c]", "PID": 280, "TID": 264, "Arguments": [ "Arg1", "IN", "UINT", "0x2dfd84", "0xa0" ], "Timesptamp": "00000001.808184", "FunctionName": "ExitProcess", "ModuleName": "kernel32.dll" }
