{ "Address": "0x40115e", "Opcode": "e85dc90000", "Opcodesize": 5, "Mnemonic": "call 0x40dac0", "PID": 2232, "TID": 2236, "Arguments": [ "Arg1", "IN", "DWORD", "0x28ff50", "0x401000" ], "Timesptamp": "00000000.271930", "FunctionName": "SetUnhandledExceptionFilter", "ModuleName": "kernel32.dll", "Return": "0x0", "Status": 0 }
{ "Address": "0x40119e", "Opcode": "e8bdc50000", "Opcodesize": 5, "Mnemonic": "call 0x40d760", "PID": 2232, "TID": 2236, "Functionname": "__getmainargs", "Dllname": "msvcrt.dll", "Status": 1 }
{ "Address": "0x401210", "Opcode": "e82bc50000", "Opcodesize": 5, "Mnemonic": "call 0x40d740", "PID": 2232, "TID": 2236, "Arguments": [ ], "Timesptamp": "00000000.312208", "FunctionName": "__p__fmode", "ModuleName": "msvcrt.dll", "Return": "0x76da31f4", "Status": 0 }
{ "Address": "0x40122a", "Opcode": "e8f1c40000", "Opcodesize": 5, "Mnemonic": "call 0x40d720", "PID": 2232, "TID": 2236, "Functionname": "__p__environ", "Dllname": "msvcrt.dll", "Status": 1 }
{ "Address": "0x40a3bb", "Opcode": "e870340000", "Opcodesize": 5, "Mnemonic": "call 0x40d830", "PID": 2232, "TID": 2236, "Functionname": "strrchr", "Dllname": "msvcrt.dll", "Status": 1 }
{ "Address": "0x40a3d0", "Opcode": "e85b340000", "Opcodesize": 5, "Mnemonic": "call 0x40d830", "PID": 2232, "TID": 2236, "Functionname": "strrchr", "Dllname": "msvcrt.dll", "Status": 1 }
{ "Address": "0x40a3e5", "Opcode": "e846340000", "Opcodesize": 5, "Mnemonic": "call 0x40d830", "PID": 2232, "TID": 2236, "Functionname": "strrchr", "Dllname": "msvcrt.dll", "Status": 1 }
{ "Address": "0x405330", "Opcode": "e8fb830000", "Opcodesize": 5, "Mnemonic": "call 0x40d730", "PID": 2232, "TID": 2236, "Functionname": "signal", "Dllname": "msvcrt.dll", "Status": 1 }
{ "Address": "0x405358", "Opcode": "e8d3830000", "Opcodesize": 5, "Mnemonic": "call 0x40d730", "PID": 2232, "TID": 2236, "Functionname": "signal", "Dllname": "msvcrt.dll", "Status": 1 }
{ "Address": "0x405330", "Opcode": "e8fb830000", "Opcodesize": 5, "Mnemonic": "call 0x40d730", "PID": 2232, "TID": 2236, "Functionname": "signal", "Dllname": "msvcrt.dll", "Status": 1 }
{ "Address": "0x405358", "Opcode": "e8d3830000", "Opcodesize": 5, "Mnemonic": "call 0x40d730", "PID": 2232, "TID": 2236, "Functionname": "signal", "Dllname": "msvcrt.dll", "Status": 1 }
{ "Address": "0x40385d", "Opcode": "e85ea00000", "Opcodesize": 5, "Mnemonic": "call 0x40d8c0", "PID": 2232, "TID": 2236, "Functionname": "_isatty", "Dllname": "msvcrt.dll", "Status": 1 }
{ "Address": "0x4038a8", "Opcode": "e873a00000", "Opcodesize": 5, "Mnemonic": "call 0x40d920", "PID": 2232, "TID": 2236, "Arguments": [ "Arg1", "OUT", "FILE*", "0x28fed0", "0x76da2940", "Arg2", "IN", "CHAR*", "0x28fed4", "%s: compressed data not %s a terminal. Use -f to force %scompression.\n" ], "Timesptamp": "00000000.402894", "FunctionName": "fprintf", "ModuleName": "msvcrt.dll", "Return": "0x4e", "Output1": [ "0x76da2940", "0x0" ], "Status": 0 }
{ "Address": "0x4038c4", "Opcode": "e857a00000", "Opcodesize": 5, "Mnemonic": "call 0x40d920", "PID": 2232, "TID": 2236, "Arguments": [ "Arg1", "OUT", "FILE*", "0x28fee0", "0x76da2940", "Arg2", "IN", "CHAR*", "0x28fee4", "For help, type: %s -h\n" ], "Timesptamp": "00000000.427991", "FunctionName": "fprintf", "ModuleName": "msvcrt.dll", "Return": "0x18", "Output1": [ "0x76da2940", "0x0" ], "Status": 0 }
{ "Address": "0x4038dd", "Opcode": "e80e9f0000", "Opcodesize": 5, "Mnemonic": "call 0x40d7f0", "PID": 2232, "TID": 2236, "Arguments": [ "Arg1", "IN", "INT", "0x28fee0", "0x1" ], "Timesptamp": "00000000.435532", "FunctionName": "exit", "ModuleName": "msvcrt.dll" }
