{ "Address": "0x10001d9", "Opcode": "ff53f0", "Opcodesize": 3, "Mnemonic": "call dword ptr [ebx - 0x10]", "PID": 280, "TID": 1768, "Arguments": [ "Arg1", "IN", "LPCTSTR", "0xcff84", "msvcrt.dll" ], "Timesptamp": "00000000.197222", "FunctionName": "LoadLibraryA", "ModuleName": "kernel32.dll", "Return": "0x76190000", "Status": 0 }
{ "Address": "0x10001f0", "Opcode": "ff53f4", "Opcodesize": 3, "Mnemonic": "call dword ptr [ebx - 0xc]", "PID": 280, "TID": 1768, "Arguments": [ "Arg1", "IN", "HMODULE", "0xcff80", "0x76190000", "Arg2", "IN", "LPCSTR", "0xcff84", "_initterm" ], "Timesptamp": "00000000.282542", "FunctionName": "GetProcAddress", "ModuleName": "kernel32.dll", "Return": "0x7619c151", "Status": 0 }
{ "Address": "0x10001f0", "Opcode": "ff53f4", "Opcodesize": 3, "Mnemonic": "call dword ptr [ebx - 0xc]", "PID": 280, "TID": 1768, "Arguments": [ "Arg1", "IN", "HMODULE", "0xcff80", "0x76190000", "Arg2", "IN", "LPCSTR", "0xcff84", "__getmainargs" ], "Timesptamp": "00000000.290660", "FunctionName": "GetProcAddress", "ModuleName": "kernel32.dll", "Return": "0x761a2bc0", "Status": 0 }
{ "Address": "0x10001f0", "Opcode": "ff53f4", "Opcodesize": 3, "Mnemonic": "call dword ptr [ebx - 0xc]", "PID": 280, "TID": 1768, "Arguments": [ "Arg1", "IN", "HMODULE", "0xcff80", "0x76190000", "Arg2", "IN", "LPCSTR", "0xcff84", "__initenv" ], "Timesptamp": "00000000.297571", "FunctionName": "GetProcAddress", "ModuleName": "kernel32.dll", "Return": "0x762304e8", "Status": 0 }
{ "Address": "0x10001f0", "Opcode": "ff53f4", "Opcodesize": 3, "Mnemonic": "call dword ptr [ebx - 0xc]", "PID": 280, "TID": 1768, "Arguments": [ "Arg1", "IN", "HMODULE", "0xcff80", "0x76190000", "Arg2", "IN", "LPCSTR", "0xcff84", "_cexit" ], "Timesptamp": "00000000.304264", "FunctionName": "GetProcAddress", "ModuleName": "kernel32.dll", "Return": "0x761a37d4", "Status": 0 }
{ "Address": "0x10001f0", "Opcode": "ff53f4", "Opcodesize": 3, "Mnemonic": "call dword ptr [ebx - 0xc]", "PID": 280, "TID": 1768, "Arguments": [ "Arg1", "IN", "HMODULE", "0xcff80", "0x76190000", "Arg2", "IN", "LPCSTR", "0xcff84", "_XcptFilter" ], "Timesptamp": "00000000.311067", "FunctionName": "GetProcAddress", "ModuleName": "kernel32.dll", "Return": "0x761bdc75", "Status": 0 }
{ "Address": "0x10001f0", "Opcode": "ff53f4", "Opcodesize": 3, "Mnemonic": "call dword ptr [ebx - 0xc]", "PID": 280, "TID": 1768, "Arguments": [ "Arg1", "IN", "HMODULE", "0xcff80", "0x76190000", "Arg2", "IN", "LPCSTR", "0xcff84", "_exit" ], "Timesptamp": "00000000.332297", "FunctionName": "GetProcAddress", "ModuleName": "kernel32.dll", "Return": "0x761fb2c0", "Status": 0 }
{ "Address": "0x10001f0", "Opcode": "ff53f4", "Opcodesize": 3, "Mnemonic": "call dword ptr [ebx - 0xc]", "PID": 280, "TID": 1768, "Arguments": [ "Arg1", "IN", "HMODULE", "0xcff80", "0x76190000", "Arg2", "IN", "LPCSTR", "0xcff84", "_c_exit" ], "Timesptamp": "00000000.339484", "FunctionName": "GetProcAddress", "ModuleName": "kernel32.dll", "Return": "0x761fb2db", "Status": 0 }
{ "Address": "0x10001f0", "Opcode": "ff53f4", "Opcodesize": 3, "Mnemonic": "call dword ptr [ebx - 0xc]", "PID": 280, "TID": 1768, "Arguments": [ "Arg1", "IN", "HMODULE", "0xcff80", "0x76190000", "Arg2", "IN", "LPCSTR", "0xcff84", "_chmod" ], "Timesptamp": "00000000.346286", "FunctionName": "GetProcAddress", "ModuleName": "kernel32.dll", "Return": "0x761e3daf", "Status": 0 }
{ "Address": "0x10001f0", "Opcode": "ff53f4", "Opcodesize": 3, "Mnemonic": "call dword ptr [ebx - 0xc]", "PID": 280, "TID": 1768, "Arguments": [ "Arg1", "IN", "HMODULE", "0xcff80", "0x76190000", "Arg2", "IN", "LPCSTR", "0xcff84", "strncpy" ], "Timesptamp": "00000000.353082", "FunctionName": "GetProcAddress", "ModuleName": "kernel32.dll", "Return": "0x761a08a9", "Status": 0 }
{ "Address": "0x10001f0", "Opcode": "ff53f4", "Opcodesize": 3, "Mnemonic": "call dword ptr [ebx - 0xc]", "PID": 280, "TID": 1768, "Arguments": [ "Arg1", "IN", "HMODULE", "0xcff80", "0x76190000", "Arg2", "IN", "LPCSTR", "0xcff84", "strncat" ], "Timesptamp": "00000000.360157", "FunctionName": "GetProcAddress", "ModuleName": "kernel32.dll", "Return": "0x761c0909", "Status": 0 }
{ "Address": "0x10001f0", "Opcode": "ff53f4", "Opcodesize": 3, "Mnemonic": "call dword ptr [ebx - 0xc]", "PID": 280, "TID": 1768, "Arguments": [ "Arg1", "IN", "HMODULE", "0xcff80", "0x76190000", "Arg2", "IN", "LPCSTR", "0xcff84", "system" ], "Timesptamp": "00000000.392882", "FunctionName": "GetProcAddress", "ModuleName": "kernel32.dll", "Return": "0x761eb16f", "Status": 0 }
{ "Address": "0x10001f0", "Opcode": "ff53f4", "Opcodesize": 3, "Mnemonic": "call dword ptr [ebx - 0xc]", "PID": 280, "TID": 1768, "Arguments": [ "Arg1", "IN", "HMODULE", "0xcff80", "0x76190000", "Arg2", "IN", "LPCSTR", "0xcff84", "strrchr" ], "Timesptamp": "00000000.399418", "FunctionName": "GetProcAddress", "ModuleName": "kernel32.dll", "Return": "0x7619dbae", "Status": 0 }
{ "Address": "0x10001f0", "Opcode": "ff53f4", "Opcodesize": 3, "Mnemonic": "call dword ptr [ebx - 0xc]", "PID": 280, "TID": 1768, "Arguments": [ "Arg1", "IN", "HMODULE", "0xcff80", "0x76190000", "Arg2", "IN", "LPCSTR", "0xcff84", "_stat" ], "Timesptamp": "00000000.405814", "FunctionName": "GetProcAddress", "ModuleName": "kernel32.dll", "Return": "0x761a9857", "Status": 0 }
{ "Address": "0x10001f0", "Opcode": "ff53f4", "Opcodesize": 3, "Mnemonic": "call dword ptr [ebx - 0xc]", "PID": 280, "TID": 1768, "Arguments": [ "Arg1", "IN", "HMODULE", "0xcff80", "0x76190000", "Arg2", "IN", "LPCSTR", "0xcff84", "_open" ], "Timesptamp": "00000000.411923", "FunctionName": "GetProcAddress", "ModuleName": "kernel32.dll", "Return": "0x761b7e48", "Status": 0 }
{ "Address": "0x10001f0", "Opcode": "ff53f4", "Opcodesize": 3, "Mnemonic": "call dword ptr [ebx - 0xc]", "PID": 280, "TID": 1768, "Arguments": [ "Arg1", "IN", "HMODULE", "0xcff80", "0x76190000", "Arg2", "IN", "LPCSTR", "0xcff84", "_errno" ], "Timesptamp": "00000000.418372", "FunctionName": "GetProcAddress", "ModuleName": "kernel32.dll", "Return": "0x7619a5b8", "Status": 0 }
{ "Address": "0x10001f0", "Opcode": "ff53f4", "Opcodesize": 3, "Mnemonic": "call dword ptr [ebx - 0xc]", "PID": 280, "TID": 1768, "Arguments": [ "Arg1", "IN", "HMODULE", "0xcff80", "0x76190000", "Arg2", "IN", "LPCSTR", "0xcff84", "_sys_errlist" ], "Timesptamp": "00000000.424971", "FunctionName": "GetProcAddress", "ModuleName": "kernel32.dll", "Return": "0x76199518", "Status": 0 }
{ "Address": "0x10001f0", "Opcode": "ff53f4", "Opcodesize": 3, "Mnemonic": "call dword ptr [ebx - 0xc]", "PID": 280, "TID": 1768, "Arguments": [ "Arg1", "IN", "HMODULE", "0xcff80", "0x76190000", "Arg2", "IN", "LPCSTR", "0xcff84", "_controlfp" ], "Timesptamp": "00000000.432690", "FunctionName": "GetProcAddress", "ModuleName": "kernel32.dll", "Return": "0x7619e1e1", "Status": 0 }
{ "Address": "0x10001f0", "Opcode": "ff53f4", "Opcodesize": 3, "Mnemonic": "call dword ptr [ebx - 0xc]", "PID": 280, "TID": 1768, "Arguments": [ "Arg1", "IN", "HMODULE", "0xcff80", "0x76190000", "Arg2", "IN", "LPCSTR", "0xcff84", "_except_handler3" ], "Timesptamp": "00000000.439053", "FunctionName": "GetProcAddress", "ModuleName": "kernel32.dll", "Return": "0x761bd770", "Status": 0 }
{ "Address": "0x10001f0", "Opcode": "ff53f4", "Opcodesize": 3, "Mnemonic": "call dword ptr [ebx - 0xc]", "PID": 280, "TID": 1768, "Arguments": [ "Arg1", "IN", "HMODULE", "0xcff80", "0x76190000", "Arg2", "IN", "LPCSTR", "0xcff84", "__set_app_type" ], "Timesptamp": "00000000.444574", "FunctionName": "GetProcAddress", "ModuleName": "kernel32.dll", "Return": "0x761a2804", "Status": 0 }
{ "Address": "0x10001f0", "Opcode": "ff53f4", "Opcodesize": 3, "Mnemonic": "call dword ptr [ebx - 0xc]", "PID": 280, "TID": 1768, "Arguments": [ "Arg1", "IN", "HMODULE", "0xcff80", "0x76190000", "Arg2", "IN", "LPCSTR", "0xcff84", "__p__fmode" ], "Timesptamp": "00000000.450896", "FunctionName": "GetProcAddress", "ModuleName": "kernel32.dll", "Return": "0x761a27ce", "Status": 0 }
{ "Address": "0x10001f0", "Opcode": "ff53f4", "Opcodesize": 3, "Mnemonic": "call dword ptr [ebx - 0xc]", "PID": 280, "TID": 1768, "Arguments": [ "Arg1", "IN", "HMODULE", "0xcff80", "0x76190000", "Arg2", "IN", "LPCSTR", "0xcff84", "__p__commode" ], "Timesptamp": "00000000.457365", "FunctionName": "GetProcAddress", "ModuleName": "kernel32.dll", "Return": "0x761a27c3", "Status": 0 }
{ "Address": "0x10001f0", "Opcode": "ff53f4", "Opcodesize": 3, "Mnemonic": "call dword ptr [ebx - 0xc]", "PID": 280, "TID": 1768, "Arguments": [ "Arg1", "IN", "HMODULE", "0xcff80", "0x76190000", "Arg2", "IN", "LPCSTR", "0xcff84", "_fstat" ], "Timesptamp": "00000000.463147", "FunctionName": "GetProcAddress", "ModuleName": "kernel32.dll", "Return": "0x761b0e3b", "Status": 0 }
{ "Address": "0x10001f0", "Opcode": "ff53f4", "Opcodesize": 3, "Mnemonic": "call dword ptr [ebx - 0xc]", "PID": 280, "TID": 1768, "Arguments": [ "Arg1", "IN", "HMODULE", "0xcff80", "0x76190000", "Arg2", "IN", "LPCSTR", "0xcff84", "_close" ], "Timesptamp": "00000000.469620", "FunctionName": "GetProcAddress", "ModuleName": "kernel32.dll", "Return": "0x761a3ae2", "Status": 0 }
{ "Address": "0x10001f0", "Opcode": "ff53f4", "Opcodesize": 3, "Mnemonic": "call dword ptr [ebx - 0xc]", "PID": 280, "TID": 1768, "Arguments": [ "Arg1", "IN", "HMODULE", "0xcff80", "0x76190000", "Arg2", "IN", "LPCSTR", "0xcff84", "_snprintf" ], "Timesptamp": "00000000.475791", "FunctionName": "GetProcAddress", "ModuleName": "kernel32.dll", "Return": "0x761bfa7c", "Status": 0 }
{ "Address": "0x10001f0", "Opcode": "ff53f4", "Opcodesize": 3, "Mnemonic": "call dword ptr [ebx - 0xc]", "PID": 280, "TID": 1768, "Arguments": [ "Arg1", "IN", "HMODULE", "0xcff80", "0x76190000", "Arg2", "IN", "LPCSTR", "0xcff84", "_mkdir" ], "Timesptamp": "00000000.482520", "FunctionName": "GetProcAddress", "ModuleName": "kernel32.dll", "Return": "0x761e3ed2", "Status": 0 }
{ "Address": "0x10001f0", "Opcode": "ff53f4", "Opcodesize": 3, "Mnemonic": "call dword ptr [ebx - 0xc]", "PID": 280, "TID": 1768, "Arguments": [ "Arg1", "IN", "HMODULE", "0xcff80", "0x76190000", "Arg2", "IN", "LPCSTR", "0xcff84", "exit" ], "Timesptamp": "00000000.488915", "FunctionName": "GetProcAddress", "ModuleName": "kernel32.dll", "Return": "0x761a36aa", "Status": 0 }
{ "Address": "0x10001f0", "Opcode": "ff53f4", "Opcodesize": 3, "Mnemonic": "call dword ptr [ebx - 0xc]", "PID": 280, "TID": 1768, "Arguments": [ "Arg1", "IN", "HMODULE", "0xcff80", "0x76190000", "Arg2", "IN", "LPCSTR", "0xcff84", "_write" ], "Timesptamp": "00000000.494161", "FunctionName": "GetProcAddress", "ModuleName": "kernel32.dll", "Return": "0x761a4078", "Status": 0 }
{ "Address": "0x10001f0", "Opcode": "ff53f4", "Opcodesize": 3, "Mnemonic": "call dword ptr [ebx - 0xc]", "PID": 280, "TID": 1768, "Arguments": [ "Arg1", "IN", "HMODULE", "0xcff80", "0x76190000", "Arg2", "IN", "LPCSTR", "0xcff84", "_read" ], "Timesptamp": "00000000.500688", "FunctionName": "GetProcAddress", "ModuleName": "kernel32.dll", "Return": "0x761ac245", "Status": 0 }
{ "Address": "0x10001f0", "Opcode": "ff53f4", "Opcodesize": 3, "Mnemonic": "call dword ptr [ebx - 0xc]", "PID": 280, "TID": 1768, "Arguments": [ "Arg1", "IN", "HMODULE", "0xcff80", "0x76190000", "Arg2", "IN", "LPCSTR", "0xcff84", "_adjust_fdiv" ], "Timesptamp": "00000000.506532", "FunctionName": "GetProcAddress", "ModuleName": "kernel32.dll", "Return": "0x762332ec", "Status": 0 }
{ "Address": "0x10001f0", "Opcode": "ff53f4", "Opcodesize": 3, "Mnemonic": "call dword ptr [ebx - 0xc]", "PID": 280, "TID": 1768, "Arguments": [ "Arg1", "IN", "HMODULE", "0xcff80", "0x76190000", "Arg2", "IN", "LPCSTR", "0xcff84", "strchr" ], "Timesptamp": "00000000.513015", "FunctionName": "GetProcAddress", "ModuleName": "kernel32.dll", "Return": "0x7619dbeb", "Status": 0 }
{ "Address": "0x10001f0", "Opcode": "ff53f4", "Opcodesize": 3, "Mnemonic": "call dword ptr [ebx - 0xc]", "PID": 280, "TID": 1768, "Arguments": [ "Arg1", "IN", "HMODULE", "0xcff80", "0x76190000", "Arg2", "IN", "LPCSTR", "0xcff84", "__setusermatherr" ], "Timesptamp": "00000000.519527", "FunctionName": "GetProcAddress", "ModuleName": "kernel32.dll", "Return": "0x762277ad", "Status": 0 }
{ "Address": "0x10001f0", "Opcode": "ff53f4", "Opcodesize": 3, "Mnemonic": "call dword ptr [ebx - 0xc]", "PID": 280, "TID": 1768, "Arguments": [ "Arg1", "IN", "HMODULE", "0xcff80", "0x76190000", "Arg2", "IN", "LPCSTR", "0xcff84", "_lseek" ], "Timesptamp": "00000000.529245", "FunctionName": "GetProcAddress", "ModuleName": "kernel32.dll", "Return": "0x761a4a6c", "Status": 0 }
{ "Address": "0x10001d9", "Opcode": "ff53f0", "Opcodesize": 3, "Mnemonic": "call dword ptr [ebx - 0x10]", "PID": 280, "TID": 1768, "Arguments": [ "Arg1", "IN", "LPCTSTR", "0xcff84", "KERNEL32.dll" ], "Timesptamp": "00000000.535591", "FunctionName": "LoadLibraryA", "ModuleName": "kernel32.dll", "Return": "0x74f10000", "Status": 0 }
{ "Address": "0x10001f0", "Opcode": "ff53f4", "Opcodesize": 3, "Mnemonic": "call dword ptr [ebx - 0xc]", "PID": 280, "TID": 1768, "Arguments": [ "Arg1", "IN", "HMODULE", "0xcff80", "0x74f10000", "Arg2", "IN", "LPCSTR", "0xcff84", "Sleep" ], "Timesptamp": "00000000.542329", "FunctionName": "GetProcAddress", "ModuleName": "kernel32.dll", "Return": "0x74f210ff", "Status": 0 }
{ "Address": "0x10001f0", "Opcode": "ff53f4", "Opcodesize": 3, "Mnemonic": "call dword ptr [ebx - 0xc]", "PID": 280, "TID": 1768, "Arguments": [ "Arg1", "IN", "HMODULE", "0xcff80", "0x74f10000", "Arg2", "IN", "LPCSTR", "0xcff84", "LocalFree" ], "Timesptamp": "00000000.548855", "FunctionName": "GetProcAddress", "ModuleName": "kernel32.dll", "Return": "0x74f22d3c", "Status": 0 }
{ "Address": "0x10001f0", "Opcode": "ff53f4", "Opcodesize": 3, "Mnemonic": "call dword ptr [ebx - 0xc]", "PID": 280, "TID": 1768, "Arguments": [ "Arg1", "IN", "HMODULE", "0xcff80", "0x74f10000", "Arg2", "IN", "LPCSTR", "0xcff84", "GetLastError" ], "Timesptamp": "00000000.555706", "FunctionName": "GetProcAddress", "ModuleName": "kernel32.dll", "Return": "0x74f211c0", "Status": 0 }
{ "Address": "0x10001f0", "Opcode": "ff53f4", "Opcodesize": 3, "Mnemonic": "call dword ptr [ebx - 0xc]", "PID": 280, "TID": 1768, "Arguments": [ "Arg1", "IN", "HMODULE", "0xcff80", "0x74f10000", "Arg2", "IN", "LPCSTR", "0xcff84", "GetFileAttributesA" ], "Timesptamp": "00000000.562156", "FunctionName": "GetProcAddress", "ModuleName": "kernel32.dll", "Return": "0x74f25414", "Status": 0 }
{ "Address": "0x10001f0", "Opcode": "ff53f4", "Opcodesize": 3, "Mnemonic": "call dword ptr [ebx - 0xc]", "PID": 280, "TID": 1768, "Arguments": [ "Arg1", "IN", "HMODULE", "0xcff80", "0x74f10000", "Arg2", "IN", "LPCSTR", "0xcff84", "FindClose" ], "Timesptamp": "00000000.577425", "FunctionName": "GetProcAddress", "ModuleName": "kernel32.dll", "Return": "0x74f24442", "Status": 0 }
{ "Address": "0x10001f0", "Opcode": "ff53f4", "Opcodesize": 3, "Mnemonic": "call dword ptr [ebx - 0xc]", "PID": 280, "TID": 1768, "Arguments": [ "Arg1", "IN", "HMODULE", "0xcff80", "0x74f10000", "Arg2", "IN", "LPCSTR", "0xcff84", "GetModuleHandleA" ], "Timesptamp": "00000000.583764", "FunctionName": "GetProcAddress", "ModuleName": "kernel32.dll", "Return": "0x74f21245", "Status": 0 }
{ "Address": "0x10001f0", "Opcode": "ff53f4", "Opcodesize": 3, "Mnemonic": "call dword ptr [ebx - 0xc]", "PID": 280, "TID": 1768, "Arguments": [ "Arg1", "IN", "HMODULE", "0xcff80", "0x74f10000", "Arg2", "IN", "LPCSTR", "0xcff84", "SetUnhandledExceptionFilter" ], "Timesptamp": "00000000.590280", "FunctionName": "GetProcAddress", "ModuleName": "kernel32.dll", "Return": "0x74f287c9", "Status": 0 }
{ "Address": "0x10001f0", "Opcode": "ff53f4", "Opcodesize": 3, "Mnemonic": "call dword ptr [ebx - 0xc]", "PID": 280, "TID": 1768, "Arguments": [ "Arg1", "IN", "HMODULE", "0xcff80", "0x74f10000", "Arg2", "IN", "LPCSTR", "0xcff84", "UnhandledExceptionFilter" ], "Timesptamp": "00000000.596626", "FunctionName": "GetProcAddress", "ModuleName": "kernel32.dll", "Return": "0x74f4772f", "Status": 0 }
{ "Address": "0x10001f0", "Opcode": "ff53f4", "Opcodesize": 3, "Mnemonic": "call dword ptr [ebx - 0xc]", "PID": 280, "TID": 1768, "Arguments": [ "Arg1", "IN", "HMODULE", "0xcff80", "0x74f10000", "Arg2", "IN", "LPCSTR", "0xcff84", "GetCurrentProcess" ], "Timesptamp": "00000000.602493", "FunctionName": "GetProcAddress", "ModuleName": "kernel32.dll", "Return": "0x74f21809", "Status": 0 }
{ "Address": "0x10001f0", "Opcode": "ff53f4", "Opcodesize": 3, "Mnemonic": "call dword ptr [ebx - 0xc]", "PID": 280, "TID": 1768, "Arguments": [ "Arg1", "IN", "HMODULE", "0xcff80", "0x74f10000", "Arg2", "IN", "LPCSTR", "0xcff84", "TerminateProcess" ], "Timesptamp": "00000000.609008", "FunctionName": "GetProcAddress", "ModuleName": "kernel32.dll", "Return": "0x74f3d802", "Status": 0 }
{ "Address": "0x10001f0", "Opcode": "ff53f4", "Opcodesize": 3, "Mnemonic": "call dword ptr [ebx - 0xc]", "PID": 280, "TID": 1768, "Arguments": [ "Arg1", "IN", "HMODULE", "0xcff80", "0x74f10000", "Arg2", "IN", "LPCSTR", "0xcff84", "GetSystemTimeAsFileTime" ], "Timesptamp": "00000000.619328", "FunctionName": "GetProcAddress", "ModuleName": "kernel32.dll", "Return": "0x74f23509", "Status": 0 }
{ "Address": "0x10001f0", "Opcode": "ff53f4", "Opcodesize": 3, "Mnemonic": "call dword ptr [ebx - 0xc]", "PID": 280, "TID": 1768, "Arguments": [ "Arg1", "IN", "HMODULE", "0xcff80", "0x74f10000", "Arg2", "IN", "LPCSTR", "0xcff84", "GetCurrentProcessId" ], "Timesptamp": "00000000.626231", "FunctionName": "GetProcAddress", "ModuleName": "kernel32.dll", "Return": "0x74f211f8", "Status": 0 }
{ "Address": "0x10001f0", "Opcode": "ff53f4", "Opcodesize": 3, "Mnemonic": "call dword ptr [ebx - 0xc]", "PID": 280, "TID": 1768, "Arguments": [ "Arg1", "IN", "HMODULE", "0xcff80", "0x74f10000", "Arg2", "IN", "LPCSTR", "0xcff84", "GetCurrentThreadId" ], "Timesptamp": "00000000.631731", "FunctionName": "GetProcAddress", "ModuleName": "kernel32.dll", "Return": "0x74f21450", "Status": 0 }
{ "Address": "0x10001f0", "Opcode": "ff53f4", "Opcodesize": 3, "Mnemonic": "call dword ptr [ebx - 0xc]", "PID": 280, "TID": 1768, "Arguments": [ "Arg1", "IN", "HMODULE", "0xcff80", "0x74f10000", "Arg2", "IN", "LPCSTR", "0xcff84", "GetTickCount" ], "Timesptamp": "00000000.638121", "FunctionName": "GetProcAddress", "ModuleName": "kernel32.dll", "Return": "0x74f2110c", "Status": 0 }
{ "Address": "0x10001f0", "Opcode": "ff53f4", "Opcodesize": 3, "Mnemonic": "call dword ptr [ebx - 0xc]", "PID": 280, "TID": 1768, "Arguments": [ "Arg1", "IN", "HMODULE", "0xcff80", "0x74f10000", "Arg2", "IN", "LPCSTR", "0xcff84", "QueryPerformanceCounter" ], "Timesptamp": "00000000.644691", "FunctionName": "GetProcAddress", "ModuleName": "kernel32.dll", "Return": "0x74f21725", "Status": 0 }
{ "Address": "0x10001f0", "Opcode": "ff53f4", "Opcodesize": 3, "Mnemonic": "call dword ptr [ebx - 0xc]", "PID": 280, "TID": 1768, "Arguments": [ "Arg1", "IN", "HMODULE", "0xcff80", "0x74f10000", "Arg2", "IN", "LPCSTR", "0xcff84", "FindFirstFileA" ], "Timesptamp": "00000000.650475", "FunctionName": "GetProcAddress", "ModuleName": "kernel32.dll", "Return": "0x74f2e2ce", "Status": 0 }
{ "Address": "0x10001f0", "Opcode": "ff53f4", "Opcodesize": 3, "Mnemonic": "call dword ptr [ebx - 0xc]", "PID": 280, "TID": 1768, "Arguments": [ "Arg1", "IN", "HMODULE", "0xcff80", "0x74f10000", "Arg2", "IN", "LPCSTR", "0xcff84", "FindNextFileA" ], "Timesptamp": "00000000.657010", "FunctionName": "GetProcAddress", "ModuleName": "kernel32.dll", "Return": "0x74f4d53e", "Status": 0 }
{ "Address": "0x10001f0", "Opcode": "ff53f4", "Opcodesize": 3, "Mnemonic": "call dword ptr [ebx - 0xc]", "PID": 280, "TID": 1768, "Arguments": [ "Arg1", "IN", "HMODULE", "0xcff80", "0x74f10000", "Arg2", "IN", "LPCSTR", "0xcff84", "FormatMessageA" ], "Timesptamp": "00000000.672794", "FunctionName": "GetProcAddress", "ModuleName": "kernel32.dll", "Return": "0x74f45fbd", "Status": 0 }
{ "Address": "0x10001d9", "Opcode": "ff53f0", "Opcodesize": 3, "Mnemonic": "call dword ptr [ebx - 0x10]", "PID": 280, "TID": 1768, "Arguments": [ "Arg1", "IN", "LPCTSTR", "0xcff84", "USER32.dll" ], "Timesptamp": "00000000.678204", "FunctionName": "LoadLibraryA", "ModuleName": "kernel32.dll", "Return": "0x74d30000", "Status": 0 }
{ "Address": "0x10001f0", "Opcode": "ff53f4", "Opcodesize": 3, "Mnemonic": "call dword ptr [ebx - 0xc]", "PID": 280, "TID": 1768, "Arguments": [ "Arg1", "IN", "HMODULE", "0xcff80", "0x74d30000", "Arg2", "IN", "LPCSTR", "0xcff84", "CharToOemBuffA" ], "Timesptamp": "00000000.769140", "FunctionName": "GetProcAddress", "ModuleName": "kernel32.dll", "Return": "0x74d5b1b0", "Status": 0 }
{ "Address": "0x10001f0", "Opcode": "ff53f4", "Opcodesize": 3, "Mnemonic": "call dword ptr [ebx - 0xc]", "PID": 280, "TID": 1768, "Arguments": [ "Arg1", "IN", "HMODULE", "0xcff80", "0x74d30000", "Arg2", "IN", "LPCSTR", "0xcff84", "IsCharAlphaNumericA" ], "Timesptamp": "00000000.778258", "FunctionName": "GetProcAddress", "ModuleName": "kernel32.dll", "Return": "0x74d56867", "Status": 0 }
{ "Address": "0x10001d9", "Opcode": "ff53f0", "Opcodesize": 3, "Mnemonic": "call dword ptr [ebx - 0x10]", "PID": 280, "TID": 1768, "Arguments": [ "Arg1", "IN", "LPCTSTR", "0xcff84", "WS2_32.dll" ], "Timesptamp": "00000000.787675", "FunctionName": "LoadLibraryA", "ModuleName": "kernel32.dll", "Return": "0x74ed0000", "Status": 0 }
{ "Address": "0x10001f0", "Opcode": "ff53f4", "Opcodesize": 3, "Mnemonic": "call dword ptr [ebx - 0xc]", "PID": 280, "TID": 1768, "Arguments": [ "Arg1", "IN", "HMODULE", "0xcff80", "0x74ed0000", "Arg2", "IN", "USHORT", "0xcff84", "0x3" ], "Timesptamp": "00000000.811632", "FunctionName": "GetProcAddressOrdinal", "ModuleName": "kernel32.dll", "Return": "0x74ed3918", "Status": 0 }
{ "Address": "0x10001f0", "Opcode": "ff53f4", "Opcodesize": 3, "Mnemonic": "call dword ptr [ebx - 0xc]", "PID": 280, "TID": 1768, "Arguments": [ "Arg1", "IN", "HMODULE", "0xcff80", "0x74ed0000", "Arg2", "IN", "USHORT", "0xcff84", "0x10" ], "Timesptamp": "00000000.822836", "FunctionName": "GetProcAddressOrdinal", "ModuleName": "kernel32.dll", "Return": "0x74ed6b0e", "Status": 0 }
{ "Address": "0x10001f0", "Opcode": "ff53f4", "Opcodesize": 3, "Mnemonic": "call dword ptr [ebx - 0xc]", "PID": 280, "TID": 1768, "Arguments": [ "Arg1", "IN", "HMODULE", "0xcff80", "0x74ed0000", "Arg2", "IN", "USHORT", "0xcff84", "0x15" ], "Timesptamp": "00000000.833652", "FunctionName": "GetProcAddressOrdinal", "ModuleName": "kernel32.dll", "Return": "0x74ed41b6", "Status": 0 }
{ "Address": "0x10001f0", "Opcode": "ff53f4", "Opcodesize": 3, "Mnemonic": "call dword ptr [ebx - 0xc]", "PID": 280, "TID": 1768, "Arguments": [ "Arg1", "IN", "HMODULE", "0xcff80", "0x74ed0000", "Arg2", "IN", "USHORT", "0xcff84", "0x73" ], "Timesptamp": "00000000.844363", "FunctionName": "GetProcAddressOrdinal", "ModuleName": "kernel32.dll", "Return": "0x74ed3ab2", "Status": 0 }
{ "Address": "0x10001f0", "Opcode": "ff53f4", "Opcodesize": 3, "Mnemonic": "call dword ptr [ebx - 0xc]", "PID": 280, "TID": 1768, "Arguments": [ "Arg1", "IN", "HMODULE", "0xcff80", "0x74ed0000", "Arg2", "IN", "USHORT", "0xcff84", "0x13" ], "Timesptamp": "00000000.854914", "FunctionName": "GetProcAddressOrdinal", "ModuleName": "kernel32.dll", "Return": "0x74ed6f01", "Status": 0 }
{ "Address": "0x10001d9", "Opcode": "ff53f0", "Opcodesize": 3, "Mnemonic": "call dword ptr [ebx - 0x10]", "PID": 280, "TID": 1768, "Arguments": [ "Arg1", "IN", "LPCTSTR", "0xcff84", "MSWSOCK.dll" ], "Timesptamp": "00000000.864028", "FunctionName": "LoadLibraryA", "ModuleName": "kernel32.dll", "Return": "0x743a0000", "Status": 0 }
{ "Address": "0x10001f0", "Opcode": "ff53f4", "Opcodesize": 3, "Mnemonic": "call dword ptr [ebx - 0xc]", "PID": 280, "TID": 1768, "Arguments": [ "Arg1", "IN", "HMODULE", "0xcff80", "0x743a0000", "Arg2", "IN", "LPCSTR", "0xcff84", "s_perror" ], "Timesptamp": "00000000.895524", "FunctionName": "GetProcAddress", "ModuleName": "kernel32.dll", "Return": "0x743c1be4", "Status": 0 }
{ "Address": "0x10001f0", "Opcode": "ff53f4", "Opcodesize": 3, "Mnemonic": "call dword ptr [ebx - 0xc]", "PID": 280, "TID": 1768, "Arguments": [ "Arg1", "IN", "HMODULE", "0xcff80", "0x743a0000", "Arg2", "IN", "LPCSTR", "0xcff84", "rcmd" ], "Timesptamp": "00000000.906634", "FunctionName": "GetProcAddress", "ModuleName": "kernel32.dll", "Return": "0x743b656d", "Status": 0 }
{ "Address": "0x10001d9", "Opcode": "ff53f0", "Opcodesize": 3, "Mnemonic": "call dword ptr [ebx - 0x10]", "PID": 280, "TID": 1768, "Arguments": [ "Arg1", "IN", "LPCTSTR", "0xcff84", "ADVAPI32.dll" ], "Timesptamp": "00000000.917201", "FunctionName": "LoadLibraryA", "ModuleName": "kernel32.dll", "Return": "0x74c00000", "Status": 0 }
{ "Address": "0x10001f0", "Opcode": "ff53f4", "Opcodesize": 3, "Mnemonic": "call dword ptr [ebx - 0xc]", "PID": 280, "TID": 1768, "Arguments": [ "Arg1", "IN", "HMODULE", "0xcff80", "0x74c00000", "Arg2", "IN", "LPCSTR", "0xcff84", "GetUserNameA" ], "Timesptamp": "00000000.928313", "FunctionName": "GetProcAddress", "ModuleName": "kernel32.dll", "Return": "0x74c2a4b4", "Status": 0 }
{ "Address": "0x10001f0", "Opcode": "ff53f4", "Opcodesize": 3, "Mnemonic": "call dword ptr [ebx - 0xc]", "PID": 280, "TID": 1768, "Arguments": [ "Arg1", "IN", "HMODULE", "0xcff80", "0x74c00000", "Arg2", "IN", "LPCSTR", "0xcff84", "" ], "Timesptamp": "00000000.939858", "FunctionName": "GetProcAddress", "ModuleName": "kernel32.dll", "Return": "0x0", "Status": 0 }
{ "Address": "0x1002b6e", "Opcode": "ff151c100001", "Opcodesize": 6, "Mnemonic": "call dword ptr [0x100101c]", "PID": 280, "TID": 1768, "Arguments": [ "Arg1", "IN", "LPCTSTR", "0xcff40", "\"\"" ], "Timesptamp": "00000000.950170", "FunctionName": "GetModuleHandleA", "ModuleName": "kernel32.dll", "Return": "0x1000000", "Status": 0 }
{ "Address": "0x1002be0", "Opcode": "ff15d0100001", "Opcodesize": 6, "Mnemonic": "call dword ptr [0x10010d0]", "PID": 280, "TID": 1768, "Arguments": [ ], "Timesptamp": "00000000.974187", "FunctionName": "__p__fmode", "ModuleName": "msvcrt.dll", "Return": "0x762331f4", "Status": 0 }
{ "Address": "0x1002bee", "Opcode": "ff15d4100001", "Opcodesize": 6, "Mnemonic": "call dword ptr [0x10010d4]", "PID": 280, "TID": 1768, "Arguments": [ ], "Timesptamp": "00000000.985491", "FunctionName": "__p__commode", "ModuleName": "msvcrt.dll", "Return": "0x762331fc", "Status": 0 }
{ "Address": "0x1002d0b", "Opcode": "e86e000000", "Opcodesize": 5, "Mnemonic": "call 0x1002d7e", "PID": 280, "TID": 1768, "Functionname": "_controlfp", "Dllname": "msvcrt.dll", "Status": 1 }
{ "Address": "0x1002c30", "Opcode": "e8c1000000", "Opcodesize": 5, "Mnemonic": "call 0x1002cf6", "PID": 280, "TID": 1768, "Functionname": "_initterm", "Dllname": "msvcrt.dll", "Status": 1 }
{ "Address": "0x1002c53", "Opcode": "ff1588100001", "Opcodesize": 6, "Mnemonic": "call dword ptr [0x1001088]", "PID": 280, "TID": 1768, "Functionname": "__getmainargs", "Dllname": "msvcrt.dll", "Status": 1 }
{ "Address": "0x1002c66", "Opcode": "e88b000000", "Opcodesize": 5, "Mnemonic": "call 0x1002cf6", "PID": 280, "TID": 1768, "Functionname": "_initterm", "Dllname": "msvcrt.dll", "Status": 1 }
{ "Address": "0x10029f1", "Opcode": "ff1530100001", "Opcodesize": 6, "Mnemonic": "call dword ptr [0x1001030]", "PID": 280, "TID": 1768, "Arguments": [ "Arg1", "OUT", "LPFILETIME", "0xcfef4", "0xcff04" ], "Timesptamp": "00000001.037383", "FunctionName": "GetSystemTimeAsFileTime", "ModuleName": "kernel32.dll", "Return": "0x1daddab", "Output1": { "field1": [ "0xcff04", "0xcc560ae0" ], "field2": [ "0xcff08", "0x1daddab" ] }, "Status": 0 }
{ "Address": "0x10029fd", "Opcode": "ff1534100001", "Opcodesize": 6, "Mnemonic": "call dword ptr [0x1001034]", "PID": 280, "TID": 1768, "Arguments": [ ], "Timesptamp": "00000001.048658", "FunctionName": "GetCurrentProcessId", "ModuleName": "kernel32.dll", "Return": "0x118", "Status": 0 }
{ "Address": "0x1002a05", "Opcode": "ff1538100001", "Opcodesize": 6, "Mnemonic": "call dword ptr [0x1001038]", "PID": 280, "TID": 1768, "Arguments": [ ], "Timesptamp": "00000001.058759", "FunctionName": "GetCurrentThreadId", "ModuleName": "kernel32.dll", "Return": "0x6e8", "Status": 0 }
{ "Address": "0x1002a0d", "Opcode": "ff153c100001", "Opcodesize": 6, "Mnemonic": "call dword ptr [0x100103c]", "PID": 280, "TID": 1768, "Arguments": [ ], "Timesptamp": "00000001.068928", "FunctionName": "GetTickCount", "ModuleName": "kernel32.dll", "Return": "0x52809", "Status": 0 }
{ "Address": "0x1002a19", "Opcode": "ff1540100001", "Opcodesize": 6, "Mnemonic": "call dword ptr [0x1001040]", "PID": 280, "TID": 1768, "Arguments": [ "Arg1", "OUT", "LARGE_INTEGER*", "0xcfef4", "0xcfefc" ], "Timesptamp": "00000001.077546", "FunctionName": "QueryPerformanceCounter", "ModuleName": "kernel32.dll", "Return": "TRUE", "Output1": { "field1": [ "0xcfefc", "0xf9a1ed6a" ], "field2": [ "0xcff00", "0x5" ], "field3": [ "0xcff04", "0x1daddabcc560ae0" ] }, "Status": 0 }
{ "Address": "0x1002e0b", "Opcode": "ff154c100001", "Opcodesize": 6, "Mnemonic": "call dword ptr [0x100104c]", "PID": 280, "TID": 1768, "Functionname": "FormatMessageA", "Dllname": "KernelBase.dll", "Status": 1 }
{ "Address": "0x1002e3d", "Opcode": "e89cfeffff", "Opcodesize": 5, "Mnemonic": "call 0x1002cde", "PID": 280, "TID": 1768, "Functionname": "_write", "Dllname": "msvcrt.dll", "Status": 1 }
{ "Address": "0x1002e4a", "Opcode": "ff150c100001", "Opcodesize": 6, "Mnemonic": "call dword ptr [0x100100c]", "PID": 280, "TID": 1768, "Arguments": [ "Arg1", "IN", "HLOCAL", "0xcfca8", "0x36bd48" ], "Timesptamp": "00000001.223889", "FunctionName": "LocalFree", "ModuleName": "kernel32.dll", "Return": "0x0", "Status": 0 }
{ "Address": "0x10029c8", "Opcode": "ff15e8100001", "Opcodesize": 6, "Mnemonic": "call dword ptr [0x10010e8]", "PID": 280, "TID": 1768, "Arguments": [ "Arg1", "IN", "INT", "0xcfcc4", "0x2" ], "Timesptamp": "00000001.236563", "FunctionName": "exit", "ModuleName": "msvcrt.dll" }
