{ "Address": "0x4562ea", "Opcode": "ff1518704600", "Opcodesize": 6, "Mnemonic": "call dword ptr [0x467018]", "PID": 280, "TID": 1612, "Arguments": [ "Arg1", "IN", "LPCTSTR", "0x18fedc", "\"\"" ], "Timesptamp": "00000000.276716", "FunctionName": "GetModuleHandleA", "ModuleName": "kernel32.dll", "Return": "0x400000", "Status": 0 }
{ "Address": "0x4562fa", "Opcode": "ff1514704600", "Opcodesize": 6, "Mnemonic": "call dword ptr [0x467014]", "PID": 280, "TID": 1612, "Arguments": [ "Arg1", "IN", "UINT", "0x18fed8", "0x40", "Arg2", "IN", "SIZE_T", "0x18fedc", "0xd440" ], "Timesptamp": "00000000.295104", "FunctionName": "LocalAlloc", "ModuleName": "kernel32.dll", "Return": "0x311770", "Status": 0 }
{ "Address": "0x4563e8", "Opcode": "ff1514704600", "Opcodesize": 6, "Mnemonic": "call dword ptr [0x467014]", "PID": 280, "TID": 1612, "Arguments": [ "Arg1", "IN", "UINT", "0x18fed8", "0x40", "Arg2", "IN", "SIZE_T", "0x18fedc", "0x1a4a" ], "Timesptamp": "00000000.305536", "FunctionName": "LocalAlloc", "ModuleName": "kernel32.dll", "Return": "0x31ebb8", "Status": 0 }
{ "Address": "0x456485", "Opcode": "ff150c704600", "Opcodesize": 6, "Mnemonic": "call dword ptr [0x46700c]", "PID": 280, "TID": 1612, "Arguments": [ "Arg1", "IN", "HLOCAL", "0x18fedc", "0x31ebb8" ], "Timesptamp": "00000000.314876", "FunctionName": "LocalFree", "ModuleName": "kernel32.dll", "Return": "0x0", "Status": 0 }
{ "Address": "0x456490", "Opcode": "ff1518704600", "Opcodesize": 6, "Mnemonic": "call dword ptr [0x467018]", "PID": 280, "TID": 1612, "Arguments": [ "Arg1", "IN", "LPCTSTR", "0x18fedc", "kernel32.dll" ], "Timesptamp": "00000000.323750", "FunctionName": "GetModuleHandleA", "ModuleName": "kernel32.dll", "Return": "0x74f10000", "Status": 0 }
{ "Address": "0x4564b9", "Opcode": "ff1508704600", "Opcodesize": 6, "Mnemonic": "call dword ptr [0x467008]", "PID": 280, "TID": 1612, "Arguments": [ "Arg1", "IN", "HMODULE", "0x18fed8", "0x74f10000", "Arg2", "IN", "LPCSTR", "0x18fedc", "FlushInstructionCache" ], "Timesptamp": "00000000.343278", "FunctionName": "GetProcAddress", "ModuleName": "kernel32.dll", "Return": "0x74f24393", "Status": 0 }
{ "Address": "0x4564cd", "Opcode": "ff1508704600", "Opcodesize": 6, "Mnemonic": "call dword ptr [0x467008]", "PID": 280, "TID": 1612, "Arguments": [ "Arg1", "IN", "HMODULE", "0x18fed8", "0x74f10000", "Arg2", "IN", "LPCSTR", "0x18fedc", "GetCurrentProcess" ], "Timesptamp": "00000000.352024", "FunctionName": "GetProcAddress", "ModuleName": "kernel32.dll", "Return": "0x74f21809", "Status": 0 }
{ "Address": "0x4564f0", "Opcode": "ff55ec", "Opcodesize": 3, "Mnemonic": "call dword ptr [ebp - 0x14]", "PID": 280, "TID": 1612, "Arguments": [ ], "Timesptamp": "00000000.360645", "FunctionName": "GetCurrentProcess", "ModuleName": "kernel32.dll", "Return": "0xffffffff", "Status": 0 }
{ "Address": "0x4565c6", "Opcode": "ff1514704600", "Opcodesize": 6, "Mnemonic": "call dword ptr [0x467014]", "PID": 280, "TID": 1612, "Arguments": [ "Arg1", "IN", "UINT", "0x18fed8", "0x40", "Arg2", "IN", "SIZE_T", "0x18fedc", "0x9352" ], "Timesptamp": "00000000.372711", "FunctionName": "LocalAlloc", "ModuleName": "kernel32.dll", "Return": "0x31ebb8", "Status": 0 }
{ "Address": "0x45666e", "Opcode": "ff1594a64600", "Opcodesize": 6, "Mnemonic": "call dword ptr [0x46a694]", "PID": 280, "TID": 1612, "Arguments": [ "Arg1", "IN", "HANDLE", "0x18fed4", "0xffffffff", "Arg2", "IN", "LPCVOID", "0x18fed8", "0x456b82", "Arg3", "IN", "SIZE_T", "0x18fedc", "0xf67e" ], "Timesptamp": "00000000.405885", "FunctionName": "FlushInstructionCache", "ModuleName": "kernel32.dll", "Return": "TRUE", "Status": 0 }
{ "Address": "0x456678", "Opcode": "ff150c704600", "Opcodesize": 6, "Mnemonic": "call dword ptr [0x46700c]", "PID": 280, "TID": 1612, "Arguments": [ "Arg1", "IN", "HLOCAL", "0x18fedc", "0x31ebb8" ], "Timesptamp": "00000000.414822", "FunctionName": "LocalFree", "ModuleName": "kernel32.dll", "Return": "0x0", "Status": 0 }
{ "Address": "0x456682", "Opcode": "ff150c704600", "Opcodesize": 6, "Mnemonic": "call dword ptr [0x46700c]", "PID": 280, "TID": 1612, "Arguments": [ "Arg1", "IN", "HLOCAL", "0x18fedc", "0x311770" ], "Timesptamp": "00000000.423567", "FunctionName": "LocalFree", "ModuleName": "kernel32.dll", "Return": "0x0", "Status": 0 }
{ "Address": "0x45668d", "Opcode": "ff1504704600", "Opcodesize": 6, "Mnemonic": "call dword ptr [0x467004]", "PID": 280, "TID": 1612, "Functionname": "RtlInitializeCriticalSection", "Dllname": "ntdll.dll", "Status": 1 }
{ "Address": "0x4572db", "Opcode": "ff1518704600", "Opcodesize": 6, "Mnemonic": "call dword ptr [0x467018]", "PID": 280, "TID": 1612, "Arguments": [ "Arg1", "IN", "LPCTSTR", "0x18fec0", "kernel32.dll" ], "Timesptamp": "00000000.447326", "FunctionName": "GetModuleHandleA", "ModuleName": "kernel32.dll", "Return": "0x74f10000", "Status": 0 }
{ "Address": "0x457304", "Opcode": "ff1508704600", "Opcodesize": 6, "Mnemonic": "call dword ptr [0x467008]", "PID": 280, "TID": 1612, "Arguments": [ "Arg1", "IN", "HMODULE", "0x18febc", "0x74f10000", "Arg2", "IN", "LPCSTR", "0x18fec0", "CloseHandle" ], "Timesptamp": "00000000.456682", "FunctionName": "GetProcAddress", "ModuleName": "kernel32.dll", "Return": "0x74f21410", "Status": 0 }
{ "Address": "0x457318", "Opcode": "ff1508704600", "Opcodesize": 6, "Mnemonic": "call dword ptr [0x467008]", "PID": 280, "TID": 1612, "Arguments": [ "Arg1", "IN", "HMODULE", "0x18febc", "0x74f10000", "Arg2", "IN", "LPCSTR", "0x18fec0", "CreateFileA" ], "Timesptamp": "00000000.468294", "FunctionName": "GetProcAddress", "ModuleName": "kernel32.dll", "Return": "0x74f253c6", "Status": 0 }
{ "Address": "0x45732c", "Opcode": "ff1508704600", "Opcodesize": 6, "Mnemonic": "call dword ptr [0x467008]", "PID": 280, "TID": 1612, "Arguments": [ "Arg1", "IN", "HMODULE", "0x18febc", "0x74f10000", "Arg2", "IN", "LPCSTR", "0x18fec0", "CreateFileW" ], "Timesptamp": "00000000.477762", "FunctionName": "GetProcAddress", "ModuleName": "kernel32.dll", "Return": "0x74f23f5c", "Status": 0 }
{ "Address": "0x457340", "Opcode": "ff1508704600", "Opcodesize": 6, "Mnemonic": "call dword ptr [0x467008]", "PID": 280, "TID": 1612, "Arguments": [ "Arg1", "IN", "HMODULE", "0x18febc", "0x74f10000", "Arg2", "IN", "LPCSTR", "0x18fec0", "CreateFileMappingA" ], "Timesptamp": "00000000.487107", "FunctionName": "GetProcAddress", "ModuleName": "kernel32.dll", "Return": "0x74f25506", "Status": 0 }
{ "Address": "0x457354", "Opcode": "ff1508704600", "Opcodesize": 6, "Mnemonic": "call dword ptr [0x467008]", "PID": 280, "TID": 1612, "Arguments": [ "Arg1", "IN", "HMODULE", "0x18febc", "0x74f10000", "Arg2", "IN", "LPCSTR", "0x18fec0", "CreateFileMappingW" ], "Timesptamp": "00000000.495001", "FunctionName": "GetProcAddress", "ModuleName": "kernel32.dll", "Return": "0x74f21909", "Status": 0 }
{ "Address": "0x457368", "Opcode": "ff1508704600", "Opcodesize": 6, "Mnemonic": "call dword ptr [0x467008]", "PID": 280, "TID": 1612, "Arguments": [ "Arg1", "IN", "HMODULE", "0x18febc", "0x74f10000", "Arg2", "IN", "LPCSTR", "0x18fec0", "CreateProcessA" ], "Timesptamp": "00000000.504350", "FunctionName": "GetProcAddress", "ModuleName": "kernel32.dll", "Return": "0x74f21072", "Status": 0 }
{ "Address": "0x45737c", "Opcode": "ff1508704600", "Opcodesize": 6, "Mnemonic": "call dword ptr [0x467008]", "PID": 280, "TID": 1612, "Arguments": [ "Arg1", "IN", "HMODULE", "0x18febc", "0x74f10000", "Arg2", "IN", "LPCSTR", "0x18fec0", "DebugBreak" ], "Timesptamp": "00000000.513631", "FunctionName": "GetProcAddress", "ModuleName": "kernel32.dll", "Return": "0x74fa41b5", "Status": 0 }
{ "Address": "0x457390", "Opcode": "ff1508704600", "Opcodesize": 6, "Mnemonic": "call dword ptr [0x467008]", "PID": 280, "TID": 1612, "Arguments": [ "Arg1", "IN", "HMODULE", "0x18febc", "0x74f10000", "Arg2", "IN", "LPCSTR", "0x18fec0", "DeleteFileA" ], "Timesptamp": "00000000.521460", "FunctionName": "GetProcAddress", "ModuleName": "kernel32.dll", "Return": "0x74f25444", "Status": 0 }
{ "Address": "0x4573a4", "Opcode": "ff1508704600", "Opcodesize": 6, "Mnemonic": "call dword ptr [0x467008]", "PID": 280, "TID": 1612, "Arguments": [ "Arg1", "IN", "HMODULE", "0x18febc", "0x74f10000", "Arg2", "IN", "LPCSTR", "0x18fec0", "EnterCriticalSection" ], "Timesptamp": "00000000.529832", "FunctionName": "GetProcAddress", "ModuleName": "kernel32.dll", "Return": "0x770622b0", "Status": 0 }
{ "Address": "0x4573b8", "Opcode": "ff1508704600", "Opcodesize": 6, "Mnemonic": "call dword ptr [0x467008]", "PID": 280, "TID": 1612, "Arguments": [ "Arg1", "IN", "HMODULE", "0x18febc", "0x74f10000", "Arg2", "IN", "LPCSTR", "0x18fec0", "ExitProcess" ], "Timesptamp": "00000000.550141", "FunctionName": "GetProcAddress", "ModuleName": "kernel32.dll", "Return": "0x74f27a10", "Status": 0 }
{ "Address": "0x4573cc", "Opcode": "ff1508704600", "Opcodesize": 6, "Mnemonic": "call dword ptr [0x467008]", "PID": 280, "TID": 1612, "Arguments": [ "Arg1", "IN", "HMODULE", "0x18febc", "0x74f10000", "Arg2", "IN", "LPCSTR", "0x18fec0", "FindClose" ], "Timesptamp": "00000000.557890", "FunctionName": "GetProcAddress", "ModuleName": "kernel32.dll", "Return": "0x74f24442", "Status": 0 }
{ "Address": "0x4573e0", "Opcode": "ff1508704600", "Opcodesize": 6, "Mnemonic": "call dword ptr [0x467008]", "PID": 280, "TID": 1612, "Arguments": [ "Arg1", "IN", "HMODULE", "0x18febc", "0x74f10000", "Arg2", "IN", "LPCSTR", "0x18fec0", "FindFirstFileA" ], "Timesptamp": "00000000.566949", "FunctionName": "GetProcAddress", "ModuleName": "kernel32.dll", "Return": "0x74f2e2ce", "Status": 0 }
{ "Address": "0x4573f4", "Opcode": "ff1508704600", "Opcodesize": 6, "Mnemonic": "call dword ptr [0x467008]", "PID": 280, "TID": 1612, "Arguments": [ "Arg1", "IN", "HMODULE", "0x18febc", "0x74f10000", "Arg2", "IN", "LPCSTR", "0x18fec0", "FindNextFileA" ], "Timesptamp": "00000000.576333", "FunctionName": "GetProcAddress", "ModuleName": "kernel32.dll", "Return": "0x74f4d53e", "Status": 0 }
{ "Address": "0x457408", "Opcode": "ff1508704600", "Opcodesize": 6, "Mnemonic": "call dword ptr [0x467008]", "PID": 280, "TID": 1612, "Arguments": [ "Arg1", "IN", "HMODULE", "0x18febc", "0x74f10000", "Arg2", "IN", "LPCSTR", "0x18fec0", "FlushFileBuffers" ], "Timesptamp": "00000000.595647", "FunctionName": "GetProcAddress", "ModuleName": "kernel32.dll", "Return": "0x74f2469b", "Status": 0 }
{ "Address": "0x45741c", "Opcode": "ff1508704600", "Opcodesize": 6, "Mnemonic": "call dword ptr [0x467008]", "PID": 280, "TID": 1612, "Arguments": [ "Arg1", "IN", "HMODULE", "0x18febc", "0x74f10000", "Arg2", "IN", "LPCSTR", "0x18fec0", "FormatMessageA" ], "Timesptamp": "00000000.604031", "FunctionName": "GetProcAddress", "ModuleName": "kernel32.dll", "Return": "0x74f45fbd", "Status": 0 }
{ "Address": "0x457430", "Opcode": "ff1508704600", "Opcodesize": 6, "Mnemonic": "call dword ptr [0x467008]", "PID": 280, "TID": 1612, "Arguments": [ "Arg1", "IN", "HMODULE", "0x18febc", "0x74f10000", "Arg2", "IN", "LPCSTR", "0x18fec0", "FreeLibrary" ], "Timesptamp": "00000000.613902", "FunctionName": "GetProcAddress", "ModuleName": "kernel32.dll", "Return": "0x74f234c8", "Status": 0 }
{ "Address": "0x457444", "Opcode": "ff1508704600", "Opcodesize": 6, "Mnemonic": "call dword ptr [0x467008]", "PID": 280, "TID": 1612, "Arguments": [ "Arg1", "IN", "HMODULE", "0x18febc", "0x74f10000", "Arg2", "IN", "LPCSTR", "0x18fec0", "GetCurrentProcess" ], "Timesptamp": "00000000.623592", "FunctionName": "GetProcAddress", "ModuleName": "kernel32.dll", "Return": "0x74f21809", "Status": 0 }
{ "Address": "0x457458", "Opcode": "ff1508704600", "Opcodesize": 6, "Mnemonic": "call dword ptr [0x467008]", "PID": 280, "TID": 1612, "Arguments": [ "Arg1", "IN", "HMODULE", "0x18febc", "0x74f10000", "Arg2", "IN", "LPCSTR", "0x18fec0", "GetCurrentProcessId" ], "Timesptamp": "00000000.632779", "FunctionName": "GetProcAddress", "ModuleName": "kernel32.dll", "Return": "0x74f211f8", "Status": 0 }
{ "Address": "0x45746c", "Opcode": "ff1508704600", "Opcodesize": 6, "Mnemonic": "call dword ptr [0x467008]", "PID": 280, "TID": 1612, "Arguments": [ "Arg1", "IN", "HMODULE", "0x18febc", "0x74f10000", "Arg2", "IN", "LPCSTR", "0x18fec0", "GetEnvironmentVariableA" ], "Timesptamp": "00000000.642615", "FunctionName": "GetProcAddress", "ModuleName": "kernel32.dll", "Return": "0x74f233a0", "Status": 0 }
{ "Address": "0x457480", "Opcode": "ff1508704600", "Opcodesize": 6, "Mnemonic": "call dword ptr [0x467008]", "PID": 280, "TID": 1612, "Arguments": [ "Arg1", "IN", "HMODULE", "0x18febc", "0x74f10000", "Arg2", "IN", "LPCSTR", "0x18fec0", "GetExitCodeProcess" ], "Timesptamp": "00000000.650992", "FunctionName": "GetProcAddress", "ModuleName": "kernel32.dll", "Return": "0x74f3174d", "Status": 0 }
{ "Address": "0x457494", "Opcode": "ff1508704600", "Opcodesize": 6, "Mnemonic": "call dword ptr [0x467008]", "PID": 280, "TID": 1612, "Arguments": [ "Arg1", "IN", "HMODULE", "0x18febc", "0x74f10000", "Arg2", "IN", "LPCSTR", "0x18fec0", "GetFileAttributesA" ], "Timesptamp": "00000000.660523", "FunctionName": "GetProcAddress", "ModuleName": "kernel32.dll", "Return": "0x74f25414", "Status": 0 }
{ "Address": "0x4574a8", "Opcode": "ff1508704600", "Opcodesize": 6, "Mnemonic": "call dword ptr [0x467008]", "PID": 280, "TID": 1612, "Arguments": [ "Arg1", "IN", "HMODULE", "0x18febc", "0x74f10000", "Arg2", "IN", "LPCSTR", "0x18fec0", "GetFileAttributesW" ], "Timesptamp": "00000000.669989", "FunctionName": "GetProcAddress", "ModuleName": "kernel32.dll", "Return": "0x74f21b18", "Status": 0 }
{ "Address": "0x4574bc", "Opcode": "ff1508704600", "Opcodesize": 6, "Mnemonic": "call dword ptr [0x467008]", "PID": 280, "TID": 1612, "Arguments": [ "Arg1", "IN", "HMODULE", "0x18febc", "0x74f10000", "Arg2", "IN", "LPCSTR", "0x18fec0", "GetFileInformationByHandle" ], "Timesptamp": "00000000.689239", "FunctionName": "GetProcAddress", "ModuleName": "kernel32.dll", "Return": "0x74f253ae", "Status": 0 }
{ "Address": "0x4574d0", "Opcode": "ff1508704600", "Opcodesize": 6, "Mnemonic": "call dword ptr [0x467008]", "PID": 280, "TID": 1612, "Arguments": [ "Arg1", "IN", "HMODULE", "0x18febc", "0x74f10000", "Arg2", "IN", "LPCSTR", "0x18fec0", "GetFileSize" ], "Timesptamp": "00000000.697977", "FunctionName": "GetProcAddress", "ModuleName": "kernel32.dll", "Return": "0x74f2196e", "Status": 0 }
{ "Address": "0x4574e4", "Opcode": "ff1508704600", "Opcodesize": 6, "Mnemonic": "call dword ptr [0x467008]", "PID": 280, "TID": 1612, "Arguments": [ "Arg1", "IN", "HMODULE", "0x18febc", "0x74f10000", "Arg2", "IN", "LPCSTR", "0x18fec0", "GetFileTime" ], "Timesptamp": "00000000.707059", "FunctionName": "GetProcAddress", "ModuleName": "kernel32.dll", "Return": "0x74f24407", "Status": 0 }
{ "Address": "0x4574f8", "Opcode": "ff1508704600", "Opcodesize": 6, "Mnemonic": "call dword ptr [0x467008]", "PID": 280, "TID": 1612, "Arguments": [ "Arg1", "IN", "HMODULE", "0x18febc", "0x74f10000", "Arg2", "IN", "LPCSTR", "0x18fec0", "GetFullPathNameA" ], "Timesptamp": "00000000.719870", "FunctionName": "GetProcAddress", "ModuleName": "kernel32.dll", "Return": "0x74f2e2c1", "Status": 0 }
{ "Address": "0x45750c", "Opcode": "ff1508704600", "Opcodesize": 6, "Mnemonic": "call dword ptr [0x467008]", "PID": 280, "TID": 1612, "Arguments": [ "Arg1", "IN", "HMODULE", "0x18febc", "0x74f10000", "Arg2", "IN", "LPCSTR", "0x18fec0", "GetFullPathNameW" ], "Timesptamp": "00000000.737388", "FunctionName": "GetProcAddress", "ModuleName": "kernel32.dll", "Return": "0x74f240d4", "Status": 0 }
{ "Address": "0x457520", "Opcode": "ff1508704600", "Opcodesize": 6, "Mnemonic": "call dword ptr [0x467008]", "PID": 280, "TID": 1612, "Arguments": [ "Arg1", "IN", "HMODULE", "0x18febc", "0x74f10000", "Arg2", "IN", "LPCSTR", "0x18fec0", "GetLastError" ], "Timesptamp": "00000000.744944", "FunctionName": "GetProcAddress", "ModuleName": "kernel32.dll", "Return": "0x74f211c0", "Status": 0 }
{ "Address": "0x457534", "Opcode": "ff1508704600", "Opcodesize": 6, "Mnemonic": "call dword ptr [0x467008]", "PID": 280, "TID": 1612, "Arguments": [ "Arg1", "IN", "HMODULE", "0x18febc", "0x74f10000", "Arg2", "IN", "LPCSTR", "0x18fec0", "GetModuleFileNameA" ], "Timesptamp": "00000000.753973", "FunctionName": "GetProcAddress", "ModuleName": "kernel32.dll", "Return": "0x74f214b1", "Status": 0 }
{ "Address": "0x457548", "Opcode": "ff1508704600", "Opcodesize": 6, "Mnemonic": "call dword ptr [0x467008]", "PID": 280, "TID": 1612, "Arguments": [ "Arg1", "IN", "HMODULE", "0x18febc", "0x74f10000", "Arg2", "IN", "LPCSTR", "0x18fec0", "GetModuleHandleA" ], "Timesptamp": "00000000.763197", "FunctionName": "GetProcAddress", "ModuleName": "kernel32.dll", "Return": "0x74f21245", "Status": 0 }
{ "Address": "0x45755c", "Opcode": "ff1508704600", "Opcodesize": 6, "Mnemonic": "call dword ptr [0x467008]", "PID": 280, "TID": 1612, "Arguments": [ "Arg1", "IN", "HMODULE", "0x18febc", "0x74f10000", "Arg2", "IN", "LPCSTR", "0x18fec0", "GetPrivateProfileIntA" ], "Timesptamp": "00000000.771237", "FunctionName": "GetProcAddress", "ModuleName": "kernel32.dll", "Return": "0x74f4cdd7", "Status": 0 }
{ "Address": "0x457570", "Opcode": "ff1508704600", "Opcodesize": 6, "Mnemonic": "call dword ptr [0x467008]", "PID": 280, "TID": 1612, "Arguments": [ "Arg1", "IN", "HMODULE", "0x18febc", "0x74f10000", "Arg2", "IN", "LPCSTR", "0x18fec0", "GetPrivateProfileSectionNamesA" ], "Timesptamp": "00000000.780446", "FunctionName": "GetProcAddress", "ModuleName": "kernel32.dll", "Return": "0x74f9a1c9", "Status": 0 }
{ "Address": "0x457584", "Opcode": "ff1508704600", "Opcodesize": 6, "Mnemonic": "call dword ptr [0x467008]", "PID": 280, "TID": 1612, "Arguments": [ "Arg1", "IN", "HMODULE", "0x18febc", "0x74f10000", "Arg2", "IN", "LPCSTR", "0x18fec0", "GetPrivateProfileStringA" ], "Timesptamp": "00000000.789688", "FunctionName": "GetProcAddress", "ModuleName": "kernel32.dll", "Return": "0x74f3184c", "Status": 0 }
{ "Address": "0x457598", "Opcode": "ff1508704600", "Opcodesize": 6, "Mnemonic": "call dword ptr [0x467008]", "PID": 280, "TID": 1612, "Arguments": [ "Arg1", "IN", "HMODULE", "0x18febc", "0x74f10000", "Arg2", "IN", "LPCSTR", "0x18fec0", "GetProcAddress" ], "Timesptamp": "00000000.798875", "FunctionName": "GetProcAddress", "ModuleName": "kernel32.dll", "Return": "0x74f21222", "Status": 0 }
{ "Address": "0x4575ac", "Opcode": "ff1508704600", "Opcodesize": 6, "Mnemonic": "call dword ptr [0x467008]", "PID": 280, "TID": 1612, "Arguments": [ "Arg1", "IN", "HMODULE", "0x18febc", "0x74f10000", "Arg2", "IN", "LPCSTR", "0x18fec0", "GetSystemTimeAsFileTime" ], "Timesptamp": "00000000.806960", "FunctionName": "GetProcAddress", "ModuleName": "kernel32.dll", "Return": "0x74f23509", "Status": 0 }
{ "Address": "0x4575c0", "Opcode": "ff1508704600", "Opcodesize": 6, "Mnemonic": "call dword ptr [0x467008]", "PID": 280, "TID": 1612, "Arguments": [ "Arg1", "IN", "HMODULE", "0x18febc", "0x74f10000", "Arg2", "IN", "LPCSTR", "0x18fec0", "GetTempFileNameA" ], "Timesptamp": "00000000.820133", "FunctionName": "GetProcAddress", "ModuleName": "kernel32.dll", "Return": "0x74f49d3f", "Status": 0 }
{ "Address": "0x4575d4", "Opcode": "ff1508704600", "Opcodesize": 6, "Mnemonic": "call dword ptr [0x467008]", "PID": 280, "TID": 1612, "Arguments": [ "Arg1", "IN", "HMODULE", "0x18febc", "0x74f10000", "Arg2", "IN", "LPCSTR", "0x18fec0", "GetTempPathA" ], "Timesptamp": "00000000.829362", "FunctionName": "GetProcAddress", "ModuleName": "kernel32.dll", "Return": "0x74f4276c", "Status": 0 }
{ "Address": "0x4575e8", "Opcode": "ff1508704600", "Opcodesize": 6, "Mnemonic": "call dword ptr [0x467008]", "PID": 280, "TID": 1612, "Arguments": [ "Arg1", "IN", "HMODULE", "0x18febc", "0x74f10000", "Arg2", "IN", "LPCSTR", "0x18fec0", "GetVersionExA" ], "Timesptamp": "00000000.837484", "FunctionName": "GetProcAddress", "ModuleName": "kernel32.dll", "Return": "0x74f23519", "Status": 0 }
{ "Address": "0x4575fc", "Opcode": "ff1508704600", "Opcodesize": 6, "Mnemonic": "call dword ptr [0x467008]", "PID": 280, "TID": 1612, "Arguments": [ "Arg1", "IN", "HMODULE", "0x18febc", "0x74f10000", "Arg2", "IN", "LPCSTR", "0x18fec0", "GetTickCount" ], "Timesptamp": "00000000.846684", "FunctionName": "GetProcAddress", "ModuleName": "kernel32.dll", "Return": "0x74f2110c", "Status": 0 }
{ "Address": "0x457610", "Opcode": "ff1508704600", "Opcodesize": 6, "Mnemonic": "call dword ptr [0x467008]", "PID": 280, "TID": 1612, "Arguments": [ "Arg1", "IN", "HMODULE", "0x18febc", "0x74f10000", "Arg2", "IN", "LPCSTR", "0x18fec0", "HeapAlloc" ], "Timesptamp": "00000000.854246", "FunctionName": "GetProcAddress", "ModuleName": "kernel32.dll", "Return": "0x7706e026", "Status": 0 }
{ "Address": "0x457624", "Opcode": "ff1508704600", "Opcodesize": 6, "Mnemonic": "call dword ptr [0x467008]", "PID": 280, "TID": 1612, "Arguments": [ "Arg1", "IN", "HMODULE", "0x18febc", "0x74f10000", "Arg2", "IN", "LPCSTR", "0x18fec0", "HeapFree" ], "Timesptamp": "00000000.863321", "FunctionName": "GetProcAddress", "ModuleName": "kernel32.dll", "Return": "0x74f214c9", "Status": 0 }
{ "Address": "0x457638", "Opcode": "ff1508704600", "Opcodesize": 6, "Mnemonic": "call dword ptr [0x467008]", "PID": 280, "TID": 1612, "Arguments": [ "Arg1", "IN", "HMODULE", "0x18febc", "0x74f10000", "Arg2", "IN", "LPCSTR", "0x18fec0", "HeapCreate" ], "Timesptamp": "00000000.872693", "FunctionName": "GetProcAddress", "ModuleName": "kernel32.dll", "Return": "0x74f24a2d", "Status": 0 }
{ "Address": "0x45764c", "Opcode": "ff1508704600", "Opcodesize": 6, "Mnemonic": "call dword ptr [0x467008]", "PID": 280, "TID": 1612, "Arguments": [ "Arg1", "IN", "HMODULE", "0x18febc", "0x74f10000", "Arg2", "IN", "LPCSTR", "0x18fec0", "InitializeCriticalSection" ], "Timesptamp": "00000000.880495", "FunctionName": "GetProcAddress", "ModuleName": "kernel32.dll", "Return": "0x77072c42", "Status": 0 }
{ "Address": "0x457660", "Opcode": "ff1508704600", "Opcodesize": 6, "Mnemonic": "call dword ptr [0x467008]", "PID": 280, "TID": 1612, "Arguments": [ "Arg1", "IN", "HMODULE", "0x18febc", "0x74f10000", "Arg2", "IN", "LPCSTR", "0x18fec0", "DeleteCriticalSection" ], "Timesptamp": "00000000.889778", "FunctionName": "GetProcAddress", "ModuleName": "kernel32.dll", "Return": "0x770745f5", "Status": 0 }
{ "Address": "0x457674", "Opcode": "ff1508704600", "Opcodesize": 6, "Mnemonic": "call dword ptr [0x467008]", "PID": 280, "TID": 1612, "Arguments": [ "Arg1", "IN", "HMODULE", "0x18febc", "0x74f10000", "Arg2", "IN", "LPCSTR", "0x18fec0", "LeaveCriticalSection" ], "Timesptamp": "00000000.898967", "FunctionName": "GetProcAddress", "ModuleName": "kernel32.dll", "Return": "0x77062270", "Status": 0 }
{ "Address": "0x457688", "Opcode": "ff1508704600", "Opcodesize": 6, "Mnemonic": "call dword ptr [0x467008]", "PID": 280, "TID": 1612, "Arguments": [ "Arg1", "IN", "HMODULE", "0x18febc", "0x74f10000", "Arg2", "IN", "LPCSTR", "0x18fec0", "LoadLibraryA" ], "Timesptamp": "00000000.908193", "FunctionName": "GetProcAddress", "ModuleName": "kernel32.dll", "Return": "0x74f249d7", "Status": 0 }
{ "Address": "0x45769c", "Opcode": "ff1508704600", "Opcodesize": 6, "Mnemonic": "call dword ptr [0x467008]", "PID": 280, "TID": 1612, "Arguments": [ "Arg1", "IN", "HMODULE", "0x18febc", "0x74f10000", "Arg2", "IN", "LPCSTR", "0x18fec0", "LoadLibraryExA" ], "Timesptamp": "00000000.916160", "FunctionName": "GetProcAddress", "ModuleName": "kernel32.dll", "Return": "0x74f24913", "Status": 0 }
{ "Address": "0x4576b0", "Opcode": "ff1508704600", "Opcodesize": 6, "Mnemonic": "call dword ptr [0x467008]", "PID": 280, "TID": 1612, "Arguments": [ "Arg1", "IN", "HMODULE", "0x18febc", "0x74f10000", "Arg2", "IN", "LPCSTR", "0x18fec0", "LocalAlloc" ], "Timesptamp": "00000000.925207", "FunctionName": "GetProcAddress", "ModuleName": "kernel32.dll", "Return": "0x74f2168c", "Status": 0 }
{ "Address": "0x4576c4", "Opcode": "ff1508704600", "Opcodesize": 6, "Mnemonic": "call dword ptr [0x467008]", "PID": 280, "TID": 1612, "Arguments": [ "Arg1", "IN", "HMODULE", "0x18febc", "0x74f10000", "Arg2", "IN", "LPCSTR", "0x18fec0", "LocalFree" ], "Timesptamp": "00000000.934499", "FunctionName": "GetProcAddress", "ModuleName": "kernel32.dll", "Return": "0x74f22d3c", "Status": 0 }
{ "Address": "0x4576d8", "Opcode": "ff1508704600", "Opcodesize": 6, "Mnemonic": "call dword ptr [0x467008]", "PID": 280, "TID": 1612, "Arguments": [ "Arg1", "IN", "HMODULE", "0x18febc", "0x74f10000", "Arg2", "IN", "LPCSTR", "0x18fec0", "LockFile" ], "Timesptamp": "00000000.942513", "FunctionName": "GetProcAddress", "ModuleName": "kernel32.dll", "Return": "0x74f4cf1e", "Status": 0 }
{ "Address": "0x4576ec", "Opcode": "ff1508704600", "Opcodesize": 6, "Mnemonic": "call dword ptr [0x467008]", "PID": 280, "TID": 1612, "Arguments": [ "Arg1", "IN", "HMODULE", "0x18febc", "0x74f10000", "Arg2", "IN", "LPCSTR", "0x18fec0", "MapViewOfFile" ], "Timesptamp": "00000000.951779", "FunctionName": "GetProcAddress", "ModuleName": "kernel32.dll", "Return": "0x74f218f1", "Status": 0 }
{ "Address": "0x457700", "Opcode": "ff1508704600", "Opcodesize": 6, "Mnemonic": "call dword ptr [0x467008]", "PID": 280, "TID": 1612, "Arguments": [ "Arg1", "IN", "HMODULE", "0x18febc", "0x74f10000", "Arg2", "IN", "LPCSTR", "0x18fec0", "MultiByteToWideChar" ], "Timesptamp": "00000000.962019", "FunctionName": "GetProcAddress", "ModuleName": "kernel32.dll", "Return": "0x74f2192e", "Status": 0 }
{ "Address": "0x457714", "Opcode": "ff1508704600", "Opcodesize": 6, "Mnemonic": "call dword ptr [0x467008]", "PID": 280, "TID": 1612, "Arguments": [ "Arg1", "IN", "HMODULE", "0x18febc", "0x74f10000", "Arg2", "IN", "LPCSTR", "0x18fec0", "OpenProcess" ], "Timesptamp": "00000000.972043", "FunctionName": "GetProcAddress", "ModuleName": "kernel32.dll", "Return": "0x74f21986", "Status": 0 }
{ "Address": "0x457728", "Opcode": "ff1508704600", "Opcodesize": 6, "Mnemonic": "call dword ptr [0x467008]", "PID": 280, "TID": 1612, "Arguments": [ "Arg1", "IN", "HMODULE", "0x18febc", "0x74f10000", "Arg2", "IN", "LPCSTR", "0x18fec0", "RaiseException" ], "Timesptamp": "00000000.980997", "FunctionName": "GetProcAddress", "ModuleName": "kernel32.dll", "Return": "0x74f258a6", "Status": 0 }
{ "Address": "0x45773c", "Opcode": "ff1508704600", "Opcodesize": 6, "Mnemonic": "call dword ptr [0x467008]", "PID": 280, "TID": 1612, "Arguments": [ "Arg1", "IN", "HMODULE", "0x18febc", "0x74f10000", "Arg2", "IN", "LPCSTR", "0x18fec0", "ReadFile" ], "Timesptamp": "00000000.989054", "FunctionName": "GetProcAddress", "ModuleName": "kernel32.dll", "Return": "0x74f23ed3", "Status": 0 }
{ "Address": "0x457750", "Opcode": "ff1508704600", "Opcodesize": 6, "Mnemonic": "call dword ptr [0x467008]", "PID": 280, "TID": 1612, "Arguments": [ "Arg1", "IN", "HMODULE", "0x18febc", "0x74f10000", "Arg2", "IN", "LPCSTR", "0x18fec0", "SetEnvironmentVariableA" ], "Timesptamp": "00000000.997990", "FunctionName": "GetProcAddress", "ModuleName": "kernel32.dll", "Return": "0x74f2e331", "Status": 0 }
{ "Address": "0x457764", "Opcode": "ff1508704600", "Opcodesize": 6, "Mnemonic": "call dword ptr [0x467008]", "PID": 280, "TID": 1612, "Arguments": [ "Arg1", "IN", "HMODULE", "0x18febc", "0x74f10000", "Arg2", "IN", "LPCSTR", "0x18fec0", "SetEvent" ], "Timesptamp": "00000001.005446", "FunctionName": "GetProcAddress", "ModuleName": "kernel32.dll", "Return": "0x74f216c5", "Status": 0 }
{ "Address": "0x457778", "Opcode": "ff1508704600", "Opcodesize": 6, "Mnemonic": "call dword ptr [0x467008]", "PID": 280, "TID": 1612, "Arguments": [ "Arg1", "IN", "HMODULE", "0x18febc", "0x74f10000", "Arg2", "IN", "LPCSTR", "0x18fec0", "SetFilePointer" ], "Timesptamp": "00000001.014380", "FunctionName": "GetProcAddress", "ModuleName": "kernel32.dll", "Return": "0x74f217d1", "Status": 0 }
{ "Address": "0x45778c", "Opcode": "ff1508704600", "Opcodesize": 6, "Mnemonic": "call dword ptr [0x467008]", "PID": 280, "TID": 1612, "Arguments": [ "Arg1", "IN", "HMODULE", "0x18febc", "0x74f10000", "Arg2", "IN", "LPCSTR", "0x18fec0", "SetLastError" ], "Timesptamp": "00000001.023475", "FunctionName": "GetProcAddress", "ModuleName": "kernel32.dll", "Return": "0x74f211a9", "Status": 0 }
{ "Address": "0x4577a0", "Opcode": "ff1508704600", "Opcodesize": 6, "Mnemonic": "call dword ptr [0x467008]", "PID": 280, "TID": 1612, "Arguments": [ "Arg1", "IN", "HMODULE", "0x18febc", "0x74f10000", "Arg2", "IN", "LPCSTR", "0x18fec0", "SetUnhandledExceptionFilter" ], "Timesptamp": "00000001.032452", "FunctionName": "GetProcAddress", "ModuleName": "kernel32.dll", "Return": "0x74f287c9", "Status": 0 }
{ "Address": "0x4577b4", "Opcode": "ff1508704600", "Opcodesize": 6, "Mnemonic": "call dword ptr [0x467008]", "PID": 280, "TID": 1612, "Arguments": [ "Arg1", "IN", "HMODULE", "0x18febc", "0x74f10000", "Arg2", "IN", "LPCSTR", "0x18fec0", "Sleep" ], "Timesptamp": "00000001.040586", "FunctionName": "GetProcAddress", "ModuleName": "kernel32.dll", "Return": "0x74f210ff", "Status": 0 }
{ "Address": "0x4577c8", "Opcode": "ff1508704600", "Opcodesize": 6, "Mnemonic": "call dword ptr [0x467008]", "PID": 280, "TID": 1612, "Arguments": [ "Arg1", "IN", "HMODULE", "0x18febc", "0x74f10000", "Arg2", "IN", "LPCSTR", "0x18fec0", "TerminateProcess" ], "Timesptamp": "00000001.049507", "FunctionName": "GetProcAddress", "ModuleName": "kernel32.dll", "Return": "0x74f3d802", "Status": 0 }
{ "Address": "0x4577dc", "Opcode": "ff1508704600", "Opcodesize": 6, "Mnemonic": "call dword ptr [0x467008]", "PID": 280, "TID": 1612, "Arguments": [ "Arg1", "IN", "HMODULE", "0x18febc", "0x74f10000", "Arg2", "IN", "LPCSTR", "0x18fec0", "UnlockFile" ], "Timesptamp": "00000001.056979", "FunctionName": "GetProcAddress", "ModuleName": "kernel32.dll", "Return": "0x74f4cf36", "Status": 0 }
{ "Address": "0x4577f0", "Opcode": "ff1508704600", "Opcodesize": 6, "Mnemonic": "call dword ptr [0x467008]", "PID": 280, "TID": 1612, "Arguments": [ "Arg1", "IN", "HMODULE", "0x18febc", "0x74f10000", "Arg2", "IN", "LPCSTR", "0x18fec0", "UnmapViewOfFile" ], "Timesptamp": "00000001.065847", "FunctionName": "GetProcAddress", "ModuleName": "kernel32.dll", "Return": "0x74f21826", "Status": 0 }
{ "Address": "0x457804", "Opcode": "ff1508704600", "Opcodesize": 6, "Mnemonic": "call dword ptr [0x467008]", "PID": 280, "TID": 1612, "Arguments": [ "Arg1", "IN", "HMODULE", "0x18febc", "0x74f10000", "Arg2", "IN", "LPCSTR", "0x18fec0", "VirtualAlloc" ], "Timesptamp": "00000001.074811", "FunctionName": "GetProcAddress", "ModuleName": "kernel32.dll", "Return": "0x74f21856", "Status": 0 }
{ "Address": "0x457818", "Opcode": "ff1508704600", "Opcodesize": 6, "Mnemonic": "call dword ptr [0x467008]", "PID": 280, "TID": 1612, "Arguments": [ "Arg1", "IN", "HMODULE", "0x18febc", "0x74f10000", "Arg2", "IN", "LPCSTR", "0x18fec0", "VirtualFree" ], "Timesptamp": "00000001.082629", "FunctionName": "GetProcAddress", "ModuleName": "kernel32.dll", "Return": "0x74f2186e", "Status": 0 }
{ "Address": "0x45782c", "Opcode": "ff1508704600", "Opcodesize": 6, "Mnemonic": "call dword ptr [0x467008]", "PID": 280, "TID": 1612, "Arguments": [ "Arg1", "IN", "HMODULE", "0x18febc", "0x74f10000", "Arg2", "IN", "LPCSTR", "0x18fec0", "VirtualProtect" ], "Timesptamp": "00000001.091552", "FunctionName": "GetProcAddress", "ModuleName": "kernel32.dll", "Return": "0x74f2435f", "Status": 0 }
{ "Address": "0x457840", "Opcode": "ff1508704600", "Opcodesize": 6, "Mnemonic": "call dword ptr [0x467008]", "PID": 280, "TID": 1612, "Arguments": [ "Arg1", "IN", "HMODULE", "0x18febc", "0x74f10000", "Arg2", "IN", "LPCSTR", "0x18fec0", "VirtualQuery" ], "Timesptamp": "00000001.099153", "FunctionName": "GetProcAddress", "ModuleName": "kernel32.dll", "Return": "0x74f2445a", "Status": 0 }
{ "Address": "0x457854", "Opcode": "ff1508704600", "Opcodesize": 6, "Mnemonic": "call dword ptr [0x467008]", "PID": 280, "TID": 1612, "Arguments": [ "Arg1", "IN", "HMODULE", "0x18febc", "0x74f10000", "Arg2", "IN", "LPCSTR", "0x18fec0", "WaitForSingleObject" ], "Timesptamp": "00000001.108225", "FunctionName": "GetProcAddress", "ModuleName": "kernel32.dll", "Return": "0x74f21136", "Status": 0 }
{ "Address": "0x457868", "Opcode": "ff1508704600", "Opcodesize": 6, "Mnemonic": "call dword ptr [0x467008]", "PID": 280, "TID": 1612, "Arguments": [ "Arg1", "IN", "HMODULE", "0x18febc", "0x74f10000", "Arg2", "IN", "LPCSTR", "0x18fec0", "WideCharToMultiByte" ], "Timesptamp": "00000001.117461", "FunctionName": "GetProcAddress", "ModuleName": "kernel32.dll", "Return": "0x74f2170d", "Status": 0 }
{ "Address": "0x45787c", "Opcode": "ff1508704600", "Opcodesize": 6, "Mnemonic": "call dword ptr [0x467008]", "PID": 280, "TID": 1612, "Arguments": [ "Arg1", "IN", "HMODULE", "0x18febc", "0x74f10000", "Arg2", "IN", "LPCSTR", "0x18fec0", "WriteFile" ], "Timesptamp": "00000001.126654", "FunctionName": "GetProcAddress", "ModuleName": "kernel32.dll", "Return": "0x74f21282", "Status": 0 }
{ "Address": "0x457890", "Opcode": "ff1508704600", "Opcodesize": 6, "Mnemonic": "call dword ptr [0x467008]", "PID": 280, "TID": 1612, "Arguments": [ "Arg1", "IN", "HMODULE", "0x18febc", "0x74f10000", "Arg2", "IN", "LPCSTR", "0x18fec0", "lstrcmpiA" ], "Timesptamp": "00000001.135046", "FunctionName": "GetProcAddress", "ModuleName": "kernel32.dll", "Return": "0x74f23e8e", "Status": 0 }
{ "Address": "0x4578a0", "Opcode": "ff1580a74600", "Opcodesize": 6, "Mnemonic": "call dword ptr [0x46a780]", "PID": 280, "TID": 1612, "Arguments": [ "Arg1", "IN", "LPCTSTR", "0x18fec0", "user32.dll" ], "Timesptamp": "00000001.143933", "FunctionName": "LoadLibraryA", "ModuleName": "kernel32.dll", "Return": "0x74d30000", "Status": 0 }
{ "Address": "0x4578c9", "Opcode": "ff1508704600", "Opcodesize": 6, "Mnemonic": "call dword ptr [0x467008]", "PID": 280, "TID": 1612, "Arguments": [ "Arg1", "IN", "HMODULE", "0x18febc", "0x74d30000", "Arg2", "IN", "LPCSTR", "0x18fec0", "ChangeDisplaySettingsA" ], "Timesptamp": "00000001.154760", "FunctionName": "GetProcAddress", "ModuleName": "kernel32.dll", "Return": "0x74da706c", "Status": 0 }
{ "Address": "0x4578dd", "Opcode": "ff1508704600", "Opcodesize": 6, "Mnemonic": "call dword ptr [0x467008]", "PID": 280, "TID": 1612, "Arguments": [ "Arg1", "IN", "HMODULE", "0x18febc", "0x74d30000", "Arg2", "IN", "LPCSTR", "0x18fec0", "CharUpperBuffA" ], "Timesptamp": "00000001.164212", "FunctionName": "GetProcAddress", "ModuleName": "kernel32.dll", "Return": "0x74d4fe47", "Status": 0 }
{ "Address": "0x4578f1", "Opcode": "ff1508704600", "Opcodesize": 6, "Mnemonic": "call dword ptr [0x467008]", "PID": 280, "TID": 1612, "Arguments": [ "Arg1", "IN", "HMODULE", "0x18febc", "0x74d30000", "Arg2", "IN", "LPCSTR", "0x18fec0", "LoadImageA" ], "Timesptamp": "00000001.173406", "FunctionName": "GetProcAddress", "ModuleName": "kernel32.dll", "Return": "0x74d58455", "Status": 0 }
{ "Address": "0x457905", "Opcode": "ff1508704600", "Opcodesize": 6, "Mnemonic": "call dword ptr [0x467008]", "PID": 280, "TID": 1612, "Arguments": [ "Arg1", "IN", "HMODULE", "0x18febc", "0x74d30000", "Arg2", "IN", "LPCSTR", "0x18fec0", "MessageBoxA" ], "Timesptamp": "00000001.181286", "FunctionName": "GetProcAddress", "ModuleName": "kernel32.dll", "Return": "0x74d9fd1e", "Status": 0 }
{ "Address": "0x457919", "Opcode": "ff1508704600", "Opcodesize": 6, "Mnemonic": "call dword ptr [0x467008]", "PID": 280, "TID": 1612, "Arguments": [ "Arg1", "IN", "HMODULE", "0x18febc", "0x74d30000", "Arg2", "IN", "LPCSTR", "0x18fec0", "wsprintfA" ], "Timesptamp": "00000001.190693", "FunctionName": "GetProcAddress", "ModuleName": "kernel32.dll", "Return": "0x74d5ae5f", "Status": 0 }
{ "Address": "0x45792d", "Opcode": "ff1508704600", "Opcodesize": 6, "Mnemonic": "call dword ptr [0x467008]", "PID": 280, "TID": 1612, "Arguments": [ "Arg1", "IN", "HMODULE", "0x18febc", "0x74d30000", "Arg2", "IN", "LPCSTR", "0x18fec0", "wvsprintfA" ], "Timesptamp": "00000001.199828", "FunctionName": "GetProcAddress", "ModuleName": "kernel32.dll", "Return": "0x74d5aad3", "Status": 0 }
{ "Address": "0x45793d", "Opcode": "ff1580a74600", "Opcodesize": 6, "Mnemonic": "call dword ptr [0x46a780]", "PID": 280, "TID": 1612, "Arguments": [ "Arg1", "IN", "LPCTSTR", "0x18fec0", "gdi32.dll" ], "Timesptamp": "00000001.208104", "FunctionName": "LoadLibraryA", "ModuleName": "kernel32.dll", "Return": "0x76b80000", "Status": 0 }
{ "Address": "0x457966", "Opcode": "ff1508704600", "Opcodesize": 6, "Mnemonic": "call dword ptr [0x467008]", "PID": 280, "TID": 1612, "Arguments": [ "Arg1", "IN", "HMODULE", "0x18febc", "0x76b80000", "Arg2", "IN", "LPCSTR", "0x18fec0", "AddFontResourceA" ], "Timesptamp": "00000001.218354", "FunctionName": "GetProcAddress", "ModuleName": "kernel32.dll", "Return": "0x76bbd7bb", "Status": 0 }
{ "Address": "0x45797a", "Opcode": "ff1508704600", "Opcodesize": 6, "Mnemonic": "call dword ptr [0x467008]", "PID": 280, "TID": 1612, "Arguments": [ "Arg1", "IN", "HMODULE", "0x18febc", "0x76b80000", "Arg2", "IN", "LPCSTR", "0x18fec0", "CreateCompatibleDC" ], "Timesptamp": "00000001.227519", "FunctionName": "GetProcAddress", "ModuleName": "kernel32.dll", "Return": "0x76b954f4", "Status": 0 }
{ "Address": "0x45798e", "Opcode": "ff1508704600", "Opcodesize": 6, "Mnemonic": "call dword ptr [0x467008]", "PID": 280, "TID": 1612, "Arguments": [ "Arg1", "IN", "HMODULE", "0x18febc", "0x76b80000", "Arg2", "IN", "LPCSTR", "0x18fec0", "CreateDIBSection" ], "Timesptamp": "00000001.238473", "FunctionName": "GetProcAddress", "ModuleName": "kernel32.dll", "Return": "0x76b9ac46", "Status": 0 }
{ "Address": "0x4579a2", "Opcode": "ff1508704600", "Opcodesize": 6, "Mnemonic": "call dword ptr [0x467008]", "PID": 280, "TID": 1612, "Arguments": [ "Arg1", "IN", "HMODULE", "0x18febc", "0x76b80000", "Arg2", "IN", "LPCSTR", "0x18fec0", "DeleteDC" ], "Timesptamp": "00000001.247453", "FunctionName": "GetProcAddress", "ModuleName": "kernel32.dll", "Return": "0x76b958b3", "Status": 0 }
{ "Address": "0x4579b6", "Opcode": "ff1508704600", "Opcodesize": 6, "Mnemonic": "call dword ptr [0x467008]", "PID": 280, "TID": 1612, "Arguments": [ "Arg1", "IN", "HMODULE", "0x18febc", "0x76b80000", "Arg2", "IN", "LPCSTR", "0x18fec0", "RemoveFontResourceA" ], "Timesptamp": "00000001.254968", "FunctionName": "GetProcAddress", "ModuleName": "kernel32.dll", "Return": "0x76bbda7f", "Status": 0 }
{ "Address": "0x4579ca", "Opcode": "ff1508704600", "Opcodesize": 6, "Mnemonic": "call dword ptr [0x467008]", "PID": 280, "TID": 1612, "Arguments": [ "Arg1", "IN", "HMODULE", "0x18febc", "0x74d30000", "Arg2", "IN", "LPCSTR", "0x18fec0", "BeginPaint" ], "Timesptamp": "00000001.263900", "FunctionName": "GetProcAddress", "ModuleName": "kernel32.dll", "Return": "0x74d51361", "Status": 0 }
{ "Address": "0x4579de", "Opcode": "ff1508704600", "Opcodesize": 6, "Mnemonic": "call dword ptr [0x467008]", "PID": 280, "TID": 1612, "Arguments": [ "Arg1", "IN", "HMODULE", "0x18febc", "0x74d30000", "Arg2", "IN", "LPCSTR", "0x18fec0", "EndPaint" ], "Timesptamp": "00000001.271000", "FunctionName": "GetProcAddress", "ModuleName": "kernel32.dll", "Return": "0x74d51341", "Status": 0 }
{ "Address": "0x4579f2", "Opcode": "ff1508704600", "Opcodesize": 6, "Mnemonic": "call dword ptr [0x467008]", "PID": 280, "TID": 1612, "Arguments": [ "Arg1", "IN", "HMODULE", "0x18febc", "0x76b80000", "Arg2", "IN", "LPCSTR", "0x18fec0", "GetObjectA" ], "Timesptamp": "00000001.279953", "FunctionName": "GetProcAddress", "ModuleName": "kernel32.dll", "Return": "0x76b985d4", "Status": 0 }
{ "Address": "0x457a06", "Opcode": "ff1508704600", "Opcodesize": 6, "Mnemonic": "call dword ptr [0x467008]", "PID": 280, "TID": 1612, "Arguments": [ "Arg1", "IN", "HMODULE", "0x18febc", "0x76b80000", "Arg2", "IN", "LPCSTR", "0x18fec0", "SelectObject" ], "Timesptamp": "00000001.288901", "FunctionName": "GetProcAddress", "ModuleName": "kernel32.dll", "Return": "0x76b94f70", "Status": 0 }
{ "Address": "0x457a1a", "Opcode": "ff1508704600", "Opcodesize": 6, "Mnemonic": "call dword ptr [0x467008]", "PID": 280, "TID": 1612, "Arguments": [ "Arg1", "IN", "HMODULE", "0x18febc", "0x76b80000", "Arg2", "IN", "LPCSTR", "0x18fec0", "DeleteObject" ], "Timesptamp": "00000001.297904", "FunctionName": "GetProcAddress", "ModuleName": "kernel32.dll", "Return": "0x76b95689", "Status": 0 }
{ "Address": "0x457a2e", "Opcode": "ff1508704600", "Opcodesize": 6, "Mnemonic": "call dword ptr [0x467008]", "PID": 280, "TID": 1612, "Arguments": [ "Arg1", "IN", "HMODULE", "0x18febc", "0x76b80000", "Arg2", "IN", "LPCSTR", "0x18fec0", "BitBlt" ], "Timesptamp": "00000001.305719", "FunctionName": "GetProcAddress", "ModuleName": "kernel32.dll", "Return": "0x76b95ea6", "Status": 0 }
{ "Address": "0x457a42", "Opcode": "ff1508704600", "Opcodesize": 6, "Mnemonic": "call dword ptr [0x467008]", "PID": 280, "TID": 1612, "Arguments": [ "Arg1", "IN", "HMODULE", "0x18febc", "0x74d30000", "Arg2", "IN", "LPCSTR", "0x18fec0", "GetWindowThreadProcessId" ], "Timesptamp": "00000001.314658", "FunctionName": "GetProcAddress", "ModuleName": "kernel32.dll", "Return": "0x74d491b4", "Status": 0 }
{ "Address": "0x457a56", "Opcode": "ff1508704600", "Opcodesize": 6, "Mnemonic": "call dword ptr [0x467008]", "PID": 280, "TID": 1612, "Arguments": [ "Arg1", "IN", "HMODULE", "0x18febc", "0x74d30000", "Arg2", "IN", "LPCSTR", "0x18fec0", "SetActiveWindow" ], "Timesptamp": "00000001.326976", "FunctionName": "GetProcAddress", "ModuleName": "kernel32.dll", "Return": "0x74d53208", "Status": 0 }
{ "Address": "0x457a6a", "Opcode": "ff1508704600", "Opcodesize": 6, "Mnemonic": "call dword ptr [0x467008]", "PID": 280, "TID": 1612, "Arguments": [ "Arg1", "IN", "HMODULE", "0x18febc", "0x74d30000", "Arg2", "IN", "LPCSTR", "0x18fec0", "SetForegroundWindow" ], "Timesptamp": "00000001.335716", "FunctionName": "GetProcAddress", "ModuleName": "kernel32.dll", "Return": "0x74d6f170", "Status": 0 }
{ "Address": "0x457a7e", "Opcode": "ff1508704600", "Opcodesize": 6, "Mnemonic": "call dword ptr [0x467008]", "PID": 280, "TID": 1612, "Arguments": [ "Arg1", "IN", "HMODULE", "0x18febc", "0x74d30000", "Arg2", "IN", "LPCSTR", "0x18fec0", "RegisterClassExA" ], "Timesptamp": "00000001.344688", "FunctionName": "GetProcAddress", "ModuleName": "kernel32.dll", "Return": "0x74d4db98", "Status": 0 }
{ "Address": "0x457a92", "Opcode": "ff1508704600", "Opcodesize": 6, "Mnemonic": "call dword ptr [0x467008]", "PID": 280, "TID": 1612, "Arguments": [ "Arg1", "IN", "HMODULE", "0x18febc", "0x74d30000", "Arg2", "IN", "LPCSTR", "0x18fec0", "GetSystemMetrics" ], "Timesptamp": "00000001.352888", "FunctionName": "GetProcAddress", "ModuleName": "kernel32.dll", "Return": "0x74d47d2f", "Status": 0 }
{ "Address": "0x457aa6", "Opcode": "ff1508704600", "Opcodesize": 6, "Mnemonic": "call dword ptr [0x467008]", "PID": 280, "TID": 1612, "Arguments": [ "Arg1", "IN", "HMODULE", "0x18febc", "0x74d30000", "Arg2", "IN", "LPCSTR", "0x18fec0", "CreateWindowExA" ], "Timesptamp": "00000001.363668", "FunctionName": "GetProcAddress", "ModuleName": "kernel32.dll", "Return": "0x74d4d22e", "Status": 0 }
{ "Address": "0x457aba", "Opcode": "ff1508704600", "Opcodesize": 6, "Mnemonic": "call dword ptr [0x467008]", "PID": 280, "TID": 1612, "Arguments": [ "Arg1", "IN", "HMODULE", "0x18febc", "0x74d30000", "Arg2", "IN", "LPCSTR", "0x18fec0", "GetMessageA" ], "Timesptamp": "00000001.374611", "FunctionName": "GetProcAddress", "ModuleName": "kernel32.dll", "Return": "0x74d47bd3", "Status": 0 }
{ "Address": "0x457ace", "Opcode": "ff1508704600", "Opcodesize": 6, "Mnemonic": "call dword ptr [0x467008]", "PID": 280, "TID": 1612, "Arguments": [ "Arg1", "IN", "HMODULE", "0x18febc", "0x74d30000", "Arg2", "IN", "LPCSTR", "0x18fec0", "TranslateMessage" ], "Timesptamp": "00000001.384108", "FunctionName": "GetProcAddress", "ModuleName": "kernel32.dll", "Return": "0x74d47809", "Status": 0 }
{ "Address": "0x457ae2", "Opcode": "ff1508704600", "Opcodesize": 6, "Mnemonic": "call dword ptr [0x467008]", "PID": 280, "TID": 1612, "Arguments": [ "Arg1", "IN", "HMODULE", "0x18febc", "0x74d30000", "Arg2", "IN", "LPCSTR", "0x18fec0", "DispatchMessageA" ], "Timesptamp": "00000001.393609", "FunctionName": "GetProcAddress", "ModuleName": "kernel32.dll", "Return": "0x74d47bbb", "Status": 0 }
{ "Address": "0x457af6", "Opcode": "ff1508704600", "Opcodesize": 6, "Mnemonic": "call dword ptr [0x467008]", "PID": 280, "TID": 1612, "Arguments": [ "Arg1", "IN", "HMODULE", "0x18febc", "0x74d30000", "Arg2", "IN", "LPCSTR", "0x18fec0", "DestroyWindow" ], "Timesptamp": "00000001.402641", "FunctionName": "GetProcAddress", "ModuleName": "kernel32.dll", "Return": "0x74d49a55", "Status": 0 }
{ "Address": "0x457b0a", "Opcode": "ff1508704600", "Opcodesize": 6, "Mnemonic": "call dword ptr [0x467008]", "PID": 280, "TID": 1612, "Arguments": [ "Arg1", "IN", "HMODULE", "0x18febc", "0x74d30000", "Arg2", "IN", "LPCSTR", "0x18fec0", "EnumWindows" ], "Timesptamp": "00000001.410567", "FunctionName": "GetProcAddress", "ModuleName": "kernel32.dll", "Return": "0x74d4d1cf", "Status": 0 }
{ "Address": "0x457b1e", "Opcode": "ff1508704600", "Opcodesize": 6, "Mnemonic": "call dword ptr [0x467008]", "PID": 280, "TID": 1612, "Arguments": [ "Arg1", "IN", "HMODULE", "0x18febc", "0x74d30000", "Arg2", "IN", "LPCSTR", "0x18fec0", "DefWindowProcA" ], "Timesptamp": "00000001.419641", "FunctionName": "GetProcAddress", "ModuleName": "kernel32.dll", "Return": "0x770824e0", "Status": 0 }
{ "Address": "0x457b32", "Opcode": "ff1508704600", "Opcodesize": 6, "Mnemonic": "call dword ptr [0x467008]", "PID": 280, "TID": 1612, "Arguments": [ "Arg1", "IN", "HMODULE", "0x18febc", "0x74d30000", "Arg2", "IN", "LPCSTR", "0x18fec0", "PostMessageA" ], "Timesptamp": "00000001.426806", "FunctionName": "GetProcAddress", "ModuleName": "kernel32.dll", "Return": "0x74d53baa", "Status": 0 }
{ "Address": "0x457b46", "Opcode": "ff1508704600", "Opcodesize": 6, "Mnemonic": "call dword ptr [0x467008]", "PID": 280, "TID": 1612, "Arguments": [ "Arg1", "IN", "HMODULE", "0x18febc", "0x74f10000", "Arg2", "IN", "LPCSTR", "0x18fec0", "CreateThread" ], "Timesptamp": "00000001.435812", "FunctionName": "GetProcAddress", "ModuleName": "kernel32.dll", "Return": "0x74f234d5", "Status": 0 }
{ "Address": "0x460c74", "Opcode": "ff156ca74600", "Opcodesize": 6, "Mnemonic": "call dword ptr [0x46a76c]", "PID": 280, "TID": 1612, "Arguments": [ "Arg1", "IN", "DWORD", "0x18feb4", "0x0", "Arg2", "IN", "SIZE_T", "0x18feb8", "0x10000", "Arg3", "IN", "SIZE_T", "0x18febc", "0x0" ], "Timesptamp": "00000001.445039", "FunctionName": "HeapCreate", "ModuleName": "kernel32.dll", "Return": "0x1de0000", "Status": 0 }
{ "Address": "0x460c40", "Opcode": "ff1564a74600", "Opcodesize": 6, "Mnemonic": "call dword ptr [0x46a764]", "PID": 280, "TID": 1612, "Functionname": "HeapAlloc", "Dllname": "ntdll.dll", "Status": 1 }
{ "Address": "0x456de2", "Opcode": "ff1518704600", "Opcodesize": 6, "Mnemonic": "call dword ptr [0x467018]", "PID": 280, "TID": 1612, "Arguments": [ "Arg1", "IN", "LPCTSTR", "0x18fecc", "kernel32.dll" ], "Timesptamp": "00000001.462223", "FunctionName": "GetModuleHandleA", "ModuleName": "kernel32.dll", "Return": "0x74f10000", "Status": 0 }
{ "Address": "0x456e06", "Opcode": "ff1504704600", "Opcodesize": 6, "Mnemonic": "call dword ptr [0x467004]", "PID": 280, "TID": 1612, "Functionname": "InitializeCriticalSection", "Dllname": "ntdll.dll", "Status": 1 }
{ "Address": "0x456e13", "Opcode": "ff1504704600", "Opcodesize": 6, "Mnemonic": "call dword ptr [0x467004]", "PID": 280, "TID": 1612, "Functionname": "InitializeCriticalSection", "Dllname": "ntdll.dll", "Status": 1 }
{ "Address": "0x456e20", "Opcode": "ff1504704600", "Opcodesize": 6, "Mnemonic": "call dword ptr [0x467004]", "PID": 280, "TID": 1612, "Functionname": "InitializeCriticalSection", "Dllname": "ntdll.dll", "Status": 1 }
{ "Address": "0x456e2d", "Opcode": "ff1504704600", "Opcodesize": 6, "Mnemonic": "call dword ptr [0x467004]", "PID": 280, "TID": 1612, "Functionname": "InitializeCriticalSection", "Dllname": "ntdll.dll", "Status": 1 }
{ "Address": "0x4614e6", "Opcode": "ff15b4a74600", "Opcodesize": 6, "Mnemonic": "call dword ptr [0x46a7b4]", "PID": 280, "TID": 1612, "Arguments": [ "Arg1", "IN", "DWORD", "0x18fed4", "0x4614ee" ], "Timesptamp": "00000001.505267", "FunctionName": "SetUnhandledExceptionFilter", "ModuleName": "kernel32.dll", "Return": "0x0", "Status": 0 }
{ "Address": "0x456e69", "Opcode": "ff153ca74600", "Opcodesize": 6, "Mnemonic": "call dword ptr [0x46a73c]", "PID": 280, "TID": 1612, "Arguments": [ "Arg1", "IN", "LPCTSTR", "0x18fe40", "kernel32.dll" ], "Timesptamp": "00000001.514446", "FunctionName": "GetModuleHandleA", "ModuleName": "kernel32.dll", "Return": "0x74f10000", "Status": 0 }
{ "Address": "0x456e92", "Opcode": "ff154ca74600", "Opcodesize": 6, "Mnemonic": "call dword ptr [0x46a74c]", "PID": 280, "TID": 1612, "Arguments": [ "Arg1", "IN", "HMODULE", "0x18fe3c", "0x74f10000", "Arg2", "IN", "LPCSTR", "0x18fe40", "VirtualAlloc" ], "Timesptamp": "00000001.523444", "FunctionName": "GetProcAddress", "ModuleName": "kernel32.dll", "Return": "0x74f21856", "Status": 0 }
{ "Address": "0x456ec0", "Opcode": "ff55f4", "Opcodesize": 3, "Mnemonic": "call dword ptr [ebp - 0xc]", "PID": 280, "TID": 1612, "Arguments": [ "Arg1", "IN", "LPVOID", "0x18fe34", "0x0", "Arg2", "IN", "SIZE_T", "0x18fe38", "0x1000", "Arg3", "IN", "DWORD", "0x18fe3c", "0x1000", "Arg4", "IN", "DWORD", "0x18fe40", "0x4" ], "Timesptamp": "00000001.532496", "FunctionName": "VirtualAlloc", "ModuleName": "kernel32.dll", "Return": "0x1d0000", "Status": 0 }
{ "Address": "0x456ecf", "Opcode": "ff1560a74600", "Opcodesize": 6, "Mnemonic": "call dword ptr [0x46a760]", "PID": 280, "TID": 1612, "Arguments": [ ], "Timesptamp": "00000001.540295", "FunctionName": "GetTickCount", "ModuleName": "kernel32.dll", "Return": "0x527f9", "Status": 0 }
{ "Address": "0x456ee1", "Opcode": "ff55f4", "Opcodesize": 3, "Mnemonic": "call dword ptr [ebp - 0xc]", "PID": 280, "TID": 1612, "Arguments": [ "Arg1", "IN", "LPVOID", "0x18fe34", "0x0", "Arg2", "IN", "SIZE_T", "0x18fe38", "0x27f9", "Arg3", "IN", "DWORD", "0x18fe3c", "0x2000", "Arg4", "IN", "DWORD", "0x18fe40", "0x4" ], "Timesptamp": "00000001.549170", "FunctionName": "VirtualAlloc", "ModuleName": "kernel32.dll", "Return": "0x1e0000", "Status": 0 }
{ "Address": "0x456ef7", "Opcode": "ff55f4", "Opcodesize": 3, "Mnemonic": "call dword ptr [ebp - 0xc]", "PID": 280, "TID": 1612, "Arguments": [ "Arg1", "IN", "LPVOID", "0x18fe34", "0x0", "Arg2", "IN", "SIZE_T", "0x18fe38", "0x1000", "Arg3", "IN", "DWORD", "0x18fe3c", "0x1000", "Arg4", "IN", "DWORD", "0x18fe40", "0x4" ], "Timesptamp": "00000001.558269", "FunctionName": "VirtualAlloc", "ModuleName": "kernel32.dll", "Return": "0x1f0000", "Status": 0 }
{ "Address": "0x45d4b2", "Opcode": "ff15e8a64600", "Opcodesize": 6, "Mnemonic": "call dword ptr [0x46a6e8]", "PID": 280, "TID": 1612, "Functionname": "EnterCriticalSection", "Dllname": "ntdll.dll", "Status": 1 }
{ "Address": "0x45d52e", "Opcode": "ff1594a64600", "Opcodesize": 6, "Mnemonic": "call dword ptr [0x46a694]", "PID": 280, "TID": 1612, "Arguments": [ "Arg1", "IN", "HANDLE", "0x18fdb8", "0xffffffff", "Arg2", "IN", "LPCVOID", "0x18fdbc", "0x456f2e", "Arg3", "IN", "SIZE_T", "0x18fdc0", "0x2e" ], "Timesptamp": "00000001.575569", "FunctionName": "FlushInstructionCache", "ModuleName": "kernel32.dll", "Return": "TRUE", "Status": 0 }
{ "Address": "0x45d547", "Opcode": "ff1578a74600", "Opcodesize": 6, "Mnemonic": "call dword ptr [0x46a778]", "PID": 280, "TID": 1612, "Functionname": "LeaveCriticalSection", "Dllname": "ntdll.dll", "Status": 1 }
{ "Address": "0x460c40", "Opcode": "ff1564a74600", "Opcodesize": 6, "Mnemonic": "call dword ptr [0x46a764]", "PID": 280, "TID": 1612, "Functionname": "HeapAlloc", "Dllname": "ntdll.dll", "Status": 1 }
{ "Address": "0x45d4b2", "Opcode": "ff15e8a64600", "Opcodesize": 6, "Mnemonic": "call dword ptr [0x46a6e8]", "PID": 280, "TID": 1612, "Functionname": "EnterCriticalSection", "Dllname": "ntdll.dll", "Status": 1 }
{ "Address": "0x45d52e", "Opcode": "ff1594a64600", "Opcodesize": 6, "Mnemonic": "call dword ptr [0x46a694]", "PID": 280, "TID": 1612, "Arguments": [ "Arg1", "IN", "HANDLE", "0x18fdb8", "0xffffffff", "Arg2", "IN", "LPCVOID", "0x18fdbc", "0x456f2e", "Arg3", "IN", "SIZE_T", "0x18fdc0", "0x50" ], "Timesptamp": "00000001.609766", "FunctionName": "FlushInstructionCache", "ModuleName": "kernel32.dll", "Return": "TRUE", "Status": 0 }
{ "Address": "0x45d547", "Opcode": "ff1578a74600", "Opcodesize": 6, "Mnemonic": "call dword ptr [0x46a778]", "PID": 280, "TID": 1612, "Functionname": "LeaveCriticalSection", "Dllname": "ntdll.dll", "Status": 1 }
{ "Address": "0x45d4b2", "Opcode": "ff15e8a64600", "Opcodesize": 6, "Mnemonic": "call dword ptr [0x46a6e8]", "PID": 280, "TID": 1612, "Functionname": "EnterCriticalSection", "Dllname": "ntdll.dll", "Status": 1 }
{ "Address": "0x45d52e", "Opcode": "ff1594a64600", "Opcodesize": 6, "Mnemonic": "call dword ptr [0x46a694]", "PID": 280, "TID": 1612, "Arguments": [ "Arg1", "IN", "HANDLE", "0x18fdb8", "0xffffffff", "Arg2", "IN", "LPCVOID", "0x18fdbc", "0x456f5c", "Arg3", "IN", "SIZE_T", "0x18fdc0", "0xaf" ], "Timesptamp": "00000001.639258", "FunctionName": "FlushInstructionCache", "ModuleName": "kernel32.dll", "Return": "TRUE", "Status": 0 }
{ "Address": "0x45d547", "Opcode": "ff1578a74600", "Opcodesize": 6, "Mnemonic": "call dword ptr [0x46a778]", "PID": 280, "TID": 1612, "Functionname": "LeaveCriticalSection", "Dllname": "ntdll.dll", "Status": 1 }
{ "Address": "0x45d4b2", "Opcode": "ff15e8a64600", "Opcodesize": 6, "Mnemonic": "call dword ptr [0x46a6e8]", "PID": 280, "TID": 1612, "Functionname": "EnterCriticalSection", "Dllname": "ntdll.dll", "Status": 1 }
{ "Address": "0x45d52e", "Opcode": "ff1594a64600", "Opcodesize": 6, "Mnemonic": "call dword ptr [0x46a694]", "PID": 280, "TID": 1612, "Arguments": [ "Arg1", "IN", "HANDLE", "0x18fdb8", "0xffffffff", "Arg2", "IN", "LPCVOID", "0x18fdbc", "0x456f97", "Arg3", "IN", "SIZE_T", "0x18fdc0", "0x1b" ], "Timesptamp": "00000001.665286", "FunctionName": "FlushInstructionCache", "ModuleName": "kernel32.dll", "Return": "TRUE", "Status": 0 }
{ "Address": "0x45d547", "Opcode": "ff1578a74600", "Opcodesize": 6, "Mnemonic": "call dword ptr [0x46a778]", "PID": 280, "TID": 1612, "Functionname": "LeaveCriticalSection", "Dllname": "ntdll.dll", "Status": 1 }
{ "Address": "0x45d4b2", "Opcode": "ff15e8a64600", "Opcodesize": 6, "Mnemonic": "call dword ptr [0x46a6e8]", "PID": 280, "TID": 1612, "Functionname": "EnterCriticalSection", "Dllname": "ntdll.dll", "Status": 1 }
{ "Address": "0x45d52e", "Opcode": "ff1594a64600", "Opcodesize": 6, "Mnemonic": "call dword ptr [0x46a694]", "PID": 280, "TID": 1612, "Arguments": [ "Arg1", "IN", "HANDLE", "0x18fdb8", "0xffffffff", "Arg2", "IN", "LPCVOID", "0x18fdbc", "0x456f97", "Arg3", "IN", "SIZE_T", "0x18fdc0", "0x3c" ], "Timesptamp": "00000001.699519", "FunctionName": "FlushInstructionCache", "ModuleName": "kernel32.dll", "Return": "TRUE", "Status": 0 }
{ "Address": "0x45d547", "Opcode": "ff1578a74600", "Opcodesize": 6, "Mnemonic": "call dword ptr [0x46a778]", "PID": 280, "TID": 1612, "Functionname": "LeaveCriticalSection", "Dllname": "ntdll.dll", "Status": 1 }
{ "Address": "0x45d4b2", "Opcode": "ff15e8a64600", "Opcodesize": 6, "Mnemonic": "call dword ptr [0x46a6e8]", "PID": 280, "TID": 1612, "Functionname": "EnterCriticalSection", "Dllname": "ntdll.dll", "Status": 1 }
{ "Address": "0x45d52e", "Opcode": "ff1594a64600", "Opcodesize": 6, "Mnemonic": "call dword ptr [0x46a694]", "PID": 280, "TID": 1612, "Arguments": [ "Arg1", "IN", "HANDLE", "0x18fdb8", "0xffffffff", "Arg2", "IN", "LPCVOID", "0x18fdbc", "0x456fb2", "Arg3", "IN", "SIZE_T", "0x18fdc0", "0x47" ], "Timesptamp": "00000001.726541", "FunctionName": "FlushInstructionCache", "ModuleName": "kernel32.dll", "Return": "TRUE", "Status": 0 }
{ "Address": "0x45d547", "Opcode": "ff1578a74600", "Opcodesize": 6, "Mnemonic": "call dword ptr [0x46a778]", "PID": 280, "TID": 1612, "Functionname": "LeaveCriticalSection", "Dllname": "ntdll.dll", "Status": 1 }
{ "Address": "0x45d4b2", "Opcode": "ff15e8a64600", "Opcodesize": 6, "Mnemonic": "call dword ptr [0x46a6e8]", "PID": 280, "TID": 1612, "Functionname": "EnterCriticalSection", "Dllname": "ntdll.dll", "Status": 1 }
{ "Address": "0x45d52e", "Opcode": "ff1594a64600", "Opcodesize": 6, "Mnemonic": "call dword ptr [0x46a694]", "PID": 280, "TID": 1612, "Arguments": [ "Arg1", "IN", "HANDLE", "0x18fdb8", "0xffffffff", "Arg2", "IN", "LPCVOID", "0x18fdbc", "0x456fd3", "Arg3", "IN", "SIZE_T", "0x18fdc0", "0x26" ], "Timesptamp": "00000001.750632", "FunctionName": "FlushInstructionCache", "ModuleName": "kernel32.dll", "Return": "TRUE", "Status": 0 }
{ "Address": "0x45d547", "Opcode": "ff1578a74600", "Opcodesize": 6, "Mnemonic": "call dword ptr [0x46a778]", "PID": 280, "TID": 1612, "Functionname": "LeaveCriticalSection", "Dllname": "ntdll.dll", "Status": 1 }
{ "Address": "0x45d4b2", "Opcode": "ff15e8a64600", "Opcodesize": 6, "Mnemonic": "call dword ptr [0x46a6e8]", "PID": 280, "TID": 1612, "Functionname": "EnterCriticalSection", "Dllname": "ntdll.dll", "Status": 1 }
{ "Address": "0x45d52e", "Opcode": "ff1594a64600", "Opcodesize": 6, "Mnemonic": "call dword ptr [0x46a694]", "PID": 280, "TID": 1612, "Arguments": [ "Arg1", "IN", "HANDLE", "0x18fdb8", "0xffffffff", "Arg2", "IN", "LPCVOID", "0x18fdbc", "0x456f7e", "Arg3", "IN", "SIZE_T", "0x18fdc0", "0xb2" ], "Timesptamp": "00000001.777998", "FunctionName": "FlushInstructionCache", "ModuleName": "kernel32.dll", "Return": "TRUE", "Status": 0 }
{ "Address": "0x45d547", "Opcode": "ff1578a74600", "Opcodesize": 6, "Mnemonic": "call dword ptr [0x46a778]", "PID": 280, "TID": 1612, "Functionname": "LeaveCriticalSection", "Dllname": "ntdll.dll", "Status": 1 }
{ "Address": "0x460c40", "Opcode": "ff1564a74600", "Opcodesize": 6, "Mnemonic": "call dword ptr [0x46a764]", "PID": 280, "TID": 1612, "Functionname": "HeapAlloc", "Dllname": "ntdll.dll", "Status": 1 }
{ "Address": "0x457e82", "Opcode": "ff153ca74600", "Opcodesize": 6, "Mnemonic": "call dword ptr [0x46a73c]", "PID": 280, "TID": 1612, "Arguments": [ "Arg1", "IN", "LPCTSTR", "0x18fc84", "\"\"" ], "Timesptamp": "00000001.805981", "FunctionName": "GetModuleHandleA", "ModuleName": "kernel32.dll", "Return": "0x400000", "Status": 0 }
{ "Address": "0x457e89", "Opcode": "ff1538a74600", "Opcodesize": 6, "Mnemonic": "call dword ptr [0x46a738]", "PID": 280, "TID": 1612, "Arguments": [ "Arg1", "IN", "HMODULE", "0x18fc84", "0x400000", "Arg2", "OUT", "LPTSTR", "0x18fc88", "0x1de0888", "Arg3", "IN", "DWORD", "0x18fc8c", "0x104" ], "Timesptamp": "00000001.820861", "FunctionName": "GetModuleFileNameA", "ModuleName": "kernel32.dll", "Return": "0x24", "Output1": [ "0x1de0888", "C:\\Users\\lhs\\Exec\\molebox_PsInfo.exe" ], "Status": 0 }
{ "Address": "0x457eb1", "Opcode": "ff153ca74600", "Opcodesize": 6, "Mnemonic": "call dword ptr [0x46a73c]", "PID": 280, "TID": 1612, "Arguments": [ "Arg1", "IN", "LPCTSTR", "0x18fc8c", "user32.dll" ], "Timesptamp": "00000001.830142", "FunctionName": "GetModuleHandleA", "ModuleName": "kernel32.dll", "Return": "0x74d30000", "Status": 0 }
{ "Address": "0x457eda", "Opcode": "ff154ca74600", "Opcodesize": 6, "Mnemonic": "call dword ptr [0x46a74c]", "PID": 280, "TID": 1612, "Arguments": [ "Arg1", "IN", "HMODULE", "0x18fc88", "0x74d30000", "Arg2", "IN", "LPCSTR", "0x18fc8c", "MessageBoxA" ], "Timesptamp": "00000001.837572", "FunctionName": "GetProcAddress", "ModuleName": "kernel32.dll", "Return": "0x74d9fd1e", "Status": 0 }
{ "Address": "0x457f01", "Opcode": "ff1584a74600", "Opcodesize": 6, "Mnemonic": "call dword ptr [0x46a784]", "PID": 280, "TID": 1612, "Arguments": [ "Arg1", "IN", "UINT", "0x18fc88", "0x40", "Arg2", "IN", "SIZE_T", "0x18fc8c", "0x4000" ], "Timesptamp": "00000001.846569", "FunctionName": "LocalAlloc", "ModuleName": "kernel32.dll", "Return": "0x3123b8", "Status": 0 }
{ "Address": "0x457f13", "Opcode": "ff1500704600", "Opcodesize": 6, "Mnemonic": "call dword ptr [0x467000]", "PID": 280, "TID": 1612, "Functionname": "lstrcat", "Dllname": "kernel32.dll", "Status": 1 }
{ "Address": "0x457f39", "Opcode": "ff153ca74600", "Opcodesize": 6, "Mnemonic": "call dword ptr [0x46a73c]", "PID": 280, "TID": 1612, "Arguments": [ "Arg1", "IN", "LPCTSTR", "0x18fc84", "\"\"" ], "Timesptamp": "00000001.861884", "FunctionName": "GetModuleHandleA", "ModuleName": "kernel32.dll", "Return": "0x400000", "Status": 0 }
{ "Address": "0x457f40", "Opcode": "ff1538a74600", "Opcodesize": 6, "Mnemonic": "call dword ptr [0x46a738]", "PID": 280, "TID": 1612, "Arguments": [ "Arg1", "IN", "HMODULE", "0x18fc84", "0x400000", "Arg2", "OUT", "LPTSTR", "0x18fc88", "0x3123d1", "Arg3", "IN", "DWORD", "0x18fc8c", "0x104" ], "Timesptamp": "00000001.869567", "FunctionName": "GetModuleFileNameA", "ModuleName": "kernel32.dll", "Return": "0x24", "Output1": [ "0x3123d1", "C:\\Users\\lhs\\Exec\\molebox_PsInfo.exe" ], "Status": 0 }
{ "Address": "0x457f4f", "Opcode": "ff1500704600", "Opcodesize": 6, "Mnemonic": "call dword ptr [0x467000]", "PID": 280, "TID": 1612, "Functionname": "lstrcat", "Dllname": "kernel32.dll", "Status": 1 }
{ "Address": "0x457f5e", "Opcode": "ff1500704600", "Opcodesize": 6, "Mnemonic": "call dword ptr [0x467000]", "PID": 280, "TID": 1612, "Functionname": "lstrcat", "Dllname": "kernel32.dll", "Status": 1 }
{ "Address": "0x457f6d", "Opcode": "ff1500704600", "Opcodesize": 6, "Mnemonic": "call dword ptr [0x467000]", "PID": 280, "TID": 1612, "Functionname": "lstrcat", "Dllname": "kernel32.dll", "Status": 1 }
