{ "Address": "0x41d2ea", "Opcode": "ff1518e04200", "Opcodesize": 6, "Mnemonic": "call dword ptr [0x42e018]", "PID": 280, "TID": 1612, "Arguments": [ "Arg1", "IN", "LPCTSTR", "0x18fedc", "\"\"" ], "Timesptamp": "00000000.131164", "FunctionName": "GetModuleHandleA", "ModuleName": "kernel32.dll", "Return": "0x400000", "Status": 0 }
{ "Address": "0x41d2fa", "Opcode": "ff1514e04200", "Opcodesize": 6, "Mnemonic": "call dword ptr [0x42e014]", "PID": 280, "TID": 1612, "Arguments": [ "Arg1", "IN", "UINT", "0x18fed8", "0x40", "Arg2", "IN", "SIZE_T", "0x18fedc", "0xd440" ], "Timesptamp": "00000000.140694", "FunctionName": "LocalAlloc", "ModuleName": "kernel32.dll", "Return": "0x6017b8", "Status": 0 }
{ "Address": "0x41d3e8", "Opcode": "ff1514e04200", "Opcodesize": 6, "Mnemonic": "call dword ptr [0x42e014]", "PID": 280, "TID": 1612, "Arguments": [ "Arg1", "IN", "UINT", "0x18fed8", "0x40", "Arg2", "IN", "SIZE_T", "0x18fedc", "0x1a4a" ], "Timesptamp": "00000000.162858", "FunctionName": "LocalAlloc", "ModuleName": "kernel32.dll", "Return": "0x60ec00", "Status": 0 }
{ "Address": "0x41d485", "Opcode": "ff150ce04200", "Opcodesize": 6, "Mnemonic": "call dword ptr [0x42e00c]", "PID": 280, "TID": 1612, "Arguments": [ "Arg1", "IN", "HLOCAL", "0x18fedc", "0x60ec00" ], "Timesptamp": "00000000.173117", "FunctionName": "LocalFree", "ModuleName": "kernel32.dll", "Return": "0x0", "Status": 0 }
{ "Address": "0x41d490", "Opcode": "ff1518e04200", "Opcodesize": 6, "Mnemonic": "call dword ptr [0x42e018]", "PID": 280, "TID": 1612, "Arguments": [ "Arg1", "IN", "LPCTSTR", "0x18fedc", "kernel32.dll" ], "Timesptamp": "00000000.181983", "FunctionName": "GetModuleHandleA", "ModuleName": "kernel32.dll", "Return": "0x74f10000", "Status": 0 }
{ "Address": "0x41d4b9", "Opcode": "ff1508e04200", "Opcodesize": 6, "Mnemonic": "call dword ptr [0x42e008]", "PID": 280, "TID": 1612, "Arguments": [ "Arg1", "IN", "HMODULE", "0x18fed8", "0x74f10000", "Arg2", "IN", "LPCSTR", "0x18fedc", "FlushInstructionCache" ], "Timesptamp": "00000000.191505", "FunctionName": "GetProcAddress", "ModuleName": "kernel32.dll", "Return": "0x74f24393", "Status": 0 }
{ "Address": "0x41d4cd", "Opcode": "ff1508e04200", "Opcodesize": 6, "Mnemonic": "call dword ptr [0x42e008]", "PID": 280, "TID": 1612, "Arguments": [ "Arg1", "IN", "HMODULE", "0x18fed8", "0x74f10000", "Arg2", "IN", "LPCSTR", "0x18fedc", "GetCurrentProcess" ], "Timesptamp": "00000000.210314", "FunctionName": "GetProcAddress", "ModuleName": "kernel32.dll", "Return": "0x74f21809", "Status": 0 }
{ "Address": "0x41d4f0", "Opcode": "ff55ec", "Opcodesize": 3, "Mnemonic": "call dword ptr [ebp - 0x14]", "PID": 280, "TID": 1612, "Arguments": [ ], "Timesptamp": "00000000.219926", "FunctionName": "GetCurrentProcess", "ModuleName": "kernel32.dll", "Return": "0xffffffff", "Status": 0 }
{ "Address": "0x41d5c6", "Opcode": "ff1514e04200", "Opcodesize": 6, "Mnemonic": "call dword ptr [0x42e014]", "PID": 280, "TID": 1612, "Arguments": [ "Arg1", "IN", "UINT", "0x18fed8", "0x40", "Arg2", "IN", "SIZE_T", "0x18fedc", "0x9362" ], "Timesptamp": "00000000.233525", "FunctionName": "LocalAlloc", "ModuleName": "kernel32.dll", "Return": "0x60ec00", "Status": 0 }
{ "Address": "0x41d66e", "Opcode": "ff1594164300", "Opcodesize": 6, "Mnemonic": "call dword ptr [0x431694]", "PID": 280, "TID": 1612, "Arguments": [ "Arg1", "IN", "HANDLE", "0x18fed4", "0xffffffff", "Arg2", "IN", "LPCVOID", "0x18fed8", "0x41db82", "Arg3", "IN", "SIZE_T", "0x18fedc", "0xf67e" ], "Timesptamp": "00000000.244544", "FunctionName": "FlushInstructionCache", "ModuleName": "kernel32.dll", "Return": "TRUE", "Status": 0 }
{ "Address": "0x41d678", "Opcode": "ff150ce04200", "Opcodesize": 6, "Mnemonic": "call dword ptr [0x42e00c]", "PID": 280, "TID": 1612, "Arguments": [ "Arg1", "IN", "HLOCAL", "0x18fedc", "0x60ec00" ], "Timesptamp": "00000000.320125", "FunctionName": "LocalFree", "ModuleName": "kernel32.dll", "Return": "0x0", "Status": 0 }
{ "Address": "0x41d682", "Opcode": "ff150ce04200", "Opcodesize": 6, "Mnemonic": "call dword ptr [0x42e00c]", "PID": 280, "TID": 1612, "Arguments": [ "Arg1", "IN", "HLOCAL", "0x18fedc", "0x6017b8" ], "Timesptamp": "00000000.329425", "FunctionName": "LocalFree", "ModuleName": "kernel32.dll", "Return": "0x0", "Status": 0 }
{ "Address": "0x41d68d", "Opcode": "ff1504e04200", "Opcodesize": 6, "Mnemonic": "call dword ptr [0x42e004]", "PID": 280, "TID": 1612, "Functionname": "RtlInitializeCriticalSection", "Dllname": "ntdll.dll", "Status": 1 }
{ "Address": "0x41e2db", "Opcode": "ff1518e04200", "Opcodesize": 6, "Mnemonic": "call dword ptr [0x42e018]", "PID": 280, "TID": 1612, "Arguments": [ "Arg1", "IN", "LPCTSTR", "0x18fec0", "kernel32.dll" ], "Timesptamp": "00000000.348804", "FunctionName": "GetModuleHandleA", "ModuleName": "kernel32.dll", "Return": "0x74f10000", "Status": 0 }
{ "Address": "0x41e304", "Opcode": "ff1508e04200", "Opcodesize": 6, "Mnemonic": "call dword ptr [0x42e008]", "PID": 280, "TID": 1612, "Arguments": [ "Arg1", "IN", "HMODULE", "0x18febc", "0x74f10000", "Arg2", "IN", "LPCSTR", "0x18fec0", "CloseHandle" ], "Timesptamp": "00000000.367715", "FunctionName": "GetProcAddress", "ModuleName": "kernel32.dll", "Return": "0x74f21410", "Status": 0 }
{ "Address": "0x41e318", "Opcode": "ff1508e04200", "Opcodesize": 6, "Mnemonic": "call dword ptr [0x42e008]", "PID": 280, "TID": 1612, "Arguments": [ "Arg1", "IN", "HMODULE", "0x18febc", "0x74f10000", "Arg2", "IN", "LPCSTR", "0x18fec0", "CreateFileA" ], "Timesptamp": "00000000.377128", "FunctionName": "GetProcAddress", "ModuleName": "kernel32.dll", "Return": "0x74f253c6", "Status": 0 }
{ "Address": "0x41e32c", "Opcode": "ff1508e04200", "Opcodesize": 6, "Mnemonic": "call dword ptr [0x42e008]", "PID": 280, "TID": 1612, "Arguments": [ "Arg1", "IN", "HMODULE", "0x18febc", "0x74f10000", "Arg2", "IN", "LPCSTR", "0x18fec0", "CreateFileW" ], "Timesptamp": "00000000.387521", "FunctionName": "GetProcAddress", "ModuleName": "kernel32.dll", "Return": "0x74f23f5c", "Status": 0 }
{ "Address": "0x41e340", "Opcode": "ff1508e04200", "Opcodesize": 6, "Mnemonic": "call dword ptr [0x42e008]", "PID": 280, "TID": 1612, "Arguments": [ "Arg1", "IN", "HMODULE", "0x18febc", "0x74f10000", "Arg2", "IN", "LPCSTR", "0x18fec0", "CreateFileMappingA" ], "Timesptamp": "00000000.396612", "FunctionName": "GetProcAddress", "ModuleName": "kernel32.dll", "Return": "0x74f25506", "Status": 0 }
{ "Address": "0x41e354", "Opcode": "ff1508e04200", "Opcodesize": 6, "Mnemonic": "call dword ptr [0x42e008]", "PID": 280, "TID": 1612, "Arguments": [ "Arg1", "IN", "HMODULE", "0x18febc", "0x74f10000", "Arg2", "IN", "LPCSTR", "0x18fec0", "CreateFileMappingW" ], "Timesptamp": "00000000.411953", "FunctionName": "GetProcAddress", "ModuleName": "kernel32.dll", "Return": "0x74f21909", "Status": 0 }
{ "Address": "0x41e368", "Opcode": "ff1508e04200", "Opcodesize": 6, "Mnemonic": "call dword ptr [0x42e008]", "PID": 280, "TID": 1612, "Arguments": [ "Arg1", "IN", "HMODULE", "0x18febc", "0x74f10000", "Arg2", "IN", "LPCSTR", "0x18fec0", "CreateProcessA" ], "Timesptamp": "00000000.421384", "FunctionName": "GetProcAddress", "ModuleName": "kernel32.dll", "Return": "0x74f21072", "Status": 0 }
{ "Address": "0x41e37c", "Opcode": "ff1508e04200", "Opcodesize": 6, "Mnemonic": "call dword ptr [0x42e008]", "PID": 280, "TID": 1612, "Arguments": [ "Arg1", "IN", "HMODULE", "0x18febc", "0x74f10000", "Arg2", "IN", "LPCSTR", "0x18fec0", "DebugBreak" ], "Timesptamp": "00000000.430300", "FunctionName": "GetProcAddress", "ModuleName": "kernel32.dll", "Return": "0x74fa41b5", "Status": 0 }
{ "Address": "0x41e390", "Opcode": "ff1508e04200", "Opcodesize": 6, "Mnemonic": "call dword ptr [0x42e008]", "PID": 280, "TID": 1612, "Arguments": [ "Arg1", "IN", "HMODULE", "0x18febc", "0x74f10000", "Arg2", "IN", "LPCSTR", "0x18fec0", "DeleteFileA" ], "Timesptamp": "00000000.439615", "FunctionName": "GetProcAddress", "ModuleName": "kernel32.dll", "Return": "0x74f25444", "Status": 0 }
{ "Address": "0x41e3a4", "Opcode": "ff1508e04200", "Opcodesize": 6, "Mnemonic": "call dword ptr [0x42e008]", "PID": 280, "TID": 1612, "Arguments": [ "Arg1", "IN", "HMODULE", "0x18febc", "0x74f10000", "Arg2", "IN", "LPCSTR", "0x18fec0", "EnterCriticalSection" ], "Timesptamp": "00000000.473903", "FunctionName": "GetProcAddress", "ModuleName": "kernel32.dll", "Return": "0x770622b0", "Status": 0 }
{ "Address": "0x41e3b8", "Opcode": "ff1508e04200", "Opcodesize": 6, "Mnemonic": "call dword ptr [0x42e008]", "PID": 280, "TID": 1612, "Arguments": [ "Arg1", "IN", "HMODULE", "0x18febc", "0x74f10000", "Arg2", "IN", "LPCSTR", "0x18fec0", "ExitProcess" ], "Timesptamp": "00000000.483187", "FunctionName": "GetProcAddress", "ModuleName": "kernel32.dll", "Return": "0x74f27a10", "Status": 0 }
{ "Address": "0x41e3cc", "Opcode": "ff1508e04200", "Opcodesize": 6, "Mnemonic": "call dword ptr [0x42e008]", "PID": 280, "TID": 1612, "Arguments": [ "Arg1", "IN", "HMODULE", "0x18febc", "0x74f10000", "Arg2", "IN", "LPCSTR", "0x18fec0", "FindClose" ], "Timesptamp": "00000000.492317", "FunctionName": "GetProcAddress", "ModuleName": "kernel32.dll", "Return": "0x74f24442", "Status": 0 }
{ "Address": "0x41e3e0", "Opcode": "ff1508e04200", "Opcodesize": 6, "Mnemonic": "call dword ptr [0x42e008]", "PID": 280, "TID": 1612, "Arguments": [ "Arg1", "IN", "HMODULE", "0x18febc", "0x74f10000", "Arg2", "IN", "LPCSTR", "0x18fec0", "FindFirstFileA" ], "Timesptamp": "00000000.502058", "FunctionName": "GetProcAddress", "ModuleName": "kernel32.dll", "Return": "0x74f2e2ce", "Status": 0 }
{ "Address": "0x41e3f4", "Opcode": "ff1508e04200", "Opcodesize": 6, "Mnemonic": "call dword ptr [0x42e008]", "PID": 280, "TID": 1612, "Arguments": [ "Arg1", "IN", "HMODULE", "0x18febc", "0x74f10000", "Arg2", "IN", "LPCSTR", "0x18fec0", "FindNextFileA" ], "Timesptamp": "00000000.511132", "FunctionName": "GetProcAddress", "ModuleName": "kernel32.dll", "Return": "0x74f4d53e", "Status": 0 }
{ "Address": "0x41e408", "Opcode": "ff1508e04200", "Opcodesize": 6, "Mnemonic": "call dword ptr [0x42e008]", "PID": 280, "TID": 1612, "Arguments": [ "Arg1", "IN", "HMODULE", "0x18febc", "0x74f10000", "Arg2", "IN", "LPCSTR", "0x18fec0", "FlushFileBuffers" ], "Timesptamp": "00000000.520249", "FunctionName": "GetProcAddress", "ModuleName": "kernel32.dll", "Return": "0x74f2469b", "Status": 0 }
{ "Address": "0x41e41c", "Opcode": "ff1508e04200", "Opcodesize": 6, "Mnemonic": "call dword ptr [0x42e008]", "PID": 280, "TID": 1612, "Arguments": [ "Arg1", "IN", "HMODULE", "0x18febc", "0x74f10000", "Arg2", "IN", "LPCSTR", "0x18fec0", "FormatMessageA" ], "Timesptamp": "00000000.539446", "FunctionName": "GetProcAddress", "ModuleName": "kernel32.dll", "Return": "0x74f45fbd", "Status": 0 }
{ "Address": "0x41e430", "Opcode": "ff1508e04200", "Opcodesize": 6, "Mnemonic": "call dword ptr [0x42e008]", "PID": 280, "TID": 1612, "Arguments": [ "Arg1", "IN", "HMODULE", "0x18febc", "0x74f10000", "Arg2", "IN", "LPCSTR", "0x18fec0", "FreeLibrary" ], "Timesptamp": "00000000.548643", "FunctionName": "GetProcAddress", "ModuleName": "kernel32.dll", "Return": "0x74f234c8", "Status": 0 }
{ "Address": "0x41e444", "Opcode": "ff1508e04200", "Opcodesize": 6, "Mnemonic": "call dword ptr [0x42e008]", "PID": 280, "TID": 1612, "Arguments": [ "Arg1", "IN", "HMODULE", "0x18febc", "0x74f10000", "Arg2", "IN", "LPCSTR", "0x18fec0", "GetCurrentProcess" ], "Timesptamp": "00000000.558018", "FunctionName": "GetProcAddress", "ModuleName": "kernel32.dll", "Return": "0x74f21809", "Status": 0 }
{ "Address": "0x41e458", "Opcode": "ff1508e04200", "Opcodesize": 6, "Mnemonic": "call dword ptr [0x42e008]", "PID": 280, "TID": 1612, "Arguments": [ "Arg1", "IN", "HMODULE", "0x18febc", "0x74f10000", "Arg2", "IN", "LPCSTR", "0x18fec0", "GetCurrentProcessId" ], "Timesptamp": "00000000.567215", "FunctionName": "GetProcAddress", "ModuleName": "kernel32.dll", "Return": "0x74f211f8", "Status": 0 }
{ "Address": "0x41e46c", "Opcode": "ff1508e04200", "Opcodesize": 6, "Mnemonic": "call dword ptr [0x42e008]", "PID": 280, "TID": 1612, "Arguments": [ "Arg1", "IN", "HMODULE", "0x18febc", "0x74f10000", "Arg2", "IN", "LPCSTR", "0x18fec0", "GetEnvironmentVariableA" ], "Timesptamp": "00000000.576846", "FunctionName": "GetProcAddress", "ModuleName": "kernel32.dll", "Return": "0x74f233a0", "Status": 0 }
{ "Address": "0x41e480", "Opcode": "ff1508e04200", "Opcodesize": 6, "Mnemonic": "call dword ptr [0x42e008]", "PID": 280, "TID": 1612, "Arguments": [ "Arg1", "IN", "HMODULE", "0x18febc", "0x74f10000", "Arg2", "IN", "LPCSTR", "0x18fec0", "GetExitCodeProcess" ], "Timesptamp": "00000000.586125", "FunctionName": "GetProcAddress", "ModuleName": "kernel32.dll", "Return": "0x74f3174d", "Status": 0 }
{ "Address": "0x41e494", "Opcode": "ff1508e04200", "Opcodesize": 6, "Mnemonic": "call dword ptr [0x42e008]", "PID": 280, "TID": 1612, "Arguments": [ "Arg1", "IN", "HMODULE", "0x18febc", "0x74f10000", "Arg2", "IN", "LPCSTR", "0x18fec0", "GetFileAttributesA" ], "Timesptamp": "00000000.598313", "FunctionName": "GetProcAddress", "ModuleName": "kernel32.dll", "Return": "0x74f25414", "Status": 0 }
{ "Address": "0x41e4a8", "Opcode": "ff1508e04200", "Opcodesize": 6, "Mnemonic": "call dword ptr [0x42e008]", "PID": 280, "TID": 1612, "Arguments": [ "Arg1", "IN", "HMODULE", "0x18febc", "0x74f10000", "Arg2", "IN", "LPCSTR", "0x18fec0", "GetFileAttributesW" ], "Timesptamp": "00000000.607562", "FunctionName": "GetProcAddress", "ModuleName": "kernel32.dll", "Return": "0x74f21b18", "Status": 0 }
{ "Address": "0x41e4bc", "Opcode": "ff1508e04200", "Opcodesize": 6, "Mnemonic": "call dword ptr [0x42e008]", "PID": 280, "TID": 1612, "Arguments": [ "Arg1", "IN", "HMODULE", "0x18febc", "0x74f10000", "Arg2", "IN", "LPCSTR", "0x18fec0", "GetFileInformationByHandle" ], "Timesptamp": "00000000.616767", "FunctionName": "GetProcAddress", "ModuleName": "kernel32.dll", "Return": "0x74f253ae", "Status": 0 }
{ "Address": "0x41e4d0", "Opcode": "ff1508e04200", "Opcodesize": 6, "Mnemonic": "call dword ptr [0x42e008]", "PID": 280, "TID": 1612, "Arguments": [ "Arg1", "IN", "HMODULE", "0x18febc", "0x74f10000", "Arg2", "IN", "LPCSTR", "0x18fec0", "GetFileSize" ], "Timesptamp": "00000000.629690", "FunctionName": "GetProcAddress", "ModuleName": "kernel32.dll", "Return": "0x74f2196e", "Status": 0 }
{ "Address": "0x41e4e4", "Opcode": "ff1508e04200", "Opcodesize": 6, "Mnemonic": "call dword ptr [0x42e008]", "PID": 280, "TID": 1612, "Arguments": [ "Arg1", "IN", "HMODULE", "0x18febc", "0x74f10000", "Arg2", "IN", "LPCSTR", "0x18fec0", "GetFileTime" ], "Timesptamp": "00000000.638977", "FunctionName": "GetProcAddress", "ModuleName": "kernel32.dll", "Return": "0x74f24407", "Status": 0 }
{ "Address": "0x41e4f8", "Opcode": "ff1508e04200", "Opcodesize": 6, "Mnemonic": "call dword ptr [0x42e008]", "PID": 280, "TID": 1612, "Arguments": [ "Arg1", "IN", "HMODULE", "0x18febc", "0x74f10000", "Arg2", "IN", "LPCSTR", "0x18fec0", "GetFullPathNameA" ], "Timesptamp": "00000000.648200", "FunctionName": "GetProcAddress", "ModuleName": "kernel32.dll", "Return": "0x74f2e2c1", "Status": 0 }
{ "Address": "0x41e50c", "Opcode": "ff1508e04200", "Opcodesize": 6, "Mnemonic": "call dword ptr [0x42e008]", "PID": 280, "TID": 1612, "Arguments": [ "Arg1", "IN", "HMODULE", "0x18febc", "0x74f10000", "Arg2", "IN", "LPCSTR", "0x18fec0", "GetFullPathNameW" ], "Timesptamp": "00000000.657530", "FunctionName": "GetProcAddress", "ModuleName": "kernel32.dll", "Return": "0x74f240d4", "Status": 0 }
{ "Address": "0x41e520", "Opcode": "ff1508e04200", "Opcodesize": 6, "Mnemonic": "call dword ptr [0x42e008]", "PID": 280, "TID": 1612, "Arguments": [ "Arg1", "IN", "HMODULE", "0x18febc", "0x74f10000", "Arg2", "IN", "LPCSTR", "0x18fec0", "GetLastError" ], "Timesptamp": "00000000.678618", "FunctionName": "GetProcAddress", "ModuleName": "kernel32.dll", "Return": "0x74f211c0", "Status": 0 }
{ "Address": "0x41e534", "Opcode": "ff1508e04200", "Opcodesize": 6, "Mnemonic": "call dword ptr [0x42e008]", "PID": 280, "TID": 1612, "Arguments": [ "Arg1", "IN", "HMODULE", "0x18febc", "0x74f10000", "Arg2", "IN", "LPCSTR", "0x18fec0", "GetModuleFileNameA" ], "Timesptamp": "00000000.688210", "FunctionName": "GetProcAddress", "ModuleName": "kernel32.dll", "Return": "0x74f214b1", "Status": 0 }
{ "Address": "0x41e548", "Opcode": "ff1508e04200", "Opcodesize": 6, "Mnemonic": "call dword ptr [0x42e008]", "PID": 280, "TID": 1612, "Arguments": [ "Arg1", "IN", "HMODULE", "0x18febc", "0x74f10000", "Arg2", "IN", "LPCSTR", "0x18fec0", "GetModuleHandleA" ], "Timesptamp": "00000000.697687", "FunctionName": "GetProcAddress", "ModuleName": "kernel32.dll", "Return": "0x74f21245", "Status": 0 }
{ "Address": "0x41e55c", "Opcode": "ff1508e04200", "Opcodesize": 6, "Mnemonic": "call dword ptr [0x42e008]", "PID": 280, "TID": 1612, "Arguments": [ "Arg1", "IN", "HMODULE", "0x18febc", "0x74f10000", "Arg2", "IN", "LPCSTR", "0x18fec0", "GetPrivateProfileIntA" ], "Timesptamp": "00000000.707161", "FunctionName": "GetProcAddress", "ModuleName": "kernel32.dll", "Return": "0x74f4cdd7", "Status": 0 }
{ "Address": "0x41e570", "Opcode": "ff1508e04200", "Opcodesize": 6, "Mnemonic": "call dword ptr [0x42e008]", "PID": 280, "TID": 1612, "Arguments": [ "Arg1", "IN", "HMODULE", "0x18febc", "0x74f10000", "Arg2", "IN", "LPCSTR", "0x18fec0", "GetPrivateProfileSectionNamesA" ], "Timesptamp": "00000000.718353", "FunctionName": "GetProcAddress", "ModuleName": "kernel32.dll", "Return": "0x74f9a1c9", "Status": 0 }
{ "Address": "0x41e584", "Opcode": "ff1508e04200", "Opcodesize": 6, "Mnemonic": "call dword ptr [0x42e008]", "PID": 280, "TID": 1612, "Arguments": [ "Arg1", "IN", "HMODULE", "0x18febc", "0x74f10000", "Arg2", "IN", "LPCSTR", "0x18fec0", "GetPrivateProfileStringA" ], "Timesptamp": "00000000.728405", "FunctionName": "GetProcAddress", "ModuleName": "kernel32.dll", "Return": "0x74f3184c", "Status": 0 }
{ "Address": "0x41e598", "Opcode": "ff1508e04200", "Opcodesize": 6, "Mnemonic": "call dword ptr [0x42e008]", "PID": 280, "TID": 1612, "Arguments": [ "Arg1", "IN", "HMODULE", "0x18febc", "0x74f10000", "Arg2", "IN", "LPCSTR", "0x18fec0", "GetProcAddress" ], "Timesptamp": "00000000.737809", "FunctionName": "GetProcAddress", "ModuleName": "kernel32.dll", "Return": "0x74f21222", "Status": 0 }
{ "Address": "0x41e5ac", "Opcode": "ff1508e04200", "Opcodesize": 6, "Mnemonic": "call dword ptr [0x42e008]", "PID": 280, "TID": 1612, "Arguments": [ "Arg1", "IN", "HMODULE", "0x18febc", "0x74f10000", "Arg2", "IN", "LPCSTR", "0x18fec0", "GetSystemTimeAsFileTime" ], "Timesptamp": "00000000.747363", "FunctionName": "GetProcAddress", "ModuleName": "kernel32.dll", "Return": "0x74f23509", "Status": 0 }
{ "Address": "0x41e5c0", "Opcode": "ff1508e04200", "Opcodesize": 6, "Mnemonic": "call dword ptr [0x42e008]", "PID": 280, "TID": 1612, "Arguments": [ "Arg1", "IN", "HMODULE", "0x18febc", "0x74f10000", "Arg2", "IN", "LPCSTR", "0x18fec0", "GetTempFileNameA" ], "Timesptamp": "00000000.756738", "FunctionName": "GetProcAddress", "ModuleName": "kernel32.dll", "Return": "0x74f49d3f", "Status": 0 }
{ "Address": "0x41e5d4", "Opcode": "ff1508e04200", "Opcodesize": 6, "Mnemonic": "call dword ptr [0x42e008]", "PID": 280, "TID": 1612, "Arguments": [ "Arg1", "IN", "HMODULE", "0x18febc", "0x74f10000", "Arg2", "IN", "LPCSTR", "0x18fec0", "GetTempPathA" ], "Timesptamp": "00000000.768966", "FunctionName": "GetProcAddress", "ModuleName": "kernel32.dll", "Return": "0x74f4276c", "Status": 0 }
{ "Address": "0x41e5e8", "Opcode": "ff1508e04200", "Opcodesize": 6, "Mnemonic": "call dword ptr [0x42e008]", "PID": 280, "TID": 1612, "Arguments": [ "Arg1", "IN", "HMODULE", "0x18febc", "0x74f10000", "Arg2", "IN", "LPCSTR", "0x18fec0", "GetVersionExA" ], "Timesptamp": "00000000.778014", "FunctionName": "GetProcAddress", "ModuleName": "kernel32.dll", "Return": "0x74f23519", "Status": 0 }
{ "Address": "0x41e5fc", "Opcode": "ff1508e04200", "Opcodesize": 6, "Mnemonic": "call dword ptr [0x42e008]", "PID": 280, "TID": 1612, "Arguments": [ "Arg1", "IN", "HMODULE", "0x18febc", "0x74f10000", "Arg2", "IN", "LPCSTR", "0x18fec0", "GetTickCount" ], "Timesptamp": "00000000.787081", "FunctionName": "GetProcAddress", "ModuleName": "kernel32.dll", "Return": "0x74f2110c", "Status": 0 }
{ "Address": "0x41e610", "Opcode": "ff1508e04200", "Opcodesize": 6, "Mnemonic": "call dword ptr [0x42e008]", "PID": 280, "TID": 1612, "Arguments": [ "Arg1", "IN", "HMODULE", "0x18febc", "0x74f10000", "Arg2", "IN", "LPCSTR", "0x18fec0", "HeapAlloc" ], "Timesptamp": "00000000.795910", "FunctionName": "GetProcAddress", "ModuleName": "kernel32.dll", "Return": "0x7706e026", "Status": 0 }
{ "Address": "0x41e624", "Opcode": "ff1508e04200", "Opcodesize": 6, "Mnemonic": "call dword ptr [0x42e008]", "PID": 280, "TID": 1612, "Arguments": [ "Arg1", "IN", "HMODULE", "0x18febc", "0x74f10000", "Arg2", "IN", "LPCSTR", "0x18fec0", "HeapFree" ], "Timesptamp": "00000000.804981", "FunctionName": "GetProcAddress", "ModuleName": "kernel32.dll", "Return": "0x74f214c9", "Status": 0 }
{ "Address": "0x41e638", "Opcode": "ff1508e04200", "Opcodesize": 6, "Mnemonic": "call dword ptr [0x42e008]", "PID": 280, "TID": 1612, "Arguments": [ "Arg1", "IN", "HMODULE", "0x18febc", "0x74f10000", "Arg2", "IN", "LPCSTR", "0x18fec0", "HeapCreate" ], "Timesptamp": "00000000.822392", "FunctionName": "GetProcAddress", "ModuleName": "kernel32.dll", "Return": "0x74f24a2d", "Status": 0 }
{ "Address": "0x41e64c", "Opcode": "ff1508e04200", "Opcodesize": 6, "Mnemonic": "call dword ptr [0x42e008]", "PID": 280, "TID": 1612, "Arguments": [ "Arg1", "IN", "HMODULE", "0x18febc", "0x74f10000", "Arg2", "IN", "LPCSTR", "0x18fec0", "InitializeCriticalSection" ], "Timesptamp": "00000000.832007", "FunctionName": "GetProcAddress", "ModuleName": "kernel32.dll", "Return": "0x77072c42", "Status": 0 }
{ "Address": "0x41e660", "Opcode": "ff1508e04200", "Opcodesize": 6, "Mnemonic": "call dword ptr [0x42e008]", "PID": 280, "TID": 1612, "Arguments": [ "Arg1", "IN", "HMODULE", "0x18febc", "0x74f10000", "Arg2", "IN", "LPCSTR", "0x18fec0", "DeleteCriticalSection" ], "Timesptamp": "00000000.841108", "FunctionName": "GetProcAddress", "ModuleName": "kernel32.dll", "Return": "0x770745f5", "Status": 0 }
{ "Address": "0x41e674", "Opcode": "ff1508e04200", "Opcodesize": 6, "Mnemonic": "call dword ptr [0x42e008]", "PID": 280, "TID": 1612, "Arguments": [ "Arg1", "IN", "HMODULE", "0x18febc", "0x74f10000", "Arg2", "IN", "LPCSTR", "0x18fec0", "LeaveCriticalSection" ], "Timesptamp": "00000000.850237", "FunctionName": "GetProcAddress", "ModuleName": "kernel32.dll", "Return": "0x77062270", "Status": 0 }
{ "Address": "0x41e688", "Opcode": "ff1508e04200", "Opcodesize": 6, "Mnemonic": "call dword ptr [0x42e008]", "PID": 280, "TID": 1612, "Arguments": [ "Arg1", "IN", "HMODULE", "0x18febc", "0x74f10000", "Arg2", "IN", "LPCSTR", "0x18fec0", "LoadLibraryA" ], "Timesptamp": "00000000.859658", "FunctionName": "GetProcAddress", "ModuleName": "kernel32.dll", "Return": "0x74f249d7", "Status": 0 }
{ "Address": "0x41e69c", "Opcode": "ff1508e04200", "Opcodesize": 6, "Mnemonic": "call dword ptr [0x42e008]", "PID": 280, "TID": 1612, "Arguments": [ "Arg1", "IN", "HMODULE", "0x18febc", "0x74f10000", "Arg2", "IN", "LPCSTR", "0x18fec0", "LoadLibraryExA" ], "Timesptamp": "00000000.868941", "FunctionName": "GetProcAddress", "ModuleName": "kernel32.dll", "Return": "0x74f24913", "Status": 0 }
{ "Address": "0x41e6b0", "Opcode": "ff1508e04200", "Opcodesize": 6, "Mnemonic": "call dword ptr [0x42e008]", "PID": 280, "TID": 1612, "Arguments": [ "Arg1", "IN", "HMODULE", "0x18febc", "0x74f10000", "Arg2", "IN", "LPCSTR", "0x18fec0", "LocalAlloc" ], "Timesptamp": "00000000.878027", "FunctionName": "GetProcAddress", "ModuleName": "kernel32.dll", "Return": "0x74f2168c", "Status": 0 }
{ "Address": "0x41e6c4", "Opcode": "ff1508e04200", "Opcodesize": 6, "Mnemonic": "call dword ptr [0x42e008]", "PID": 280, "TID": 1612, "Arguments": [ "Arg1", "IN", "HMODULE", "0x18febc", "0x74f10000", "Arg2", "IN", "LPCSTR", "0x18fec0", "LocalFree" ], "Timesptamp": "00000000.887478", "FunctionName": "GetProcAddress", "ModuleName": "kernel32.dll", "Return": "0x74f22d3c", "Status": 0 }
{ "Address": "0x41e6d8", "Opcode": "ff1508e04200", "Opcodesize": 6, "Mnemonic": "call dword ptr [0x42e008]", "PID": 280, "TID": 1612, "Arguments": [ "Arg1", "IN", "HMODULE", "0x18febc", "0x74f10000", "Arg2", "IN", "LPCSTR", "0x18fec0", "LockFile" ], "Timesptamp": "00000000.896603", "FunctionName": "GetProcAddress", "ModuleName": "kernel32.dll", "Return": "0x74f4cf1e", "Status": 0 }
{ "Address": "0x41e6ec", "Opcode": "ff1508e04200", "Opcodesize": 6, "Mnemonic": "call dword ptr [0x42e008]", "PID": 280, "TID": 1612, "Arguments": [ "Arg1", "IN", "HMODULE", "0x18febc", "0x74f10000", "Arg2", "IN", "LPCSTR", "0x18fec0", "MapViewOfFile" ], "Timesptamp": "00000000.905777", "FunctionName": "GetProcAddress", "ModuleName": "kernel32.dll", "Return": "0x74f218f1", "Status": 0 }
{ "Address": "0x41e700", "Opcode": "ff1508e04200", "Opcodesize": 6, "Mnemonic": "call dword ptr [0x42e008]", "PID": 280, "TID": 1612, "Arguments": [ "Arg1", "IN", "HMODULE", "0x18febc", "0x74f10000", "Arg2", "IN", "LPCSTR", "0x18fec0", "MultiByteToWideChar" ], "Timesptamp": "00000000.914882", "FunctionName": "GetProcAddress", "ModuleName": "kernel32.dll", "Return": "0x74f2192e", "Status": 0 }
{ "Address": "0x41e714", "Opcode": "ff1508e04200", "Opcodesize": 6, "Mnemonic": "call dword ptr [0x42e008]", "PID": 280, "TID": 1612, "Arguments": [ "Arg1", "IN", "HMODULE", "0x18febc", "0x74f10000", "Arg2", "IN", "LPCSTR", "0x18fec0", "OpenProcess" ], "Timesptamp": "00000000.924208", "FunctionName": "GetProcAddress", "ModuleName": "kernel32.dll", "Return": "0x74f21986", "Status": 0 }
{ "Address": "0x41e728", "Opcode": "ff1508e04200", "Opcodesize": 6, "Mnemonic": "call dword ptr [0x42e008]", "PID": 280, "TID": 1612, "Arguments": [ "Arg1", "IN", "HMODULE", "0x18febc", "0x74f10000", "Arg2", "IN", "LPCSTR", "0x18fec0", "RaiseException" ], "Timesptamp": "00000000.933483", "FunctionName": "GetProcAddress", "ModuleName": "kernel32.dll", "Return": "0x74f258a6", "Status": 0 }
{ "Address": "0x41e73c", "Opcode": "ff1508e04200", "Opcodesize": 6, "Mnemonic": "call dword ptr [0x42e008]", "PID": 280, "TID": 1612, "Arguments": [ "Arg1", "IN", "HMODULE", "0x18febc", "0x74f10000", "Arg2", "IN", "LPCSTR", "0x18fec0", "ReadFile" ], "Timesptamp": "00000000.942594", "FunctionName": "GetProcAddress", "ModuleName": "kernel32.dll", "Return": "0x74f23ed3", "Status": 0 }
{ "Address": "0x41e750", "Opcode": "ff1508e04200", "Opcodesize": 6, "Mnemonic": "call dword ptr [0x42e008]", "PID": 280, "TID": 1612, "Arguments": [ "Arg1", "IN", "HMODULE", "0x18febc", "0x74f10000", "Arg2", "IN", "LPCSTR", "0x18fec0", "SetEnvironmentVariableA" ], "Timesptamp": "00000000.951772", "FunctionName": "GetProcAddress", "ModuleName": "kernel32.dll", "Return": "0x74f2e331", "Status": 0 }
{ "Address": "0x41e764", "Opcode": "ff1508e04200", "Opcodesize": 6, "Mnemonic": "call dword ptr [0x42e008]", "PID": 280, "TID": 1612, "Arguments": [ "Arg1", "IN", "HMODULE", "0x18febc", "0x74f10000", "Arg2", "IN", "LPCSTR", "0x18fec0", "SetEvent" ], "Timesptamp": "00000000.960874", "FunctionName": "GetProcAddress", "ModuleName": "kernel32.dll", "Return": "0x74f216c5", "Status": 0 }
{ "Address": "0x41e778", "Opcode": "ff1508e04200", "Opcodesize": 6, "Mnemonic": "call dword ptr [0x42e008]", "PID": 280, "TID": 1612, "Arguments": [ "Arg1", "IN", "HMODULE", "0x18febc", "0x74f10000", "Arg2", "IN", "LPCSTR", "0x18fec0", "SetFilePointer" ], "Timesptamp": "00000000.970145", "FunctionName": "GetProcAddress", "ModuleName": "kernel32.dll", "Return": "0x74f217d1", "Status": 0 }
{ "Address": "0x41e78c", "Opcode": "ff1508e04200", "Opcodesize": 6, "Mnemonic": "call dword ptr [0x42e008]", "PID": 280, "TID": 1612, "Arguments": [ "Arg1", "IN", "HMODULE", "0x18febc", "0x74f10000", "Arg2", "IN", "LPCSTR", "0x18fec0", "SetLastError" ], "Timesptamp": "00000000.979055", "FunctionName": "GetProcAddress", "ModuleName": "kernel32.dll", "Return": "0x74f211a9", "Status": 0 }
{ "Address": "0x41e7a0", "Opcode": "ff1508e04200", "Opcodesize": 6, "Mnemonic": "call dword ptr [0x42e008]", "PID": 280, "TID": 1612, "Arguments": [ "Arg1", "IN", "HMODULE", "0x18febc", "0x74f10000", "Arg2", "IN", "LPCSTR", "0x18fec0", "SetUnhandledExceptionFilter" ], "Timesptamp": "00000000.988253", "FunctionName": "GetProcAddress", "ModuleName": "kernel32.dll", "Return": "0x74f287c9", "Status": 0 }
{ "Address": "0x41e7b4", "Opcode": "ff1508e04200", "Opcodesize": 6, "Mnemonic": "call dword ptr [0x42e008]", "PID": 280, "TID": 1612, "Arguments": [ "Arg1", "IN", "HMODULE", "0x18febc", "0x74f10000", "Arg2", "IN", "LPCSTR", "0x18fec0", "Sleep" ], "Timesptamp": "00000000.997620", "FunctionName": "GetProcAddress", "ModuleName": "kernel32.dll", "Return": "0x74f210ff", "Status": 0 }
{ "Address": "0x41e7c8", "Opcode": "ff1508e04200", "Opcodesize": 6, "Mnemonic": "call dword ptr [0x42e008]", "PID": 280, "TID": 1612, "Arguments": [ "Arg1", "IN", "HMODULE", "0x18febc", "0x74f10000", "Arg2", "IN", "LPCSTR", "0x18fec0", "TerminateProcess" ], "Timesptamp": "00000001.006813", "FunctionName": "GetProcAddress", "ModuleName": "kernel32.dll", "Return": "0x74f3d802", "Status": 0 }
{ "Address": "0x41e7dc", "Opcode": "ff1508e04200", "Opcodesize": 6, "Mnemonic": "call dword ptr [0x42e008]", "PID": 280, "TID": 1612, "Arguments": [ "Arg1", "IN", "HMODULE", "0x18febc", "0x74f10000", "Arg2", "IN", "LPCSTR", "0x18fec0", "UnlockFile" ], "Timesptamp": "00000001.016032", "FunctionName": "GetProcAddress", "ModuleName": "kernel32.dll", "Return": "0x74f4cf36", "Status": 0 }
{ "Address": "0x41e7f0", "Opcode": "ff1508e04200", "Opcodesize": 6, "Mnemonic": "call dword ptr [0x42e008]", "PID": 280, "TID": 1612, "Arguments": [ "Arg1", "IN", "HMODULE", "0x18febc", "0x74f10000", "Arg2", "IN", "LPCSTR", "0x18fec0", "UnmapViewOfFile" ], "Timesptamp": "00000001.025265", "FunctionName": "GetProcAddress", "ModuleName": "kernel32.dll", "Return": "0x74f21826", "Status": 0 }
{ "Address": "0x41e804", "Opcode": "ff1508e04200", "Opcodesize": 6, "Mnemonic": "call dword ptr [0x42e008]", "PID": 280, "TID": 1612, "Arguments": [ "Arg1", "IN", "HMODULE", "0x18febc", "0x74f10000", "Arg2", "IN", "LPCSTR", "0x18fec0", "VirtualAlloc" ], "Timesptamp": "00000001.034465", "FunctionName": "GetProcAddress", "ModuleName": "kernel32.dll", "Return": "0x74f21856", "Status": 0 }
{ "Address": "0x41e818", "Opcode": "ff1508e04200", "Opcodesize": 6, "Mnemonic": "call dword ptr [0x42e008]", "PID": 280, "TID": 1612, "Arguments": [ "Arg1", "IN", "HMODULE", "0x18febc", "0x74f10000", "Arg2", "IN", "LPCSTR", "0x18fec0", "VirtualFree" ], "Timesptamp": "00000001.043712", "FunctionName": "GetProcAddress", "ModuleName": "kernel32.dll", "Return": "0x74f2186e", "Status": 0 }
{ "Address": "0x41e82c", "Opcode": "ff1508e04200", "Opcodesize": 6, "Mnemonic": "call dword ptr [0x42e008]", "PID": 280, "TID": 1612, "Arguments": [ "Arg1", "IN", "HMODULE", "0x18febc", "0x74f10000", "Arg2", "IN", "LPCSTR", "0x18fec0", "VirtualProtect" ], "Timesptamp": "00000001.052888", "FunctionName": "GetProcAddress", "ModuleName": "kernel32.dll", "Return": "0x74f2435f", "Status": 0 }
{ "Address": "0x41e840", "Opcode": "ff1508e04200", "Opcodesize": 6, "Mnemonic": "call dword ptr [0x42e008]", "PID": 280, "TID": 1612, "Arguments": [ "Arg1", "IN", "HMODULE", "0x18febc", "0x74f10000", "Arg2", "IN", "LPCSTR", "0x18fec0", "VirtualQuery" ], "Timesptamp": "00000001.062319", "FunctionName": "GetProcAddress", "ModuleName": "kernel32.dll", "Return": "0x74f2445a", "Status": 0 }
{ "Address": "0x41e854", "Opcode": "ff1508e04200", "Opcodesize": 6, "Mnemonic": "call dword ptr [0x42e008]", "PID": 280, "TID": 1612, "Arguments": [ "Arg1", "IN", "HMODULE", "0x18febc", "0x74f10000", "Arg2", "IN", "LPCSTR", "0x18fec0", "WaitForSingleObject" ], "Timesptamp": "00000001.071849", "FunctionName": "GetProcAddress", "ModuleName": "kernel32.dll", "Return": "0x74f21136", "Status": 0 }
{ "Address": "0x41e868", "Opcode": "ff1508e04200", "Opcodesize": 6, "Mnemonic": "call dword ptr [0x42e008]", "PID": 280, "TID": 1612, "Arguments": [ "Arg1", "IN", "HMODULE", "0x18febc", "0x74f10000", "Arg2", "IN", "LPCSTR", "0x18fec0", "WideCharToMultiByte" ], "Timesptamp": "00000001.081130", "FunctionName": "GetProcAddress", "ModuleName": "kernel32.dll", "Return": "0x74f2170d", "Status": 0 }
{ "Address": "0x41e87c", "Opcode": "ff1508e04200", "Opcodesize": 6, "Mnemonic": "call dword ptr [0x42e008]", "PID": 280, "TID": 1612, "Arguments": [ "Arg1", "IN", "HMODULE", "0x18febc", "0x74f10000", "Arg2", "IN", "LPCSTR", "0x18fec0", "WriteFile" ], "Timesptamp": "00000001.090693", "FunctionName": "GetProcAddress", "ModuleName": "kernel32.dll", "Return": "0x74f21282", "Status": 0 }
{ "Address": "0x41e890", "Opcode": "ff1508e04200", "Opcodesize": 6, "Mnemonic": "call dword ptr [0x42e008]", "PID": 280, "TID": 1612, "Arguments": [ "Arg1", "IN", "HMODULE", "0x18febc", "0x74f10000", "Arg2", "IN", "LPCSTR", "0x18fec0", "lstrcmpiA" ], "Timesptamp": "00000001.099953", "FunctionName": "GetProcAddress", "ModuleName": "kernel32.dll", "Return": "0x74f23e8e", "Status": 0 }
{ "Address": "0x41e8a0", "Opcode": "ff1580174300", "Opcodesize": 6, "Mnemonic": "call dword ptr [0x431780]", "PID": 280, "TID": 1612, "Arguments": [ "Arg1", "IN", "LPCTSTR", "0x18fec0", "user32.dll" ], "Timesptamp": "00000001.109269", "FunctionName": "LoadLibraryA", "ModuleName": "kernel32.dll", "Return": "0x74d30000", "Status": 0 }
{ "Address": "0x41e8c9", "Opcode": "ff1508e04200", "Opcodesize": 6, "Mnemonic": "call dword ptr [0x42e008]", "PID": 280, "TID": 1612, "Arguments": [ "Arg1", "IN", "HMODULE", "0x18febc", "0x74d30000", "Arg2", "IN", "LPCSTR", "0x18fec0", "ChangeDisplaySettingsA" ], "Timesptamp": "00000001.120607", "FunctionName": "GetProcAddress", "ModuleName": "kernel32.dll", "Return": "0x74da706c", "Status": 0 }
{ "Address": "0x41e8dd", "Opcode": "ff1508e04200", "Opcodesize": 6, "Mnemonic": "call dword ptr [0x42e008]", "PID": 280, "TID": 1612, "Arguments": [ "Arg1", "IN", "HMODULE", "0x18febc", "0x74d30000", "Arg2", "IN", "LPCSTR", "0x18fec0", "CharUpperBuffA" ], "Timesptamp": "00000001.130366", "FunctionName": "GetProcAddress", "ModuleName": "kernel32.dll", "Return": "0x74d4fe47", "Status": 0 }
{ "Address": "0x41e8f1", "Opcode": "ff1508e04200", "Opcodesize": 6, "Mnemonic": "call dword ptr [0x42e008]", "PID": 280, "TID": 1612, "Arguments": [ "Arg1", "IN", "HMODULE", "0x18febc", "0x74d30000", "Arg2", "IN", "LPCSTR", "0x18fec0", "LoadImageA" ], "Timesptamp": "00000001.140074", "FunctionName": "GetProcAddress", "ModuleName": "kernel32.dll", "Return": "0x74d58455", "Status": 0 }
{ "Address": "0x41e905", "Opcode": "ff1508e04200", "Opcodesize": 6, "Mnemonic": "call dword ptr [0x42e008]", "PID": 280, "TID": 1612, "Arguments": [ "Arg1", "IN", "HMODULE", "0x18febc", "0x74d30000", "Arg2", "IN", "LPCSTR", "0x18fec0", "MessageBoxA" ], "Timesptamp": "00000001.149322", "FunctionName": "GetProcAddress", "ModuleName": "kernel32.dll", "Return": "0x74d9fd1e", "Status": 0 }
{ "Address": "0x41e919", "Opcode": "ff1508e04200", "Opcodesize": 6, "Mnemonic": "call dword ptr [0x42e008]", "PID": 280, "TID": 1612, "Arguments": [ "Arg1", "IN", "HMODULE", "0x18febc", "0x74d30000", "Arg2", "IN", "LPCSTR", "0x18fec0", "wsprintfA" ], "Timesptamp": "00000001.158634", "FunctionName": "GetProcAddress", "ModuleName": "kernel32.dll", "Return": "0x74d5ae5f", "Status": 0 }
{ "Address": "0x41e92d", "Opcode": "ff1508e04200", "Opcodesize": 6, "Mnemonic": "call dword ptr [0x42e008]", "PID": 280, "TID": 1612, "Arguments": [ "Arg1", "IN", "HMODULE", "0x18febc", "0x74d30000", "Arg2", "IN", "LPCSTR", "0x18fec0", "wvsprintfA" ], "Timesptamp": "00000001.168005", "FunctionName": "GetProcAddress", "ModuleName": "kernel32.dll", "Return": "0x74d5aad3", "Status": 0 }
{ "Address": "0x41e93d", "Opcode": "ff1580174300", "Opcodesize": 6, "Mnemonic": "call dword ptr [0x431780]", "PID": 280, "TID": 1612, "Arguments": [ "Arg1", "IN", "LPCTSTR", "0x18fec0", "gdi32.dll" ], "Timesptamp": "00000001.177327", "FunctionName": "LoadLibraryA", "ModuleName": "kernel32.dll", "Return": "0x76b80000", "Status": 0 }
{ "Address": "0x41e966", "Opcode": "ff1508e04200", "Opcodesize": 6, "Mnemonic": "call dword ptr [0x42e008]", "PID": 280, "TID": 1612, "Arguments": [ "Arg1", "IN", "HMODULE", "0x18febc", "0x76b80000", "Arg2", "IN", "LPCSTR", "0x18fec0", "AddFontResourceA" ], "Timesptamp": "00000001.188066", "FunctionName": "GetProcAddress", "ModuleName": "kernel32.dll", "Return": "0x76bbd7bb", "Status": 0 }
{ "Address": "0x41e97a", "Opcode": "ff1508e04200", "Opcodesize": 6, "Mnemonic": "call dword ptr [0x42e008]", "PID": 280, "TID": 1612, "Arguments": [ "Arg1", "IN", "HMODULE", "0x18febc", "0x76b80000", "Arg2", "IN", "LPCSTR", "0x18fec0", "CreateCompatibleDC" ], "Timesptamp": "00000001.197690", "FunctionName": "GetProcAddress", "ModuleName": "kernel32.dll", "Return": "0x76b954f4", "Status": 0 }
{ "Address": "0x41e98e", "Opcode": "ff1508e04200", "Opcodesize": 6, "Mnemonic": "call dword ptr [0x42e008]", "PID": 280, "TID": 1612, "Arguments": [ "Arg1", "IN", "HMODULE", "0x18febc", "0x76b80000", "Arg2", "IN", "LPCSTR", "0x18fec0", "CreateDIBSection" ], "Timesptamp": "00000001.207331", "FunctionName": "GetProcAddress", "ModuleName": "kernel32.dll", "Return": "0x76b9ac46", "Status": 0 }
{ "Address": "0x41e9a2", "Opcode": "ff1508e04200", "Opcodesize": 6, "Mnemonic": "call dword ptr [0x42e008]", "PID": 280, "TID": 1612, "Arguments": [ "Arg1", "IN", "HMODULE", "0x18febc", "0x76b80000", "Arg2", "IN", "LPCSTR", "0x18fec0", "DeleteDC" ], "Timesptamp": "00000001.216871", "FunctionName": "GetProcAddress", "ModuleName": "kernel32.dll", "Return": "0x76b958b3", "Status": 0 }
{ "Address": "0x41e9b6", "Opcode": "ff1508e04200", "Opcodesize": 6, "Mnemonic": "call dword ptr [0x42e008]", "PID": 280, "TID": 1612, "Arguments": [ "Arg1", "IN", "HMODULE", "0x18febc", "0x76b80000", "Arg2", "IN", "LPCSTR", "0x18fec0", "RemoveFontResourceA" ], "Timesptamp": "00000001.226416", "FunctionName": "GetProcAddress", "ModuleName": "kernel32.dll", "Return": "0x76bbda7f", "Status": 0 }
{ "Address": "0x41e9ca", "Opcode": "ff1508e04200", "Opcodesize": 6, "Mnemonic": "call dword ptr [0x42e008]", "PID": 280, "TID": 1612, "Arguments": [ "Arg1", "IN", "HMODULE", "0x18febc", "0x74d30000", "Arg2", "IN", "LPCSTR", "0x18fec0", "BeginPaint" ], "Timesptamp": "00000001.236242", "FunctionName": "GetProcAddress", "ModuleName": "kernel32.dll", "Return": "0x74d51361", "Status": 0 }
{ "Address": "0x41e9de", "Opcode": "ff1508e04200", "Opcodesize": 6, "Mnemonic": "call dword ptr [0x42e008]", "PID": 280, "TID": 1612, "Arguments": [ "Arg1", "IN", "HMODULE", "0x18febc", "0x74d30000", "Arg2", "IN", "LPCSTR", "0x18fec0", "EndPaint" ], "Timesptamp": "00000001.245060", "FunctionName": "GetProcAddress", "ModuleName": "kernel32.dll", "Return": "0x74d51341", "Status": 0 }
{ "Address": "0x41e9f2", "Opcode": "ff1508e04200", "Opcodesize": 6, "Mnemonic": "call dword ptr [0x42e008]", "PID": 280, "TID": 1612, "Arguments": [ "Arg1", "IN", "HMODULE", "0x18febc", "0x76b80000", "Arg2", "IN", "LPCSTR", "0x18fec0", "GetObjectA" ], "Timesptamp": "00000001.255067", "FunctionName": "GetProcAddress", "ModuleName": "kernel32.dll", "Return": "0x76b985d4", "Status": 0 }
{ "Address": "0x41ea06", "Opcode": "ff1508e04200", "Opcodesize": 6, "Mnemonic": "call dword ptr [0x42e008]", "PID": 280, "TID": 1612, "Arguments": [ "Arg1", "IN", "HMODULE", "0x18febc", "0x76b80000", "Arg2", "IN", "LPCSTR", "0x18fec0", "SelectObject" ], "Timesptamp": "00000001.264803", "FunctionName": "GetProcAddress", "ModuleName": "kernel32.dll", "Return": "0x76b94f70", "Status": 0 }
{ "Address": "0x41ea1a", "Opcode": "ff1508e04200", "Opcodesize": 6, "Mnemonic": "call dword ptr [0x42e008]", "PID": 280, "TID": 1612, "Arguments": [ "Arg1", "IN", "HMODULE", "0x18febc", "0x76b80000", "Arg2", "IN", "LPCSTR", "0x18fec0", "DeleteObject" ], "Timesptamp": "00000001.275085", "FunctionName": "GetProcAddress", "ModuleName": "kernel32.dll", "Return": "0x76b95689", "Status": 0 }
{ "Address": "0x41ea2e", "Opcode": "ff1508e04200", "Opcodesize": 6, "Mnemonic": "call dword ptr [0x42e008]", "PID": 280, "TID": 1612, "Arguments": [ "Arg1", "IN", "HMODULE", "0x18febc", "0x76b80000", "Arg2", "IN", "LPCSTR", "0x18fec0", "BitBlt" ], "Timesptamp": "00000001.285674", "FunctionName": "GetProcAddress", "ModuleName": "kernel32.dll", "Return": "0x76b95ea6", "Status": 0 }
{ "Address": "0x41ea42", "Opcode": "ff1508e04200", "Opcodesize": 6, "Mnemonic": "call dword ptr [0x42e008]", "PID": 280, "TID": 1612, "Arguments": [ "Arg1", "IN", "HMODULE", "0x18febc", "0x74d30000", "Arg2", "IN", "LPCSTR", "0x18fec0", "GetWindowThreadProcessId" ], "Timesptamp": "00000001.293543", "FunctionName": "GetProcAddress", "ModuleName": "kernel32.dll", "Return": "0x74d491b4", "Status": 0 }
{ "Address": "0x41ea56", "Opcode": "ff1508e04200", "Opcodesize": 6, "Mnemonic": "call dword ptr [0x42e008]", "PID": 280, "TID": 1612, "Arguments": [ "Arg1", "IN", "HMODULE", "0x18febc", "0x74d30000", "Arg2", "IN", "LPCSTR", "0x18fec0", "SetActiveWindow" ], "Timesptamp": "00000001.304246", "FunctionName": "GetProcAddress", "ModuleName": "kernel32.dll", "Return": "0x74d53208", "Status": 0 }
{ "Address": "0x41ea6a", "Opcode": "ff1508e04200", "Opcodesize": 6, "Mnemonic": "call dword ptr [0x42e008]", "PID": 280, "TID": 1612, "Arguments": [ "Arg1", "IN", "HMODULE", "0x18febc", "0x74d30000", "Arg2", "IN", "LPCSTR", "0x18fec0", "SetForegroundWindow" ], "Timesptamp": "00000001.313430", "FunctionName": "GetProcAddress", "ModuleName": "kernel32.dll", "Return": "0x74d6f170", "Status": 0 }
{ "Address": "0x41ea7e", "Opcode": "ff1508e04200", "Opcodesize": 6, "Mnemonic": "call dword ptr [0x42e008]", "PID": 280, "TID": 1612, "Arguments": [ "Arg1", "IN", "HMODULE", "0x18febc", "0x74d30000", "Arg2", "IN", "LPCSTR", "0x18fec0", "RegisterClassExA" ], "Timesptamp": "00000001.322759", "FunctionName": "GetProcAddress", "ModuleName": "kernel32.dll", "Return": "0x74d4db98", "Status": 0 }
{ "Address": "0x41ea92", "Opcode": "ff1508e04200", "Opcodesize": 6, "Mnemonic": "call dword ptr [0x42e008]", "PID": 280, "TID": 1612, "Arguments": [ "Arg1", "IN", "HMODULE", "0x18febc", "0x74d30000", "Arg2", "IN", "LPCSTR", "0x18fec0", "GetSystemMetrics" ], "Timesptamp": "00000001.333505", "FunctionName": "GetProcAddress", "ModuleName": "kernel32.dll", "Return": "0x74d47d2f", "Status": 0 }
{ "Address": "0x41eaa6", "Opcode": "ff1508e04200", "Opcodesize": 6, "Mnemonic": "call dword ptr [0x42e008]", "PID": 280, "TID": 1612, "Arguments": [ "Arg1", "IN", "HMODULE", "0x18febc", "0x74d30000", "Arg2", "IN", "LPCSTR", "0x18fec0", "CreateWindowExA" ], "Timesptamp": "00000001.343379", "FunctionName": "GetProcAddress", "ModuleName": "kernel32.dll", "Return": "0x74d4d22e", "Status": 0 }
{ "Address": "0x41eaba", "Opcode": "ff1508e04200", "Opcodesize": 6, "Mnemonic": "call dword ptr [0x42e008]", "PID": 280, "TID": 1612, "Arguments": [ "Arg1", "IN", "HMODULE", "0x18febc", "0x74d30000", "Arg2", "IN", "LPCSTR", "0x18fec0", "GetMessageA" ], "Timesptamp": "00000001.353276", "FunctionName": "GetProcAddress", "ModuleName": "kernel32.dll", "Return": "0x74d47bd3", "Status": 0 }
{ "Address": "0x41eace", "Opcode": "ff1508e04200", "Opcodesize": 6, "Mnemonic": "call dword ptr [0x42e008]", "PID": 280, "TID": 1612, "Arguments": [ "Arg1", "IN", "HMODULE", "0x18febc", "0x74d30000", "Arg2", "IN", "LPCSTR", "0x18fec0", "TranslateMessage" ], "Timesptamp": "00000001.363872", "FunctionName": "GetProcAddress", "ModuleName": "kernel32.dll", "Return": "0x74d47809", "Status": 0 }
{ "Address": "0x41eae2", "Opcode": "ff1508e04200", "Opcodesize": 6, "Mnemonic": "call dword ptr [0x42e008]", "PID": 280, "TID": 1612, "Arguments": [ "Arg1", "IN", "HMODULE", "0x18febc", "0x74d30000", "Arg2", "IN", "LPCSTR", "0x18fec0", "DispatchMessageA" ], "Timesptamp": "00000001.374408", "FunctionName": "GetProcAddress", "ModuleName": "kernel32.dll", "Return": "0x74d47bbb", "Status": 0 }
{ "Address": "0x41eaf6", "Opcode": "ff1508e04200", "Opcodesize": 6, "Mnemonic": "call dword ptr [0x42e008]", "PID": 280, "TID": 1612, "Arguments": [ "Arg1", "IN", "HMODULE", "0x18febc", "0x74d30000", "Arg2", "IN", "LPCSTR", "0x18fec0", "DestroyWindow" ], "Timesptamp": "00000001.387310", "FunctionName": "GetProcAddress", "ModuleName": "kernel32.dll", "Return": "0x74d49a55", "Status": 0 }
{ "Address": "0x41eb0a", "Opcode": "ff1508e04200", "Opcodesize": 6, "Mnemonic": "call dword ptr [0x42e008]", "PID": 280, "TID": 1612, "Arguments": [ "Arg1", "IN", "HMODULE", "0x18febc", "0x74d30000", "Arg2", "IN", "LPCSTR", "0x18fec0", "EnumWindows" ], "Timesptamp": "00000001.398189", "FunctionName": "GetProcAddress", "ModuleName": "kernel32.dll", "Return": "0x74d4d1cf", "Status": 0 }
{ "Address": "0x41eb1e", "Opcode": "ff1508e04200", "Opcodesize": 6, "Mnemonic": "call dword ptr [0x42e008]", "PID": 280, "TID": 1612, "Arguments": [ "Arg1", "IN", "HMODULE", "0x18febc", "0x74d30000", "Arg2", "IN", "LPCSTR", "0x18fec0", "DefWindowProcA" ], "Timesptamp": "00000001.409193", "FunctionName": "GetProcAddress", "ModuleName": "kernel32.dll", "Return": "0x770824e0", "Status": 0 }
{ "Address": "0x41eb32", "Opcode": "ff1508e04200", "Opcodesize": 6, "Mnemonic": "call dword ptr [0x42e008]", "PID": 280, "TID": 1612, "Arguments": [ "Arg1", "IN", "HMODULE", "0x18febc", "0x74d30000", "Arg2", "IN", "LPCSTR", "0x18fec0", "PostMessageA" ], "Timesptamp": "00000001.419781", "FunctionName": "GetProcAddress", "ModuleName": "kernel32.dll", "Return": "0x74d53baa", "Status": 0 }
{ "Address": "0x41eb46", "Opcode": "ff1508e04200", "Opcodesize": 6, "Mnemonic": "call dword ptr [0x42e008]", "PID": 280, "TID": 1612, "Arguments": [ "Arg1", "IN", "HMODULE", "0x18febc", "0x74f10000", "Arg2", "IN", "LPCSTR", "0x18fec0", "CreateThread" ], "Timesptamp": "00000001.430678", "FunctionName": "GetProcAddress", "ModuleName": "kernel32.dll", "Return": "0x74f234d5", "Status": 0 }
{ "Address": "0x427c74", "Opcode": "ff156c174300", "Opcodesize": 6, "Mnemonic": "call dword ptr [0x43176c]", "PID": 280, "TID": 1612, "Arguments": [ "Arg1", "IN", "DWORD", "0x18feb4", "0x0", "Arg2", "IN", "SIZE_T", "0x18feb8", "0x10000", "Arg3", "IN", "SIZE_T", "0x18febc", "0x0" ], "Timesptamp": "00000001.441717", "FunctionName": "HeapCreate", "ModuleName": "kernel32.dll", "Return": "0x250000", "Status": 0 }
{ "Address": "0x427c40", "Opcode": "ff1564174300", "Opcodesize": 6, "Mnemonic": "call dword ptr [0x431764]", "PID": 280, "TID": 1612, "Functionname": "HeapAlloc", "Dllname": "ntdll.dll", "Status": 1 }
{ "Address": "0x41dde2", "Opcode": "ff1518e04200", "Opcodesize": 6, "Mnemonic": "call dword ptr [0x42e018]", "PID": 280, "TID": 1612, "Arguments": [ "Arg1", "IN", "LPCTSTR", "0x18fecc", "kernel32.dll" ], "Timesptamp": "00000001.469458", "FunctionName": "GetModuleHandleA", "ModuleName": "kernel32.dll", "Return": "0x74f10000", "Status": 0 }
{ "Address": "0x41de06", "Opcode": "ff1504e04200", "Opcodesize": 6, "Mnemonic": "call dword ptr [0x42e004]", "PID": 280, "TID": 1612, "Functionname": "InitializeCriticalSection", "Dllname": "ntdll.dll", "Status": 1 }
{ "Address": "0x41de13", "Opcode": "ff1504e04200", "Opcodesize": 6, "Mnemonic": "call dword ptr [0x42e004]", "PID": 280, "TID": 1612, "Functionname": "InitializeCriticalSection", "Dllname": "ntdll.dll", "Status": 1 }
{ "Address": "0x41de20", "Opcode": "ff1504e04200", "Opcodesize": 6, "Mnemonic": "call dword ptr [0x42e004]", "PID": 280, "TID": 1612, "Functionname": "InitializeCriticalSection", "Dllname": "ntdll.dll", "Status": 1 }
{ "Address": "0x41de2d", "Opcode": "ff1504e04200", "Opcodesize": 6, "Mnemonic": "call dword ptr [0x42e004]", "PID": 280, "TID": 1612, "Functionname": "InitializeCriticalSection", "Dllname": "ntdll.dll", "Status": 1 }
{ "Address": "0x4284e6", "Opcode": "ff15b4174300", "Opcodesize": 6, "Mnemonic": "call dword ptr [0x4317b4]", "PID": 280, "TID": 1612, "Arguments": [ "Arg1", "IN", "DWORD", "0x18fed4", "0x4284ee" ], "Timesptamp": "00000001.522200", "FunctionName": "SetUnhandledExceptionFilter", "ModuleName": "kernel32.dll", "Return": "0x0", "Status": 0 }
{ "Address": "0x41de69", "Opcode": "ff153c174300", "Opcodesize": 6, "Mnemonic": "call dword ptr [0x43173c]", "PID": 280, "TID": 1612, "Arguments": [ "Arg1", "IN", "LPCTSTR", "0x18fe40", "kernel32.dll" ], "Timesptamp": "00000001.531564", "FunctionName": "GetModuleHandleA", "ModuleName": "kernel32.dll", "Return": "0x74f10000", "Status": 0 }
{ "Address": "0x41de92", "Opcode": "ff154c174300", "Opcodesize": 6, "Mnemonic": "call dword ptr [0x43174c]", "PID": 280, "TID": 1612, "Arguments": [ "Arg1", "IN", "HMODULE", "0x18fe3c", "0x74f10000", "Arg2", "IN", "LPCSTR", "0x18fe40", "VirtualAlloc" ], "Timesptamp": "00000001.544025", "FunctionName": "GetProcAddress", "ModuleName": "kernel32.dll", "Return": "0x74f21856", "Status": 0 }
{ "Address": "0x41dec0", "Opcode": "ff55f4", "Opcodesize": 3, "Mnemonic": "call dword ptr [ebp - 0xc]", "PID": 280, "TID": 1612, "Arguments": [ "Arg1", "IN", "LPVOID", "0x18fe34", "0x0", "Arg2", "IN", "SIZE_T", "0x18fe38", "0x1000", "Arg3", "IN", "DWORD", "0x18fe3c", "0x1000", "Arg4", "IN", "DWORD", "0x18fe40", "0x4" ], "Timesptamp": "00000001.555490", "FunctionName": "VirtualAlloc", "ModuleName": "kernel32.dll", "Return": "0x230000", "Status": 0 }
{ "Address": "0x41decf", "Opcode": "ff1560174300", "Opcodesize": 6, "Mnemonic": "call dword ptr [0x431760]", "PID": 280, "TID": 1612, "Arguments": [ ], "Timesptamp": "00000001.566247", "FunctionName": "GetTickCount", "ModuleName": "kernel32.dll", "Return": "0x5251c", "Status": 0 }
{ "Address": "0x41dee1", "Opcode": "ff55f4", "Opcodesize": 3, "Mnemonic": "call dword ptr [ebp - 0xc]", "PID": 280, "TID": 1612, "Arguments": [ "Arg1", "IN", "LPVOID", "0x18fe34", "0x0", "Arg2", "IN", "SIZE_T", "0x18fe38", "0x251c", "Arg3", "IN", "DWORD", "0x18fe3c", "0x2000", "Arg4", "IN", "DWORD", "0x18fe40", "0x4" ], "Timesptamp": "00000001.576770", "FunctionName": "VirtualAlloc", "ModuleName": "kernel32.dll", "Return": "0x240000", "Status": 0 }
{ "Address": "0x41def7", "Opcode": "ff55f4", "Opcodesize": 3, "Mnemonic": "call dword ptr [ebp - 0xc]", "PID": 280, "TID": 1612, "Arguments": [ "Arg1", "IN", "LPVOID", "0x18fe34", "0x0", "Arg2", "IN", "SIZE_T", "0x18fe38", "0x1000", "Arg3", "IN", "DWORD", "0x18fe3c", "0x1000", "Arg4", "IN", "DWORD", "0x18fe40", "0x4" ], "Timesptamp": "00000001.592903", "FunctionName": "VirtualAlloc", "ModuleName": "kernel32.dll", "Return": "0x260000", "Status": 0 }
{ "Address": "0x4244b2", "Opcode": "ff15e8164300", "Opcodesize": 6, "Mnemonic": "call dword ptr [0x4316e8]", "PID": 280, "TID": 1612, "Functionname": "EnterCriticalSection", "Dllname": "ntdll.dll", "Status": 1 }
{ "Address": "0x42452e", "Opcode": "ff1594164300", "Opcodesize": 6, "Mnemonic": "call dword ptr [0x431694]", "PID": 280, "TID": 1612, "Arguments": [ "Arg1", "IN", "HANDLE", "0x18fdb8", "0xffffffff", "Arg2", "IN", "LPCVOID", "0x18fdbc", "0x41df2e", "Arg3", "IN", "SIZE_T", "0x18fdc0", "0x2e" ], "Timesptamp": "00000001.614235", "FunctionName": "FlushInstructionCache", "ModuleName": "kernel32.dll", "Return": "TRUE", "Status": 0 }
{ "Address": "0x424547", "Opcode": "ff1578174300", "Opcodesize": 6, "Mnemonic": "call dword ptr [0x431778]", "PID": 280, "TID": 1612, "Functionname": "LeaveCriticalSection", "Dllname": "ntdll.dll", "Status": 1 }
{ "Address": "0x427c40", "Opcode": "ff1564174300", "Opcodesize": 6, "Mnemonic": "call dword ptr [0x431764]", "PID": 280, "TID": 1612, "Functionname": "HeapAlloc", "Dllname": "ntdll.dll", "Status": 1 }
{ "Address": "0x4244b2", "Opcode": "ff15e8164300", "Opcodesize": 6, "Mnemonic": "call dword ptr [0x4316e8]", "PID": 280, "TID": 1612, "Functionname": "EnterCriticalSection", "Dllname": "ntdll.dll", "Status": 1 }
{ "Address": "0x42452e", "Opcode": "ff1594164300", "Opcodesize": 6, "Mnemonic": "call dword ptr [0x431694]", "PID": 280, "TID": 1612, "Arguments": [ "Arg1", "IN", "HANDLE", "0x18fdb8", "0xffffffff", "Arg2", "IN", "LPCVOID", "0x18fdbc", "0x41df2e", "Arg3", "IN", "SIZE_T", "0x18fdc0", "0x50" ], "Timesptamp": "00000001.660466", "FunctionName": "FlushInstructionCache", "ModuleName": "kernel32.dll", "Return": "TRUE", "Status": 0 }
{ "Address": "0x424547", "Opcode": "ff1578174300", "Opcodesize": 6, "Mnemonic": "call dword ptr [0x431778]", "PID": 280, "TID": 1612, "Functionname": "LeaveCriticalSection", "Dllname": "ntdll.dll", "Status": 1 }
{ "Address": "0x4244b2", "Opcode": "ff15e8164300", "Opcodesize": 6, "Mnemonic": "call dword ptr [0x4316e8]", "PID": 280, "TID": 1612, "Functionname": "EnterCriticalSection", "Dllname": "ntdll.dll", "Status": 1 }
{ "Address": "0x42452e", "Opcode": "ff1594164300", "Opcodesize": 6, "Mnemonic": "call dword ptr [0x431694]", "PID": 280, "TID": 1612, "Arguments": [ "Arg1", "IN", "HANDLE", "0x18fdb8", "0xffffffff", "Arg2", "IN", "LPCVOID", "0x18fdbc", "0x41df5c", "Arg3", "IN", "SIZE_T", "0x18fdc0", "0xaf" ], "Timesptamp": "00000001.697821", "FunctionName": "FlushInstructionCache", "ModuleName": "kernel32.dll", "Return": "TRUE", "Status": 0 }
{ "Address": "0x424547", "Opcode": "ff1578174300", "Opcodesize": 6, "Mnemonic": "call dword ptr [0x431778]", "PID": 280, "TID": 1612, "Functionname": "LeaveCriticalSection", "Dllname": "ntdll.dll", "Status": 1 }
{ "Address": "0x4244b2", "Opcode": "ff15e8164300", "Opcodesize": 6, "Mnemonic": "call dword ptr [0x4316e8]", "PID": 280, "TID": 1612, "Functionname": "EnterCriticalSection", "Dllname": "ntdll.dll", "Status": 1 }
{ "Address": "0x42452e", "Opcode": "ff1594164300", "Opcodesize": 6, "Mnemonic": "call dword ptr [0x431694]", "PID": 280, "TID": 1612, "Arguments": [ "Arg1", "IN", "HANDLE", "0x18fdb8", "0xffffffff", "Arg2", "IN", "LPCVOID", "0x18fdbc", "0x41df97", "Arg3", "IN", "SIZE_T", "0x18fdc0", "0x1b" ], "Timesptamp": "00000001.734823", "FunctionName": "FlushInstructionCache", "ModuleName": "kernel32.dll", "Return": "TRUE", "Status": 0 }
{ "Address": "0x424547", "Opcode": "ff1578174300", "Opcodesize": 6, "Mnemonic": "call dword ptr [0x431778]", "PID": 280, "TID": 1612, "Functionname": "LeaveCriticalSection", "Dllname": "ntdll.dll", "Status": 1 }
{ "Address": "0x4244b2", "Opcode": "ff15e8164300", "Opcodesize": 6, "Mnemonic": "call dword ptr [0x4316e8]", "PID": 280, "TID": 1612, "Functionname": "EnterCriticalSection", "Dllname": "ntdll.dll", "Status": 1 }
{ "Address": "0x42452e", "Opcode": "ff1594164300", "Opcodesize": 6, "Mnemonic": "call dword ptr [0x431694]", "PID": 280, "TID": 1612, "Arguments": [ "Arg1", "IN", "HANDLE", "0x18fdb8", "0xffffffff", "Arg2", "IN", "LPCVOID", "0x18fdbc", "0x41df97", "Arg3", "IN", "SIZE_T", "0x18fdc0", "0x3c" ], "Timesptamp": "00000001.760318", "FunctionName": "FlushInstructionCache", "ModuleName": "kernel32.dll", "Return": "TRUE", "Status": 0 }
{ "Address": "0x424547", "Opcode": "ff1578174300", "Opcodesize": 6, "Mnemonic": "call dword ptr [0x431778]", "PID": 280, "TID": 1612, "Functionname": "LeaveCriticalSection", "Dllname": "ntdll.dll", "Status": 1 }
{ "Address": "0x4244b2", "Opcode": "ff15e8164300", "Opcodesize": 6, "Mnemonic": "call dword ptr [0x4316e8]", "PID": 280, "TID": 1612, "Functionname": "EnterCriticalSection", "Dllname": "ntdll.dll", "Status": 1 }
{ "Address": "0x42452e", "Opcode": "ff1594164300", "Opcodesize": 6, "Mnemonic": "call dword ptr [0x431694]", "PID": 280, "TID": 1612, "Arguments": [ "Arg1", "IN", "HANDLE", "0x18fdb8", "0xffffffff", "Arg2", "IN", "LPCVOID", "0x18fdbc", "0x41dfb2", "Arg3", "IN", "SIZE_T", "0x18fdc0", "0x47" ], "Timesptamp": "00000001.773267", "FunctionName": "FlushInstructionCache", "ModuleName": "kernel32.dll", "Return": "TRUE", "Status": 0 }
{ "Address": "0x424547", "Opcode": "ff1578174300", "Opcodesize": 6, "Mnemonic": "call dword ptr [0x431778]", "PID": 280, "TID": 1612, "Functionname": "LeaveCriticalSection", "Dllname": "ntdll.dll", "Status": 1 }
{ "Address": "0x4244b2", "Opcode": "ff15e8164300", "Opcodesize": 6, "Mnemonic": "call dword ptr [0x4316e8]", "PID": 280, "TID": 1612, "Functionname": "EnterCriticalSection", "Dllname": "ntdll.dll", "Status": 1 }
{ "Address": "0x42452e", "Opcode": "ff1594164300", "Opcodesize": 6, "Mnemonic": "call dword ptr [0x431694]", "PID": 280, "TID": 1612, "Arguments": [ "Arg1", "IN", "HANDLE", "0x18fdb8", "0xffffffff", "Arg2", "IN", "LPCVOID", "0x18fdbc", "0x41dfd3", "Arg3", "IN", "SIZE_T", "0x18fdc0", "0x26" ], "Timesptamp": "00000001.801661", "FunctionName": "FlushInstructionCache", "ModuleName": "kernel32.dll", "Return": "TRUE", "Status": 0 }
{ "Address": "0x424547", "Opcode": "ff1578174300", "Opcodesize": 6, "Mnemonic": "call dword ptr [0x431778]", "PID": 280, "TID": 1612, "Functionname": "LeaveCriticalSection", "Dllname": "ntdll.dll", "Status": 1 }
{ "Address": "0x4244b2", "Opcode": "ff15e8164300", "Opcodesize": 6, "Mnemonic": "call dword ptr [0x4316e8]", "PID": 280, "TID": 1612, "Functionname": "EnterCriticalSection", "Dllname": "ntdll.dll", "Status": 1 }
{ "Address": "0x42452e", "Opcode": "ff1594164300", "Opcodesize": 6, "Mnemonic": "call dword ptr [0x431694]", "PID": 280, "TID": 1612, "Arguments": [ "Arg1", "IN", "HANDLE", "0x18fdb8", "0xffffffff", "Arg2", "IN", "LPCVOID", "0x18fdbc", "0x41df7e", "Arg3", "IN", "SIZE_T", "0x18fdc0", "0xb2" ], "Timesptamp": "00000001.841648", "FunctionName": "FlushInstructionCache", "ModuleName": "kernel32.dll", "Return": "TRUE", "Status": 0 }
{ "Address": "0x424547", "Opcode": "ff1578174300", "Opcodesize": 6, "Mnemonic": "call dword ptr [0x431778]", "PID": 280, "TID": 1612, "Functionname": "LeaveCriticalSection", "Dllname": "ntdll.dll", "Status": 1 }
{ "Address": "0x427c40", "Opcode": "ff1564174300", "Opcodesize": 6, "Mnemonic": "call dword ptr [0x431764]", "PID": 280, "TID": 1612, "Functionname": "HeapAlloc", "Dllname": "ntdll.dll", "Status": 1 }
{ "Address": "0x41ee82", "Opcode": "ff153c174300", "Opcodesize": 6, "Mnemonic": "call dword ptr [0x43173c]", "PID": 280, "TID": 1612, "Arguments": [ "Arg1", "IN", "LPCTSTR", "0x18fc84", "\"\"" ], "Timesptamp": "00000001.881684", "FunctionName": "GetModuleHandleA", "ModuleName": "kernel32.dll", "Return": "0x400000", "Status": 0 }
{ "Address": "0x41ee89", "Opcode": "ff1538174300", "Opcodesize": 6, "Mnemonic": "call dword ptr [0x431738]", "PID": 280, "TID": 1612, "Arguments": [ "Arg1", "IN", "HMODULE", "0x18fc84", "0x400000", "Arg2", "OUT", "LPTSTR", "0x18fc88", "0x250888", "Arg3", "IN", "DWORD", "0x18fc8c", "0x104" ], "Timesptamp": "00000001.892383", "FunctionName": "GetModuleFileNameA", "ModuleName": "kernel32.dll", "Return": "0x2f", "Output1": [ "0x250888", "C:\\Users\\lhs\\Exec\\molebox_TaskSchedulerView.exe" ], "Status": 0 }
{ "Address": "0x41eeb1", "Opcode": "ff153c174300", "Opcodesize": 6, "Mnemonic": "call dword ptr [0x43173c]", "PID": 280, "TID": 1612, "Arguments": [ "Arg1", "IN", "LPCTSTR", "0x18fc8c", "user32.dll" ], "Timesptamp": "00000001.900741", "FunctionName": "GetModuleHandleA", "ModuleName": "kernel32.dll", "Return": "0x74d30000", "Status": 0 }
{ "Address": "0x41eeda", "Opcode": "ff154c174300", "Opcodesize": 6, "Mnemonic": "call dword ptr [0x43174c]", "PID": 280, "TID": 1612, "Arguments": [ "Arg1", "IN", "HMODULE", "0x18fc88", "0x74d30000", "Arg2", "IN", "LPCSTR", "0x18fc8c", "MessageBoxA" ], "Timesptamp": "00000001.908822", "FunctionName": "GetProcAddress", "ModuleName": "kernel32.dll", "Return": "0x74d9fd1e", "Status": 0 }
{ "Address": "0x41ef01", "Opcode": "ff1584174300", "Opcodesize": 6, "Mnemonic": "call dword ptr [0x431784]", "PID": 280, "TID": 1612, "Arguments": [ "Arg1", "IN", "UINT", "0x18fc88", "0x40", "Arg2", "IN", "SIZE_T", "0x18fc8c", "0x4000" ], "Timesptamp": "00000001.916967", "FunctionName": "LocalAlloc", "ModuleName": "kernel32.dll", "Return": "0x602400", "Status": 0 }
{ "Address": "0x41ef13", "Opcode": "ff1500e04200", "Opcodesize": 6, "Mnemonic": "call dword ptr [0x42e000]", "PID": 280, "TID": 1612, "Functionname": "lstrcat", "Dllname": "kernel32.dll", "Status": 1 }
{ "Address": "0x41ef39", "Opcode": "ff153c174300", "Opcodesize": 6, "Mnemonic": "call dword ptr [0x43173c]", "PID": 280, "TID": 1612, "Arguments": [ "Arg1", "IN", "LPCTSTR", "0x18fc84", "\"\"" ], "Timesptamp": "00000001.936237", "FunctionName": "GetModuleHandleA", "ModuleName": "kernel32.dll", "Return": "0x400000", "Status": 0 }
{ "Address": "0x41ef40", "Opcode": "ff1538174300", "Opcodesize": 6, "Mnemonic": "call dword ptr [0x431738]", "PID": 280, "TID": 1612, "Arguments": [ "Arg1", "IN", "HMODULE", "0x18fc84", "0x400000", "Arg2", "OUT", "LPTSTR", "0x18fc88", "0x602419", "Arg3", "IN", "DWORD", "0x18fc8c", "0x104" ], "Timesptamp": "00000001.944332", "FunctionName": "GetModuleFileNameA", "ModuleName": "kernel32.dll", "Return": "0x2f", "Output1": [ "0x602419", "C:\\Users\\lhs\\Exec\\molebox_TaskSchedulerView.exe" ], "Status": 0 }
{ "Address": "0x41ef4f", "Opcode": "ff1500e04200", "Opcodesize": 6, "Mnemonic": "call dword ptr [0x42e000]", "PID": 280, "TID": 1612, "Functionname": "lstrcat", "Dllname": "kernel32.dll", "Status": 1 }
{ "Address": "0x41ef5e", "Opcode": "ff1500e04200", "Opcodesize": 6, "Mnemonic": "call dword ptr [0x42e000]", "PID": 280, "TID": 1612, "Functionname": "lstrcat", "Dllname": "kernel32.dll", "Status": 1 }
{ "Address": "0x41ef6d", "Opcode": "ff1500e04200", "Opcodesize": 6, "Mnemonic": "call dword ptr [0x42e000]", "PID": 280, "TID": 1612, "Functionname": "lstrcat", "Dllname": "kernel32.dll", "Status": 1 }
