{ "Address": "0x42b2ea", "Opcode": "ff1518c04300", "Opcodesize": 6, "Mnemonic": "call dword ptr [0x43c018]", "PID": 1288, "TID": 1612, "Arguments": [ "Arg1", "IN", "LPCTSTR", "0x18fedc", "\"\"" ], "Timesptamp": "00000000.120612", "FunctionName": "GetModuleHandleA", "ModuleName": "kernel32.dll", "Return": "0x400000", "Status": 0 }
{ "Address": "0x42b2fa", "Opcode": "ff1514c04300", "Opcodesize": 6, "Mnemonic": "call dword ptr [0x43c014]", "PID": 1288, "TID": 1612, "Arguments": [ "Arg1", "IN", "UINT", "0x18fed8", "0x40", "Arg2", "IN", "SIZE_T", "0x18fedc", "0xd440" ], "Timesptamp": "00000000.128934", "FunctionName": "LocalAlloc", "ModuleName": "kernel32.dll", "Return": "0x2b1770", "Status": 0 }
{ "Address": "0x42b3e8", "Opcode": "ff1514c04300", "Opcodesize": 6, "Mnemonic": "call dword ptr [0x43c014]", "PID": 1288, "TID": 1612, "Arguments": [ "Arg1", "IN", "UINT", "0x18fed8", "0x40", "Arg2", "IN", "SIZE_T", "0x18fedc", "0x1a4a" ], "Timesptamp": "00000000.150245", "FunctionName": "LocalAlloc", "ModuleName": "kernel32.dll", "Return": "0x2bebb8", "Status": 0 }
{ "Address": "0x42b485", "Opcode": "ff150cc04300", "Opcodesize": 6, "Mnemonic": "call dword ptr [0x43c00c]", "PID": 1288, "TID": 1612, "Arguments": [ "Arg1", "IN", "HLOCAL", "0x18fedc", "0x2bebb8" ], "Timesptamp": "00000000.158783", "FunctionName": "LocalFree", "ModuleName": "kernel32.dll", "Return": "0x0", "Status": 0 }
{ "Address": "0x42b490", "Opcode": "ff1518c04300", "Opcodesize": 6, "Mnemonic": "call dword ptr [0x43c018]", "PID": 1288, "TID": 1612, "Arguments": [ "Arg1", "IN", "LPCTSTR", "0x18fedc", "kernel32.dll" ], "Timesptamp": "00000000.167547", "FunctionName": "GetModuleHandleA", "ModuleName": "kernel32.dll", "Return": "0x74f10000", "Status": 0 }
{ "Address": "0x42b4b9", "Opcode": "ff1508c04300", "Opcodesize": 6, "Mnemonic": "call dword ptr [0x43c008]", "PID": 1288, "TID": 1612, "Arguments": [ "Arg1", "IN", "HMODULE", "0x18fed8", "0x74f10000", "Arg2", "IN", "LPCSTR", "0x18fedc", "FlushInstructionCache" ], "Timesptamp": "00000000.176366", "FunctionName": "GetProcAddress", "ModuleName": "kernel32.dll", "Return": "0x74f24393", "Status": 0 }
{ "Address": "0x42b4cd", "Opcode": "ff1508c04300", "Opcodesize": 6, "Mnemonic": "call dword ptr [0x43c008]", "PID": 1288, "TID": 1612, "Arguments": [ "Arg1", "IN", "HMODULE", "0x18fed8", "0x74f10000", "Arg2", "IN", "LPCSTR", "0x18fedc", "GetCurrentProcess" ], "Timesptamp": "00000000.260269", "FunctionName": "GetProcAddress", "ModuleName": "kernel32.dll", "Return": "0x74f21809", "Status": 0 }
{ "Address": "0x42b4f0", "Opcode": "ff55ec", "Opcodesize": 3, "Mnemonic": "call dword ptr [ebp - 0x14]", "PID": 1288, "TID": 1612, "Arguments": [ ], "Timesptamp": "00000000.269103", "FunctionName": "GetCurrentProcess", "ModuleName": "kernel32.dll", "Return": "0xffffffff", "Status": 0 }
{ "Address": "0x42b5c6", "Opcode": "ff1514c04300", "Opcodesize": 6, "Mnemonic": "call dword ptr [0x43c014]", "PID": 1288, "TID": 1612, "Arguments": [ "Arg1", "IN", "UINT", "0x18fed8", "0x40", "Arg2", "IN", "SIZE_T", "0x18fedc", "0x9353" ], "Timesptamp": "00000000.282016", "FunctionName": "LocalAlloc", "ModuleName": "kernel32.dll", "Return": "0x2bebb8", "Status": 0 }
{ "Address": "0x42b66e", "Opcode": "ff1594f64300", "Opcodesize": 6, "Mnemonic": "call dword ptr [0x43f694]", "PID": 1288, "TID": 1612, "Arguments": [ "Arg1", "IN", "HANDLE", "0x18fed4", "0xffffffff", "Arg2", "IN", "LPCVOID", "0x18fed8", "0x42bb82", "Arg3", "IN", "SIZE_T", "0x18fedc", "0xf67e" ], "Timesptamp": "00000000.304460", "FunctionName": "FlushInstructionCache", "ModuleName": "kernel32.dll", "Return": "TRUE", "Status": 0 }
{ "Address": "0x42b678", "Opcode": "ff150cc04300", "Opcodesize": 6, "Mnemonic": "call dword ptr [0x43c00c]", "PID": 1288, "TID": 1612, "Arguments": [ "Arg1", "IN", "HLOCAL", "0x18fedc", "0x2bebb8" ], "Timesptamp": "00000000.313583", "FunctionName": "LocalFree", "ModuleName": "kernel32.dll", "Return": "0x0", "Status": 0 }
{ "Address": "0x42b682", "Opcode": "ff150cc04300", "Opcodesize": 6, "Mnemonic": "call dword ptr [0x43c00c]", "PID": 1288, "TID": 1612, "Arguments": [ "Arg1", "IN", "HLOCAL", "0x18fedc", "0x2b1770" ], "Timesptamp": "00000000.322328", "FunctionName": "LocalFree", "ModuleName": "kernel32.dll", "Return": "0x0", "Status": 0 }
{ "Address": "0x42b68d", "Opcode": "ff1504c04300", "Opcodesize": 6, "Mnemonic": "call dword ptr [0x43c004]", "PID": 1288, "TID": 1612, "Functionname": "RtlInitializeCriticalSection", "Dllname": "ntdll.dll", "Status": 1 }
{ "Address": "0x42c2db", "Opcode": "ff1518c04300", "Opcodesize": 6, "Mnemonic": "call dword ptr [0x43c018]", "PID": 1288, "TID": 1612, "Arguments": [ "Arg1", "IN", "LPCTSTR", "0x18fec0", "kernel32.dll" ], "Timesptamp": "00000000.353939", "FunctionName": "GetModuleHandleA", "ModuleName": "kernel32.dll", "Return": "0x74f10000", "Status": 0 }
{ "Address": "0x42c304", "Opcode": "ff1508c04300", "Opcodesize": 6, "Mnemonic": "call dword ptr [0x43c008]", "PID": 1288, "TID": 1612, "Arguments": [ "Arg1", "IN", "HMODULE", "0x18febc", "0x74f10000", "Arg2", "IN", "LPCSTR", "0x18fec0", "CloseHandle" ], "Timesptamp": "00000000.362881", "FunctionName": "GetProcAddress", "ModuleName": "kernel32.dll", "Return": "0x74f21410", "Status": 0 }
{ "Address": "0x42c318", "Opcode": "ff1508c04300", "Opcodesize": 6, "Mnemonic": "call dword ptr [0x43c008]", "PID": 1288, "TID": 1612, "Arguments": [ "Arg1", "IN", "HMODULE", "0x18febc", "0x74f10000", "Arg2", "IN", "LPCSTR", "0x18fec0", "CreateFileA" ], "Timesptamp": "00000000.372307", "FunctionName": "GetProcAddress", "ModuleName": "kernel32.dll", "Return": "0x74f253c6", "Status": 0 }
{ "Address": "0x42c32c", "Opcode": "ff1508c04300", "Opcodesize": 6, "Mnemonic": "call dword ptr [0x43c008]", "PID": 1288, "TID": 1612, "Arguments": [ "Arg1", "IN", "HMODULE", "0x18febc", "0x74f10000", "Arg2", "IN", "LPCSTR", "0x18fec0", "CreateFileW" ], "Timesptamp": "00000000.381098", "FunctionName": "GetProcAddress", "ModuleName": "kernel32.dll", "Return": "0x74f23f5c", "Status": 0 }
{ "Address": "0x42c340", "Opcode": "ff1508c04300", "Opcodesize": 6, "Mnemonic": "call dword ptr [0x43c008]", "PID": 1288, "TID": 1612, "Arguments": [ "Arg1", "IN", "HMODULE", "0x18febc", "0x74f10000", "Arg2", "IN", "LPCSTR", "0x18fec0", "CreateFileMappingA" ], "Timesptamp": "00000000.421282", "FunctionName": "GetProcAddress", "ModuleName": "kernel32.dll", "Return": "0x74f25506", "Status": 0 }
{ "Address": "0x42c354", "Opcode": "ff1508c04300", "Opcodesize": 6, "Mnemonic": "call dword ptr [0x43c008]", "PID": 1288, "TID": 1612, "Arguments": [ "Arg1", "IN", "HMODULE", "0x18febc", "0x74f10000", "Arg2", "IN", "LPCSTR", "0x18fec0", "CreateFileMappingW" ], "Timesptamp": "00000000.430085", "FunctionName": "GetProcAddress", "ModuleName": "kernel32.dll", "Return": "0x74f21909", "Status": 0 }
{ "Address": "0x42c368", "Opcode": "ff1508c04300", "Opcodesize": 6, "Mnemonic": "call dword ptr [0x43c008]", "PID": 1288, "TID": 1612, "Arguments": [ "Arg1", "IN", "HMODULE", "0x18febc", "0x74f10000", "Arg2", "IN", "LPCSTR", "0x18fec0", "CreateProcessA" ], "Timesptamp": "00000000.439160", "FunctionName": "GetProcAddress", "ModuleName": "kernel32.dll", "Return": "0x74f21072", "Status": 0 }
{ "Address": "0x42c37c", "Opcode": "ff1508c04300", "Opcodesize": 6, "Mnemonic": "call dword ptr [0x43c008]", "PID": 1288, "TID": 1612, "Arguments": [ "Arg1", "IN", "HMODULE", "0x18febc", "0x74f10000", "Arg2", "IN", "LPCSTR", "0x18fec0", "DebugBreak" ], "Timesptamp": "00000000.459549", "FunctionName": "GetProcAddress", "ModuleName": "kernel32.dll", "Return": "0x74fa41b5", "Status": 0 }
{ "Address": "0x42c390", "Opcode": "ff1508c04300", "Opcodesize": 6, "Mnemonic": "call dword ptr [0x43c008]", "PID": 1288, "TID": 1612, "Arguments": [ "Arg1", "IN", "HMODULE", "0x18febc", "0x74f10000", "Arg2", "IN", "LPCSTR", "0x18fec0", "DeleteFileA" ], "Timesptamp": "00000000.468723", "FunctionName": "GetProcAddress", "ModuleName": "kernel32.dll", "Return": "0x74f25444", "Status": 0 }
{ "Address": "0x42c3a4", "Opcode": "ff1508c04300", "Opcodesize": 6, "Mnemonic": "call dword ptr [0x43c008]", "PID": 1288, "TID": 1612, "Arguments": [ "Arg1", "IN", "HMODULE", "0x18febc", "0x74f10000", "Arg2", "IN", "LPCSTR", "0x18fec0", "EnterCriticalSection" ], "Timesptamp": "00000000.477683", "FunctionName": "GetProcAddress", "ModuleName": "kernel32.dll", "Return": "0x770622b0", "Status": 0 }
{ "Address": "0x42c3b8", "Opcode": "ff1508c04300", "Opcodesize": 6, "Mnemonic": "call dword ptr [0x43c008]", "PID": 1288, "TID": 1612, "Arguments": [ "Arg1", "IN", "HMODULE", "0x18febc", "0x74f10000", "Arg2", "IN", "LPCSTR", "0x18fec0", "ExitProcess" ], "Timesptamp": "00000000.486755", "FunctionName": "GetProcAddress", "ModuleName": "kernel32.dll", "Return": "0x74f27a10", "Status": 0 }
{ "Address": "0x42c3cc", "Opcode": "ff1508c04300", "Opcodesize": 6, "Mnemonic": "call dword ptr [0x43c008]", "PID": 1288, "TID": 1612, "Arguments": [ "Arg1", "IN", "HMODULE", "0x18febc", "0x74f10000", "Arg2", "IN", "LPCSTR", "0x18fec0", "FindClose" ], "Timesptamp": "00000000.509213", "FunctionName": "GetProcAddress", "ModuleName": "kernel32.dll", "Return": "0x74f24442", "Status": 0 }
{ "Address": "0x42c3e0", "Opcode": "ff1508c04300", "Opcodesize": 6, "Mnemonic": "call dword ptr [0x43c008]", "PID": 1288, "TID": 1612, "Arguments": [ "Arg1", "IN", "HMODULE", "0x18febc", "0x74f10000", "Arg2", "IN", "LPCSTR", "0x18fec0", "FindFirstFileA" ], "Timesptamp": "00000000.524193", "FunctionName": "GetProcAddress", "ModuleName": "kernel32.dll", "Return": "0x74f2e2ce", "Status": 0 }
{ "Address": "0x42c3f4", "Opcode": "ff1508c04300", "Opcodesize": 6, "Mnemonic": "call dword ptr [0x43c008]", "PID": 1288, "TID": 1612, "Arguments": [ "Arg1", "IN", "HMODULE", "0x18febc", "0x74f10000", "Arg2", "IN", "LPCSTR", "0x18fec0", "FindNextFileA" ], "Timesptamp": "00000000.537260", "FunctionName": "GetProcAddress", "ModuleName": "kernel32.dll", "Return": "0x74f4d53e", "Status": 0 }
{ "Address": "0x42c408", "Opcode": "ff1508c04300", "Opcodesize": 6, "Mnemonic": "call dword ptr [0x43c008]", "PID": 1288, "TID": 1612, "Arguments": [ "Arg1", "IN", "HMODULE", "0x18febc", "0x74f10000", "Arg2", "IN", "LPCSTR", "0x18fec0", "FlushFileBuffers" ], "Timesptamp": "00000000.550308", "FunctionName": "GetProcAddress", "ModuleName": "kernel32.dll", "Return": "0x74f2469b", "Status": 0 }
{ "Address": "0x42c41c", "Opcode": "ff1508c04300", "Opcodesize": 6, "Mnemonic": "call dword ptr [0x43c008]", "PID": 1288, "TID": 1612, "Arguments": [ "Arg1", "IN", "HMODULE", "0x18febc", "0x74f10000", "Arg2", "IN", "LPCSTR", "0x18fec0", "FormatMessageA" ], "Timesptamp": "00000000.579570", "FunctionName": "GetProcAddress", "ModuleName": "kernel32.dll", "Return": "0x74f45fbd", "Status": 0 }
{ "Address": "0x42c430", "Opcode": "ff1508c04300", "Opcodesize": 6, "Mnemonic": "call dword ptr [0x43c008]", "PID": 1288, "TID": 1612, "Arguments": [ "Arg1", "IN", "HMODULE", "0x18febc", "0x74f10000", "Arg2", "IN", "LPCSTR", "0x18fec0", "FreeLibrary" ], "Timesptamp": "00000000.588925", "FunctionName": "GetProcAddress", "ModuleName": "kernel32.dll", "Return": "0x74f234c8", "Status": 0 }
{ "Address": "0x42c444", "Opcode": "ff1508c04300", "Opcodesize": 6, "Mnemonic": "call dword ptr [0x43c008]", "PID": 1288, "TID": 1612, "Arguments": [ "Arg1", "IN", "HMODULE", "0x18febc", "0x74f10000", "Arg2", "IN", "LPCSTR", "0x18fec0", "GetCurrentProcess" ], "Timesptamp": "00000000.598138", "FunctionName": "GetProcAddress", "ModuleName": "kernel32.dll", "Return": "0x74f21809", "Status": 0 }
{ "Address": "0x42c458", "Opcode": "ff1508c04300", "Opcodesize": 6, "Mnemonic": "call dword ptr [0x43c008]", "PID": 1288, "TID": 1612, "Arguments": [ "Arg1", "IN", "HMODULE", "0x18febc", "0x74f10000", "Arg2", "IN", "LPCSTR", "0x18fec0", "GetCurrentProcessId" ], "Timesptamp": "00000000.620440", "FunctionName": "GetProcAddress", "ModuleName": "kernel32.dll", "Return": "0x74f211f8", "Status": 0 }
{ "Address": "0x42c46c", "Opcode": "ff1508c04300", "Opcodesize": 6, "Mnemonic": "call dword ptr [0x43c008]", "PID": 1288, "TID": 1612, "Arguments": [ "Arg1", "IN", "HMODULE", "0x18febc", "0x74f10000", "Arg2", "IN", "LPCSTR", "0x18fec0", "GetEnvironmentVariableA" ], "Timesptamp": "00000000.629637", "FunctionName": "GetProcAddress", "ModuleName": "kernel32.dll", "Return": "0x74f233a0", "Status": 0 }
{ "Address": "0x42c480", "Opcode": "ff1508c04300", "Opcodesize": 6, "Mnemonic": "call dword ptr [0x43c008]", "PID": 1288, "TID": 1612, "Arguments": [ "Arg1", "IN", "HMODULE", "0x18febc", "0x74f10000", "Arg2", "IN", "LPCSTR", "0x18fec0", "GetExitCodeProcess" ], "Timesptamp": "00000000.638854", "FunctionName": "GetProcAddress", "ModuleName": "kernel32.dll", "Return": "0x74f3174d", "Status": 0 }
{ "Address": "0x42c494", "Opcode": "ff1508c04300", "Opcodesize": 6, "Mnemonic": "call dword ptr [0x43c008]", "PID": 1288, "TID": 1612, "Arguments": [ "Arg1", "IN", "HMODULE", "0x18febc", "0x74f10000", "Arg2", "IN", "LPCSTR", "0x18fec0", "GetFileAttributesA" ], "Timesptamp": "00000000.648216", "FunctionName": "GetProcAddress", "ModuleName": "kernel32.dll", "Return": "0x74f25414", "Status": 0 }
{ "Address": "0x42c4a8", "Opcode": "ff1508c04300", "Opcodesize": 6, "Mnemonic": "call dword ptr [0x43c008]", "PID": 1288, "TID": 1612, "Arguments": [ "Arg1", "IN", "HMODULE", "0x18febc", "0x74f10000", "Arg2", "IN", "LPCSTR", "0x18fec0", "GetFileAttributesW" ], "Timesptamp": "00000000.660536", "FunctionName": "GetProcAddress", "ModuleName": "kernel32.dll", "Return": "0x74f21b18", "Status": 0 }
{ "Address": "0x42c4bc", "Opcode": "ff1508c04300", "Opcodesize": 6, "Mnemonic": "call dword ptr [0x43c008]", "PID": 1288, "TID": 1612, "Arguments": [ "Arg1", "IN", "HMODULE", "0x18febc", "0x74f10000", "Arg2", "IN", "LPCSTR", "0x18fec0", "GetFileInformationByHandle" ], "Timesptamp": "00000000.670474", "FunctionName": "GetProcAddress", "ModuleName": "kernel32.dll", "Return": "0x74f253ae", "Status": 0 }
{ "Address": "0x42c4d0", "Opcode": "ff1508c04300", "Opcodesize": 6, "Mnemonic": "call dword ptr [0x43c008]", "PID": 1288, "TID": 1612, "Arguments": [ "Arg1", "IN", "HMODULE", "0x18febc", "0x74f10000", "Arg2", "IN", "LPCSTR", "0x18fec0", "GetFileSize" ], "Timesptamp": "00000000.678816", "FunctionName": "GetProcAddress", "ModuleName": "kernel32.dll", "Return": "0x74f2196e", "Status": 0 }
{ "Address": "0x42c4e4", "Opcode": "ff1508c04300", "Opcodesize": 6, "Mnemonic": "call dword ptr [0x43c008]", "PID": 1288, "TID": 1612, "Arguments": [ "Arg1", "IN", "HMODULE", "0x18febc", "0x74f10000", "Arg2", "IN", "LPCSTR", "0x18fec0", "GetFileTime" ], "Timesptamp": "00000000.688374", "FunctionName": "GetProcAddress", "ModuleName": "kernel32.dll", "Return": "0x74f24407", "Status": 0 }
{ "Address": "0x42c4f8", "Opcode": "ff1508c04300", "Opcodesize": 6, "Mnemonic": "call dword ptr [0x43c008]", "PID": 1288, "TID": 1612, "Arguments": [ "Arg1", "IN", "HMODULE", "0x18febc", "0x74f10000", "Arg2", "IN", "LPCSTR", "0x18fec0", "GetFullPathNameA" ], "Timesptamp": "00000000.710330", "FunctionName": "GetProcAddress", "ModuleName": "kernel32.dll", "Return": "0x74f2e2c1", "Status": 0 }
{ "Address": "0x42c50c", "Opcode": "ff1508c04300", "Opcodesize": 6, "Mnemonic": "call dword ptr [0x43c008]", "PID": 1288, "TID": 1612, "Arguments": [ "Arg1", "IN", "HMODULE", "0x18febc", "0x74f10000", "Arg2", "IN", "LPCSTR", "0x18fec0", "GetFullPathNameW" ], "Timesptamp": "00000000.719889", "FunctionName": "GetProcAddress", "ModuleName": "kernel32.dll", "Return": "0x74f240d4", "Status": 0 }
{ "Address": "0x42c520", "Opcode": "ff1508c04300", "Opcodesize": 6, "Mnemonic": "call dword ptr [0x43c008]", "PID": 1288, "TID": 1612, "Arguments": [ "Arg1", "IN", "HMODULE", "0x18febc", "0x74f10000", "Arg2", "IN", "LPCSTR", "0x18fec0", "GetLastError" ], "Timesptamp": "00000000.728814", "FunctionName": "GetProcAddress", "ModuleName": "kernel32.dll", "Return": "0x74f211c0", "Status": 0 }
{ "Address": "0x42c534", "Opcode": "ff1508c04300", "Opcodesize": 6, "Mnemonic": "call dword ptr [0x43c008]", "PID": 1288, "TID": 1612, "Arguments": [ "Arg1", "IN", "HMODULE", "0x18febc", "0x74f10000", "Arg2", "IN", "LPCSTR", "0x18fec0", "GetModuleFileNameA" ], "Timesptamp": "00000000.738180", "FunctionName": "GetProcAddress", "ModuleName": "kernel32.dll", "Return": "0x74f214b1", "Status": 0 }
{ "Address": "0x42c548", "Opcode": "ff1508c04300", "Opcodesize": 6, "Mnemonic": "call dword ptr [0x43c008]", "PID": 1288, "TID": 1612, "Arguments": [ "Arg1", "IN", "HMODULE", "0x18febc", "0x74f10000", "Arg2", "IN", "LPCSTR", "0x18fec0", "GetModuleHandleA" ], "Timesptamp": "00000000.777189", "FunctionName": "GetProcAddress", "ModuleName": "kernel32.dll", "Return": "0x74f21245", "Status": 0 }
{ "Address": "0x42c55c", "Opcode": "ff1508c04300", "Opcodesize": 6, "Mnemonic": "call dword ptr [0x43c008]", "PID": 1288, "TID": 1612, "Arguments": [ "Arg1", "IN", "HMODULE", "0x18febc", "0x74f10000", "Arg2", "IN", "LPCSTR", "0x18fec0", "GetPrivateProfileIntA" ], "Timesptamp": "00000000.786729", "FunctionName": "GetProcAddress", "ModuleName": "kernel32.dll", "Return": "0x74f4cdd7", "Status": 0 }
{ "Address": "0x42c570", "Opcode": "ff1508c04300", "Opcodesize": 6, "Mnemonic": "call dword ptr [0x43c008]", "PID": 1288, "TID": 1612, "Arguments": [ "Arg1", "IN", "HMODULE", "0x18febc", "0x74f10000", "Arg2", "IN", "LPCSTR", "0x18fec0", "GetPrivateProfileSectionNamesA" ], "Timesptamp": "00000000.794535", "FunctionName": "GetProcAddress", "ModuleName": "kernel32.dll", "Return": "0x74f9a1c9", "Status": 0 }
{ "Address": "0x42c584", "Opcode": "ff1508c04300", "Opcodesize": 6, "Mnemonic": "call dword ptr [0x43c008]", "PID": 1288, "TID": 1612, "Arguments": [ "Arg1", "IN", "HMODULE", "0x18febc", "0x74f10000", "Arg2", "IN", "LPCSTR", "0x18fec0", "GetPrivateProfileStringA" ], "Timesptamp": "00000000.805008", "FunctionName": "GetProcAddress", "ModuleName": "kernel32.dll", "Return": "0x74f3184c", "Status": 0 }
{ "Address": "0x42c598", "Opcode": "ff1508c04300", "Opcodesize": 6, "Mnemonic": "call dword ptr [0x43c008]", "PID": 1288, "TID": 1612, "Arguments": [ "Arg1", "IN", "HMODULE", "0x18febc", "0x74f10000", "Arg2", "IN", "LPCSTR", "0x18fec0", "GetProcAddress" ], "Timesptamp": "00000000.814940", "FunctionName": "GetProcAddress", "ModuleName": "kernel32.dll", "Return": "0x74f21222", "Status": 0 }
{ "Address": "0x42c5ac", "Opcode": "ff1508c04300", "Opcodesize": 6, "Mnemonic": "call dword ptr [0x43c008]", "PID": 1288, "TID": 1612, "Arguments": [ "Arg1", "IN", "HMODULE", "0x18febc", "0x74f10000", "Arg2", "IN", "LPCSTR", "0x18fec0", "GetSystemTimeAsFileTime" ], "Timesptamp": "00000000.821746", "FunctionName": "GetProcAddress", "ModuleName": "kernel32.dll", "Return": "0x74f23509", "Status": 0 }
{ "Address": "0x42c5c0", "Opcode": "ff1508c04300", "Opcodesize": 6, "Mnemonic": "call dword ptr [0x43c008]", "PID": 1288, "TID": 1612, "Arguments": [ "Arg1", "IN", "HMODULE", "0x18febc", "0x74f10000", "Arg2", "IN", "LPCSTR", "0x18fec0", "GetTempFileNameA" ], "Timesptamp": "00000000.831576", "FunctionName": "GetProcAddress", "ModuleName": "kernel32.dll", "Return": "0x74f49d3f", "Status": 0 }
{ "Address": "0x42c5d4", "Opcode": "ff1508c04300", "Opcodesize": 6, "Mnemonic": "call dword ptr [0x43c008]", "PID": 1288, "TID": 1612, "Arguments": [ "Arg1", "IN", "HMODULE", "0x18febc", "0x74f10000", "Arg2", "IN", "LPCSTR", "0x18fec0", "GetTempPathA" ], "Timesptamp": "00000000.839219", "FunctionName": "GetProcAddress", "ModuleName": "kernel32.dll", "Return": "0x74f4276c", "Status": 0 }
{ "Address": "0x42c5e8", "Opcode": "ff1508c04300", "Opcodesize": 6, "Mnemonic": "call dword ptr [0x43c008]", "PID": 1288, "TID": 1612, "Arguments": [ "Arg1", "IN", "HMODULE", "0x18febc", "0x74f10000", "Arg2", "IN", "LPCSTR", "0x18fec0", "GetVersionExA" ], "Timesptamp": "00000000.846816", "FunctionName": "GetProcAddress", "ModuleName": "kernel32.dll", "Return": "0x74f23519", "Status": 0 }
{ "Address": "0x42c5fc", "Opcode": "ff1508c04300", "Opcodesize": 6, "Mnemonic": "call dword ptr [0x43c008]", "PID": 1288, "TID": 1612, "Arguments": [ "Arg1", "IN", "HMODULE", "0x18febc", "0x74f10000", "Arg2", "IN", "LPCSTR", "0x18fec0", "GetTickCount" ], "Timesptamp": "00000000.855571", "FunctionName": "GetProcAddress", "ModuleName": "kernel32.dll", "Return": "0x74f2110c", "Status": 0 }
{ "Address": "0x42c610", "Opcode": "ff1508c04300", "Opcodesize": 6, "Mnemonic": "call dword ptr [0x43c008]", "PID": 1288, "TID": 1612, "Arguments": [ "Arg1", "IN", "HMODULE", "0x18febc", "0x74f10000", "Arg2", "IN", "LPCSTR", "0x18fec0", "HeapAlloc" ], "Timesptamp": "00000000.864427", "FunctionName": "GetProcAddress", "ModuleName": "kernel32.dll", "Return": "0x7706e026", "Status": 0 }
{ "Address": "0x42c624", "Opcode": "ff1508c04300", "Opcodesize": 6, "Mnemonic": "call dword ptr [0x43c008]", "PID": 1288, "TID": 1612, "Arguments": [ "Arg1", "IN", "HMODULE", "0x18febc", "0x74f10000", "Arg2", "IN", "LPCSTR", "0x18fec0", "HeapFree" ], "Timesptamp": "00000000.874947", "FunctionName": "GetProcAddress", "ModuleName": "kernel32.dll", "Return": "0x74f214c9", "Status": 0 }
{ "Address": "0x42c638", "Opcode": "ff1508c04300", "Opcodesize": 6, "Mnemonic": "call dword ptr [0x43c008]", "PID": 1288, "TID": 1612, "Arguments": [ "Arg1", "IN", "HMODULE", "0x18febc", "0x74f10000", "Arg2", "IN", "LPCSTR", "0x18fec0", "HeapCreate" ], "Timesptamp": "00000000.881966", "FunctionName": "GetProcAddress", "ModuleName": "kernel32.dll", "Return": "0x74f24a2d", "Status": 0 }
{ "Address": "0x42c64c", "Opcode": "ff1508c04300", "Opcodesize": 6, "Mnemonic": "call dword ptr [0x43c008]", "PID": 1288, "TID": 1612, "Arguments": [ "Arg1", "IN", "HMODULE", "0x18febc", "0x74f10000", "Arg2", "IN", "LPCSTR", "0x18fec0", "InitializeCriticalSection" ], "Timesptamp": "00000000.888880", "FunctionName": "GetProcAddress", "ModuleName": "kernel32.dll", "Return": "0x77072c42", "Status": 0 }
{ "Address": "0x42c660", "Opcode": "ff1508c04300", "Opcodesize": 6, "Mnemonic": "call dword ptr [0x43c008]", "PID": 1288, "TID": 1612, "Arguments": [ "Arg1", "IN", "HMODULE", "0x18febc", "0x74f10000", "Arg2", "IN", "LPCSTR", "0x18fec0", "DeleteCriticalSection" ], "Timesptamp": "00000000.898594", "FunctionName": "GetProcAddress", "ModuleName": "kernel32.dll", "Return": "0x770745f5", "Status": 0 }
{ "Address": "0x42c674", "Opcode": "ff1508c04300", "Opcodesize": 6, "Mnemonic": "call dword ptr [0x43c008]", "PID": 1288, "TID": 1612, "Arguments": [ "Arg1", "IN", "HMODULE", "0x18febc", "0x74f10000", "Arg2", "IN", "LPCSTR", "0x18fec0", "LeaveCriticalSection" ], "Timesptamp": "00000000.907651", "FunctionName": "GetProcAddress", "ModuleName": "kernel32.dll", "Return": "0x77062270", "Status": 0 }
{ "Address": "0x42c688", "Opcode": "ff1508c04300", "Opcodesize": 6, "Mnemonic": "call dword ptr [0x43c008]", "PID": 1288, "TID": 1612, "Arguments": [ "Arg1", "IN", "HMODULE", "0x18febc", "0x74f10000", "Arg2", "IN", "LPCSTR", "0x18fec0", "LoadLibraryA" ], "Timesptamp": "00000000.916687", "FunctionName": "GetProcAddress", "ModuleName": "kernel32.dll", "Return": "0x74f249d7", "Status": 0 }
{ "Address": "0x42c69c", "Opcode": "ff1508c04300", "Opcodesize": 6, "Mnemonic": "call dword ptr [0x43c008]", "PID": 1288, "TID": 1612, "Arguments": [ "Arg1", "IN", "HMODULE", "0x18febc", "0x74f10000", "Arg2", "IN", "LPCSTR", "0x18fec0", "LoadLibraryExA" ], "Timesptamp": "00000000.926183", "FunctionName": "GetProcAddress", "ModuleName": "kernel32.dll", "Return": "0x74f24913", "Status": 0 }
{ "Address": "0x42c6b0", "Opcode": "ff1508c04300", "Opcodesize": 6, "Mnemonic": "call dword ptr [0x43c008]", "PID": 1288, "TID": 1612, "Arguments": [ "Arg1", "IN", "HMODULE", "0x18febc", "0x74f10000", "Arg2", "IN", "LPCSTR", "0x18fec0", "LocalAlloc" ], "Timesptamp": "00000000.935091", "FunctionName": "GetProcAddress", "ModuleName": "kernel32.dll", "Return": "0x74f2168c", "Status": 0 }
{ "Address": "0x42c6c4", "Opcode": "ff1508c04300", "Opcodesize": 6, "Mnemonic": "call dword ptr [0x43c008]", "PID": 1288, "TID": 1612, "Arguments": [ "Arg1", "IN", "HMODULE", "0x18febc", "0x74f10000", "Arg2", "IN", "LPCSTR", "0x18fec0", "LocalFree" ], "Timesptamp": "00000000.943339", "FunctionName": "GetProcAddress", "ModuleName": "kernel32.dll", "Return": "0x74f22d3c", "Status": 0 }
{ "Address": "0x42c6d8", "Opcode": "ff1508c04300", "Opcodesize": 6, "Mnemonic": "call dword ptr [0x43c008]", "PID": 1288, "TID": 1612, "Arguments": [ "Arg1", "IN", "HMODULE", "0x18febc", "0x74f10000", "Arg2", "IN", "LPCSTR", "0x18fec0", "LockFile" ], "Timesptamp": "00000000.957951", "FunctionName": "GetProcAddress", "ModuleName": "kernel32.dll", "Return": "0x74f4cf1e", "Status": 0 }
{ "Address": "0x42c6ec", "Opcode": "ff1508c04300", "Opcodesize": 6, "Mnemonic": "call dword ptr [0x43c008]", "PID": 1288, "TID": 1612, "Arguments": [ "Arg1", "IN", "HMODULE", "0x18febc", "0x74f10000", "Arg2", "IN", "LPCSTR", "0x18fec0", "MapViewOfFile" ], "Timesptamp": "00000000.966887", "FunctionName": "GetProcAddress", "ModuleName": "kernel32.dll", "Return": "0x74f218f1", "Status": 0 }
{ "Address": "0x42c700", "Opcode": "ff1508c04300", "Opcodesize": 6, "Mnemonic": "call dword ptr [0x43c008]", "PID": 1288, "TID": 1612, "Arguments": [ "Arg1", "IN", "HMODULE", "0x18febc", "0x74f10000", "Arg2", "IN", "LPCSTR", "0x18fec0", "MultiByteToWideChar" ], "Timesptamp": "00000000.978512", "FunctionName": "GetProcAddress", "ModuleName": "kernel32.dll", "Return": "0x74f2192e", "Status": 0 }
{ "Address": "0x42c714", "Opcode": "ff1508c04300", "Opcodesize": 6, "Mnemonic": "call dword ptr [0x43c008]", "PID": 1288, "TID": 1612, "Arguments": [ "Arg1", "IN", "HMODULE", "0x18febc", "0x74f10000", "Arg2", "IN", "LPCSTR", "0x18fec0", "OpenProcess" ], "Timesptamp": "00000000.988052", "FunctionName": "GetProcAddress", "ModuleName": "kernel32.dll", "Return": "0x74f21986", "Status": 0 }
{ "Address": "0x42c728", "Opcode": "ff1508c04300", "Opcodesize": 6, "Mnemonic": "call dword ptr [0x43c008]", "PID": 1288, "TID": 1612, "Arguments": [ "Arg1", "IN", "HMODULE", "0x18febc", "0x74f10000", "Arg2", "IN", "LPCSTR", "0x18fec0", "RaiseException" ], "Timesptamp": "00000000.998796", "FunctionName": "GetProcAddress", "ModuleName": "kernel32.dll", "Return": "0x74f258a6", "Status": 0 }
{ "Address": "0x42c73c", "Opcode": "ff1508c04300", "Opcodesize": 6, "Mnemonic": "call dword ptr [0x43c008]", "PID": 1288, "TID": 1612, "Arguments": [ "Arg1", "IN", "HMODULE", "0x18febc", "0x74f10000", "Arg2", "IN", "LPCSTR", "0x18fec0", "ReadFile" ], "Timesptamp": "00000001.011186", "FunctionName": "GetProcAddress", "ModuleName": "kernel32.dll", "Return": "0x74f23ed3", "Status": 0 }
{ "Address": "0x42c750", "Opcode": "ff1508c04300", "Opcodesize": 6, "Mnemonic": "call dword ptr [0x43c008]", "PID": 1288, "TID": 1612, "Arguments": [ "Arg1", "IN", "HMODULE", "0x18febc", "0x74f10000", "Arg2", "IN", "LPCSTR", "0x18fec0", "SetEnvironmentVariableA" ], "Timesptamp": "00000001.021152", "FunctionName": "GetProcAddress", "ModuleName": "kernel32.dll", "Return": "0x74f2e331", "Status": 0 }
{ "Address": "0x42c764", "Opcode": "ff1508c04300", "Opcodesize": 6, "Mnemonic": "call dword ptr [0x43c008]", "PID": 1288, "TID": 1612, "Arguments": [ "Arg1", "IN", "HMODULE", "0x18febc", "0x74f10000", "Arg2", "IN", "LPCSTR", "0x18fec0", "SetEvent" ], "Timesptamp": "00000001.033216", "FunctionName": "GetProcAddress", "ModuleName": "kernel32.dll", "Return": "0x74f216c5", "Status": 0 }
{ "Address": "0x42c778", "Opcode": "ff1508c04300", "Opcodesize": 6, "Mnemonic": "call dword ptr [0x43c008]", "PID": 1288, "TID": 1612, "Arguments": [ "Arg1", "IN", "HMODULE", "0x18febc", "0x74f10000", "Arg2", "IN", "LPCSTR", "0x18fec0", "SetFilePointer" ], "Timesptamp": "00000001.046996", "FunctionName": "GetProcAddress", "ModuleName": "kernel32.dll", "Return": "0x74f217d1", "Status": 0 }
{ "Address": "0x42c78c", "Opcode": "ff1508c04300", "Opcodesize": 6, "Mnemonic": "call dword ptr [0x43c008]", "PID": 1288, "TID": 1612, "Arguments": [ "Arg1", "IN", "HMODULE", "0x18febc", "0x74f10000", "Arg2", "IN", "LPCSTR", "0x18fec0", "SetLastError" ], "Timesptamp": "00000001.059321", "FunctionName": "GetProcAddress", "ModuleName": "kernel32.dll", "Return": "0x74f211a9", "Status": 0 }
{ "Address": "0x42c7a0", "Opcode": "ff1508c04300", "Opcodesize": 6, "Mnemonic": "call dword ptr [0x43c008]", "PID": 1288, "TID": 1612, "Arguments": [ "Arg1", "IN", "HMODULE", "0x18febc", "0x74f10000", "Arg2", "IN", "LPCSTR", "0x18fec0", "SetUnhandledExceptionFilter" ], "Timesptamp": "00000001.070792", "FunctionName": "GetProcAddress", "ModuleName": "kernel32.dll", "Return": "0x74f287c9", "Status": 0 }
{ "Address": "0x42c7b4", "Opcode": "ff1508c04300", "Opcodesize": 6, "Mnemonic": "call dword ptr [0x43c008]", "PID": 1288, "TID": 1612, "Arguments": [ "Arg1", "IN", "HMODULE", "0x18febc", "0x74f10000", "Arg2", "IN", "LPCSTR", "0x18fec0", "Sleep" ], "Timesptamp": "00000001.082465", "FunctionName": "GetProcAddress", "ModuleName": "kernel32.dll", "Return": "0x74f210ff", "Status": 0 }
{ "Address": "0x42c7c8", "Opcode": "ff1508c04300", "Opcodesize": 6, "Mnemonic": "call dword ptr [0x43c008]", "PID": 1288, "TID": 1612, "Arguments": [ "Arg1", "IN", "HMODULE", "0x18febc", "0x74f10000", "Arg2", "IN", "LPCSTR", "0x18fec0", "TerminateProcess" ], "Timesptamp": "00000001.094407", "FunctionName": "GetProcAddress", "ModuleName": "kernel32.dll", "Return": "0x74f3d802", "Status": 0 }
{ "Address": "0x42c7dc", "Opcode": "ff1508c04300", "Opcodesize": 6, "Mnemonic": "call dword ptr [0x43c008]", "PID": 1288, "TID": 1612, "Arguments": [ "Arg1", "IN", "HMODULE", "0x18febc", "0x74f10000", "Arg2", "IN", "LPCSTR", "0x18fec0", "UnlockFile" ], "Timesptamp": "00000001.100339", "FunctionName": "GetProcAddress", "ModuleName": "kernel32.dll", "Return": "0x74f4cf36", "Status": 0 }
{ "Address": "0x42c7f0", "Opcode": "ff1508c04300", "Opcodesize": 6, "Mnemonic": "call dword ptr [0x43c008]", "PID": 1288, "TID": 1612, "Arguments": [ "Arg1", "IN", "HMODULE", "0x18febc", "0x74f10000", "Arg2", "IN", "LPCSTR", "0x18fec0", "UnmapViewOfFile" ], "Timesptamp": "00000001.111559", "FunctionName": "GetProcAddress", "ModuleName": "kernel32.dll", "Return": "0x74f21826", "Status": 0 }
{ "Address": "0x42c804", "Opcode": "ff1508c04300", "Opcodesize": 6, "Mnemonic": "call dword ptr [0x43c008]", "PID": 1288, "TID": 1612, "Arguments": [ "Arg1", "IN", "HMODULE", "0x18febc", "0x74f10000", "Arg2", "IN", "LPCSTR", "0x18fec0", "VirtualAlloc" ], "Timesptamp": "00000001.121485", "FunctionName": "GetProcAddress", "ModuleName": "kernel32.dll", "Return": "0x74f21856", "Status": 0 }
{ "Address": "0x42c818", "Opcode": "ff1508c04300", "Opcodesize": 6, "Mnemonic": "call dword ptr [0x43c008]", "PID": 1288, "TID": 1612, "Arguments": [ "Arg1", "IN", "HMODULE", "0x18febc", "0x74f10000", "Arg2", "IN", "LPCSTR", "0x18fec0", "VirtualFree" ], "Timesptamp": "00000001.132875", "FunctionName": "GetProcAddress", "ModuleName": "kernel32.dll", "Return": "0x74f2186e", "Status": 0 }
{ "Address": "0x42c82c", "Opcode": "ff1508c04300", "Opcodesize": 6, "Mnemonic": "call dword ptr [0x43c008]", "PID": 1288, "TID": 1612, "Arguments": [ "Arg1", "IN", "HMODULE", "0x18febc", "0x74f10000", "Arg2", "IN", "LPCSTR", "0x18fec0", "VirtualProtect" ], "Timesptamp": "00000001.144653", "FunctionName": "GetProcAddress", "ModuleName": "kernel32.dll", "Return": "0x74f2435f", "Status": 0 }
{ "Address": "0x42c840", "Opcode": "ff1508c04300", "Opcodesize": 6, "Mnemonic": "call dword ptr [0x43c008]", "PID": 1288, "TID": 1612, "Arguments": [ "Arg1", "IN", "HMODULE", "0x18febc", "0x74f10000", "Arg2", "IN", "LPCSTR", "0x18fec0", "VirtualQuery" ], "Timesptamp": "00000001.156272", "FunctionName": "GetProcAddress", "ModuleName": "kernel32.dll", "Return": "0x74f2445a", "Status": 0 }
{ "Address": "0x42c854", "Opcode": "ff1508c04300", "Opcodesize": 6, "Mnemonic": "call dword ptr [0x43c008]", "PID": 1288, "TID": 1612, "Arguments": [ "Arg1", "IN", "HMODULE", "0x18febc", "0x74f10000", "Arg2", "IN", "LPCSTR", "0x18fec0", "WaitForSingleObject" ], "Timesptamp": "00000001.166884", "FunctionName": "GetProcAddress", "ModuleName": "kernel32.dll", "Return": "0x74f21136", "Status": 0 }
{ "Address": "0x42c868", "Opcode": "ff1508c04300", "Opcodesize": 6, "Mnemonic": "call dword ptr [0x43c008]", "PID": 1288, "TID": 1612, "Arguments": [ "Arg1", "IN", "HMODULE", "0x18febc", "0x74f10000", "Arg2", "IN", "LPCSTR", "0x18fec0", "WideCharToMultiByte" ], "Timesptamp": "00000001.178268", "FunctionName": "GetProcAddress", "ModuleName": "kernel32.dll", "Return": "0x74f2170d", "Status": 0 }
{ "Address": "0x42c87c", "Opcode": "ff1508c04300", "Opcodesize": 6, "Mnemonic": "call dword ptr [0x43c008]", "PID": 1288, "TID": 1612, "Arguments": [ "Arg1", "IN", "HMODULE", "0x18febc", "0x74f10000", "Arg2", "IN", "LPCSTR", "0x18fec0", "WriteFile" ], "Timesptamp": "00000001.190609", "FunctionName": "GetProcAddress", "ModuleName": "kernel32.dll", "Return": "0x74f21282", "Status": 0 }
{ "Address": "0x42c890", "Opcode": "ff1508c04300", "Opcodesize": 6, "Mnemonic": "call dword ptr [0x43c008]", "PID": 1288, "TID": 1612, "Arguments": [ "Arg1", "IN", "HMODULE", "0x18febc", "0x74f10000", "Arg2", "IN", "LPCSTR", "0x18fec0", "lstrcmpiA" ], "Timesptamp": "00000001.199594", "FunctionName": "GetProcAddress", "ModuleName": "kernel32.dll", "Return": "0x74f23e8e", "Status": 0 }
{ "Address": "0x42c8a0", "Opcode": "ff1580f74300", "Opcodesize": 6, "Mnemonic": "call dword ptr [0x43f780]", "PID": 1288, "TID": 1612, "Arguments": [ "Arg1", "IN", "LPCTSTR", "0x18fec0", "user32.dll" ], "Timesptamp": "00000001.211040", "FunctionName": "LoadLibraryA", "ModuleName": "kernel32.dll", "Return": "0x74d30000", "Status": 0 }
{ "Address": "0x42c8c9", "Opcode": "ff1508c04300", "Opcodesize": 6, "Mnemonic": "call dword ptr [0x43c008]", "PID": 1288, "TID": 1612, "Arguments": [ "Arg1", "IN", "HMODULE", "0x18febc", "0x74d30000", "Arg2", "IN", "LPCSTR", "0x18fec0", "ChangeDisplaySettingsA" ], "Timesptamp": "00000001.222957", "FunctionName": "GetProcAddress", "ModuleName": "kernel32.dll", "Return": "0x74da706c", "Status": 0 }
{ "Address": "0x42c8dd", "Opcode": "ff1508c04300", "Opcodesize": 6, "Mnemonic": "call dword ptr [0x43c008]", "PID": 1288, "TID": 1612, "Arguments": [ "Arg1", "IN", "HMODULE", "0x18febc", "0x74d30000", "Arg2", "IN", "LPCSTR", "0x18fec0", "CharUpperBuffA" ], "Timesptamp": "00000001.243181", "FunctionName": "GetProcAddress", "ModuleName": "kernel32.dll", "Return": "0x74d4fe47", "Status": 0 }
{ "Address": "0x42c8f1", "Opcode": "ff1508c04300", "Opcodesize": 6, "Mnemonic": "call dword ptr [0x43c008]", "PID": 1288, "TID": 1612, "Arguments": [ "Arg1", "IN", "HMODULE", "0x18febc", "0x74d30000", "Arg2", "IN", "LPCSTR", "0x18fec0", "LoadImageA" ], "Timesptamp": "00000001.252275", "FunctionName": "GetProcAddress", "ModuleName": "kernel32.dll", "Return": "0x74d58455", "Status": 0 }
{ "Address": "0x42c905", "Opcode": "ff1508c04300", "Opcodesize": 6, "Mnemonic": "call dword ptr [0x43c008]", "PID": 1288, "TID": 1612, "Arguments": [ "Arg1", "IN", "HMODULE", "0x18febc", "0x74d30000", "Arg2", "IN", "LPCSTR", "0x18fec0", "MessageBoxA" ], "Timesptamp": "00000001.261647", "FunctionName": "GetProcAddress", "ModuleName": "kernel32.dll", "Return": "0x74d9fd1e", "Status": 0 }
{ "Address": "0x42c919", "Opcode": "ff1508c04300", "Opcodesize": 6, "Mnemonic": "call dword ptr [0x43c008]", "PID": 1288, "TID": 1612, "Arguments": [ "Arg1", "IN", "HMODULE", "0x18febc", "0x74d30000", "Arg2", "IN", "LPCSTR", "0x18fec0", "wsprintfA" ], "Timesptamp": "00000001.273051", "FunctionName": "GetProcAddress", "ModuleName": "kernel32.dll", "Return": "0x74d5ae5f", "Status": 0 }
{ "Address": "0x42c92d", "Opcode": "ff1508c04300", "Opcodesize": 6, "Mnemonic": "call dword ptr [0x43c008]", "PID": 1288, "TID": 1612, "Arguments": [ "Arg1", "IN", "HMODULE", "0x18febc", "0x74d30000", "Arg2", "IN", "LPCSTR", "0x18fec0", "wvsprintfA" ], "Timesptamp": "00000001.283014", "FunctionName": "GetProcAddress", "ModuleName": "kernel32.dll", "Return": "0x74d5aad3", "Status": 0 }
{ "Address": "0x42c93d", "Opcode": "ff1580f74300", "Opcodesize": 6, "Mnemonic": "call dword ptr [0x43f780]", "PID": 1288, "TID": 1612, "Arguments": [ "Arg1", "IN", "LPCTSTR", "0x18fec0", "gdi32.dll" ], "Timesptamp": "00000001.292476", "FunctionName": "LoadLibraryA", "ModuleName": "kernel32.dll", "Return": "0x76b80000", "Status": 0 }
{ "Address": "0x42c966", "Opcode": "ff1508c04300", "Opcodesize": 6, "Mnemonic": "call dword ptr [0x43c008]", "PID": 1288, "TID": 1612, "Arguments": [ "Arg1", "IN", "HMODULE", "0x18febc", "0x76b80000", "Arg2", "IN", "LPCSTR", "0x18fec0", "AddFontResourceA" ], "Timesptamp": "00000001.305274", "FunctionName": "GetProcAddress", "ModuleName": "kernel32.dll", "Return": "0x76bbd7bb", "Status": 0 }
{ "Address": "0x42c97a", "Opcode": "ff1508c04300", "Opcodesize": 6, "Mnemonic": "call dword ptr [0x43c008]", "PID": 1288, "TID": 1612, "Arguments": [ "Arg1", "IN", "HMODULE", "0x18febc", "0x76b80000", "Arg2", "IN", "LPCSTR", "0x18fec0", "CreateCompatibleDC" ], "Timesptamp": "00000001.317006", "FunctionName": "GetProcAddress", "ModuleName": "kernel32.dll", "Return": "0x76b954f4", "Status": 0 }
{ "Address": "0x42c98e", "Opcode": "ff1508c04300", "Opcodesize": 6, "Mnemonic": "call dword ptr [0x43c008]", "PID": 1288, "TID": 1612, "Arguments": [ "Arg1", "IN", "HMODULE", "0x18febc", "0x76b80000", "Arg2", "IN", "LPCSTR", "0x18fec0", "CreateDIBSection" ], "Timesptamp": "00000001.327937", "FunctionName": "GetProcAddress", "ModuleName": "kernel32.dll", "Return": "0x76b9ac46", "Status": 0 }
{ "Address": "0x42c9a2", "Opcode": "ff1508c04300", "Opcodesize": 6, "Mnemonic": "call dword ptr [0x43c008]", "PID": 1288, "TID": 1612, "Arguments": [ "Arg1", "IN", "HMODULE", "0x18febc", "0x76b80000", "Arg2", "IN", "LPCSTR", "0x18fec0", "DeleteDC" ], "Timesptamp": "00000001.338216", "FunctionName": "GetProcAddress", "ModuleName": "kernel32.dll", "Return": "0x76b958b3", "Status": 0 }
{ "Address": "0x42c9b6", "Opcode": "ff1508c04300", "Opcodesize": 6, "Mnemonic": "call dword ptr [0x43c008]", "PID": 1288, "TID": 1612, "Arguments": [ "Arg1", "IN", "HMODULE", "0x18febc", "0x76b80000", "Arg2", "IN", "LPCSTR", "0x18fec0", "RemoveFontResourceA" ], "Timesptamp": "00000001.349029", "FunctionName": "GetProcAddress", "ModuleName": "kernel32.dll", "Return": "0x76bbda7f", "Status": 0 }
{ "Address": "0x42c9ca", "Opcode": "ff1508c04300", "Opcodesize": 6, "Mnemonic": "call dword ptr [0x43c008]", "PID": 1288, "TID": 1612, "Arguments": [ "Arg1", "IN", "HMODULE", "0x18febc", "0x74d30000", "Arg2", "IN", "LPCSTR", "0x18fec0", "BeginPaint" ], "Timesptamp": "00000001.359301", "FunctionName": "GetProcAddress", "ModuleName": "kernel32.dll", "Return": "0x74d51361", "Status": 0 }
{ "Address": "0x42c9de", "Opcode": "ff1508c04300", "Opcodesize": 6, "Mnemonic": "call dword ptr [0x43c008]", "PID": 1288, "TID": 1612, "Arguments": [ "Arg1", "IN", "HMODULE", "0x18febc", "0x74d30000", "Arg2", "IN", "LPCSTR", "0x18fec0", "EndPaint" ], "Timesptamp": "00000001.369284", "FunctionName": "GetProcAddress", "ModuleName": "kernel32.dll", "Return": "0x74d51341", "Status": 0 }
{ "Address": "0x42c9f2", "Opcode": "ff1508c04300", "Opcodesize": 6, "Mnemonic": "call dword ptr [0x43c008]", "PID": 1288, "TID": 1612, "Arguments": [ "Arg1", "IN", "HMODULE", "0x18febc", "0x76b80000", "Arg2", "IN", "LPCSTR", "0x18fec0", "GetObjectA" ], "Timesptamp": "00000001.379145", "FunctionName": "GetProcAddress", "ModuleName": "kernel32.dll", "Return": "0x76b985d4", "Status": 0 }
{ "Address": "0x42ca06", "Opcode": "ff1508c04300", "Opcodesize": 6, "Mnemonic": "call dword ptr [0x43c008]", "PID": 1288, "TID": 1612, "Arguments": [ "Arg1", "IN", "HMODULE", "0x18febc", "0x76b80000", "Arg2", "IN", "LPCSTR", "0x18fec0", "SelectObject" ], "Timesptamp": "00000001.386678", "FunctionName": "GetProcAddress", "ModuleName": "kernel32.dll", "Return": "0x76b94f70", "Status": 0 }
{ "Address": "0x42ca1a", "Opcode": "ff1508c04300", "Opcodesize": 6, "Mnemonic": "call dword ptr [0x43c008]", "PID": 1288, "TID": 1612, "Arguments": [ "Arg1", "IN", "HMODULE", "0x18febc", "0x76b80000", "Arg2", "IN", "LPCSTR", "0x18fec0", "DeleteObject" ], "Timesptamp": "00000001.396352", "FunctionName": "GetProcAddress", "ModuleName": "kernel32.dll", "Return": "0x76b95689", "Status": 0 }
{ "Address": "0x42ca2e", "Opcode": "ff1508c04300", "Opcodesize": 6, "Mnemonic": "call dword ptr [0x43c008]", "PID": 1288, "TID": 1612, "Arguments": [ "Arg1", "IN", "HMODULE", "0x18febc", "0x76b80000", "Arg2", "IN", "LPCSTR", "0x18fec0", "BitBlt" ], "Timesptamp": "00000001.405463", "FunctionName": "GetProcAddress", "ModuleName": "kernel32.dll", "Return": "0x76b95ea6", "Status": 0 }
{ "Address": "0x42ca42", "Opcode": "ff1508c04300", "Opcodesize": 6, "Mnemonic": "call dword ptr [0x43c008]", "PID": 1288, "TID": 1612, "Arguments": [ "Arg1", "IN", "HMODULE", "0x18febc", "0x74d30000", "Arg2", "IN", "LPCSTR", "0x18fec0", "GetWindowThreadProcessId" ], "Timesptamp": "00000001.414931", "FunctionName": "GetProcAddress", "ModuleName": "kernel32.dll", "Return": "0x74d491b4", "Status": 0 }
{ "Address": "0x42ca56", "Opcode": "ff1508c04300", "Opcodesize": 6, "Mnemonic": "call dword ptr [0x43c008]", "PID": 1288, "TID": 1612, "Arguments": [ "Arg1", "IN", "HMODULE", "0x18febc", "0x74d30000", "Arg2", "IN", "LPCSTR", "0x18fec0", "SetActiveWindow" ], "Timesptamp": "00000001.425392", "FunctionName": "GetProcAddress", "ModuleName": "kernel32.dll", "Return": "0x74d53208", "Status": 0 }
{ "Address": "0x42ca6a", "Opcode": "ff1508c04300", "Opcodesize": 6, "Mnemonic": "call dword ptr [0x43c008]", "PID": 1288, "TID": 1612, "Arguments": [ "Arg1", "IN", "HMODULE", "0x18febc", "0x74d30000", "Arg2", "IN", "LPCSTR", "0x18fec0", "SetForegroundWindow" ], "Timesptamp": "00000001.433165", "FunctionName": "GetProcAddress", "ModuleName": "kernel32.dll", "Return": "0x74d6f170", "Status": 0 }
{ "Address": "0x42ca7e", "Opcode": "ff1508c04300", "Opcodesize": 6, "Mnemonic": "call dword ptr [0x43c008]", "PID": 1288, "TID": 1612, "Arguments": [ "Arg1", "IN", "HMODULE", "0x18febc", "0x74d30000", "Arg2", "IN", "LPCSTR", "0x18fec0", "RegisterClassExA" ], "Timesptamp": "00000001.442473", "FunctionName": "GetProcAddress", "ModuleName": "kernel32.dll", "Return": "0x74d4db98", "Status": 0 }
{ "Address": "0x42ca92", "Opcode": "ff1508c04300", "Opcodesize": 6, "Mnemonic": "call dword ptr [0x43c008]", "PID": 1288, "TID": 1612, "Arguments": [ "Arg1", "IN", "HMODULE", "0x18febc", "0x74d30000", "Arg2", "IN", "LPCSTR", "0x18fec0", "GetSystemMetrics" ], "Timesptamp": "00000001.451665", "FunctionName": "GetProcAddress", "ModuleName": "kernel32.dll", "Return": "0x74d47d2f", "Status": 0 }
{ "Address": "0x42caa6", "Opcode": "ff1508c04300", "Opcodesize": 6, "Mnemonic": "call dword ptr [0x43c008]", "PID": 1288, "TID": 1612, "Arguments": [ "Arg1", "IN", "HMODULE", "0x18febc", "0x74d30000", "Arg2", "IN", "LPCSTR", "0x18fec0", "CreateWindowExA" ], "Timesptamp": "00000001.460984", "FunctionName": "GetProcAddress", "ModuleName": "kernel32.dll", "Return": "0x74d4d22e", "Status": 0 }
{ "Address": "0x42caba", "Opcode": "ff1508c04300", "Opcodesize": 6, "Mnemonic": "call dword ptr [0x43c008]", "PID": 1288, "TID": 1612, "Arguments": [ "Arg1", "IN", "HMODULE", "0x18febc", "0x74d30000", "Arg2", "IN", "LPCSTR", "0x18fec0", "GetMessageA" ], "Timesptamp": "00000001.468881", "FunctionName": "GetProcAddress", "ModuleName": "kernel32.dll", "Return": "0x74d47bd3", "Status": 0 }
{ "Address": "0x42cace", "Opcode": "ff1508c04300", "Opcodesize": 6, "Mnemonic": "call dword ptr [0x43c008]", "PID": 1288, "TID": 1612, "Arguments": [ "Arg1", "IN", "HMODULE", "0x18febc", "0x74d30000", "Arg2", "IN", "LPCSTR", "0x18fec0", "TranslateMessage" ], "Timesptamp": "00000001.478137", "FunctionName": "GetProcAddress", "ModuleName": "kernel32.dll", "Return": "0x74d47809", "Status": 0 }
{ "Address": "0x42cae2", "Opcode": "ff1508c04300", "Opcodesize": 6, "Mnemonic": "call dword ptr [0x43c008]", "PID": 1288, "TID": 1612, "Arguments": [ "Arg1", "IN", "HMODULE", "0x18febc", "0x74d30000", "Arg2", "IN", "LPCSTR", "0x18fec0", "DispatchMessageA" ], "Timesptamp": "00000001.487435", "FunctionName": "GetProcAddress", "ModuleName": "kernel32.dll", "Return": "0x74d47bbb", "Status": 0 }
{ "Address": "0x42caf6", "Opcode": "ff1508c04300", "Opcodesize": 6, "Mnemonic": "call dword ptr [0x43c008]", "PID": 1288, "TID": 1612, "Arguments": [ "Arg1", "IN", "HMODULE", "0x18febc", "0x74d30000", "Arg2", "IN", "LPCSTR", "0x18fec0", "DestroyWindow" ], "Timesptamp": "00000001.495312", "FunctionName": "GetProcAddress", "ModuleName": "kernel32.dll", "Return": "0x74d49a55", "Status": 0 }
{ "Address": "0x42cb0a", "Opcode": "ff1508c04300", "Opcodesize": 6, "Mnemonic": "call dword ptr [0x43c008]", "PID": 1288, "TID": 1612, "Arguments": [ "Arg1", "IN", "HMODULE", "0x18febc", "0x74d30000", "Arg2", "IN", "LPCSTR", "0x18fec0", "EnumWindows" ], "Timesptamp": "00000001.504575", "FunctionName": "GetProcAddress", "ModuleName": "kernel32.dll", "Return": "0x74d4d1cf", "Status": 0 }
{ "Address": "0x42cb1e", "Opcode": "ff1508c04300", "Opcodesize": 6, "Mnemonic": "call dword ptr [0x43c008]", "PID": 1288, "TID": 1612, "Arguments": [ "Arg1", "IN", "HMODULE", "0x18febc", "0x74d30000", "Arg2", "IN", "LPCSTR", "0x18fec0", "DefWindowProcA" ], "Timesptamp": "00000001.513991", "FunctionName": "GetProcAddress", "ModuleName": "kernel32.dll", "Return": "0x770824e0", "Status": 0 }
{ "Address": "0x42cb32", "Opcode": "ff1508c04300", "Opcodesize": 6, "Mnemonic": "call dword ptr [0x43c008]", "PID": 1288, "TID": 1612, "Arguments": [ "Arg1", "IN", "HMODULE", "0x18febc", "0x74d30000", "Arg2", "IN", "LPCSTR", "0x18fec0", "PostMessageA" ], "Timesptamp": "00000001.523266", "FunctionName": "GetProcAddress", "ModuleName": "kernel32.dll", "Return": "0x74d53baa", "Status": 0 }
{ "Address": "0x42cb46", "Opcode": "ff1508c04300", "Opcodesize": 6, "Mnemonic": "call dword ptr [0x43c008]", "PID": 1288, "TID": 1612, "Arguments": [ "Arg1", "IN", "HMODULE", "0x18febc", "0x74f10000", "Arg2", "IN", "LPCSTR", "0x18fec0", "CreateThread" ], "Timesptamp": "00000001.531714", "FunctionName": "GetProcAddress", "ModuleName": "kernel32.dll", "Return": "0x74f234d5", "Status": 0 }
{ "Address": "0x435c74", "Opcode": "ff156cf74300", "Opcodesize": 6, "Mnemonic": "call dword ptr [0x43f76c]", "PID": 1288, "TID": 1612, "Arguments": [ "Arg1", "IN", "DWORD", "0x18feb4", "0x0", "Arg2", "IN", "SIZE_T", "0x18feb8", "0x10000", "Arg3", "IN", "SIZE_T", "0x18febc", "0x0" ], "Timesptamp": "00000001.540745", "FunctionName": "HeapCreate", "ModuleName": "kernel32.dll", "Return": "0x540000", "Status": 0 }
{ "Address": "0x435c40", "Opcode": "ff1564f74300", "Opcodesize": 6, "Mnemonic": "call dword ptr [0x43f764]", "PID": 1288, "TID": 1612, "Functionname": "HeapAlloc", "Dllname": "ntdll.dll", "Status": 1 }
{ "Address": "0x42bde2", "Opcode": "ff1518c04300", "Opcodesize": 6, "Mnemonic": "call dword ptr [0x43c018]", "PID": 1288, "TID": 1612, "Arguments": [ "Arg1", "IN", "LPCTSTR", "0x18fecc", "kernel32.dll" ], "Timesptamp": "00000001.556850", "FunctionName": "GetModuleHandleA", "ModuleName": "kernel32.dll", "Return": "0x74f10000", "Status": 0 }
{ "Address": "0x42be06", "Opcode": "ff1504c04300", "Opcodesize": 6, "Mnemonic": "call dword ptr [0x43c004]", "PID": 1288, "TID": 1612, "Functionname": "InitializeCriticalSection", "Dllname": "ntdll.dll", "Status": 1 }
{ "Address": "0x42be13", "Opcode": "ff1504c04300", "Opcodesize": 6, "Mnemonic": "call dword ptr [0x43c004]", "PID": 1288, "TID": 1612, "Functionname": "InitializeCriticalSection", "Dllname": "ntdll.dll", "Status": 1 }
{ "Address": "0x42be20", "Opcode": "ff1504c04300", "Opcodesize": 6, "Mnemonic": "call dword ptr [0x43c004]", "PID": 1288, "TID": 1612, "Functionname": "InitializeCriticalSection", "Dllname": "ntdll.dll", "Status": 1 }
{ "Address": "0x42be2d", "Opcode": "ff1504c04300", "Opcodesize": 6, "Mnemonic": "call dword ptr [0x43c004]", "PID": 1288, "TID": 1612, "Functionname": "InitializeCriticalSection", "Dllname": "ntdll.dll", "Status": 1 }
{ "Address": "0x4364e6", "Opcode": "ff15b4f74300", "Opcodesize": 6, "Mnemonic": "call dword ptr [0x43f7b4]", "PID": 1288, "TID": 1612, "Arguments": [ "Arg1", "IN", "DWORD", "0x18fed4", "0x4364ee" ], "Timesptamp": "00000001.601448", "FunctionName": "SetUnhandledExceptionFilter", "ModuleName": "kernel32.dll", "Return": "0x0", "Status": 0 }
{ "Address": "0x42be69", "Opcode": "ff153cf74300", "Opcodesize": 6, "Mnemonic": "call dword ptr [0x43f73c]", "PID": 1288, "TID": 1612, "Arguments": [ "Arg1", "IN", "LPCTSTR", "0x18fe40", "kernel32.dll" ], "Timesptamp": "00000001.609373", "FunctionName": "GetModuleHandleA", "ModuleName": "kernel32.dll", "Return": "0x74f10000", "Status": 0 }
{ "Address": "0x42be92", "Opcode": "ff154cf74300", "Opcodesize": 6, "Mnemonic": "call dword ptr [0x43f74c]", "PID": 1288, "TID": 1612, "Arguments": [ "Arg1", "IN", "HMODULE", "0x18fe3c", "0x74f10000", "Arg2", "IN", "LPCSTR", "0x18fe40", "VirtualAlloc" ], "Timesptamp": "00000001.618529", "FunctionName": "GetProcAddress", "ModuleName": "kernel32.dll", "Return": "0x74f21856", "Status": 0 }
{ "Address": "0x42bec0", "Opcode": "ff55f4", "Opcodesize": 3, "Mnemonic": "call dword ptr [ebp - 0xc]", "PID": 1288, "TID": 1612, "Arguments": [ "Arg1", "IN", "LPVOID", "0x18fe34", "0x0", "Arg2", "IN", "SIZE_T", "0x18fe38", "0x1000", "Arg3", "IN", "DWORD", "0x18fe3c", "0x1000", "Arg4", "IN", "DWORD", "0x18fe40", "0x4" ], "Timesptamp": "00000001.627842", "FunctionName": "VirtualAlloc", "ModuleName": "kernel32.dll", "Return": "0x1c0000", "Status": 0 }
{ "Address": "0x42becf", "Opcode": "ff1560f74300", "Opcodesize": 6, "Mnemonic": "call dword ptr [0x43f760]", "PID": 1288, "TID": 1612, "Arguments": [ ], "Timesptamp": "00000001.635738", "FunctionName": "GetTickCount", "ModuleName": "kernel32.dll", "Return": "0x526d1", "Status": 0 }
{ "Address": "0x42bee1", "Opcode": "ff55f4", "Opcodesize": 3, "Mnemonic": "call dword ptr [ebp - 0xc]", "PID": 1288, "TID": 1612, "Arguments": [ "Arg1", "IN", "LPVOID", "0x18fe34", "0x0", "Arg2", "IN", "SIZE_T", "0x18fe38", "0x26d1", "Arg3", "IN", "DWORD", "0x18fe3c", "0x2000", "Arg4", "IN", "DWORD", "0x18fe40", "0x4" ], "Timesptamp": "00000001.645047", "FunctionName": "VirtualAlloc", "ModuleName": "kernel32.dll", "Return": "0x1d0000", "Status": 0 }
{ "Address": "0x42bef7", "Opcode": "ff55f4", "Opcodesize": 3, "Mnemonic": "call dword ptr [ebp - 0xc]", "PID": 1288, "TID": 1612, "Arguments": [ "Arg1", "IN", "LPVOID", "0x18fe34", "0x0", "Arg2", "IN", "SIZE_T", "0x18fe38", "0x1000", "Arg3", "IN", "DWORD", "0x18fe3c", "0x1000", "Arg4", "IN", "DWORD", "0x18fe40", "0x4" ], "Timesptamp": "00000001.654467", "FunctionName": "VirtualAlloc", "ModuleName": "kernel32.dll", "Return": "0x1e0000", "Status": 0 }
{ "Address": "0x4324b2", "Opcode": "ff15e8f64300", "Opcodesize": 6, "Mnemonic": "call dword ptr [0x43f6e8]", "PID": 1288, "TID": 1612, "Functionname": "EnterCriticalSection", "Dllname": "ntdll.dll", "Status": 1 }
{ "Address": "0x43252e", "Opcode": "ff1594f64300", "Opcodesize": 6, "Mnemonic": "call dword ptr [0x43f694]", "PID": 1288, "TID": 1612, "Arguments": [ "Arg1", "IN", "HANDLE", "0x18fdb8", "0xffffffff", "Arg2", "IN", "LPCVOID", "0x18fdbc", "0x42bf2e", "Arg3", "IN", "SIZE_T", "0x18fdc0", "0x2e" ], "Timesptamp": "00000001.670705", "FunctionName": "FlushInstructionCache", "ModuleName": "kernel32.dll", "Return": "TRUE", "Status": 0 }
{ "Address": "0x432547", "Opcode": "ff1578f74300", "Opcodesize": 6, "Mnemonic": "call dword ptr [0x43f778]", "PID": 1288, "TID": 1612, "Functionname": "LeaveCriticalSection", "Dllname": "ntdll.dll", "Status": 1 }
{ "Address": "0x435c40", "Opcode": "ff1564f74300", "Opcodesize": 6, "Mnemonic": "call dword ptr [0x43f764]", "PID": 1288, "TID": 1612, "Functionname": "HeapAlloc", "Dllname": "ntdll.dll", "Status": 1 }
{ "Address": "0x4324b2", "Opcode": "ff15e8f64300", "Opcodesize": 6, "Mnemonic": "call dword ptr [0x43f6e8]", "PID": 1288, "TID": 1612, "Functionname": "EnterCriticalSection", "Dllname": "ntdll.dll", "Status": 1 }
{ "Address": "0x43252e", "Opcode": "ff1594f64300", "Opcodesize": 6, "Mnemonic": "call dword ptr [0x43f694]", "PID": 1288, "TID": 1612, "Arguments": [ "Arg1", "IN", "HANDLE", "0x18fdb8", "0xffffffff", "Arg2", "IN", "LPCVOID", "0x18fdbc", "0x42bf2e", "Arg3", "IN", "SIZE_T", "0x18fdc0", "0x50" ], "Timesptamp": "00000001.706105", "FunctionName": "FlushInstructionCache", "ModuleName": "kernel32.dll", "Return": "TRUE", "Status": 0 }
{ "Address": "0x432547", "Opcode": "ff1578f74300", "Opcodesize": 6, "Mnemonic": "call dword ptr [0x43f778]", "PID": 1288, "TID": 1612, "Functionname": "LeaveCriticalSection", "Dllname": "ntdll.dll", "Status": 1 }
{ "Address": "0x4324b2", "Opcode": "ff15e8f64300", "Opcodesize": 6, "Mnemonic": "call dword ptr [0x43f6e8]", "PID": 1288, "TID": 1612, "Functionname": "EnterCriticalSection", "Dllname": "ntdll.dll", "Status": 1 }
{ "Address": "0x43252e", "Opcode": "ff1594f64300", "Opcodesize": 6, "Mnemonic": "call dword ptr [0x43f694]", "PID": 1288, "TID": 1612, "Arguments": [ "Arg1", "IN", "HANDLE", "0x18fdb8", "0xffffffff", "Arg2", "IN", "LPCVOID", "0x18fdbc", "0x42bf5c", "Arg3", "IN", "SIZE_T", "0x18fdc0", "0xaf" ], "Timesptamp": "00000001.729700", "FunctionName": "FlushInstructionCache", "ModuleName": "kernel32.dll", "Return": "TRUE", "Status": 0 }
{ "Address": "0x432547", "Opcode": "ff1578f74300", "Opcodesize": 6, "Mnemonic": "call dword ptr [0x43f778]", "PID": 1288, "TID": 1612, "Functionname": "LeaveCriticalSection", "Dllname": "ntdll.dll", "Status": 1 }
{ "Address": "0x4324b2", "Opcode": "ff15e8f64300", "Opcodesize": 6, "Mnemonic": "call dword ptr [0x43f6e8]", "PID": 1288, "TID": 1612, "Functionname": "EnterCriticalSection", "Dllname": "ntdll.dll", "Status": 1 }
{ "Address": "0x43252e", "Opcode": "ff1594f64300", "Opcodesize": 6, "Mnemonic": "call dword ptr [0x43f694]", "PID": 1288, "TID": 1612, "Arguments": [ "Arg1", "IN", "HANDLE", "0x18fdb8", "0xffffffff", "Arg2", "IN", "LPCVOID", "0x18fdbc", "0x42bf97", "Arg3", "IN", "SIZE_T", "0x18fdc0", "0x1b" ], "Timesptamp": "00000001.757471", "FunctionName": "FlushInstructionCache", "ModuleName": "kernel32.dll", "Return": "TRUE", "Status": 0 }
{ "Address": "0x432547", "Opcode": "ff1578f74300", "Opcodesize": 6, "Mnemonic": "call dword ptr [0x43f778]", "PID": 1288, "TID": 1612, "Functionname": "LeaveCriticalSection", "Dllname": "ntdll.dll", "Status": 1 }
{ "Address": "0x4324b2", "Opcode": "ff15e8f64300", "Opcodesize": 6, "Mnemonic": "call dword ptr [0x43f6e8]", "PID": 1288, "TID": 1612, "Functionname": "EnterCriticalSection", "Dllname": "ntdll.dll", "Status": 1 }
{ "Address": "0x43252e", "Opcode": "ff1594f64300", "Opcodesize": 6, "Mnemonic": "call dword ptr [0x43f694]", "PID": 1288, "TID": 1612, "Arguments": [ "Arg1", "IN", "HANDLE", "0x18fdb8", "0xffffffff", "Arg2", "IN", "LPCVOID", "0x18fdbc", "0x42bf97", "Arg3", "IN", "SIZE_T", "0x18fdc0", "0x3c" ], "Timesptamp": "00000001.783833", "FunctionName": "FlushInstructionCache", "ModuleName": "kernel32.dll", "Return": "TRUE", "Status": 0 }
{ "Address": "0x432547", "Opcode": "ff1578f74300", "Opcodesize": 6, "Mnemonic": "call dword ptr [0x43f778]", "PID": 1288, "TID": 1612, "Functionname": "LeaveCriticalSection", "Dllname": "ntdll.dll", "Status": 1 }
{ "Address": "0x4324b2", "Opcode": "ff15e8f64300", "Opcodesize": 6, "Mnemonic": "call dword ptr [0x43f6e8]", "PID": 1288, "TID": 1612, "Functionname": "EnterCriticalSection", "Dllname": "ntdll.dll", "Status": 1 }
{ "Address": "0x43252e", "Opcode": "ff1594f64300", "Opcodesize": 6, "Mnemonic": "call dword ptr [0x43f694]", "PID": 1288, "TID": 1612, "Arguments": [ "Arg1", "IN", "HANDLE", "0x18fdb8", "0xffffffff", "Arg2", "IN", "LPCVOID", "0x18fdbc", "0x42bfb2", "Arg3", "IN", "SIZE_T", "0x18fdc0", "0x47" ], "Timesptamp": "00000001.808582", "FunctionName": "FlushInstructionCache", "ModuleName": "kernel32.dll", "Return": "TRUE", "Status": 0 }
{ "Address": "0x432547", "Opcode": "ff1578f74300", "Opcodesize": 6, "Mnemonic": "call dword ptr [0x43f778]", "PID": 1288, "TID": 1612, "Functionname": "LeaveCriticalSection", "Dllname": "ntdll.dll", "Status": 1 }
{ "Address": "0x4324b2", "Opcode": "ff15e8f64300", "Opcodesize": 6, "Mnemonic": "call dword ptr [0x43f6e8]", "PID": 1288, "TID": 1612, "Functionname": "EnterCriticalSection", "Dllname": "ntdll.dll", "Status": 1 }
{ "Address": "0x43252e", "Opcode": "ff1594f64300", "Opcodesize": 6, "Mnemonic": "call dword ptr [0x43f694]", "PID": 1288, "TID": 1612, "Arguments": [ "Arg1", "IN", "HANDLE", "0x18fdb8", "0xffffffff", "Arg2", "IN", "LPCVOID", "0x18fdbc", "0x42bfd3", "Arg3", "IN", "SIZE_T", "0x18fdc0", "0x26" ], "Timesptamp": "00000001.835827", "FunctionName": "FlushInstructionCache", "ModuleName": "kernel32.dll", "Return": "TRUE", "Status": 0 }
{ "Address": "0x432547", "Opcode": "ff1578f74300", "Opcodesize": 6, "Mnemonic": "call dword ptr [0x43f778]", "PID": 1288, "TID": 1612, "Functionname": "LeaveCriticalSection", "Dllname": "ntdll.dll", "Status": 1 }
{ "Address": "0x4324b2", "Opcode": "ff15e8f64300", "Opcodesize": 6, "Mnemonic": "call dword ptr [0x43f6e8]", "PID": 1288, "TID": 1612, "Functionname": "EnterCriticalSection", "Dllname": "ntdll.dll", "Status": 1 }
{ "Address": "0x43252e", "Opcode": "ff1594f64300", "Opcodesize": 6, "Mnemonic": "call dword ptr [0x43f694]", "PID": 1288, "TID": 1612, "Arguments": [ "Arg1", "IN", "HANDLE", "0x18fdb8", "0xffffffff", "Arg2", "IN", "LPCVOID", "0x18fdbc", "0x42bf7e", "Arg3", "IN", "SIZE_T", "0x18fdc0", "0xb2" ], "Timesptamp": "00000001.861800", "FunctionName": "FlushInstructionCache", "ModuleName": "kernel32.dll", "Return": "TRUE", "Status": 0 }
{ "Address": "0x432547", "Opcode": "ff1578f74300", "Opcodesize": 6, "Mnemonic": "call dword ptr [0x43f778]", "PID": 1288, "TID": 1612, "Functionname": "LeaveCriticalSection", "Dllname": "ntdll.dll", "Status": 1 }
{ "Address": "0x435c40", "Opcode": "ff1564f74300", "Opcodesize": 6, "Mnemonic": "call dword ptr [0x43f764]", "PID": 1288, "TID": 1612, "Functionname": "HeapAlloc", "Dllname": "ntdll.dll", "Status": 1 }
{ "Address": "0x42ce82", "Opcode": "ff153cf74300", "Opcodesize": 6, "Mnemonic": "call dword ptr [0x43f73c]", "PID": 1288, "TID": 1612, "Arguments": [ "Arg1", "IN", "LPCTSTR", "0x18fc84", "\"\"" ], "Timesptamp": "00000001.888356", "FunctionName": "GetModuleHandleA", "ModuleName": "kernel32.dll", "Return": "0x400000", "Status": 0 }
{ "Address": "0x42ce89", "Opcode": "ff1538f74300", "Opcodesize": 6, "Mnemonic": "call dword ptr [0x43f738]", "PID": 1288, "TID": 1612, "Arguments": [ "Arg1", "IN", "HMODULE", "0x18fc84", "0x400000", "Arg2", "OUT", "LPTSTR", "0x18fc88", "0x540888", "Arg3", "IN", "DWORD", "0x18fc8c", "0x104" ], "Timesptamp": "00000001.897659", "FunctionName": "GetModuleFileNameA", "ModuleName": "kernel32.dll", "Return": "0x25", "Output1": [ "0x540888", "C:\\Users\\lhs\\Exec\\molebox_LoadOrd.exe" ], "Status": 0 }
{ "Address": "0x42ceb1", "Opcode": "ff153cf74300", "Opcodesize": 6, "Mnemonic": "call dword ptr [0x43f73c]", "PID": 1288, "TID": 1612, "Arguments": [ "Arg1", "IN", "LPCTSTR", "0x18fc8c", "user32.dll" ], "Timesptamp": "00000001.905829", "FunctionName": "GetModuleHandleA", "ModuleName": "kernel32.dll", "Return": "0x74d30000", "Status": 0 }
{ "Address": "0x42ceda", "Opcode": "ff154cf74300", "Opcodesize": 6, "Mnemonic": "call dword ptr [0x43f74c]", "PID": 1288, "TID": 1612, "Arguments": [ "Arg1", "IN", "HMODULE", "0x18fc88", "0x74d30000", "Arg2", "IN", "LPCSTR", "0x18fc8c", "MessageBoxA" ], "Timesptamp": "00000001.913509", "FunctionName": "GetProcAddress", "ModuleName": "kernel32.dll", "Return": "0x74d9fd1e", "Status": 0 }
{ "Address": "0x42cf01", "Opcode": "ff1584f74300", "Opcodesize": 6, "Mnemonic": "call dword ptr [0x43f784]", "PID": 1288, "TID": 1612, "Arguments": [ "Arg1", "IN", "UINT", "0x18fc88", "0x40", "Arg2", "IN", "SIZE_T", "0x18fc8c", "0x4000" ], "Timesptamp": "00000001.921411", "FunctionName": "LocalAlloc", "ModuleName": "kernel32.dll", "Return": "0x2b23b8", "Status": 0 }
{ "Address": "0x42cf13", "Opcode": "ff1500c04300", "Opcodesize": 6, "Mnemonic": "call dword ptr [0x43c000]", "PID": 1288, "TID": 1612, "Functionname": "lstrcat", "Dllname": "kernel32.dll", "Status": 1 }
{ "Address": "0x42cf39", "Opcode": "ff153cf74300", "Opcodesize": 6, "Mnemonic": "call dword ptr [0x43f73c]", "PID": 1288, "TID": 1612, "Arguments": [ "Arg1", "IN", "LPCTSTR", "0x18fc84", "\"\"" ], "Timesptamp": "00000001.940408", "FunctionName": "GetModuleHandleA", "ModuleName": "kernel32.dll", "Return": "0x400000", "Status": 0 }
{ "Address": "0x42cf40", "Opcode": "ff1538f74300", "Opcodesize": 6, "Mnemonic": "call dword ptr [0x43f738]", "PID": 1288, "TID": 1612, "Arguments": [ "Arg1", "IN", "HMODULE", "0x18fc84", "0x400000", "Arg2", "OUT", "LPTSTR", "0x18fc88", "0x2b23d1", "Arg3", "IN", "DWORD", "0x18fc8c", "0x104" ], "Timesptamp": "00000001.948092", "FunctionName": "GetModuleFileNameA", "ModuleName": "kernel32.dll", "Return": "0x25", "Output1": [ "0x2b23d1", "C:\\Users\\lhs\\Exec\\molebox_LoadOrd.exe" ], "Status": 0 }
{ "Address": "0x42cf4f", "Opcode": "ff1500c04300", "Opcodesize": 6, "Mnemonic": "call dword ptr [0x43c000]", "PID": 1288, "TID": 1612, "Functionname": "lstrcat", "Dllname": "kernel32.dll", "Status": 1 }
{ "Address": "0x42cf5e", "Opcode": "ff1500c04300", "Opcodesize": 6, "Mnemonic": "call dword ptr [0x43c000]", "PID": 1288, "TID": 1612, "Functionname": "lstrcat", "Dllname": "kernel32.dll", "Status": 1 }
{ "Address": "0x42cf6d", "Opcode": "ff1500c04300", "Opcodesize": 6, "Mnemonic": "call dword ptr [0x43c000]", "PID": 1288, "TID": 1612, "Functionname": "lstrcat", "Dllname": "kernel32.dll", "Status": 1 }
