{ "Address": "0x43c2ea", "Opcode": "ff1518d04400", "Opcodesize": 6, "Mnemonic": "call dword ptr [0x44d018]", "PID": 1336, "TID": 160, "Arguments": [ "Arg1", "IN", "LPCTSTR", "0x18fedc", "\"\"" ], "Timesptamp": "00000000.108901", "FunctionName": "GetModuleHandleA", "ModuleName": "kernel32.dll", "Return": "0x400000", "Status": 0 }
{ "Address": "0x43c2fa", "Opcode": "ff1514d04400", "Opcodesize": 6, "Mnemonic": "call dword ptr [0x44d014]", "PID": 1336, "TID": 160, "Arguments": [ "Arg1", "IN", "UINT", "0x18fed8", "0x40", "Arg2", "IN", "SIZE_T", "0x18fedc", "0xd440" ], "Timesptamp": "00000000.118065", "FunctionName": "LocalAlloc", "ModuleName": "kernel32.dll", "Return": "0x5d1770", "Status": 0 }
{ "Address": "0x43c3e8", "Opcode": "ff1514d04400", "Opcodesize": 6, "Mnemonic": "call dword ptr [0x44d014]", "PID": 1336, "TID": 160, "Arguments": [ "Arg1", "IN", "UINT", "0x18fed8", "0x40", "Arg2", "IN", "SIZE_T", "0x18fedc", "0x1bf1" ], "Timesptamp": "00000000.128988", "FunctionName": "LocalAlloc", "ModuleName": "kernel32.dll", "Return": "0x5debb8", "Status": 0 }
{ "Address": "0x43c485", "Opcode": "ff150cd04400", "Opcodesize": 6, "Mnemonic": "call dword ptr [0x44d00c]", "PID": 1336, "TID": 160, "Arguments": [ "Arg1", "IN", "HLOCAL", "0x18fedc", "0x5debb8" ], "Timesptamp": "00000000.138585", "FunctionName": "LocalFree", "ModuleName": "kernel32.dll", "Return": "0x0", "Status": 0 }
{ "Address": "0x43c490", "Opcode": "ff1518d04400", "Opcodesize": 6, "Mnemonic": "call dword ptr [0x44d018]", "PID": 1336, "TID": 160, "Arguments": [ "Arg1", "IN", "LPCTSTR", "0x18fedc", "kernel32.dll" ], "Timesptamp": "00000000.147107", "FunctionName": "GetModuleHandleA", "ModuleName": "kernel32.dll", "Return": "0x74f10000", "Status": 0 }
{ "Address": "0x43c4b9", "Opcode": "ff1508d04400", "Opcodesize": 6, "Mnemonic": "call dword ptr [0x44d008]", "PID": 1336, "TID": 160, "Arguments": [ "Arg1", "IN", "HMODULE", "0x18fed8", "0x74f10000", "Arg2", "IN", "LPCSTR", "0x18fedc", "FlushInstructionCache" ], "Timesptamp": "00000000.155840", "FunctionName": "GetProcAddress", "ModuleName": "kernel32.dll", "Return": "0x74f24393", "Status": 0 }
{ "Address": "0x43c4cd", "Opcode": "ff1508d04400", "Opcodesize": 6, "Mnemonic": "call dword ptr [0x44d008]", "PID": 1336, "TID": 160, "Arguments": [ "Arg1", "IN", "HMODULE", "0x18fed8", "0x74f10000", "Arg2", "IN", "LPCSTR", "0x18fedc", "GetCurrentProcess" ], "Timesptamp": "00000000.164399", "FunctionName": "GetProcAddress", "ModuleName": "kernel32.dll", "Return": "0x74f21809", "Status": 0 }
{ "Address": "0x43c4f0", "Opcode": "ff55ec", "Opcodesize": 3, "Mnemonic": "call dword ptr [ebp - 0x14]", "PID": 1336, "TID": 160, "Arguments": [ ], "Timesptamp": "00000000.238416", "FunctionName": "GetCurrentProcess", "ModuleName": "kernel32.dll", "Return": "0xffffffff", "Status": 0 }
{ "Address": "0x43c5c6", "Opcode": "ff1514d04400", "Opcodesize": 6, "Mnemonic": "call dword ptr [0x44d014]", "PID": 1336, "TID": 160, "Arguments": [ "Arg1", "IN", "UINT", "0x18fed8", "0x40", "Arg2", "IN", "SIZE_T", "0x18fedc", "0x9501" ], "Timesptamp": "00000000.249878", "FunctionName": "LocalAlloc", "ModuleName": "kernel32.dll", "Return": "0x5debb8", "Status": 0 }
{ "Address": "0x43c66e", "Opcode": "ff1594064500", "Opcodesize": 6, "Mnemonic": "call dword ptr [0x450694]", "PID": 1336, "TID": 160, "Arguments": [ "Arg1", "IN", "HANDLE", "0x18fed4", "0xffffffff", "Arg2", "IN", "LPCVOID", "0x18fed8", "0x43cb82", "Arg3", "IN", "SIZE_T", "0x18fedc", "0x1047e" ], "Timesptamp": "00000000.260551", "FunctionName": "FlushInstructionCache", "ModuleName": "kernel32.dll", "Return": "TRUE", "Status": 0 }
{ "Address": "0x43c678", "Opcode": "ff150cd04400", "Opcodesize": 6, "Mnemonic": "call dword ptr [0x44d00c]", "PID": 1336, "TID": 160, "Arguments": [ "Arg1", "IN", "HLOCAL", "0x18fedc", "0x5debb8" ], "Timesptamp": "00000000.269451", "FunctionName": "LocalFree", "ModuleName": "kernel32.dll", "Return": "0x0", "Status": 0 }
{ "Address": "0x43c682", "Opcode": "ff150cd04400", "Opcodesize": 6, "Mnemonic": "call dword ptr [0x44d00c]", "PID": 1336, "TID": 160, "Arguments": [ "Arg1", "IN", "HLOCAL", "0x18fedc", "0x5d1770" ], "Timesptamp": "00000000.288228", "FunctionName": "LocalFree", "ModuleName": "kernel32.dll", "Return": "0x0", "Status": 0 }
{ "Address": "0x43c68d", "Opcode": "ff1504d04400", "Opcodesize": 6, "Mnemonic": "call dword ptr [0x44d004]", "PID": 1336, "TID": 160, "Functionname": "RtlInitializeCriticalSection", "Dllname": "ntdll.dll", "Status": 1 }
{ "Address": "0x43d2db", "Opcode": "ff1518d04400", "Opcodesize": 6, "Mnemonic": "call dword ptr [0x44d018]", "PID": 1336, "TID": 160, "Arguments": [ "Arg1", "IN", "LPCTSTR", "0x18fec0", "kernel32.dll" ], "Timesptamp": "00000000.306592", "FunctionName": "GetModuleHandleA", "ModuleName": "kernel32.dll", "Return": "0x74f10000", "Status": 0 }
{ "Address": "0x43d304", "Opcode": "ff1508d04400", "Opcodesize": 6, "Mnemonic": "call dword ptr [0x44d008]", "PID": 1336, "TID": 160, "Arguments": [ "Arg1", "IN", "HMODULE", "0x18febc", "0x74f10000", "Arg2", "IN", "LPCSTR", "0x18fec0", "CloseHandle" ], "Timesptamp": "00000000.318560", "FunctionName": "GetProcAddress", "ModuleName": "kernel32.dll", "Return": "0x74f21410", "Status": 0 }
{ "Address": "0x43d318", "Opcode": "ff1508d04400", "Opcodesize": 6, "Mnemonic": "call dword ptr [0x44d008]", "PID": 1336, "TID": 160, "Arguments": [ "Arg1", "IN", "HMODULE", "0x18febc", "0x74f10000", "Arg2", "IN", "LPCSTR", "0x18fec0", "CreateFileA" ], "Timesptamp": "00000000.330047", "FunctionName": "GetProcAddress", "ModuleName": "kernel32.dll", "Return": "0x74f253c6", "Status": 0 }
{ "Address": "0x43d32c", "Opcode": "ff1508d04400", "Opcodesize": 6, "Mnemonic": "call dword ptr [0x44d008]", "PID": 1336, "TID": 160, "Arguments": [ "Arg1", "IN", "HMODULE", "0x18febc", "0x74f10000", "Arg2", "IN", "LPCSTR", "0x18fec0", "CreateFileW" ], "Timesptamp": "00000000.338938", "FunctionName": "GetProcAddress", "ModuleName": "kernel32.dll", "Return": "0x74f23f5c", "Status": 0 }
{ "Address": "0x43d340", "Opcode": "ff1508d04400", "Opcodesize": 6, "Mnemonic": "call dword ptr [0x44d008]", "PID": 1336, "TID": 160, "Arguments": [ "Arg1", "IN", "HMODULE", "0x18febc", "0x74f10000", "Arg2", "IN", "LPCSTR", "0x18fec0", "CreateFileMappingA" ], "Timesptamp": "00000000.347831", "FunctionName": "GetProcAddress", "ModuleName": "kernel32.dll", "Return": "0x74f25506", "Status": 0 }
{ "Address": "0x43d354", "Opcode": "ff1508d04400", "Opcodesize": 6, "Mnemonic": "call dword ptr [0x44d008]", "PID": 1336, "TID": 160, "Arguments": [ "Arg1", "IN", "HMODULE", "0x18febc", "0x74f10000", "Arg2", "IN", "LPCSTR", "0x18fec0", "CreateFileMappingW" ], "Timesptamp": "00000000.356606", "FunctionName": "GetProcAddress", "ModuleName": "kernel32.dll", "Return": "0x74f21909", "Status": 0 }
{ "Address": "0x43d368", "Opcode": "ff1508d04400", "Opcodesize": 6, "Mnemonic": "call dword ptr [0x44d008]", "PID": 1336, "TID": 160, "Arguments": [ "Arg1", "IN", "HMODULE", "0x18febc", "0x74f10000", "Arg2", "IN", "LPCSTR", "0x18fec0", "CreateProcessA" ], "Timesptamp": "00000000.365466", "FunctionName": "GetProcAddress", "ModuleName": "kernel32.dll", "Return": "0x74f21072", "Status": 0 }
{ "Address": "0x43d37c", "Opcode": "ff1508d04400", "Opcodesize": 6, "Mnemonic": "call dword ptr [0x44d008]", "PID": 1336, "TID": 160, "Arguments": [ "Arg1", "IN", "HMODULE", "0x18febc", "0x74f10000", "Arg2", "IN", "LPCSTR", "0x18fec0", "DebugBreak" ], "Timesptamp": "00000000.389629", "FunctionName": "GetProcAddress", "ModuleName": "kernel32.dll", "Return": "0x74fa41b5", "Status": 0 }
{ "Address": "0x43d390", "Opcode": "ff1508d04400", "Opcodesize": 6, "Mnemonic": "call dword ptr [0x44d008]", "PID": 1336, "TID": 160, "Arguments": [ "Arg1", "IN", "HMODULE", "0x18febc", "0x74f10000", "Arg2", "IN", "LPCSTR", "0x18fec0", "DeleteFileA" ], "Timesptamp": "00000000.398478", "FunctionName": "GetProcAddress", "ModuleName": "kernel32.dll", "Return": "0x74f25444", "Status": 0 }
{ "Address": "0x43d3a4", "Opcode": "ff1508d04400", "Opcodesize": 6, "Mnemonic": "call dword ptr [0x44d008]", "PID": 1336, "TID": 160, "Arguments": [ "Arg1", "IN", "HMODULE", "0x18febc", "0x74f10000", "Arg2", "IN", "LPCSTR", "0x18fec0", "EnterCriticalSection" ], "Timesptamp": "00000000.407708", "FunctionName": "GetProcAddress", "ModuleName": "kernel32.dll", "Return": "0x770622b0", "Status": 0 }
{ "Address": "0x43d3b8", "Opcode": "ff1508d04400", "Opcodesize": 6, "Mnemonic": "call dword ptr [0x44d008]", "PID": 1336, "TID": 160, "Arguments": [ "Arg1", "IN", "HMODULE", "0x18febc", "0x74f10000", "Arg2", "IN", "LPCSTR", "0x18fec0", "ExitProcess" ], "Timesptamp": "00000000.417363", "FunctionName": "GetProcAddress", "ModuleName": "kernel32.dll", "Return": "0x74f27a10", "Status": 0 }
{ "Address": "0x43d3cc", "Opcode": "ff1508d04400", "Opcodesize": 6, "Mnemonic": "call dword ptr [0x44d008]", "PID": 1336, "TID": 160, "Arguments": [ "Arg1", "IN", "HMODULE", "0x18febc", "0x74f10000", "Arg2", "IN", "LPCSTR", "0x18fec0", "FindClose" ], "Timesptamp": "00000000.426367", "FunctionName": "GetProcAddress", "ModuleName": "kernel32.dll", "Return": "0x74f24442", "Status": 0 }
{ "Address": "0x43d3e0", "Opcode": "ff1508d04400", "Opcodesize": 6, "Mnemonic": "call dword ptr [0x44d008]", "PID": 1336, "TID": 160, "Arguments": [ "Arg1", "IN", "HMODULE", "0x18febc", "0x74f10000", "Arg2", "IN", "LPCSTR", "0x18fec0", "FindFirstFileA" ], "Timesptamp": "00000000.435590", "FunctionName": "GetProcAddress", "ModuleName": "kernel32.dll", "Return": "0x74f2e2ce", "Status": 0 }
{ "Address": "0x43d3f4", "Opcode": "ff1508d04400", "Opcodesize": 6, "Mnemonic": "call dword ptr [0x44d008]", "PID": 1336, "TID": 160, "Arguments": [ "Arg1", "IN", "HMODULE", "0x18febc", "0x74f10000", "Arg2", "IN", "LPCSTR", "0x18fec0", "FindNextFileA" ], "Timesptamp": "00000000.444462", "FunctionName": "GetProcAddress", "ModuleName": "kernel32.dll", "Return": "0x74f4d53e", "Status": 0 }
{ "Address": "0x43d408", "Opcode": "ff1508d04400", "Opcodesize": 6, "Mnemonic": "call dword ptr [0x44d008]", "PID": 1336, "TID": 160, "Arguments": [ "Arg1", "IN", "HMODULE", "0x18febc", "0x74f10000", "Arg2", "IN", "LPCSTR", "0x18fec0", "FlushFileBuffers" ], "Timesptamp": "00000000.453937", "FunctionName": "GetProcAddress", "ModuleName": "kernel32.dll", "Return": "0x74f2469b", "Status": 0 }
{ "Address": "0x43d41c", "Opcode": "ff1508d04400", "Opcodesize": 6, "Mnemonic": "call dword ptr [0x44d008]", "PID": 1336, "TID": 160, "Arguments": [ "Arg1", "IN", "HMODULE", "0x18febc", "0x74f10000", "Arg2", "IN", "LPCSTR", "0x18fec0", "FormatMessageA" ], "Timesptamp": "00000000.463063", "FunctionName": "GetProcAddress", "ModuleName": "kernel32.dll", "Return": "0x74f45fbd", "Status": 0 }
{ "Address": "0x43d430", "Opcode": "ff1508d04400", "Opcodesize": 6, "Mnemonic": "call dword ptr [0x44d008]", "PID": 1336, "TID": 160, "Arguments": [ "Arg1", "IN", "HMODULE", "0x18febc", "0x74f10000", "Arg2", "IN", "LPCSTR", "0x18fec0", "FreeLibrary" ], "Timesptamp": "00000000.471938", "FunctionName": "GetProcAddress", "ModuleName": "kernel32.dll", "Return": "0x74f234c8", "Status": 0 }
{ "Address": "0x43d444", "Opcode": "ff1508d04400", "Opcodesize": 6, "Mnemonic": "call dword ptr [0x44d008]", "PID": 1336, "TID": 160, "Arguments": [ "Arg1", "IN", "HMODULE", "0x18febc", "0x74f10000", "Arg2", "IN", "LPCSTR", "0x18fec0", "GetCurrentProcess" ], "Timesptamp": "00000000.490539", "FunctionName": "GetProcAddress", "ModuleName": "kernel32.dll", "Return": "0x74f21809", "Status": 0 }
{ "Address": "0x43d458", "Opcode": "ff1508d04400", "Opcodesize": 6, "Mnemonic": "call dword ptr [0x44d008]", "PID": 1336, "TID": 160, "Arguments": [ "Arg1", "IN", "HMODULE", "0x18febc", "0x74f10000", "Arg2", "IN", "LPCSTR", "0x18fec0", "GetCurrentProcessId" ], "Timesptamp": "00000000.499512", "FunctionName": "GetProcAddress", "ModuleName": "kernel32.dll", "Return": "0x74f211f8", "Status": 0 }
{ "Address": "0x43d46c", "Opcode": "ff1508d04400", "Opcodesize": 6, "Mnemonic": "call dword ptr [0x44d008]", "PID": 1336, "TID": 160, "Arguments": [ "Arg1", "IN", "HMODULE", "0x18febc", "0x74f10000", "Arg2", "IN", "LPCSTR", "0x18fec0", "GetEnvironmentVariableA" ], "Timesptamp": "00000000.508392", "FunctionName": "GetProcAddress", "ModuleName": "kernel32.dll", "Return": "0x74f233a0", "Status": 0 }
{ "Address": "0x43d480", "Opcode": "ff1508d04400", "Opcodesize": 6, "Mnemonic": "call dword ptr [0x44d008]", "PID": 1336, "TID": 160, "Arguments": [ "Arg1", "IN", "HMODULE", "0x18febc", "0x74f10000", "Arg2", "IN", "LPCSTR", "0x18fec0", "GetExitCodeProcess" ], "Timesptamp": "00000000.514231", "FunctionName": "GetProcAddress", "ModuleName": "kernel32.dll", "Return": "0x74f3174d", "Status": 0 }
{ "Address": "0x43d494", "Opcode": "ff1508d04400", "Opcodesize": 6, "Mnemonic": "call dword ptr [0x44d008]", "PID": 1336, "TID": 160, "Arguments": [ "Arg1", "IN", "HMODULE", "0x18febc", "0x74f10000", "Arg2", "IN", "LPCSTR", "0x18fec0", "GetFileAttributesA" ], "Timesptamp": "00000000.523208", "FunctionName": "GetProcAddress", "ModuleName": "kernel32.dll", "Return": "0x74f25414", "Status": 0 }
{ "Address": "0x43d4a8", "Opcode": "ff1508d04400", "Opcodesize": 6, "Mnemonic": "call dword ptr [0x44d008]", "PID": 1336, "TID": 160, "Arguments": [ "Arg1", "IN", "HMODULE", "0x18febc", "0x74f10000", "Arg2", "IN", "LPCSTR", "0x18fec0", "GetFileAttributesW" ], "Timesptamp": "00000000.536386", "FunctionName": "GetProcAddress", "ModuleName": "kernel32.dll", "Return": "0x74f21b18", "Status": 0 }
{ "Address": "0x43d4bc", "Opcode": "ff1508d04400", "Opcodesize": 6, "Mnemonic": "call dword ptr [0x44d008]", "PID": 1336, "TID": 160, "Arguments": [ "Arg1", "IN", "HMODULE", "0x18febc", "0x74f10000", "Arg2", "IN", "LPCSTR", "0x18fec0", "GetFileInformationByHandle" ], "Timesptamp": "00000000.545340", "FunctionName": "GetProcAddress", "ModuleName": "kernel32.dll", "Return": "0x74f253ae", "Status": 0 }
{ "Address": "0x43d4d0", "Opcode": "ff1508d04400", "Opcodesize": 6, "Mnemonic": "call dword ptr [0x44d008]", "PID": 1336, "TID": 160, "Arguments": [ "Arg1", "IN", "HMODULE", "0x18febc", "0x74f10000", "Arg2", "IN", "LPCSTR", "0x18fec0", "GetFileSize" ], "Timesptamp": "00000000.554219", "FunctionName": "GetProcAddress", "ModuleName": "kernel32.dll", "Return": "0x74f2196e", "Status": 0 }
{ "Address": "0x43d4e4", "Opcode": "ff1508d04400", "Opcodesize": 6, "Mnemonic": "call dword ptr [0x44d008]", "PID": 1336, "TID": 160, "Arguments": [ "Arg1", "IN", "HMODULE", "0x18febc", "0x74f10000", "Arg2", "IN", "LPCSTR", "0x18fec0", "GetFileTime" ], "Timesptamp": "00000000.563205", "FunctionName": "GetProcAddress", "ModuleName": "kernel32.dll", "Return": "0x74f24407", "Status": 0 }
{ "Address": "0x43d4f8", "Opcode": "ff1508d04400", "Opcodesize": 6, "Mnemonic": "call dword ptr [0x44d008]", "PID": 1336, "TID": 160, "Arguments": [ "Arg1", "IN", "HMODULE", "0x18febc", "0x74f10000", "Arg2", "IN", "LPCSTR", "0x18fec0", "GetFullPathNameA" ], "Timesptamp": "00000000.583076", "FunctionName": "GetProcAddress", "ModuleName": "kernel32.dll", "Return": "0x74f2e2c1", "Status": 0 }
{ "Address": "0x43d50c", "Opcode": "ff1508d04400", "Opcodesize": 6, "Mnemonic": "call dword ptr [0x44d008]", "PID": 1336, "TID": 160, "Arguments": [ "Arg1", "IN", "HMODULE", "0x18febc", "0x74f10000", "Arg2", "IN", "LPCSTR", "0x18fec0", "GetFullPathNameW" ], "Timesptamp": "00000000.592254", "FunctionName": "GetProcAddress", "ModuleName": "kernel32.dll", "Return": "0x74f240d4", "Status": 0 }
{ "Address": "0x43d520", "Opcode": "ff1508d04400", "Opcodesize": 6, "Mnemonic": "call dword ptr [0x44d008]", "PID": 1336, "TID": 160, "Arguments": [ "Arg1", "IN", "HMODULE", "0x18febc", "0x74f10000", "Arg2", "IN", "LPCSTR", "0x18fec0", "GetLastError" ], "Timesptamp": "00000000.601120", "FunctionName": "GetProcAddress", "ModuleName": "kernel32.dll", "Return": "0x74f211c0", "Status": 0 }
{ "Address": "0x43d534", "Opcode": "ff1508d04400", "Opcodesize": 6, "Mnemonic": "call dword ptr [0x44d008]", "PID": 1336, "TID": 160, "Arguments": [ "Arg1", "IN", "HMODULE", "0x18febc", "0x74f10000", "Arg2", "IN", "LPCSTR", "0x18fec0", "GetModuleFileNameA" ], "Timesptamp": "00000000.610022", "FunctionName": "GetProcAddress", "ModuleName": "kernel32.dll", "Return": "0x74f214b1", "Status": 0 }
{ "Address": "0x43d548", "Opcode": "ff1508d04400", "Opcodesize": 6, "Mnemonic": "call dword ptr [0x44d008]", "PID": 1336, "TID": 160, "Arguments": [ "Arg1", "IN", "HMODULE", "0x18febc", "0x74f10000", "Arg2", "IN", "LPCSTR", "0x18fec0", "GetModuleHandleA" ], "Timesptamp": "00000000.619957", "FunctionName": "GetProcAddress", "ModuleName": "kernel32.dll", "Return": "0x74f21245", "Status": 0 }
{ "Address": "0x43d55c", "Opcode": "ff1508d04400", "Opcodesize": 6, "Mnemonic": "call dword ptr [0x44d008]", "PID": 1336, "TID": 160, "Arguments": [ "Arg1", "IN", "HMODULE", "0x18febc", "0x74f10000", "Arg2", "IN", "LPCSTR", "0x18fec0", "GetPrivateProfileIntA" ], "Timesptamp": "00000000.629305", "FunctionName": "GetProcAddress", "ModuleName": "kernel32.dll", "Return": "0x74f4cdd7", "Status": 0 }
{ "Address": "0x43d570", "Opcode": "ff1508d04400", "Opcodesize": 6, "Mnemonic": "call dword ptr [0x44d008]", "PID": 1336, "TID": 160, "Arguments": [ "Arg1", "IN", "HMODULE", "0x18febc", "0x74f10000", "Arg2", "IN", "LPCSTR", "0x18fec0", "GetPrivateProfileSectionNamesA" ], "Timesptamp": "00000000.638386", "FunctionName": "GetProcAddress", "ModuleName": "kernel32.dll", "Return": "0x74f9a1c9", "Status": 0 }
{ "Address": "0x43d584", "Opcode": "ff1508d04400", "Opcodesize": 6, "Mnemonic": "call dword ptr [0x44d008]", "PID": 1336, "TID": 160, "Arguments": [ "Arg1", "IN", "HMODULE", "0x18febc", "0x74f10000", "Arg2", "IN", "LPCSTR", "0x18fec0", "GetPrivateProfileStringA" ], "Timesptamp": "00000000.647321", "FunctionName": "GetProcAddress", "ModuleName": "kernel32.dll", "Return": "0x74f3184c", "Status": 0 }
{ "Address": "0x43d598", "Opcode": "ff1508d04400", "Opcodesize": 6, "Mnemonic": "call dword ptr [0x44d008]", "PID": 1336, "TID": 160, "Arguments": [ "Arg1", "IN", "HMODULE", "0x18febc", "0x74f10000", "Arg2", "IN", "LPCSTR", "0x18fec0", "GetProcAddress" ], "Timesptamp": "00000000.657772", "FunctionName": "GetProcAddress", "ModuleName": "kernel32.dll", "Return": "0x74f21222", "Status": 0 }
{ "Address": "0x43d5ac", "Opcode": "ff1508d04400", "Opcodesize": 6, "Mnemonic": "call dword ptr [0x44d008]", "PID": 1336, "TID": 160, "Arguments": [ "Arg1", "IN", "HMODULE", "0x18febc", "0x74f10000", "Arg2", "IN", "LPCSTR", "0x18fec0", "GetSystemTimeAsFileTime" ], "Timesptamp": "00000000.666727", "FunctionName": "GetProcAddress", "ModuleName": "kernel32.dll", "Return": "0x74f23509", "Status": 0 }
{ "Address": "0x43d5c0", "Opcode": "ff1508d04400", "Opcodesize": 6, "Mnemonic": "call dword ptr [0x44d008]", "PID": 1336, "TID": 160, "Arguments": [ "Arg1", "IN", "HMODULE", "0x18febc", "0x74f10000", "Arg2", "IN", "LPCSTR", "0x18fec0", "GetTempFileNameA" ], "Timesptamp": "00000000.675627", "FunctionName": "GetProcAddress", "ModuleName": "kernel32.dll", "Return": "0x74f49d3f", "Status": 0 }
{ "Address": "0x43d5d4", "Opcode": "ff1508d04400", "Opcodesize": 6, "Mnemonic": "call dword ptr [0x44d008]", "PID": 1336, "TID": 160, "Arguments": [ "Arg1", "IN", "HMODULE", "0x18febc", "0x74f10000", "Arg2", "IN", "LPCSTR", "0x18fec0", "GetTempPathA" ], "Timesptamp": "00000000.701824", "FunctionName": "GetProcAddress", "ModuleName": "kernel32.dll", "Return": "0x74f4276c", "Status": 0 }
{ "Address": "0x43d5e8", "Opcode": "ff1508d04400", "Opcodesize": 6, "Mnemonic": "call dword ptr [0x44d008]", "PID": 1336, "TID": 160, "Arguments": [ "Arg1", "IN", "HMODULE", "0x18febc", "0x74f10000", "Arg2", "IN", "LPCSTR", "0x18fec0", "GetVersionExA" ], "Timesptamp": "00000000.710776", "FunctionName": "GetProcAddress", "ModuleName": "kernel32.dll", "Return": "0x74f23519", "Status": 0 }
{ "Address": "0x43d5fc", "Opcode": "ff1508d04400", "Opcodesize": 6, "Mnemonic": "call dword ptr [0x44d008]", "PID": 1336, "TID": 160, "Arguments": [ "Arg1", "IN", "HMODULE", "0x18febc", "0x74f10000", "Arg2", "IN", "LPCSTR", "0x18fec0", "GetTickCount" ], "Timesptamp": "00000000.719755", "FunctionName": "GetProcAddress", "ModuleName": "kernel32.dll", "Return": "0x74f2110c", "Status": 0 }
{ "Address": "0x43d610", "Opcode": "ff1508d04400", "Opcodesize": 6, "Mnemonic": "call dword ptr [0x44d008]", "PID": 1336, "TID": 160, "Arguments": [ "Arg1", "IN", "HMODULE", "0x18febc", "0x74f10000", "Arg2", "IN", "LPCSTR", "0x18fec0", "HeapAlloc" ], "Timesptamp": "00000000.729081", "FunctionName": "GetProcAddress", "ModuleName": "kernel32.dll", "Return": "0x7706e026", "Status": 0 }
{ "Address": "0x43d624", "Opcode": "ff1508d04400", "Opcodesize": 6, "Mnemonic": "call dword ptr [0x44d008]", "PID": 1336, "TID": 160, "Arguments": [ "Arg1", "IN", "HMODULE", "0x18febc", "0x74f10000", "Arg2", "IN", "LPCSTR", "0x18fec0", "HeapFree" ], "Timesptamp": "00000000.738008", "FunctionName": "GetProcAddress", "ModuleName": "kernel32.dll", "Return": "0x74f214c9", "Status": 0 }
{ "Address": "0x43d638", "Opcode": "ff1508d04400", "Opcodesize": 6, "Mnemonic": "call dword ptr [0x44d008]", "PID": 1336, "TID": 160, "Arguments": [ "Arg1", "IN", "HMODULE", "0x18febc", "0x74f10000", "Arg2", "IN", "LPCSTR", "0x18fec0", "HeapCreate" ], "Timesptamp": "00000000.747077", "FunctionName": "GetProcAddress", "ModuleName": "kernel32.dll", "Return": "0x74f24a2d", "Status": 0 }
{ "Address": "0x43d64c", "Opcode": "ff1508d04400", "Opcodesize": 6, "Mnemonic": "call dword ptr [0x44d008]", "PID": 1336, "TID": 160, "Arguments": [ "Arg1", "IN", "HMODULE", "0x18febc", "0x74f10000", "Arg2", "IN", "LPCSTR", "0x18fec0", "InitializeCriticalSection" ], "Timesptamp": "00000000.756025", "FunctionName": "GetProcAddress", "ModuleName": "kernel32.dll", "Return": "0x77072c42", "Status": 0 }
{ "Address": "0x43d660", "Opcode": "ff1508d04400", "Opcodesize": 6, "Mnemonic": "call dword ptr [0x44d008]", "PID": 1336, "TID": 160, "Arguments": [ "Arg1", "IN", "HMODULE", "0x18febc", "0x74f10000", "Arg2", "IN", "LPCSTR", "0x18fec0", "DeleteCriticalSection" ], "Timesptamp": "00000000.765119", "FunctionName": "GetProcAddress", "ModuleName": "kernel32.dll", "Return": "0x770745f5", "Status": 0 }
{ "Address": "0x43d674", "Opcode": "ff1508d04400", "Opcodesize": 6, "Mnemonic": "call dword ptr [0x44d008]", "PID": 1336, "TID": 160, "Arguments": [ "Arg1", "IN", "HMODULE", "0x18febc", "0x74f10000", "Arg2", "IN", "LPCSTR", "0x18fec0", "LeaveCriticalSection" ], "Timesptamp": "00000000.774106", "FunctionName": "GetProcAddress", "ModuleName": "kernel32.dll", "Return": "0x77062270", "Status": 0 }
{ "Address": "0x43d688", "Opcode": "ff1508d04400", "Opcodesize": 6, "Mnemonic": "call dword ptr [0x44d008]", "PID": 1336, "TID": 160, "Arguments": [ "Arg1", "IN", "HMODULE", "0x18febc", "0x74f10000", "Arg2", "IN", "LPCSTR", "0x18fec0", "LoadLibraryA" ], "Timesptamp": "00000000.783077", "FunctionName": "GetProcAddress", "ModuleName": "kernel32.dll", "Return": "0x74f249d7", "Status": 0 }
{ "Address": "0x43d69c", "Opcode": "ff1508d04400", "Opcodesize": 6, "Mnemonic": "call dword ptr [0x44d008]", "PID": 1336, "TID": 160, "Arguments": [ "Arg1", "IN", "HMODULE", "0x18febc", "0x74f10000", "Arg2", "IN", "LPCSTR", "0x18fec0", "LoadLibraryExA" ], "Timesptamp": "00000000.792099", "FunctionName": "GetProcAddress", "ModuleName": "kernel32.dll", "Return": "0x74f24913", "Status": 0 }
{ "Address": "0x43d6b0", "Opcode": "ff1508d04400", "Opcodesize": 6, "Mnemonic": "call dword ptr [0x44d008]", "PID": 1336, "TID": 160, "Arguments": [ "Arg1", "IN", "HMODULE", "0x18febc", "0x74f10000", "Arg2", "IN", "LPCSTR", "0x18fec0", "LocalAlloc" ], "Timesptamp": "00000000.801005", "FunctionName": "GetProcAddress", "ModuleName": "kernel32.dll", "Return": "0x74f2168c", "Status": 0 }
{ "Address": "0x43d6c4", "Opcode": "ff1508d04400", "Opcodesize": 6, "Mnemonic": "call dword ptr [0x44d008]", "PID": 1336, "TID": 160, "Arguments": [ "Arg1", "IN", "HMODULE", "0x18febc", "0x74f10000", "Arg2", "IN", "LPCSTR", "0x18fec0", "LocalFree" ], "Timesptamp": "00000000.810111", "FunctionName": "GetProcAddress", "ModuleName": "kernel32.dll", "Return": "0x74f22d3c", "Status": 0 }
{ "Address": "0x43d6d8", "Opcode": "ff1508d04400", "Opcodesize": 6, "Mnemonic": "call dword ptr [0x44d008]", "PID": 1336, "TID": 160, "Arguments": [ "Arg1", "IN", "HMODULE", "0x18febc", "0x74f10000", "Arg2", "IN", "LPCSTR", "0x18fec0", "LockFile" ], "Timesptamp": "00000000.819047", "FunctionName": "GetProcAddress", "ModuleName": "kernel32.dll", "Return": "0x74f4cf1e", "Status": 0 }
{ "Address": "0x43d6ec", "Opcode": "ff1508d04400", "Opcodesize": 6, "Mnemonic": "call dword ptr [0x44d008]", "PID": 1336, "TID": 160, "Arguments": [ "Arg1", "IN", "HMODULE", "0x18febc", "0x74f10000", "Arg2", "IN", "LPCSTR", "0x18fec0", "MapViewOfFile" ], "Timesptamp": "00000000.828248", "FunctionName": "GetProcAddress", "ModuleName": "kernel32.dll", "Return": "0x74f218f1", "Status": 0 }
{ "Address": "0x43d700", "Opcode": "ff1508d04400", "Opcodesize": 6, "Mnemonic": "call dword ptr [0x44d008]", "PID": 1336, "TID": 160, "Arguments": [ "Arg1", "IN", "HMODULE", "0x18febc", "0x74f10000", "Arg2", "IN", "LPCSTR", "0x18fec0", "MultiByteToWideChar" ], "Timesptamp": "00000000.837409", "FunctionName": "GetProcAddress", "ModuleName": "kernel32.dll", "Return": "0x74f2192e", "Status": 0 }
{ "Address": "0x43d714", "Opcode": "ff1508d04400", "Opcodesize": 6, "Mnemonic": "call dword ptr [0x44d008]", "PID": 1336, "TID": 160, "Arguments": [ "Arg1", "IN", "HMODULE", "0x18febc", "0x74f10000", "Arg2", "IN", "LPCSTR", "0x18fec0", "OpenProcess" ], "Timesptamp": "00000000.846401", "FunctionName": "GetProcAddress", "ModuleName": "kernel32.dll", "Return": "0x74f21986", "Status": 0 }
{ "Address": "0x43d728", "Opcode": "ff1508d04400", "Opcodesize": 6, "Mnemonic": "call dword ptr [0x44d008]", "PID": 1336, "TID": 160, "Arguments": [ "Arg1", "IN", "HMODULE", "0x18febc", "0x74f10000", "Arg2", "IN", "LPCSTR", "0x18fec0", "RaiseException" ], "Timesptamp": "00000000.858753", "FunctionName": "GetProcAddress", "ModuleName": "kernel32.dll", "Return": "0x74f258a6", "Status": 0 }
{ "Address": "0x43d73c", "Opcode": "ff1508d04400", "Opcodesize": 6, "Mnemonic": "call dword ptr [0x44d008]", "PID": 1336, "TID": 160, "Arguments": [ "Arg1", "IN", "HMODULE", "0x18febc", "0x74f10000", "Arg2", "IN", "LPCSTR", "0x18fec0", "ReadFile" ], "Timesptamp": "00000000.867681", "FunctionName": "GetProcAddress", "ModuleName": "kernel32.dll", "Return": "0x74f23ed3", "Status": 0 }
{ "Address": "0x43d750", "Opcode": "ff1508d04400", "Opcodesize": 6, "Mnemonic": "call dword ptr [0x44d008]", "PID": 1336, "TID": 160, "Arguments": [ "Arg1", "IN", "HMODULE", "0x18febc", "0x74f10000", "Arg2", "IN", "LPCSTR", "0x18fec0", "SetEnvironmentVariableA" ], "Timesptamp": "00000000.876719", "FunctionName": "GetProcAddress", "ModuleName": "kernel32.dll", "Return": "0x74f2e331", "Status": 0 }
{ "Address": "0x43d764", "Opcode": "ff1508d04400", "Opcodesize": 6, "Mnemonic": "call dword ptr [0x44d008]", "PID": 1336, "TID": 160, "Arguments": [ "Arg1", "IN", "HMODULE", "0x18febc", "0x74f10000", "Arg2", "IN", "LPCSTR", "0x18fec0", "SetEvent" ], "Timesptamp": "00000000.885971", "FunctionName": "GetProcAddress", "ModuleName": "kernel32.dll", "Return": "0x74f216c5", "Status": 0 }
{ "Address": "0x43d778", "Opcode": "ff1508d04400", "Opcodesize": 6, "Mnemonic": "call dword ptr [0x44d008]", "PID": 1336, "TID": 160, "Arguments": [ "Arg1", "IN", "HMODULE", "0x18febc", "0x74f10000", "Arg2", "IN", "LPCSTR", "0x18fec0", "SetFilePointer" ], "Timesptamp": "00000000.894994", "FunctionName": "GetProcAddress", "ModuleName": "kernel32.dll", "Return": "0x74f217d1", "Status": 0 }
{ "Address": "0x43d78c", "Opcode": "ff1508d04400", "Opcodesize": 6, "Mnemonic": "call dword ptr [0x44d008]", "PID": 1336, "TID": 160, "Arguments": [ "Arg1", "IN", "HMODULE", "0x18febc", "0x74f10000", "Arg2", "IN", "LPCSTR", "0x18fec0", "SetLastError" ], "Timesptamp": "00000000.904141", "FunctionName": "GetProcAddress", "ModuleName": "kernel32.dll", "Return": "0x74f211a9", "Status": 0 }
{ "Address": "0x43d7a0", "Opcode": "ff1508d04400", "Opcodesize": 6, "Mnemonic": "call dword ptr [0x44d008]", "PID": 1336, "TID": 160, "Arguments": [ "Arg1", "IN", "HMODULE", "0x18febc", "0x74f10000", "Arg2", "IN", "LPCSTR", "0x18fec0", "SetUnhandledExceptionFilter" ], "Timesptamp": "00000000.913052", "FunctionName": "GetProcAddress", "ModuleName": "kernel32.dll", "Return": "0x74f287c9", "Status": 0 }
{ "Address": "0x43d7b4", "Opcode": "ff1508d04400", "Opcodesize": 6, "Mnemonic": "call dword ptr [0x44d008]", "PID": 1336, "TID": 160, "Arguments": [ "Arg1", "IN", "HMODULE", "0x18febc", "0x74f10000", "Arg2", "IN", "LPCSTR", "0x18fec0", "Sleep" ], "Timesptamp": "00000000.922056", "FunctionName": "GetProcAddress", "ModuleName": "kernel32.dll", "Return": "0x74f210ff", "Status": 0 }
{ "Address": "0x43d7c8", "Opcode": "ff1508d04400", "Opcodesize": 6, "Mnemonic": "call dword ptr [0x44d008]", "PID": 1336, "TID": 160, "Arguments": [ "Arg1", "IN", "HMODULE", "0x18febc", "0x74f10000", "Arg2", "IN", "LPCSTR", "0x18fec0", "TerminateProcess" ], "Timesptamp": "00000000.931037", "FunctionName": "GetProcAddress", "ModuleName": "kernel32.dll", "Return": "0x74f3d802", "Status": 0 }
{ "Address": "0x43d7dc", "Opcode": "ff1508d04400", "Opcodesize": 6, "Mnemonic": "call dword ptr [0x44d008]", "PID": 1336, "TID": 160, "Arguments": [ "Arg1", "IN", "HMODULE", "0x18febc", "0x74f10000", "Arg2", "IN", "LPCSTR", "0x18fec0", "UnlockFile" ], "Timesptamp": "00000000.939976", "FunctionName": "GetProcAddress", "ModuleName": "kernel32.dll", "Return": "0x74f4cf36", "Status": 0 }
{ "Address": "0x43d7f0", "Opcode": "ff1508d04400", "Opcodesize": 6, "Mnemonic": "call dword ptr [0x44d008]", "PID": 1336, "TID": 160, "Arguments": [ "Arg1", "IN", "HMODULE", "0x18febc", "0x74f10000", "Arg2", "IN", "LPCSTR", "0x18fec0", "UnmapViewOfFile" ], "Timesptamp": "00000000.949067", "FunctionName": "GetProcAddress", "ModuleName": "kernel32.dll", "Return": "0x74f21826", "Status": 0 }
{ "Address": "0x43d804", "Opcode": "ff1508d04400", "Opcodesize": 6, "Mnemonic": "call dword ptr [0x44d008]", "PID": 1336, "TID": 160, "Arguments": [ "Arg1", "IN", "HMODULE", "0x18febc", "0x74f10000", "Arg2", "IN", "LPCSTR", "0x18fec0", "VirtualAlloc" ], "Timesptamp": "00000000.958013", "FunctionName": "GetProcAddress", "ModuleName": "kernel32.dll", "Return": "0x74f21856", "Status": 0 }
{ "Address": "0x43d818", "Opcode": "ff1508d04400", "Opcodesize": 6, "Mnemonic": "call dword ptr [0x44d008]", "PID": 1336, "TID": 160, "Arguments": [ "Arg1", "IN", "HMODULE", "0x18febc", "0x74f10000", "Arg2", "IN", "LPCSTR", "0x18fec0", "VirtualFree" ], "Timesptamp": "00000000.966891", "FunctionName": "GetProcAddress", "ModuleName": "kernel32.dll", "Return": "0x74f2186e", "Status": 0 }
{ "Address": "0x43d82c", "Opcode": "ff1508d04400", "Opcodesize": 6, "Mnemonic": "call dword ptr [0x44d008]", "PID": 1336, "TID": 160, "Arguments": [ "Arg1", "IN", "HMODULE", "0x18febc", "0x74f10000", "Arg2", "IN", "LPCSTR", "0x18fec0", "VirtualProtect" ], "Timesptamp": "00000000.975830", "FunctionName": "GetProcAddress", "ModuleName": "kernel32.dll", "Return": "0x74f2435f", "Status": 0 }
{ "Address": "0x43d840", "Opcode": "ff1508d04400", "Opcodesize": 6, "Mnemonic": "call dword ptr [0x44d008]", "PID": 1336, "TID": 160, "Arguments": [ "Arg1", "IN", "HMODULE", "0x18febc", "0x74f10000", "Arg2", "IN", "LPCSTR", "0x18fec0", "VirtualQuery" ], "Timesptamp": "00000000.984836", "FunctionName": "GetProcAddress", "ModuleName": "kernel32.dll", "Return": "0x74f2445a", "Status": 0 }
{ "Address": "0x43d854", "Opcode": "ff1508d04400", "Opcodesize": 6, "Mnemonic": "call dword ptr [0x44d008]", "PID": 1336, "TID": 160, "Arguments": [ "Arg1", "IN", "HMODULE", "0x18febc", "0x74f10000", "Arg2", "IN", "LPCSTR", "0x18fec0", "WaitForSingleObject" ], "Timesptamp": "00000000.993942", "FunctionName": "GetProcAddress", "ModuleName": "kernel32.dll", "Return": "0x74f21136", "Status": 0 }
{ "Address": "0x43d868", "Opcode": "ff1508d04400", "Opcodesize": 6, "Mnemonic": "call dword ptr [0x44d008]", "PID": 1336, "TID": 160, "Arguments": [ "Arg1", "IN", "HMODULE", "0x18febc", "0x74f10000", "Arg2", "IN", "LPCSTR", "0x18fec0", "WideCharToMultiByte" ], "Timesptamp": "00000001.002902", "FunctionName": "GetProcAddress", "ModuleName": "kernel32.dll", "Return": "0x74f2170d", "Status": 0 }
{ "Address": "0x43d87c", "Opcode": "ff1508d04400", "Opcodesize": 6, "Mnemonic": "call dword ptr [0x44d008]", "PID": 1336, "TID": 160, "Arguments": [ "Arg1", "IN", "HMODULE", "0x18febc", "0x74f10000", "Arg2", "IN", "LPCSTR", "0x18fec0", "WriteFile" ], "Timesptamp": "00000001.012049", "FunctionName": "GetProcAddress", "ModuleName": "kernel32.dll", "Return": "0x74f21282", "Status": 0 }
{ "Address": "0x43d890", "Opcode": "ff1508d04400", "Opcodesize": 6, "Mnemonic": "call dword ptr [0x44d008]", "PID": 1336, "TID": 160, "Arguments": [ "Arg1", "IN", "HMODULE", "0x18febc", "0x74f10000", "Arg2", "IN", "LPCSTR", "0x18fec0", "lstrcmpiA" ], "Timesptamp": "00000001.020981", "FunctionName": "GetProcAddress", "ModuleName": "kernel32.dll", "Return": "0x74f23e8e", "Status": 0 }
{ "Address": "0x43d8a0", "Opcode": "ff1580074500", "Opcodesize": 6, "Mnemonic": "call dword ptr [0x450780]", "PID": 1336, "TID": 160, "Arguments": [ "Arg1", "IN", "LPCTSTR", "0x18fec0", "user32.dll" ], "Timesptamp": "00000001.030822", "FunctionName": "LoadLibraryA", "ModuleName": "kernel32.dll", "Return": "0x74d30000", "Status": 0 }
{ "Address": "0x43d8c9", "Opcode": "ff1508d04400", "Opcodesize": 6, "Mnemonic": "call dword ptr [0x44d008]", "PID": 1336, "TID": 160, "Arguments": [ "Arg1", "IN", "HMODULE", "0x18febc", "0x74d30000", "Arg2", "IN", "LPCSTR", "0x18fec0", "ChangeDisplaySettingsA" ], "Timesptamp": "00000001.041826", "FunctionName": "GetProcAddress", "ModuleName": "kernel32.dll", "Return": "0x74da706c", "Status": 0 }
{ "Address": "0x43d8dd", "Opcode": "ff1508d04400", "Opcodesize": 6, "Mnemonic": "call dword ptr [0x44d008]", "PID": 1336, "TID": 160, "Arguments": [ "Arg1", "IN", "HMODULE", "0x18febc", "0x74d30000", "Arg2", "IN", "LPCSTR", "0x18fec0", "CharUpperBuffA" ], "Timesptamp": "00000001.049153", "FunctionName": "GetProcAddress", "ModuleName": "kernel32.dll", "Return": "0x74d4fe47", "Status": 0 }
{ "Address": "0x43d8f1", "Opcode": "ff1508d04400", "Opcodesize": 6, "Mnemonic": "call dword ptr [0x44d008]", "PID": 1336, "TID": 160, "Arguments": [ "Arg1", "IN", "HMODULE", "0x18febc", "0x74d30000", "Arg2", "IN", "LPCSTR", "0x18fec0", "LoadImageA" ], "Timesptamp": "00000001.057059", "FunctionName": "GetProcAddress", "ModuleName": "kernel32.dll", "Return": "0x74d58455", "Status": 0 }
{ "Address": "0x43d905", "Opcode": "ff1508d04400", "Opcodesize": 6, "Mnemonic": "call dword ptr [0x44d008]", "PID": 1336, "TID": 160, "Arguments": [ "Arg1", "IN", "HMODULE", "0x18febc", "0x74d30000", "Arg2", "IN", "LPCSTR", "0x18fec0", "MessageBoxA" ], "Timesptamp": "00000001.066002", "FunctionName": "GetProcAddress", "ModuleName": "kernel32.dll", "Return": "0x74d9fd1e", "Status": 0 }
{ "Address": "0x43d919", "Opcode": "ff1508d04400", "Opcodesize": 6, "Mnemonic": "call dword ptr [0x44d008]", "PID": 1336, "TID": 160, "Arguments": [ "Arg1", "IN", "HMODULE", "0x18febc", "0x74d30000", "Arg2", "IN", "LPCSTR", "0x18fec0", "wsprintfA" ], "Timesptamp": "00000001.073434", "FunctionName": "GetProcAddress", "ModuleName": "kernel32.dll", "Return": "0x74d5ae5f", "Status": 0 }
{ "Address": "0x43d92d", "Opcode": "ff1508d04400", "Opcodesize": 6, "Mnemonic": "call dword ptr [0x44d008]", "PID": 1336, "TID": 160, "Arguments": [ "Arg1", "IN", "HMODULE", "0x18febc", "0x74d30000", "Arg2", "IN", "LPCSTR", "0x18fec0", "wvsprintfA" ], "Timesptamp": "00000001.082380", "FunctionName": "GetProcAddress", "ModuleName": "kernel32.dll", "Return": "0x74d5aad3", "Status": 0 }
{ "Address": "0x43d93d", "Opcode": "ff1580074500", "Opcodesize": 6, "Mnemonic": "call dword ptr [0x450780]", "PID": 1336, "TID": 160, "Arguments": [ "Arg1", "IN", "LPCTSTR", "0x18fec0", "gdi32.dll" ], "Timesptamp": "00000001.091367", "FunctionName": "LoadLibraryA", "ModuleName": "kernel32.dll", "Return": "0x76b80000", "Status": 0 }
{ "Address": "0x43d966", "Opcode": "ff1508d04400", "Opcodesize": 6, "Mnemonic": "call dword ptr [0x44d008]", "PID": 1336, "TID": 160, "Arguments": [ "Arg1", "IN", "HMODULE", "0x18febc", "0x76b80000", "Arg2", "IN", "LPCSTR", "0x18fec0", "AddFontResourceA" ], "Timesptamp": "00000001.101593", "FunctionName": "GetProcAddress", "ModuleName": "kernel32.dll", "Return": "0x76bbd7bb", "Status": 0 }
{ "Address": "0x43d97a", "Opcode": "ff1508d04400", "Opcodesize": 6, "Mnemonic": "call dword ptr [0x44d008]", "PID": 1336, "TID": 160, "Arguments": [ "Arg1", "IN", "HMODULE", "0x18febc", "0x76b80000", "Arg2", "IN", "LPCSTR", "0x18fec0", "CreateCompatibleDC" ], "Timesptamp": "00000001.108933", "FunctionName": "GetProcAddress", "ModuleName": "kernel32.dll", "Return": "0x76b954f4", "Status": 0 }
{ "Address": "0x43d98e", "Opcode": "ff1508d04400", "Opcodesize": 6, "Mnemonic": "call dword ptr [0x44d008]", "PID": 1336, "TID": 160, "Arguments": [ "Arg1", "IN", "HMODULE", "0x18febc", "0x76b80000", "Arg2", "IN", "LPCSTR", "0x18fec0", "CreateDIBSection" ], "Timesptamp": "00000001.117828", "FunctionName": "GetProcAddress", "ModuleName": "kernel32.dll", "Return": "0x76b9ac46", "Status": 0 }
{ "Address": "0x43d9a2", "Opcode": "ff1508d04400", "Opcodesize": 6, "Mnemonic": "call dword ptr [0x44d008]", "PID": 1336, "TID": 160, "Arguments": [ "Arg1", "IN", "HMODULE", "0x18febc", "0x76b80000", "Arg2", "IN", "LPCSTR", "0x18fec0", "DeleteDC" ], "Timesptamp": "00000001.126791", "FunctionName": "GetProcAddress", "ModuleName": "kernel32.dll", "Return": "0x76b958b3", "Status": 0 }
{ "Address": "0x43d9b6", "Opcode": "ff1508d04400", "Opcodesize": 6, "Mnemonic": "call dword ptr [0x44d008]", "PID": 1336, "TID": 160, "Arguments": [ "Arg1", "IN", "HMODULE", "0x18febc", "0x76b80000", "Arg2", "IN", "LPCSTR", "0x18fec0", "RemoveFontResourceA" ], "Timesptamp": "00000001.134851", "FunctionName": "GetProcAddress", "ModuleName": "kernel32.dll", "Return": "0x76bbda7f", "Status": 0 }
{ "Address": "0x43d9ca", "Opcode": "ff1508d04400", "Opcodesize": 6, "Mnemonic": "call dword ptr [0x44d008]", "PID": 1336, "TID": 160, "Arguments": [ "Arg1", "IN", "HMODULE", "0x18febc", "0x74d30000", "Arg2", "IN", "LPCSTR", "0x18fec0", "BeginPaint" ], "Timesptamp": "00000001.143830", "FunctionName": "GetProcAddress", "ModuleName": "kernel32.dll", "Return": "0x74d51361", "Status": 0 }
{ "Address": "0x43d9de", "Opcode": "ff1508d04400", "Opcodesize": 6, "Mnemonic": "call dword ptr [0x44d008]", "PID": 1336, "TID": 160, "Arguments": [ "Arg1", "IN", "HMODULE", "0x18febc", "0x74d30000", "Arg2", "IN", "LPCSTR", "0x18fec0", "EndPaint" ], "Timesptamp": "00000001.151153", "FunctionName": "GetProcAddress", "ModuleName": "kernel32.dll", "Return": "0x74d51341", "Status": 0 }
{ "Address": "0x43d9f2", "Opcode": "ff1508d04400", "Opcodesize": 6, "Mnemonic": "call dword ptr [0x44d008]", "PID": 1336, "TID": 160, "Arguments": [ "Arg1", "IN", "HMODULE", "0x18febc", "0x76b80000", "Arg2", "IN", "LPCSTR", "0x18fec0", "GetObjectA" ], "Timesptamp": "00000001.160110", "FunctionName": "GetProcAddress", "ModuleName": "kernel32.dll", "Return": "0x76b985d4", "Status": 0 }
{ "Address": "0x43da06", "Opcode": "ff1508d04400", "Opcodesize": 6, "Mnemonic": "call dword ptr [0x44d008]", "PID": 1336, "TID": 160, "Arguments": [ "Arg1", "IN", "HMODULE", "0x18febc", "0x76b80000", "Arg2", "IN", "LPCSTR", "0x18fec0", "SelectObject" ], "Timesptamp": "00000001.169255", "FunctionName": "GetProcAddress", "ModuleName": "kernel32.dll", "Return": "0x76b94f70", "Status": 0 }
{ "Address": "0x43da1a", "Opcode": "ff1508d04400", "Opcodesize": 6, "Mnemonic": "call dword ptr [0x44d008]", "PID": 1336, "TID": 160, "Arguments": [ "Arg1", "IN", "HMODULE", "0x18febc", "0x76b80000", "Arg2", "IN", "LPCSTR", "0x18fec0", "DeleteObject" ], "Timesptamp": "00000001.178311", "FunctionName": "GetProcAddress", "ModuleName": "kernel32.dll", "Return": "0x76b95689", "Status": 0 }
{ "Address": "0x43da2e", "Opcode": "ff1508d04400", "Opcodesize": 6, "Mnemonic": "call dword ptr [0x44d008]", "PID": 1336, "TID": 160, "Arguments": [ "Arg1", "IN", "HMODULE", "0x18febc", "0x76b80000", "Arg2", "IN", "LPCSTR", "0x18fec0", "BitBlt" ], "Timesptamp": "00000001.186136", "FunctionName": "GetProcAddress", "ModuleName": "kernel32.dll", "Return": "0x76b95ea6", "Status": 0 }
{ "Address": "0x43da42", "Opcode": "ff1508d04400", "Opcodesize": 6, "Mnemonic": "call dword ptr [0x44d008]", "PID": 1336, "TID": 160, "Arguments": [ "Arg1", "IN", "HMODULE", "0x18febc", "0x74d30000", "Arg2", "IN", "LPCSTR", "0x18fec0", "GetWindowThreadProcessId" ], "Timesptamp": "00000001.195083", "FunctionName": "GetProcAddress", "ModuleName": "kernel32.dll", "Return": "0x74d491b4", "Status": 0 }
{ "Address": "0x43da56", "Opcode": "ff1508d04400", "Opcodesize": 6, "Mnemonic": "call dword ptr [0x44d008]", "PID": 1336, "TID": 160, "Arguments": [ "Arg1", "IN", "HMODULE", "0x18febc", "0x74d30000", "Arg2", "IN", "LPCSTR", "0x18fec0", "SetActiveWindow" ], "Timesptamp": "00000001.202794", "FunctionName": "GetProcAddress", "ModuleName": "kernel32.dll", "Return": "0x74d53208", "Status": 0 }
{ "Address": "0x43da6a", "Opcode": "ff1508d04400", "Opcodesize": 6, "Mnemonic": "call dword ptr [0x44d008]", "PID": 1336, "TID": 160, "Arguments": [ "Arg1", "IN", "HMODULE", "0x18febc", "0x74d30000", "Arg2", "IN", "LPCSTR", "0x18fec0", "SetForegroundWindow" ], "Timesptamp": "00000001.211697", "FunctionName": "GetProcAddress", "ModuleName": "kernel32.dll", "Return": "0x74d6f170", "Status": 0 }
{ "Address": "0x43da7e", "Opcode": "ff1508d04400", "Opcodesize": 6, "Mnemonic": "call dword ptr [0x44d008]", "PID": 1336, "TID": 160, "Arguments": [ "Arg1", "IN", "HMODULE", "0x18febc", "0x74d30000", "Arg2", "IN", "LPCSTR", "0x18fec0", "RegisterClassExA" ], "Timesptamp": "00000001.220731", "FunctionName": "GetProcAddress", "ModuleName": "kernel32.dll", "Return": "0x74d4db98", "Status": 0 }
{ "Address": "0x43da92", "Opcode": "ff1508d04400", "Opcodesize": 6, "Mnemonic": "call dword ptr [0x44d008]", "PID": 1336, "TID": 160, "Arguments": [ "Arg1", "IN", "HMODULE", "0x18febc", "0x74d30000", "Arg2", "IN", "LPCSTR", "0x18fec0", "GetSystemMetrics" ], "Timesptamp": "00000001.228522", "FunctionName": "GetProcAddress", "ModuleName": "kernel32.dll", "Return": "0x74d47d2f", "Status": 0 }
{ "Address": "0x43daa6", "Opcode": "ff1508d04400", "Opcodesize": 6, "Mnemonic": "call dword ptr [0x44d008]", "PID": 1336, "TID": 160, "Arguments": [ "Arg1", "IN", "HMODULE", "0x18febc", "0x74d30000", "Arg2", "IN", "LPCSTR", "0x18fec0", "CreateWindowExA" ], "Timesptamp": "00000001.237525", "FunctionName": "GetProcAddress", "ModuleName": "kernel32.dll", "Return": "0x74d4d22e", "Status": 0 }
{ "Address": "0x43daba", "Opcode": "ff1508d04400", "Opcodesize": 6, "Mnemonic": "call dword ptr [0x44d008]", "PID": 1336, "TID": 160, "Arguments": [ "Arg1", "IN", "HMODULE", "0x18febc", "0x74d30000", "Arg2", "IN", "LPCSTR", "0x18fec0", "GetMessageA" ], "Timesptamp": "00000001.244985", "FunctionName": "GetProcAddress", "ModuleName": "kernel32.dll", "Return": "0x74d47bd3", "Status": 0 }
{ "Address": "0x43dace", "Opcode": "ff1508d04400", "Opcodesize": 6, "Mnemonic": "call dword ptr [0x44d008]", "PID": 1336, "TID": 160, "Arguments": [ "Arg1", "IN", "HMODULE", "0x18febc", "0x74d30000", "Arg2", "IN", "LPCSTR", "0x18fec0", "TranslateMessage" ], "Timesptamp": "00000001.253980", "FunctionName": "GetProcAddress", "ModuleName": "kernel32.dll", "Return": "0x74d47809", "Status": 0 }
{ "Address": "0x43dae2", "Opcode": "ff1508d04400", "Opcodesize": 6, "Mnemonic": "call dword ptr [0x44d008]", "PID": 1336, "TID": 160, "Arguments": [ "Arg1", "IN", "HMODULE", "0x18febc", "0x74d30000", "Arg2", "IN", "LPCSTR", "0x18fec0", "DispatchMessageA" ], "Timesptamp": "00000001.263055", "FunctionName": "GetProcAddress", "ModuleName": "kernel32.dll", "Return": "0x74d47bbb", "Status": 0 }
{ "Address": "0x43daf6", "Opcode": "ff1508d04400", "Opcodesize": 6, "Mnemonic": "call dword ptr [0x44d008]", "PID": 1336, "TID": 160, "Arguments": [ "Arg1", "IN", "HMODULE", "0x18febc", "0x74d30000", "Arg2", "IN", "LPCSTR", "0x18fec0", "DestroyWindow" ], "Timesptamp": "00000001.272060", "FunctionName": "GetProcAddress", "ModuleName": "kernel32.dll", "Return": "0x74d49a55", "Status": 0 }
{ "Address": "0x43db0a", "Opcode": "ff1508d04400", "Opcodesize": 6, "Mnemonic": "call dword ptr [0x44d008]", "PID": 1336, "TID": 160, "Arguments": [ "Arg1", "IN", "HMODULE", "0x18febc", "0x74d30000", "Arg2", "IN", "LPCSTR", "0x18fec0", "EnumWindows" ], "Timesptamp": "00000001.280117", "FunctionName": "GetProcAddress", "ModuleName": "kernel32.dll", "Return": "0x74d4d1cf", "Status": 0 }
{ "Address": "0x43db1e", "Opcode": "ff1508d04400", "Opcodesize": 6, "Mnemonic": "call dword ptr [0x44d008]", "PID": 1336, "TID": 160, "Arguments": [ "Arg1", "IN", "HMODULE", "0x18febc", "0x74d30000", "Arg2", "IN", "LPCSTR", "0x18fec0", "DefWindowProcA" ], "Timesptamp": "00000001.289093", "FunctionName": "GetProcAddress", "ModuleName": "kernel32.dll", "Return": "0x770824e0", "Status": 0 }
{ "Address": "0x43db32", "Opcode": "ff1508d04400", "Opcodesize": 6, "Mnemonic": "call dword ptr [0x44d008]", "PID": 1336, "TID": 160, "Arguments": [ "Arg1", "IN", "HMODULE", "0x18febc", "0x74d30000", "Arg2", "IN", "LPCSTR", "0x18fec0", "PostMessageA" ], "Timesptamp": "00000001.296555", "FunctionName": "GetProcAddress", "ModuleName": "kernel32.dll", "Return": "0x74d53baa", "Status": 0 }
{ "Address": "0x43db46", "Opcode": "ff1508d04400", "Opcodesize": 6, "Mnemonic": "call dword ptr [0x44d008]", "PID": 1336, "TID": 160, "Arguments": [ "Arg1", "IN", "HMODULE", "0x18febc", "0x74f10000", "Arg2", "IN", "LPCSTR", "0x18fec0", "CreateThread" ], "Timesptamp": "00000001.305370", "FunctionName": "GetProcAddress", "ModuleName": "kernel32.dll", "Return": "0x74f234d5", "Status": 0 }
{ "Address": "0x446c74", "Opcode": "ff156c074500", "Opcodesize": 6, "Mnemonic": "call dword ptr [0x45076c]", "PID": 1336, "TID": 160, "Arguments": [ "Arg1", "IN", "DWORD", "0x18feb4", "0x0", "Arg2", "IN", "SIZE_T", "0x18feb8", "0x10000", "Arg3", "IN", "SIZE_T", "0x18febc", "0x0" ], "Timesptamp": "00000001.314401", "FunctionName": "HeapCreate", "ModuleName": "kernel32.dll", "Return": "0x2b0000", "Status": 0 }
{ "Address": "0x446c40", "Opcode": "ff1564074500", "Opcodesize": 6, "Mnemonic": "call dword ptr [0x450764]", "PID": 1336, "TID": 160, "Functionname": "HeapAlloc", "Dllname": "ntdll.dll", "Status": 1 }
{ "Address": "0x43cde2", "Opcode": "ff1518d04400", "Opcodesize": 6, "Mnemonic": "call dword ptr [0x44d018]", "PID": 1336, "TID": 160, "Arguments": [ "Arg1", "IN", "LPCTSTR", "0x18fecc", "kernel32.dll" ], "Timesptamp": "00000001.331427", "FunctionName": "GetModuleHandleA", "ModuleName": "kernel32.dll", "Return": "0x74f10000", "Status": 0 }
{ "Address": "0x43ce06", "Opcode": "ff1504d04400", "Opcodesize": 6, "Mnemonic": "call dword ptr [0x44d004]", "PID": 1336, "TID": 160, "Functionname": "InitializeCriticalSection", "Dllname": "ntdll.dll", "Status": 1 }
{ "Address": "0x43ce13", "Opcode": "ff1504d04400", "Opcodesize": 6, "Mnemonic": "call dword ptr [0x44d004]", "PID": 1336, "TID": 160, "Functionname": "InitializeCriticalSection", "Dllname": "ntdll.dll", "Status": 1 }
{ "Address": "0x43ce20", "Opcode": "ff1504d04400", "Opcodesize": 6, "Mnemonic": "call dword ptr [0x44d004]", "PID": 1336, "TID": 160, "Functionname": "InitializeCriticalSection", "Dllname": "ntdll.dll", "Status": 1 }
{ "Address": "0x43ce2d", "Opcode": "ff1504d04400", "Opcodesize": 6, "Mnemonic": "call dword ptr [0x44d004]", "PID": 1336, "TID": 160, "Functionname": "InitializeCriticalSection", "Dllname": "ntdll.dll", "Status": 1 }
{ "Address": "0x4474e6", "Opcode": "ff15b4074500", "Opcodesize": 6, "Mnemonic": "call dword ptr [0x4507b4]", "PID": 1336, "TID": 160, "Arguments": [ "Arg1", "IN", "DWORD", "0x18fed4", "0x4474ee" ], "Timesptamp": "00000001.376594", "FunctionName": "SetUnhandledExceptionFilter", "ModuleName": "kernel32.dll", "Return": "0x0", "Status": 0 }
{ "Address": "0x43ce69", "Opcode": "ff153c074500", "Opcodesize": 6, "Mnemonic": "call dword ptr [0x45073c]", "PID": 1336, "TID": 160, "Arguments": [ "Arg1", "IN", "LPCTSTR", "0x18fe40", "kernel32.dll" ], "Timesptamp": "00000001.384695", "FunctionName": "GetModuleHandleA", "ModuleName": "kernel32.dll", "Return": "0x74f10000", "Status": 0 }
{ "Address": "0x43ce92", "Opcode": "ff154c074500", "Opcodesize": 6, "Mnemonic": "call dword ptr [0x45074c]", "PID": 1336, "TID": 160, "Arguments": [ "Arg1", "IN", "HMODULE", "0x18fe3c", "0x74f10000", "Arg2", "IN", "LPCSTR", "0x18fe40", "VirtualAlloc" ], "Timesptamp": "00000001.393728", "FunctionName": "GetProcAddress", "ModuleName": "kernel32.dll", "Return": "0x74f21856", "Status": 0 }
{ "Address": "0x43cec0", "Opcode": "ff55f4", "Opcodesize": 3, "Mnemonic": "call dword ptr [ebp - 0xc]", "PID": 1336, "TID": 160, "Arguments": [ "Arg1", "IN", "LPVOID", "0x18fe34", "0x0", "Arg2", "IN", "SIZE_T", "0x18fe38", "0x1000", "Arg3", "IN", "DWORD", "0x18fe3c", "0x1000", "Arg4", "IN", "DWORD", "0x18fe40", "0x4" ], "Timesptamp": "00000001.401076", "FunctionName": "VirtualAlloc", "ModuleName": "kernel32.dll", "Return": "0x230000", "Status": 0 }
{ "Address": "0x43cecf", "Opcode": "ff1560074500", "Opcodesize": 6, "Mnemonic": "call dword ptr [0x450760]", "PID": 1336, "TID": 160, "Arguments": [ ], "Timesptamp": "00000001.410169", "FunctionName": "GetTickCount", "ModuleName": "kernel32.dll", "Return": "0x51c65", "Status": 0 }
{ "Address": "0x43cee1", "Opcode": "ff55f4", "Opcodesize": 3, "Mnemonic": "call dword ptr [ebp - 0xc]", "PID": 1336, "TID": 160, "Arguments": [ "Arg1", "IN", "LPVOID", "0x18fe34", "0x0", "Arg2", "IN", "SIZE_T", "0x18fe38", "0x1c65", "Arg3", "IN", "DWORD", "0x18fe3c", "0x2000", "Arg4", "IN", "DWORD", "0x18fe40", "0x4" ], "Timesptamp": "00000001.419062", "FunctionName": "VirtualAlloc", "ModuleName": "kernel32.dll", "Return": "0x240000", "Status": 0 }
{ "Address": "0x43cef7", "Opcode": "ff55f4", "Opcodesize": 3, "Mnemonic": "call dword ptr [ebp - 0xc]", "PID": 1336, "TID": 160, "Arguments": [ "Arg1", "IN", "LPVOID", "0x18fe34", "0x0", "Arg2", "IN", "SIZE_T", "0x18fe38", "0x1000", "Arg3", "IN", "DWORD", "0x18fe3c", "0x1000", "Arg4", "IN", "DWORD", "0x18fe40", "0x4" ], "Timesptamp": "00000001.428185", "FunctionName": "VirtualAlloc", "ModuleName": "kernel32.dll", "Return": "0x250000", "Status": 0 }
{ "Address": "0x4434b2", "Opcode": "ff15e8064500", "Opcodesize": 6, "Mnemonic": "call dword ptr [0x4506e8]", "PID": 1336, "TID": 160, "Functionname": "EnterCriticalSection", "Dllname": "ntdll.dll", "Status": 1 }
{ "Address": "0x44352e", "Opcode": "ff1594064500", "Opcodesize": 6, "Mnemonic": "call dword ptr [0x450694]", "PID": 1336, "TID": 160, "Arguments": [ "Arg1", "IN", "HANDLE", "0x18fdb8", "0xffffffff", "Arg2", "IN", "LPCVOID", "0x18fdbc", "0x43cf2e", "Arg3", "IN", "SIZE_T", "0x18fdc0", "0x2e" ], "Timesptamp": "00000001.445023", "FunctionName": "FlushInstructionCache", "ModuleName": "kernel32.dll", "Return": "TRUE", "Status": 0 }
{ "Address": "0x443547", "Opcode": "ff1578074500", "Opcodesize": 6, "Mnemonic": "call dword ptr [0x450778]", "PID": 1336, "TID": 160, "Functionname": "LeaveCriticalSection", "Dllname": "ntdll.dll", "Status": 1 }
{ "Address": "0x446c40", "Opcode": "ff1564074500", "Opcodesize": 6, "Mnemonic": "call dword ptr [0x450764]", "PID": 1336, "TID": 160, "Functionname": "HeapAlloc", "Dllname": "ntdll.dll", "Status": 1 }
{ "Address": "0x4434b2", "Opcode": "ff15e8064500", "Opcodesize": 6, "Mnemonic": "call dword ptr [0x4506e8]", "PID": 1336, "TID": 160, "Functionname": "EnterCriticalSection", "Dllname": "ntdll.dll", "Status": 1 }
{ "Address": "0x44352e", "Opcode": "ff1594064500", "Opcodesize": 6, "Mnemonic": "call dword ptr [0x450694]", "PID": 1336, "TID": 160, "Arguments": [ "Arg1", "IN", "HANDLE", "0x18fdb8", "0xffffffff", "Arg2", "IN", "LPCVOID", "0x18fdbc", "0x43cf2e", "Arg3", "IN", "SIZE_T", "0x18fdc0", "0x50" ], "Timesptamp": "00000001.485872", "FunctionName": "FlushInstructionCache", "ModuleName": "kernel32.dll", "Return": "TRUE", "Status": 0 }
{ "Address": "0x443547", "Opcode": "ff1578074500", "Opcodesize": 6, "Mnemonic": "call dword ptr [0x450778]", "PID": 1336, "TID": 160, "Functionname": "LeaveCriticalSection", "Dllname": "ntdll.dll", "Status": 1 }
{ "Address": "0x4434b2", "Opcode": "ff15e8064500", "Opcodesize": 6, "Mnemonic": "call dword ptr [0x4506e8]", "PID": 1336, "TID": 160, "Functionname": "EnterCriticalSection", "Dllname": "ntdll.dll", "Status": 1 }
{ "Address": "0x44352e", "Opcode": "ff1594064500", "Opcodesize": 6, "Mnemonic": "call dword ptr [0x450694]", "PID": 1336, "TID": 160, "Arguments": [ "Arg1", "IN", "HANDLE", "0x18fdb8", "0xffffffff", "Arg2", "IN", "LPCVOID", "0x18fdbc", "0x43cf5c", "Arg3", "IN", "SIZE_T", "0x18fdc0", "0xaf" ], "Timesptamp": "00000001.510192", "FunctionName": "FlushInstructionCache", "ModuleName": "kernel32.dll", "Return": "TRUE", "Status": 0 }
{ "Address": "0x443547", "Opcode": "ff1578074500", "Opcodesize": 6, "Mnemonic": "call dword ptr [0x450778]", "PID": 1336, "TID": 160, "Functionname": "LeaveCriticalSection", "Dllname": "ntdll.dll", "Status": 1 }
{ "Address": "0x4434b2", "Opcode": "ff15e8064500", "Opcodesize": 6, "Mnemonic": "call dword ptr [0x4506e8]", "PID": 1336, "TID": 160, "Functionname": "EnterCriticalSection", "Dllname": "ntdll.dll", "Status": 1 }
{ "Address": "0x44352e", "Opcode": "ff1594064500", "Opcodesize": 6, "Mnemonic": "call dword ptr [0x450694]", "PID": 1336, "TID": 160, "Arguments": [ "Arg1", "IN", "HANDLE", "0x18fdb8", "0xffffffff", "Arg2", "IN", "LPCVOID", "0x18fdbc", "0x43cf97", "Arg3", "IN", "SIZE_T", "0x18fdc0", "0x1b" ], "Timesptamp": "00000001.541811", "FunctionName": "FlushInstructionCache", "ModuleName": "kernel32.dll", "Return": "TRUE", "Status": 0 }
{ "Address": "0x443547", "Opcode": "ff1578074500", "Opcodesize": 6, "Mnemonic": "call dword ptr [0x450778]", "PID": 1336, "TID": 160, "Functionname": "LeaveCriticalSection", "Dllname": "ntdll.dll", "Status": 1 }
{ "Address": "0x4434b2", "Opcode": "ff15e8064500", "Opcodesize": 6, "Mnemonic": "call dword ptr [0x4506e8]", "PID": 1336, "TID": 160, "Functionname": "EnterCriticalSection", "Dllname": "ntdll.dll", "Status": 1 }
{ "Address": "0x44352e", "Opcode": "ff1594064500", "Opcodesize": 6, "Mnemonic": "call dword ptr [0x450694]", "PID": 1336, "TID": 160, "Arguments": [ "Arg1", "IN", "HANDLE", "0x18fdb8", "0xffffffff", "Arg2", "IN", "LPCVOID", "0x18fdbc", "0x43cf97", "Arg3", "IN", "SIZE_T", "0x18fdc0", "0x3c" ], "Timesptamp": "00000001.568560", "FunctionName": "FlushInstructionCache", "ModuleName": "kernel32.dll", "Return": "TRUE", "Status": 0 }
{ "Address": "0x443547", "Opcode": "ff1578074500", "Opcodesize": 6, "Mnemonic": "call dword ptr [0x450778]", "PID": 1336, "TID": 160, "Functionname": "LeaveCriticalSection", "Dllname": "ntdll.dll", "Status": 1 }
{ "Address": "0x4434b2", "Opcode": "ff15e8064500", "Opcodesize": 6, "Mnemonic": "call dword ptr [0x4506e8]", "PID": 1336, "TID": 160, "Functionname": "EnterCriticalSection", "Dllname": "ntdll.dll", "Status": 1 }
{ "Address": "0x44352e", "Opcode": "ff1594064500", "Opcodesize": 6, "Mnemonic": "call dword ptr [0x450694]", "PID": 1336, "TID": 160, "Arguments": [ "Arg1", "IN", "HANDLE", "0x18fdb8", "0xffffffff", "Arg2", "IN", "LPCVOID", "0x18fdbc", "0x43cfb2", "Arg3", "IN", "SIZE_T", "0x18fdc0", "0x47" ], "Timesptamp": "00000001.595279", "FunctionName": "FlushInstructionCache", "ModuleName": "kernel32.dll", "Return": "TRUE", "Status": 0 }
{ "Address": "0x443547", "Opcode": "ff1578074500", "Opcodesize": 6, "Mnemonic": "call dword ptr [0x450778]", "PID": 1336, "TID": 160, "Functionname": "LeaveCriticalSection", "Dllname": "ntdll.dll", "Status": 1 }
{ "Address": "0x4434b2", "Opcode": "ff15e8064500", "Opcodesize": 6, "Mnemonic": "call dword ptr [0x4506e8]", "PID": 1336, "TID": 160, "Functionname": "EnterCriticalSection", "Dllname": "ntdll.dll", "Status": 1 }
{ "Address": "0x44352e", "Opcode": "ff1594064500", "Opcodesize": 6, "Mnemonic": "call dword ptr [0x450694]", "PID": 1336, "TID": 160, "Arguments": [ "Arg1", "IN", "HANDLE", "0x18fdb8", "0xffffffff", "Arg2", "IN", "LPCVOID", "0x18fdbc", "0x43cfd3", "Arg3", "IN", "SIZE_T", "0x18fdc0", "0x26" ], "Timesptamp": "00000001.620376", "FunctionName": "FlushInstructionCache", "ModuleName": "kernel32.dll", "Return": "TRUE", "Status": 0 }
{ "Address": "0x443547", "Opcode": "ff1578074500", "Opcodesize": 6, "Mnemonic": "call dword ptr [0x450778]", "PID": 1336, "TID": 160, "Functionname": "LeaveCriticalSection", "Dllname": "ntdll.dll", "Status": 1 }
{ "Address": "0x4434b2", "Opcode": "ff15e8064500", "Opcodesize": 6, "Mnemonic": "call dword ptr [0x4506e8]", "PID": 1336, "TID": 160, "Functionname": "EnterCriticalSection", "Dllname": "ntdll.dll", "Status": 1 }
{ "Address": "0x44352e", "Opcode": "ff1594064500", "Opcodesize": 6, "Mnemonic": "call dword ptr [0x450694]", "PID": 1336, "TID": 160, "Arguments": [ "Arg1", "IN", "HANDLE", "0x18fdb8", "0xffffffff", "Arg2", "IN", "LPCVOID", "0x18fdbc", "0x43cf7e", "Arg3", "IN", "SIZE_T", "0x18fdc0", "0xb2" ], "Timesptamp": "00000001.647237", "FunctionName": "FlushInstructionCache", "ModuleName": "kernel32.dll", "Return": "TRUE", "Status": 0 }
{ "Address": "0x443547", "Opcode": "ff1578074500", "Opcodesize": 6, "Mnemonic": "call dword ptr [0x450778]", "PID": 1336, "TID": 160, "Functionname": "LeaveCriticalSection", "Dllname": "ntdll.dll", "Status": 1 }
{ "Address": "0x446c40", "Opcode": "ff1564074500", "Opcodesize": 6, "Mnemonic": "call dword ptr [0x450764]", "PID": 1336, "TID": 160, "Functionname": "HeapAlloc", "Dllname": "ntdll.dll", "Status": 1 }
{ "Address": "0x43de82", "Opcode": "ff153c074500", "Opcodesize": 6, "Mnemonic": "call dword ptr [0x45073c]", "PID": 1336, "TID": 160, "Arguments": [ "Arg1", "IN", "LPCTSTR", "0x18fc84", "\"\"" ], "Timesptamp": "00000001.674125", "FunctionName": "GetModuleHandleA", "ModuleName": "kernel32.dll", "Return": "0x400000", "Status": 0 }
{ "Address": "0x43de89", "Opcode": "ff1538074500", "Opcodesize": 6, "Mnemonic": "call dword ptr [0x450738]", "PID": 1336, "TID": 160, "Arguments": [ "Arg1", "IN", "HMODULE", "0x18fc84", "0x400000", "Arg2", "OUT", "LPTSTR", "0x18fc88", "0x2b0888", "Arg3", "IN", "DWORD", "0x18fc8c", "0x104" ], "Timesptamp": "00000001.681641", "FunctionName": "GetModuleFileNameA", "ModuleName": "kernel32.dll", "Return": "0x25", "Output1": [ "0x2b0888", "C:\\Users\\lhs\\Exec\\molebox_Diskmon.exe" ], "Status": 0 }
{ "Address": "0x43deb1", "Opcode": "ff153c074500", "Opcodesize": 6, "Mnemonic": "call dword ptr [0x45073c]", "PID": 1336, "TID": 160, "Arguments": [ "Arg1", "IN", "LPCTSTR", "0x18fc8c", "user32.dll" ], "Timesptamp": "00000001.690797", "FunctionName": "GetModuleHandleA", "ModuleName": "kernel32.dll", "Return": "0x74d30000", "Status": 0 }
{ "Address": "0x43deda", "Opcode": "ff154c074500", "Opcodesize": 6, "Mnemonic": "call dword ptr [0x45074c]", "PID": 1336, "TID": 160, "Arguments": [ "Arg1", "IN", "HMODULE", "0x18fc88", "0x74d30000", "Arg2", "IN", "LPCSTR", "0x18fc8c", "MessageBoxA" ], "Timesptamp": "00000001.699868", "FunctionName": "GetProcAddress", "ModuleName": "kernel32.dll", "Return": "0x74d9fd1e", "Status": 0 }
{ "Address": "0x43df01", "Opcode": "ff1584074500", "Opcodesize": 6, "Mnemonic": "call dword ptr [0x450784]", "PID": 1336, "TID": 160, "Arguments": [ "Arg1", "IN", "UINT", "0x18fc88", "0x40", "Arg2", "IN", "SIZE_T", "0x18fc8c", "0x4000" ], "Timesptamp": "00000001.708906", "FunctionName": "LocalAlloc", "ModuleName": "kernel32.dll", "Return": "0x5d23b8", "Status": 0 }
{ "Address": "0x43df13", "Opcode": "ff1500d04400", "Opcodesize": 6, "Mnemonic": "call dword ptr [0x44d000]", "PID": 1336, "TID": 160, "Functionname": "lstrcat", "Dllname": "kernel32.dll", "Status": 1 }
{ "Address": "0x43df39", "Opcode": "ff153c074500", "Opcodesize": 6, "Mnemonic": "call dword ptr [0x45073c]", "PID": 1336, "TID": 160, "Arguments": [ "Arg1", "IN", "LPCTSTR", "0x18fc84", "\"\"" ], "Timesptamp": "00000001.734925", "FunctionName": "GetModuleHandleA", "ModuleName": "kernel32.dll", "Return": "0x400000", "Status": 0 }
{ "Address": "0x43df40", "Opcode": "ff1538074500", "Opcodesize": 6, "Mnemonic": "call dword ptr [0x450738]", "PID": 1336, "TID": 160, "Arguments": [ "Arg1", "IN", "HMODULE", "0x18fc84", "0x400000", "Arg2", "OUT", "LPTSTR", "0x18fc88", "0x5d23d1", "Arg3", "IN", "DWORD", "0x18fc8c", "0x104" ], "Timesptamp": "00000001.743654", "FunctionName": "GetModuleFileNameA", "ModuleName": "kernel32.dll", "Return": "0x25", "Output1": [ "0x5d23d1", "C:\\Users\\lhs\\Exec\\molebox_Diskmon.exe" ], "Status": 0 }
{ "Address": "0x43df4f", "Opcode": "ff1500d04400", "Opcodesize": 6, "Mnemonic": "call dword ptr [0x44d000]", "PID": 1336, "TID": 160, "Functionname": "lstrcat", "Dllname": "kernel32.dll", "Status": 1 }
{ "Address": "0x43df5e", "Opcode": "ff1500d04400", "Opcodesize": 6, "Mnemonic": "call dword ptr [0x44d000]", "PID": 1336, "TID": 160, "Functionname": "lstrcat", "Dllname": "kernel32.dll", "Status": 1 }
{ "Address": "0x43df6d", "Opcode": "ff1500d04400", "Opcodesize": 6, "Mnemonic": "call dword ptr [0x44d000]", "PID": 1336, "TID": 160, "Functionname": "lstrcat", "Dllname": "kernel32.dll", "Status": 1 }
