{ "Address": "0x4dc2ea", "Opcode": "ff1518d04e00", "Opcodesize": 6, "Mnemonic": "call dword ptr [0x4ed018]", "PID": 188, "TID": 1828, "Arguments": [ "Arg1", "IN", "LPCTSTR", "0x18fedc", "\"\"" ], "Timesptamp": "00000000.100738", "FunctionName": "GetModuleHandleA", "ModuleName": "kernel32.dll", "Return": "0x400000", "Status": 0 }
{ "Address": "0x4dc2fa", "Opcode": "ff1514d04e00", "Opcodesize": 6, "Mnemonic": "call dword ptr [0x4ed014]", "PID": 188, "TID": 1828, "Arguments": [ "Arg1", "IN", "UINT", "0x18fed8", "0x40", "Arg2", "IN", "SIZE_T", "0x18fedc", "0xd440" ], "Timesptamp": "00000000.110017", "FunctionName": "LocalAlloc", "ModuleName": "kernel32.dll", "Return": "0x6a1770", "Status": 0 }
{ "Address": "0x4dc3e8", "Opcode": "ff1514d04e00", "Opcodesize": 6, "Mnemonic": "call dword ptr [0x4ed014]", "PID": 188, "TID": 1828, "Arguments": [ "Arg1", "IN", "UINT", "0x18fed8", "0x40", "Arg2", "IN", "SIZE_T", "0x18fedc", "0x1a4a" ], "Timesptamp": "00000000.128223", "FunctionName": "LocalAlloc", "ModuleName": "kernel32.dll", "Return": "0x6aebb8", "Status": 0 }
{ "Address": "0x4dc485", "Opcode": "ff150cd04e00", "Opcodesize": 6, "Mnemonic": "call dword ptr [0x4ed00c]", "PID": 188, "TID": 1828, "Arguments": [ "Arg1", "IN", "HLOCAL", "0x18fedc", "0x6aebb8" ], "Timesptamp": "00000000.138290", "FunctionName": "LocalFree", "ModuleName": "kernel32.dll", "Return": "0x0", "Status": 0 }
{ "Address": "0x4dc490", "Opcode": "ff1518d04e00", "Opcodesize": 6, "Mnemonic": "call dword ptr [0x4ed018]", "PID": 188, "TID": 1828, "Arguments": [ "Arg1", "IN", "LPCTSTR", "0x18fedc", "kernel32.dll" ], "Timesptamp": "00000000.145492", "FunctionName": "GetModuleHandleA", "ModuleName": "kernel32.dll", "Return": "0x74f10000", "Status": 0 }
{ "Address": "0x4dc4b9", "Opcode": "ff1508d04e00", "Opcodesize": 6, "Mnemonic": "call dword ptr [0x4ed008]", "PID": 188, "TID": 1828, "Arguments": [ "Arg1", "IN", "HMODULE", "0x18fed8", "0x74f10000", "Arg2", "IN", "LPCSTR", "0x18fedc", "FlushInstructionCache" ], "Timesptamp": "00000000.154605", "FunctionName": "GetProcAddress", "ModuleName": "kernel32.dll", "Return": "0x74f24393", "Status": 0 }
{ "Address": "0x4dc4cd", "Opcode": "ff1508d04e00", "Opcodesize": 6, "Mnemonic": "call dword ptr [0x4ed008]", "PID": 188, "TID": 1828, "Arguments": [ "Arg1", "IN", "HMODULE", "0x18fed8", "0x74f10000", "Arg2", "IN", "LPCSTR", "0x18fedc", "GetCurrentProcess" ], "Timesptamp": "00000000.240649", "FunctionName": "GetProcAddress", "ModuleName": "kernel32.dll", "Return": "0x74f21809", "Status": 0 }
{ "Address": "0x4dc4f0", "Opcode": "ff55ec", "Opcodesize": 3, "Mnemonic": "call dword ptr [ebp - 0x14]", "PID": 188, "TID": 1828, "Arguments": [ ], "Timesptamp": "00000000.249724", "FunctionName": "GetCurrentProcess", "ModuleName": "kernel32.dll", "Return": "0xffffffff", "Status": 0 }
{ "Address": "0x4dc5c6", "Opcode": "ff1514d04e00", "Opcodesize": 6, "Mnemonic": "call dword ptr [0x4ed014]", "PID": 188, "TID": 1828, "Arguments": [ "Arg1", "IN", "UINT", "0x18fed8", "0x40", "Arg2", "IN", "SIZE_T", "0x18fedc", "0x9363" ], "Timesptamp": "00000000.260656", "FunctionName": "LocalAlloc", "ModuleName": "kernel32.dll", "Return": "0x6aebb8", "Status": 0 }
{ "Address": "0x4dc66e", "Opcode": "ff1594064f00", "Opcodesize": 6, "Mnemonic": "call dword ptr [0x4f0694]", "PID": 188, "TID": 1828, "Arguments": [ "Arg1", "IN", "HANDLE", "0x18fed4", "0xffffffff", "Arg2", "IN", "LPCVOID", "0x18fed8", "0x4dcb82", "Arg3", "IN", "SIZE_T", "0x18fedc", "0xf67e" ], "Timesptamp": "00000000.288154", "FunctionName": "FlushInstructionCache", "ModuleName": "kernel32.dll", "Return": "TRUE", "Status": 0 }
{ "Address": "0x4dc678", "Opcode": "ff150cd04e00", "Opcodesize": 6, "Mnemonic": "call dword ptr [0x4ed00c]", "PID": 188, "TID": 1828, "Arguments": [ "Arg1", "IN", "HLOCAL", "0x18fedc", "0x6aebb8" ], "Timesptamp": "00000000.297265", "FunctionName": "LocalFree", "ModuleName": "kernel32.dll", "Return": "0x0", "Status": 0 }
{ "Address": "0x4dc682", "Opcode": "ff150cd04e00", "Opcodesize": 6, "Mnemonic": "call dword ptr [0x4ed00c]", "PID": 188, "TID": 1828, "Arguments": [ "Arg1", "IN", "HLOCAL", "0x18fedc", "0x6a1770" ], "Timesptamp": "00000000.306592", "FunctionName": "LocalFree", "ModuleName": "kernel32.dll", "Return": "0x0", "Status": 0 }
{ "Address": "0x4dc68d", "Opcode": "ff1504d04e00", "Opcodesize": 6, "Mnemonic": "call dword ptr [0x4ed004]", "PID": 188, "TID": 1828, "Functionname": "RtlInitializeCriticalSection", "Dllname": "ntdll.dll", "Status": 1 }
{ "Address": "0x4dd2db", "Opcode": "ff1518d04e00", "Opcodesize": 6, "Mnemonic": "call dword ptr [0x4ed018]", "PID": 188, "TID": 1828, "Arguments": [ "Arg1", "IN", "LPCTSTR", "0x18fec0", "kernel32.dll" ], "Timesptamp": "00000000.328620", "FunctionName": "GetModuleHandleA", "ModuleName": "kernel32.dll", "Return": "0x74f10000", "Status": 0 }
{ "Address": "0x4dd304", "Opcode": "ff1508d04e00", "Opcodesize": 6, "Mnemonic": "call dword ptr [0x4ed008]", "PID": 188, "TID": 1828, "Arguments": [ "Arg1", "IN", "HMODULE", "0x18febc", "0x74f10000", "Arg2", "IN", "LPCSTR", "0x18fec0", "CloseHandle" ], "Timesptamp": "00000000.337783", "FunctionName": "GetProcAddress", "ModuleName": "kernel32.dll", "Return": "0x74f21410", "Status": 0 }
{ "Address": "0x4dd318", "Opcode": "ff1508d04e00", "Opcodesize": 6, "Mnemonic": "call dword ptr [0x4ed008]", "PID": 188, "TID": 1828, "Arguments": [ "Arg1", "IN", "HMODULE", "0x18febc", "0x74f10000", "Arg2", "IN", "LPCSTR", "0x18fec0", "CreateFileA" ], "Timesptamp": "00000000.346878", "FunctionName": "GetProcAddress", "ModuleName": "kernel32.dll", "Return": "0x74f253c6", "Status": 0 }
{ "Address": "0x4dd32c", "Opcode": "ff1508d04e00", "Opcodesize": 6, "Mnemonic": "call dword ptr [0x4ed008]", "PID": 188, "TID": 1828, "Arguments": [ "Arg1", "IN", "HMODULE", "0x18febc", "0x74f10000", "Arg2", "IN", "LPCSTR", "0x18fec0", "CreateFileW" ], "Timesptamp": "00000000.357209", "FunctionName": "GetProcAddress", "ModuleName": "kernel32.dll", "Return": "0x74f23f5c", "Status": 0 }
{ "Address": "0x4dd340", "Opcode": "ff1508d04e00", "Opcodesize": 6, "Mnemonic": "call dword ptr [0x4ed008]", "PID": 188, "TID": 1828, "Arguments": [ "Arg1", "IN", "HMODULE", "0x18febc", "0x74f10000", "Arg2", "IN", "LPCSTR", "0x18fec0", "CreateFileMappingA" ], "Timesptamp": "00000000.392039", "FunctionName": "GetProcAddress", "ModuleName": "kernel32.dll", "Return": "0x74f25506", "Status": 0 }
{ "Address": "0x4dd354", "Opcode": "ff1508d04e00", "Opcodesize": 6, "Mnemonic": "call dword ptr [0x4ed008]", "PID": 188, "TID": 1828, "Arguments": [ "Arg1", "IN", "HMODULE", "0x18febc", "0x74f10000", "Arg2", "IN", "LPCSTR", "0x18fec0", "CreateFileMappingW" ], "Timesptamp": "00000000.401191", "FunctionName": "GetProcAddress", "ModuleName": "kernel32.dll", "Return": "0x74f21909", "Status": 0 }
{ "Address": "0x4dd368", "Opcode": "ff1508d04e00", "Opcodesize": 6, "Mnemonic": "call dword ptr [0x4ed008]", "PID": 188, "TID": 1828, "Arguments": [ "Arg1", "IN", "HMODULE", "0x18febc", "0x74f10000", "Arg2", "IN", "LPCSTR", "0x18fec0", "CreateProcessA" ], "Timesptamp": "00000000.410478", "FunctionName": "GetProcAddress", "ModuleName": "kernel32.dll", "Return": "0x74f21072", "Status": 0 }
{ "Address": "0x4dd37c", "Opcode": "ff1508d04e00", "Opcodesize": 6, "Mnemonic": "call dword ptr [0x4ed008]", "PID": 188, "TID": 1828, "Arguments": [ "Arg1", "IN", "HMODULE", "0x18febc", "0x74f10000", "Arg2", "IN", "LPCSTR", "0x18fec0", "DebugBreak" ], "Timesptamp": "00000000.419599", "FunctionName": "GetProcAddress", "ModuleName": "kernel32.dll", "Return": "0x74fa41b5", "Status": 0 }
{ "Address": "0x4dd390", "Opcode": "ff1508d04e00", "Opcodesize": 6, "Mnemonic": "call dword ptr [0x4ed008]", "PID": 188, "TID": 1828, "Arguments": [ "Arg1", "IN", "HMODULE", "0x18febc", "0x74f10000", "Arg2", "IN", "LPCSTR", "0x18fec0", "DeleteFileA" ], "Timesptamp": "00000000.440815", "FunctionName": "GetProcAddress", "ModuleName": "kernel32.dll", "Return": "0x74f25444", "Status": 0 }
{ "Address": "0x4dd3a4", "Opcode": "ff1508d04e00", "Opcodesize": 6, "Mnemonic": "call dword ptr [0x4ed008]", "PID": 188, "TID": 1828, "Arguments": [ "Arg1", "IN", "HMODULE", "0x18febc", "0x74f10000", "Arg2", "IN", "LPCSTR", "0x18fec0", "EnterCriticalSection" ], "Timesptamp": "00000000.449923", "FunctionName": "GetProcAddress", "ModuleName": "kernel32.dll", "Return": "0x770622b0", "Status": 0 }
{ "Address": "0x4dd3b8", "Opcode": "ff1508d04e00", "Opcodesize": 6, "Mnemonic": "call dword ptr [0x4ed008]", "PID": 188, "TID": 1828, "Arguments": [ "Arg1", "IN", "HMODULE", "0x18febc", "0x74f10000", "Arg2", "IN", "LPCSTR", "0x18fec0", "ExitProcess" ], "Timesptamp": "00000000.458122", "FunctionName": "GetProcAddress", "ModuleName": "kernel32.dll", "Return": "0x74f27a10", "Status": 0 }
{ "Address": "0x4dd3cc", "Opcode": "ff1508d04e00", "Opcodesize": 6, "Mnemonic": "call dword ptr [0x4ed008]", "PID": 188, "TID": 1828, "Arguments": [ "Arg1", "IN", "HMODULE", "0x18febc", "0x74f10000", "Arg2", "IN", "LPCSTR", "0x18fec0", "FindClose" ], "Timesptamp": "00000000.465736", "FunctionName": "GetProcAddress", "ModuleName": "kernel32.dll", "Return": "0x74f24442", "Status": 0 }
{ "Address": "0x4dd3e0", "Opcode": "ff1508d04e00", "Opcodesize": 6, "Mnemonic": "call dword ptr [0x4ed008]", "PID": 188, "TID": 1828, "Arguments": [ "Arg1", "IN", "HMODULE", "0x18febc", "0x74f10000", "Arg2", "IN", "LPCSTR", "0x18fec0", "FindFirstFileA" ], "Timesptamp": "00000000.487523", "FunctionName": "GetProcAddress", "ModuleName": "kernel32.dll", "Return": "0x74f2e2ce", "Status": 0 }
{ "Address": "0x4dd3f4", "Opcode": "ff1508d04e00", "Opcodesize": 6, "Mnemonic": "call dword ptr [0x4ed008]", "PID": 188, "TID": 1828, "Arguments": [ "Arg1", "IN", "HMODULE", "0x18febc", "0x74f10000", "Arg2", "IN", "LPCSTR", "0x18fec0", "FindNextFileA" ], "Timesptamp": "00000000.496663", "FunctionName": "GetProcAddress", "ModuleName": "kernel32.dll", "Return": "0x74f4d53e", "Status": 0 }
{ "Address": "0x4dd408", "Opcode": "ff1508d04e00", "Opcodesize": 6, "Mnemonic": "call dword ptr [0x4ed008]", "PID": 188, "TID": 1828, "Arguments": [ "Arg1", "IN", "HMODULE", "0x18febc", "0x74f10000", "Arg2", "IN", "LPCSTR", "0x18fec0", "FlushFileBuffers" ], "Timesptamp": "00000000.507677", "FunctionName": "GetProcAddress", "ModuleName": "kernel32.dll", "Return": "0x74f2469b", "Status": 0 }
{ "Address": "0x4dd41c", "Opcode": "ff1508d04e00", "Opcodesize": 6, "Mnemonic": "call dword ptr [0x4ed008]", "PID": 188, "TID": 1828, "Arguments": [ "Arg1", "IN", "HMODULE", "0x18febc", "0x74f10000", "Arg2", "IN", "LPCSTR", "0x18fec0", "FormatMessageA" ], "Timesptamp": "00000000.516823", "FunctionName": "GetProcAddress", "ModuleName": "kernel32.dll", "Return": "0x74f45fbd", "Status": 0 }
{ "Address": "0x4dd430", "Opcode": "ff1508d04e00", "Opcodesize": 6, "Mnemonic": "call dword ptr [0x4ed008]", "PID": 188, "TID": 1828, "Arguments": [ "Arg1", "IN", "HMODULE", "0x18febc", "0x74f10000", "Arg2", "IN", "LPCSTR", "0x18fec0", "FreeLibrary" ], "Timesptamp": "00000000.529613", "FunctionName": "GetProcAddress", "ModuleName": "kernel32.dll", "Return": "0x74f234c8", "Status": 0 }
{ "Address": "0x4dd444", "Opcode": "ff1508d04e00", "Opcodesize": 6, "Mnemonic": "call dword ptr [0x4ed008]", "PID": 188, "TID": 1828, "Arguments": [ "Arg1", "IN", "HMODULE", "0x18febc", "0x74f10000", "Arg2", "IN", "LPCSTR", "0x18fec0", "GetCurrentProcess" ], "Timesptamp": "00000000.537572", "FunctionName": "GetProcAddress", "ModuleName": "kernel32.dll", "Return": "0x74f21809", "Status": 0 }
{ "Address": "0x4dd458", "Opcode": "ff1508d04e00", "Opcodesize": 6, "Mnemonic": "call dword ptr [0x4ed008]", "PID": 188, "TID": 1828, "Arguments": [ "Arg1", "IN", "HMODULE", "0x18febc", "0x74f10000", "Arg2", "IN", "LPCSTR", "0x18fec0", "GetCurrentProcessId" ], "Timesptamp": "00000000.544604", "FunctionName": "GetProcAddress", "ModuleName": "kernel32.dll", "Return": "0x74f211f8", "Status": 0 }
{ "Address": "0x4dd46c", "Opcode": "ff1508d04e00", "Opcodesize": 6, "Mnemonic": "call dword ptr [0x4ed008]", "PID": 188, "TID": 1828, "Arguments": [ "Arg1", "IN", "HMODULE", "0x18febc", "0x74f10000", "Arg2", "IN", "LPCSTR", "0x18fec0", "GetEnvironmentVariableA" ], "Timesptamp": "00000000.551850", "FunctionName": "GetProcAddress", "ModuleName": "kernel32.dll", "Return": "0x74f233a0", "Status": 0 }
{ "Address": "0x4dd480", "Opcode": "ff1508d04e00", "Opcodesize": 6, "Mnemonic": "call dword ptr [0x4ed008]", "PID": 188, "TID": 1828, "Arguments": [ "Arg1", "IN", "HMODULE", "0x18febc", "0x74f10000", "Arg2", "IN", "LPCSTR", "0x18fec0", "GetExitCodeProcess" ], "Timesptamp": "00000000.560090", "FunctionName": "GetProcAddress", "ModuleName": "kernel32.dll", "Return": "0x74f3174d", "Status": 0 }
{ "Address": "0x4dd494", "Opcode": "ff1508d04e00", "Opcodesize": 6, "Mnemonic": "call dword ptr [0x4ed008]", "PID": 188, "TID": 1828, "Arguments": [ "Arg1", "IN", "HMODULE", "0x18febc", "0x74f10000", "Arg2", "IN", "LPCSTR", "0x18fec0", "GetFileAttributesA" ], "Timesptamp": "00000000.577135", "FunctionName": "GetProcAddress", "ModuleName": "kernel32.dll", "Return": "0x74f25414", "Status": 0 }
{ "Address": "0x4dd4a8", "Opcode": "ff1508d04e00", "Opcodesize": 6, "Mnemonic": "call dword ptr [0x4ed008]", "PID": 188, "TID": 1828, "Arguments": [ "Arg1", "IN", "HMODULE", "0x18febc", "0x74f10000", "Arg2", "IN", "LPCSTR", "0x18fec0", "GetFileAttributesW" ], "Timesptamp": "00000000.583615", "FunctionName": "GetProcAddress", "ModuleName": "kernel32.dll", "Return": "0x74f21b18", "Status": 0 }
{ "Address": "0x4dd4bc", "Opcode": "ff1508d04e00", "Opcodesize": 6, "Mnemonic": "call dword ptr [0x4ed008]", "PID": 188, "TID": 1828, "Arguments": [ "Arg1", "IN", "HMODULE", "0x18febc", "0x74f10000", "Arg2", "IN", "LPCSTR", "0x18fec0", "GetFileInformationByHandle" ], "Timesptamp": "00000000.591727", "FunctionName": "GetProcAddress", "ModuleName": "kernel32.dll", "Return": "0x74f253ae", "Status": 0 }
{ "Address": "0x4dd4d0", "Opcode": "ff1508d04e00", "Opcodesize": 6, "Mnemonic": "call dword ptr [0x4ed008]", "PID": 188, "TID": 1828, "Arguments": [ "Arg1", "IN", "HMODULE", "0x18febc", "0x74f10000", "Arg2", "IN", "LPCSTR", "0x18fec0", "GetFileSize" ], "Timesptamp": "00000000.598867", "FunctionName": "GetProcAddress", "ModuleName": "kernel32.dll", "Return": "0x74f2196e", "Status": 0 }
{ "Address": "0x4dd4e4", "Opcode": "ff1508d04e00", "Opcodesize": 6, "Mnemonic": "call dword ptr [0x4ed008]", "PID": 188, "TID": 1828, "Arguments": [ "Arg1", "IN", "HMODULE", "0x18febc", "0x74f10000", "Arg2", "IN", "LPCSTR", "0x18fec0", "GetFileTime" ], "Timesptamp": "00000000.604753", "FunctionName": "GetProcAddress", "ModuleName": "kernel32.dll", "Return": "0x74f24407", "Status": 0 }
{ "Address": "0x4dd4f8", "Opcode": "ff1508d04e00", "Opcodesize": 6, "Mnemonic": "call dword ptr [0x4ed008]", "PID": 188, "TID": 1828, "Arguments": [ "Arg1", "IN", "HMODULE", "0x18febc", "0x74f10000", "Arg2", "IN", "LPCSTR", "0x18fec0", "GetFullPathNameA" ], "Timesptamp": "00000000.612137", "FunctionName": "GetProcAddress", "ModuleName": "kernel32.dll", "Return": "0x74f2e2c1", "Status": 0 }
{ "Address": "0x4dd50c", "Opcode": "ff1508d04e00", "Opcodesize": 6, "Mnemonic": "call dword ptr [0x4ed008]", "PID": 188, "TID": 1828, "Arguments": [ "Arg1", "IN", "HMODULE", "0x18febc", "0x74f10000", "Arg2", "IN", "LPCSTR", "0x18fec0", "GetFullPathNameW" ], "Timesptamp": "00000000.620984", "FunctionName": "GetProcAddress", "ModuleName": "kernel32.dll", "Return": "0x74f240d4", "Status": 0 }
{ "Address": "0x4dd520", "Opcode": "ff1508d04e00", "Opcodesize": 6, "Mnemonic": "call dword ptr [0x4ed008]", "PID": 188, "TID": 1828, "Arguments": [ "Arg1", "IN", "HMODULE", "0x18febc", "0x74f10000", "Arg2", "IN", "LPCSTR", "0x18fec0", "GetLastError" ], "Timesptamp": "00000000.628635", "FunctionName": "GetProcAddress", "ModuleName": "kernel32.dll", "Return": "0x74f211c0", "Status": 0 }
{ "Address": "0x4dd534", "Opcode": "ff1508d04e00", "Opcodesize": 6, "Mnemonic": "call dword ptr [0x4ed008]", "PID": 188, "TID": 1828, "Arguments": [ "Arg1", "IN", "HMODULE", "0x18febc", "0x74f10000", "Arg2", "IN", "LPCSTR", "0x18fec0", "GetModuleFileNameA" ], "Timesptamp": "00000000.636083", "FunctionName": "GetProcAddress", "ModuleName": "kernel32.dll", "Return": "0x74f214b1", "Status": 0 }
{ "Address": "0x4dd548", "Opcode": "ff1508d04e00", "Opcodesize": 6, "Mnemonic": "call dword ptr [0x4ed008]", "PID": 188, "TID": 1828, "Arguments": [ "Arg1", "IN", "HMODULE", "0x18febc", "0x74f10000", "Arg2", "IN", "LPCSTR", "0x18fec0", "GetModuleHandleA" ], "Timesptamp": "00000000.644047", "FunctionName": "GetProcAddress", "ModuleName": "kernel32.dll", "Return": "0x74f21245", "Status": 0 }
{ "Address": "0x4dd55c", "Opcode": "ff1508d04e00", "Opcodesize": 6, "Mnemonic": "call dword ptr [0x4ed008]", "PID": 188, "TID": 1828, "Arguments": [ "Arg1", "IN", "HMODULE", "0x18febc", "0x74f10000", "Arg2", "IN", "LPCSTR", "0x18fec0", "GetPrivateProfileIntA" ], "Timesptamp": "00000000.651860", "FunctionName": "GetProcAddress", "ModuleName": "kernel32.dll", "Return": "0x74f4cdd7", "Status": 0 }
{ "Address": "0x4dd570", "Opcode": "ff1508d04e00", "Opcodesize": 6, "Mnemonic": "call dword ptr [0x4ed008]", "PID": 188, "TID": 1828, "Arguments": [ "Arg1", "IN", "HMODULE", "0x18febc", "0x74f10000", "Arg2", "IN", "LPCSTR", "0x18fec0", "GetPrivateProfileSectionNamesA" ], "Timesptamp": "00000000.684861", "FunctionName": "GetProcAddress", "ModuleName": "kernel32.dll", "Return": "0x74f9a1c9", "Status": 0 }
{ "Address": "0x4dd584", "Opcode": "ff1508d04e00", "Opcodesize": 6, "Mnemonic": "call dword ptr [0x4ed008]", "PID": 188, "TID": 1828, "Arguments": [ "Arg1", "IN", "HMODULE", "0x18febc", "0x74f10000", "Arg2", "IN", "LPCSTR", "0x18fec0", "GetPrivateProfileStringA" ], "Timesptamp": "00000000.694673", "FunctionName": "GetProcAddress", "ModuleName": "kernel32.dll", "Return": "0x74f3184c", "Status": 0 }
{ "Address": "0x4dd598", "Opcode": "ff1508d04e00", "Opcodesize": 6, "Mnemonic": "call dword ptr [0x4ed008]", "PID": 188, "TID": 1828, "Arguments": [ "Arg1", "IN", "HMODULE", "0x18febc", "0x74f10000", "Arg2", "IN", "LPCSTR", "0x18fec0", "GetProcAddress" ], "Timesptamp": "00000000.702770", "FunctionName": "GetProcAddress", "ModuleName": "kernel32.dll", "Return": "0x74f21222", "Status": 0 }
{ "Address": "0x4dd5ac", "Opcode": "ff1508d04e00", "Opcodesize": 6, "Mnemonic": "call dword ptr [0x4ed008]", "PID": 188, "TID": 1828, "Arguments": [ "Arg1", "IN", "HMODULE", "0x18febc", "0x74f10000", "Arg2", "IN", "LPCSTR", "0x18fec0", "GetSystemTimeAsFileTime" ], "Timesptamp": "00000000.723992", "FunctionName": "GetProcAddress", "ModuleName": "kernel32.dll", "Return": "0x74f23509", "Status": 0 }
{ "Address": "0x4dd5c0", "Opcode": "ff1508d04e00", "Opcodesize": 6, "Mnemonic": "call dword ptr [0x4ed008]", "PID": 188, "TID": 1828, "Arguments": [ "Arg1", "IN", "HMODULE", "0x18febc", "0x74f10000", "Arg2", "IN", "LPCSTR", "0x18fec0", "GetTempFileNameA" ], "Timesptamp": "00000000.733165", "FunctionName": "GetProcAddress", "ModuleName": "kernel32.dll", "Return": "0x74f49d3f", "Status": 0 }
{ "Address": "0x4dd5d4", "Opcode": "ff1508d04e00", "Opcodesize": 6, "Mnemonic": "call dword ptr [0x4ed008]", "PID": 188, "TID": 1828, "Arguments": [ "Arg1", "IN", "HMODULE", "0x18febc", "0x74f10000", "Arg2", "IN", "LPCSTR", "0x18fec0", "GetTempPathA" ], "Timesptamp": "00000000.751109", "FunctionName": "GetProcAddress", "ModuleName": "kernel32.dll", "Return": "0x74f4276c", "Status": 0 }
{ "Address": "0x4dd5e8", "Opcode": "ff1508d04e00", "Opcodesize": 6, "Mnemonic": "call dword ptr [0x4ed008]", "PID": 188, "TID": 1828, "Arguments": [ "Arg1", "IN", "HMODULE", "0x18febc", "0x74f10000", "Arg2", "IN", "LPCSTR", "0x18fec0", "GetVersionExA" ], "Timesptamp": "00000000.760505", "FunctionName": "GetProcAddress", "ModuleName": "kernel32.dll", "Return": "0x74f23519", "Status": 0 }
{ "Address": "0x4dd5fc", "Opcode": "ff1508d04e00", "Opcodesize": 6, "Mnemonic": "call dword ptr [0x4ed008]", "PID": 188, "TID": 1828, "Arguments": [ "Arg1", "IN", "HMODULE", "0x18febc", "0x74f10000", "Arg2", "IN", "LPCSTR", "0x18fec0", "GetTickCount" ], "Timesptamp": "00000000.767719", "FunctionName": "GetProcAddress", "ModuleName": "kernel32.dll", "Return": "0x74f2110c", "Status": 0 }
{ "Address": "0x4dd610", "Opcode": "ff1508d04e00", "Opcodesize": 6, "Mnemonic": "call dword ptr [0x4ed008]", "PID": 188, "TID": 1828, "Arguments": [ "Arg1", "IN", "HMODULE", "0x18febc", "0x74f10000", "Arg2", "IN", "LPCSTR", "0x18fec0", "HeapAlloc" ], "Timesptamp": "00000000.776993", "FunctionName": "GetProcAddress", "ModuleName": "kernel32.dll", "Return": "0x7706e026", "Status": 0 }
{ "Address": "0x4dd624", "Opcode": "ff1508d04e00", "Opcodesize": 6, "Mnemonic": "call dword ptr [0x4ed008]", "PID": 188, "TID": 1828, "Arguments": [ "Arg1", "IN", "HMODULE", "0x18febc", "0x74f10000", "Arg2", "IN", "LPCSTR", "0x18fec0", "HeapFree" ], "Timesptamp": "00000000.787583", "FunctionName": "GetProcAddress", "ModuleName": "kernel32.dll", "Return": "0x74f214c9", "Status": 0 }
{ "Address": "0x4dd638", "Opcode": "ff1508d04e00", "Opcodesize": 6, "Mnemonic": "call dword ptr [0x4ed008]", "PID": 188, "TID": 1828, "Arguments": [ "Arg1", "IN", "HMODULE", "0x18febc", "0x74f10000", "Arg2", "IN", "LPCSTR", "0x18fec0", "HeapCreate" ], "Timesptamp": "00000000.796850", "FunctionName": "GetProcAddress", "ModuleName": "kernel32.dll", "Return": "0x74f24a2d", "Status": 0 }
{ "Address": "0x4dd64c", "Opcode": "ff1508d04e00", "Opcodesize": 6, "Mnemonic": "call dword ptr [0x4ed008]", "PID": 188, "TID": 1828, "Arguments": [ "Arg1", "IN", "HMODULE", "0x18febc", "0x74f10000", "Arg2", "IN", "LPCSTR", "0x18fec0", "InitializeCriticalSection" ], "Timesptamp": "00000000.806055", "FunctionName": "GetProcAddress", "ModuleName": "kernel32.dll", "Return": "0x77072c42", "Status": 0 }
{ "Address": "0x4dd660", "Opcode": "ff1508d04e00", "Opcodesize": 6, "Mnemonic": "call dword ptr [0x4ed008]", "PID": 188, "TID": 1828, "Arguments": [ "Arg1", "IN", "HMODULE", "0x18febc", "0x74f10000", "Arg2", "IN", "LPCSTR", "0x18fec0", "DeleteCriticalSection" ], "Timesptamp": "00000000.815414", "FunctionName": "GetProcAddress", "ModuleName": "kernel32.dll", "Return": "0x770745f5", "Status": 0 }
{ "Address": "0x4dd674", "Opcode": "ff1508d04e00", "Opcodesize": 6, "Mnemonic": "call dword ptr [0x4ed008]", "PID": 188, "TID": 1828, "Arguments": [ "Arg1", "IN", "HMODULE", "0x18febc", "0x74f10000", "Arg2", "IN", "LPCSTR", "0x18fec0", "LeaveCriticalSection" ], "Timesptamp": "00000000.824622", "FunctionName": "GetProcAddress", "ModuleName": "kernel32.dll", "Return": "0x77062270", "Status": 0 }
{ "Address": "0x4dd688", "Opcode": "ff1508d04e00", "Opcodesize": 6, "Mnemonic": "call dword ptr [0x4ed008]", "PID": 188, "TID": 1828, "Arguments": [ "Arg1", "IN", "HMODULE", "0x18febc", "0x74f10000", "Arg2", "IN", "LPCSTR", "0x18fec0", "LoadLibraryA" ], "Timesptamp": "00000000.834938", "FunctionName": "GetProcAddress", "ModuleName": "kernel32.dll", "Return": "0x74f249d7", "Status": 0 }
{ "Address": "0x4dd69c", "Opcode": "ff1508d04e00", "Opcodesize": 6, "Mnemonic": "call dword ptr [0x4ed008]", "PID": 188, "TID": 1828, "Arguments": [ "Arg1", "IN", "HMODULE", "0x18febc", "0x74f10000", "Arg2", "IN", "LPCSTR", "0x18fec0", "LoadLibraryExA" ], "Timesptamp": "00000000.844804", "FunctionName": "GetProcAddress", "ModuleName": "kernel32.dll", "Return": "0x74f24913", "Status": 0 }
{ "Address": "0x4dd6b0", "Opcode": "ff1508d04e00", "Opcodesize": 6, "Mnemonic": "call dword ptr [0x4ed008]", "PID": 188, "TID": 1828, "Arguments": [ "Arg1", "IN", "HMODULE", "0x18febc", "0x74f10000", "Arg2", "IN", "LPCSTR", "0x18fec0", "LocalAlloc" ], "Timesptamp": "00000000.854161", "FunctionName": "GetProcAddress", "ModuleName": "kernel32.dll", "Return": "0x74f2168c", "Status": 0 }
{ "Address": "0x4dd6c4", "Opcode": "ff1508d04e00", "Opcodesize": 6, "Mnemonic": "call dword ptr [0x4ed008]", "PID": 188, "TID": 1828, "Arguments": [ "Arg1", "IN", "HMODULE", "0x18febc", "0x74f10000", "Arg2", "IN", "LPCSTR", "0x18fec0", "LocalFree" ], "Timesptamp": "00000000.863610", "FunctionName": "GetProcAddress", "ModuleName": "kernel32.dll", "Return": "0x74f22d3c", "Status": 0 }
{ "Address": "0x4dd6d8", "Opcode": "ff1508d04e00", "Opcodesize": 6, "Mnemonic": "call dword ptr [0x4ed008]", "PID": 188, "TID": 1828, "Arguments": [ "Arg1", "IN", "HMODULE", "0x18febc", "0x74f10000", "Arg2", "IN", "LPCSTR", "0x18fec0", "LockFile" ], "Timesptamp": "00000000.872910", "FunctionName": "GetProcAddress", "ModuleName": "kernel32.dll", "Return": "0x74f4cf1e", "Status": 0 }
{ "Address": "0x4dd6ec", "Opcode": "ff1508d04e00", "Opcodesize": 6, "Mnemonic": "call dword ptr [0x4ed008]", "PID": 188, "TID": 1828, "Arguments": [ "Arg1", "IN", "HMODULE", "0x18febc", "0x74f10000", "Arg2", "IN", "LPCSTR", "0x18fec0", "MapViewOfFile" ], "Timesptamp": "00000000.883147", "FunctionName": "GetProcAddress", "ModuleName": "kernel32.dll", "Return": "0x74f218f1", "Status": 0 }
{ "Address": "0x4dd700", "Opcode": "ff1508d04e00", "Opcodesize": 6, "Mnemonic": "call dword ptr [0x4ed008]", "PID": 188, "TID": 1828, "Arguments": [ "Arg1", "IN", "HMODULE", "0x18febc", "0x74f10000", "Arg2", "IN", "LPCSTR", "0x18fec0", "MultiByteToWideChar" ], "Timesptamp": "00000000.892760", "FunctionName": "GetProcAddress", "ModuleName": "kernel32.dll", "Return": "0x74f2192e", "Status": 0 }
{ "Address": "0x4dd714", "Opcode": "ff1508d04e00", "Opcodesize": 6, "Mnemonic": "call dword ptr [0x4ed008]", "PID": 188, "TID": 1828, "Arguments": [ "Arg1", "IN", "HMODULE", "0x18febc", "0x74f10000", "Arg2", "IN", "LPCSTR", "0x18fec0", "OpenProcess" ], "Timesptamp": "00000000.902161", "FunctionName": "GetProcAddress", "ModuleName": "kernel32.dll", "Return": "0x74f21986", "Status": 0 }
{ "Address": "0x4dd728", "Opcode": "ff1508d04e00", "Opcodesize": 6, "Mnemonic": "call dword ptr [0x4ed008]", "PID": 188, "TID": 1828, "Arguments": [ "Arg1", "IN", "HMODULE", "0x18febc", "0x74f10000", "Arg2", "IN", "LPCSTR", "0x18fec0", "RaiseException" ], "Timesptamp": "00000000.911559", "FunctionName": "GetProcAddress", "ModuleName": "kernel32.dll", "Return": "0x74f258a6", "Status": 0 }
{ "Address": "0x4dd73c", "Opcode": "ff1508d04e00", "Opcodesize": 6, "Mnemonic": "call dword ptr [0x4ed008]", "PID": 188, "TID": 1828, "Arguments": [ "Arg1", "IN", "HMODULE", "0x18febc", "0x74f10000", "Arg2", "IN", "LPCSTR", "0x18fec0", "ReadFile" ], "Timesptamp": "00000000.920790", "FunctionName": "GetProcAddress", "ModuleName": "kernel32.dll", "Return": "0x74f23ed3", "Status": 0 }
{ "Address": "0x4dd750", "Opcode": "ff1508d04e00", "Opcodesize": 6, "Mnemonic": "call dword ptr [0x4ed008]", "PID": 188, "TID": 1828, "Arguments": [ "Arg1", "IN", "HMODULE", "0x18febc", "0x74f10000", "Arg2", "IN", "LPCSTR", "0x18fec0", "SetEnvironmentVariableA" ], "Timesptamp": "00000000.932305", "FunctionName": "GetProcAddress", "ModuleName": "kernel32.dll", "Return": "0x74f2e331", "Status": 0 }
{ "Address": "0x4dd764", "Opcode": "ff1508d04e00", "Opcodesize": 6, "Mnemonic": "call dword ptr [0x4ed008]", "PID": 188, "TID": 1828, "Arguments": [ "Arg1", "IN", "HMODULE", "0x18febc", "0x74f10000", "Arg2", "IN", "LPCSTR", "0x18fec0", "SetEvent" ], "Timesptamp": "00000000.947501", "FunctionName": "GetProcAddress", "ModuleName": "kernel32.dll", "Return": "0x74f216c5", "Status": 0 }
{ "Address": "0x4dd778", "Opcode": "ff1508d04e00", "Opcodesize": 6, "Mnemonic": "call dword ptr [0x4ed008]", "PID": 188, "TID": 1828, "Arguments": [ "Arg1", "IN", "HMODULE", "0x18febc", "0x74f10000", "Arg2", "IN", "LPCSTR", "0x18fec0", "SetFilePointer" ], "Timesptamp": "00000000.956748", "FunctionName": "GetProcAddress", "ModuleName": "kernel32.dll", "Return": "0x74f217d1", "Status": 0 }
{ "Address": "0x4dd78c", "Opcode": "ff1508d04e00", "Opcodesize": 6, "Mnemonic": "call dword ptr [0x4ed008]", "PID": 188, "TID": 1828, "Arguments": [ "Arg1", "IN", "HMODULE", "0x18febc", "0x74f10000", "Arg2", "IN", "LPCSTR", "0x18fec0", "SetLastError" ], "Timesptamp": "00000000.965973", "FunctionName": "GetProcAddress", "ModuleName": "kernel32.dll", "Return": "0x74f211a9", "Status": 0 }
{ "Address": "0x4dd7a0", "Opcode": "ff1508d04e00", "Opcodesize": 6, "Mnemonic": "call dword ptr [0x4ed008]", "PID": 188, "TID": 1828, "Arguments": [ "Arg1", "IN", "HMODULE", "0x18febc", "0x74f10000", "Arg2", "IN", "LPCSTR", "0x18fec0", "SetUnhandledExceptionFilter" ], "Timesptamp": "00000000.976354", "FunctionName": "GetProcAddress", "ModuleName": "kernel32.dll", "Return": "0x74f287c9", "Status": 0 }
{ "Address": "0x4dd7b4", "Opcode": "ff1508d04e00", "Opcodesize": 6, "Mnemonic": "call dword ptr [0x4ed008]", "PID": 188, "TID": 1828, "Arguments": [ "Arg1", "IN", "HMODULE", "0x18febc", "0x74f10000", "Arg2", "IN", "LPCSTR", "0x18fec0", "Sleep" ], "Timesptamp": "00000000.985960", "FunctionName": "GetProcAddress", "ModuleName": "kernel32.dll", "Return": "0x74f210ff", "Status": 0 }
{ "Address": "0x4dd7c8", "Opcode": "ff1508d04e00", "Opcodesize": 6, "Mnemonic": "call dword ptr [0x4ed008]", "PID": 188, "TID": 1828, "Arguments": [ "Arg1", "IN", "HMODULE", "0x18febc", "0x74f10000", "Arg2", "IN", "LPCSTR", "0x18fec0", "TerminateProcess" ], "Timesptamp": "00000000.995354", "FunctionName": "GetProcAddress", "ModuleName": "kernel32.dll", "Return": "0x74f3d802", "Status": 0 }
{ "Address": "0x4dd7dc", "Opcode": "ff1508d04e00", "Opcodesize": 6, "Mnemonic": "call dword ptr [0x4ed008]", "PID": 188, "TID": 1828, "Arguments": [ "Arg1", "IN", "HMODULE", "0x18febc", "0x74f10000", "Arg2", "IN", "LPCSTR", "0x18fec0", "UnlockFile" ], "Timesptamp": "00000001.004772", "FunctionName": "GetProcAddress", "ModuleName": "kernel32.dll", "Return": "0x74f4cf36", "Status": 0 }
{ "Address": "0x4dd7f0", "Opcode": "ff1508d04e00", "Opcodesize": 6, "Mnemonic": "call dword ptr [0x4ed008]", "PID": 188, "TID": 1828, "Arguments": [ "Arg1", "IN", "HMODULE", "0x18febc", "0x74f10000", "Arg2", "IN", "LPCSTR", "0x18fec0", "UnmapViewOfFile" ], "Timesptamp": "00000001.013987", "FunctionName": "GetProcAddress", "ModuleName": "kernel32.dll", "Return": "0x74f21826", "Status": 0 }
{ "Address": "0x4dd804", "Opcode": "ff1508d04e00", "Opcodesize": 6, "Mnemonic": "call dword ptr [0x4ed008]", "PID": 188, "TID": 1828, "Arguments": [ "Arg1", "IN", "HMODULE", "0x18febc", "0x74f10000", "Arg2", "IN", "LPCSTR", "0x18fec0", "VirtualAlloc" ], "Timesptamp": "00000001.024660", "FunctionName": "GetProcAddress", "ModuleName": "kernel32.dll", "Return": "0x74f21856", "Status": 0 }
{ "Address": "0x4dd818", "Opcode": "ff1508d04e00", "Opcodesize": 6, "Mnemonic": "call dword ptr [0x4ed008]", "PID": 188, "TID": 1828, "Arguments": [ "Arg1", "IN", "HMODULE", "0x18febc", "0x74f10000", "Arg2", "IN", "LPCSTR", "0x18fec0", "VirtualFree" ], "Timesptamp": "00000001.034058", "FunctionName": "GetProcAddress", "ModuleName": "kernel32.dll", "Return": "0x74f2186e", "Status": 0 }
{ "Address": "0x4dd82c", "Opcode": "ff1508d04e00", "Opcodesize": 6, "Mnemonic": "call dword ptr [0x4ed008]", "PID": 188, "TID": 1828, "Arguments": [ "Arg1", "IN", "HMODULE", "0x18febc", "0x74f10000", "Arg2", "IN", "LPCSTR", "0x18fec0", "VirtualProtect" ], "Timesptamp": "00000001.043311", "FunctionName": "GetProcAddress", "ModuleName": "kernel32.dll", "Return": "0x74f2435f", "Status": 0 }
{ "Address": "0x4dd840", "Opcode": "ff1508d04e00", "Opcodesize": 6, "Mnemonic": "call dword ptr [0x4ed008]", "PID": 188, "TID": 1828, "Arguments": [ "Arg1", "IN", "HMODULE", "0x18febc", "0x74f10000", "Arg2", "IN", "LPCSTR", "0x18fec0", "VirtualQuery" ], "Timesptamp": "00000001.053698", "FunctionName": "GetProcAddress", "ModuleName": "kernel32.dll", "Return": "0x74f2445a", "Status": 0 }
{ "Address": "0x4dd854", "Opcode": "ff1508d04e00", "Opcodesize": 6, "Mnemonic": "call dword ptr [0x4ed008]", "PID": 188, "TID": 1828, "Arguments": [ "Arg1", "IN", "HMODULE", "0x18febc", "0x74f10000", "Arg2", "IN", "LPCSTR", "0x18fec0", "WaitForSingleObject" ], "Timesptamp": "00000001.063296", "FunctionName": "GetProcAddress", "ModuleName": "kernel32.dll", "Return": "0x74f21136", "Status": 0 }
{ "Address": "0x4dd868", "Opcode": "ff1508d04e00", "Opcodesize": 6, "Mnemonic": "call dword ptr [0x4ed008]", "PID": 188, "TID": 1828, "Arguments": [ "Arg1", "IN", "HMODULE", "0x18febc", "0x74f10000", "Arg2", "IN", "LPCSTR", "0x18fec0", "WideCharToMultiByte" ], "Timesptamp": "00000001.072674", "FunctionName": "GetProcAddress", "ModuleName": "kernel32.dll", "Return": "0x74f2170d", "Status": 0 }
{ "Address": "0x4dd87c", "Opcode": "ff1508d04e00", "Opcodesize": 6, "Mnemonic": "call dword ptr [0x4ed008]", "PID": 188, "TID": 1828, "Arguments": [ "Arg1", "IN", "HMODULE", "0x18febc", "0x74f10000", "Arg2", "IN", "LPCSTR", "0x18fec0", "WriteFile" ], "Timesptamp": "00000001.082084", "FunctionName": "GetProcAddress", "ModuleName": "kernel32.dll", "Return": "0x74f21282", "Status": 0 }
{ "Address": "0x4dd890", "Opcode": "ff1508d04e00", "Opcodesize": 6, "Mnemonic": "call dword ptr [0x4ed008]", "PID": 188, "TID": 1828, "Arguments": [ "Arg1", "IN", "HMODULE", "0x18febc", "0x74f10000", "Arg2", "IN", "LPCSTR", "0x18fec0", "lstrcmpiA" ], "Timesptamp": "00000001.091322", "FunctionName": "GetProcAddress", "ModuleName": "kernel32.dll", "Return": "0x74f23e8e", "Status": 0 }
{ "Address": "0x4dd8a0", "Opcode": "ff1580074f00", "Opcodesize": 6, "Mnemonic": "call dword ptr [0x4f0780]", "PID": 188, "TID": 1828, "Arguments": [ "Arg1", "IN", "LPCTSTR", "0x18fec0", "user32.dll" ], "Timesptamp": "00000001.116520", "FunctionName": "LoadLibraryA", "ModuleName": "kernel32.dll", "Return": "0x74d30000", "Status": 0 }
{ "Address": "0x4dd8c9", "Opcode": "ff1508d04e00", "Opcodesize": 6, "Mnemonic": "call dword ptr [0x4ed008]", "PID": 188, "TID": 1828, "Arguments": [ "Arg1", "IN", "HMODULE", "0x18febc", "0x74d30000", "Arg2", "IN", "LPCSTR", "0x18fec0", "ChangeDisplaySettingsA" ], "Timesptamp": "00000001.128171", "FunctionName": "GetProcAddress", "ModuleName": "kernel32.dll", "Return": "0x74da706c", "Status": 0 }
{ "Address": "0x4dd8dd", "Opcode": "ff1508d04e00", "Opcodesize": 6, "Mnemonic": "call dword ptr [0x4ed008]", "PID": 188, "TID": 1828, "Arguments": [ "Arg1", "IN", "HMODULE", "0x18febc", "0x74d30000", "Arg2", "IN", "LPCSTR", "0x18fec0", "CharUpperBuffA" ], "Timesptamp": "00000001.137415", "FunctionName": "GetProcAddress", "ModuleName": "kernel32.dll", "Return": "0x74d4fe47", "Status": 0 }
{ "Address": "0x4dd8f1", "Opcode": "ff1508d04e00", "Opcodesize": 6, "Mnemonic": "call dword ptr [0x4ed008]", "PID": 188, "TID": 1828, "Arguments": [ "Arg1", "IN", "HMODULE", "0x18febc", "0x74d30000", "Arg2", "IN", "LPCSTR", "0x18fec0", "LoadImageA" ], "Timesptamp": "00000001.144868", "FunctionName": "GetProcAddress", "ModuleName": "kernel32.dll", "Return": "0x74d58455", "Status": 0 }
{ "Address": "0x4dd905", "Opcode": "ff1508d04e00", "Opcodesize": 6, "Mnemonic": "call dword ptr [0x4ed008]", "PID": 188, "TID": 1828, "Arguments": [ "Arg1", "IN", "HMODULE", "0x18febc", "0x74d30000", "Arg2", "IN", "LPCSTR", "0x18fec0", "MessageBoxA" ], "Timesptamp": "00000001.154091", "FunctionName": "GetProcAddress", "ModuleName": "kernel32.dll", "Return": "0x74d9fd1e", "Status": 0 }
{ "Address": "0x4dd919", "Opcode": "ff1508d04e00", "Opcodesize": 6, "Mnemonic": "call dword ptr [0x4ed008]", "PID": 188, "TID": 1828, "Arguments": [ "Arg1", "IN", "HMODULE", "0x18febc", "0x74d30000", "Arg2", "IN", "LPCSTR", "0x18fec0", "wsprintfA" ], "Timesptamp": "00000001.164624", "FunctionName": "GetProcAddress", "ModuleName": "kernel32.dll", "Return": "0x74d5ae5f", "Status": 0 }
{ "Address": "0x4dd92d", "Opcode": "ff1508d04e00", "Opcodesize": 6, "Mnemonic": "call dword ptr [0x4ed008]", "PID": 188, "TID": 1828, "Arguments": [ "Arg1", "IN", "HMODULE", "0x18febc", "0x74d30000", "Arg2", "IN", "LPCSTR", "0x18fec0", "wvsprintfA" ], "Timesptamp": "00000001.173954", "FunctionName": "GetProcAddress", "ModuleName": "kernel32.dll", "Return": "0x74d5aad3", "Status": 0 }
{ "Address": "0x4dd93d", "Opcode": "ff1580074f00", "Opcodesize": 6, "Mnemonic": "call dword ptr [0x4f0780]", "PID": 188, "TID": 1828, "Arguments": [ "Arg1", "IN", "LPCTSTR", "0x18fec0", "gdi32.dll" ], "Timesptamp": "00000001.184283", "FunctionName": "LoadLibraryA", "ModuleName": "kernel32.dll", "Return": "0x76b80000", "Status": 0 }
{ "Address": "0x4dd966", "Opcode": "ff1508d04e00", "Opcodesize": 6, "Mnemonic": "call dword ptr [0x4ed008]", "PID": 188, "TID": 1828, "Arguments": [ "Arg1", "IN", "HMODULE", "0x18febc", "0x76b80000", "Arg2", "IN", "LPCSTR", "0x18fec0", "AddFontResourceA" ], "Timesptamp": "00000001.193671", "FunctionName": "GetProcAddress", "ModuleName": "kernel32.dll", "Return": "0x76bbd7bb", "Status": 0 }
{ "Address": "0x4dd97a", "Opcode": "ff1508d04e00", "Opcodesize": 6, "Mnemonic": "call dword ptr [0x4ed008]", "PID": 188, "TID": 1828, "Arguments": [ "Arg1", "IN", "HMODULE", "0x18febc", "0x76b80000", "Arg2", "IN", "LPCSTR", "0x18fec0", "CreateCompatibleDC" ], "Timesptamp": "00000001.202886", "FunctionName": "GetProcAddress", "ModuleName": "kernel32.dll", "Return": "0x76b954f4", "Status": 0 }
{ "Address": "0x4dd98e", "Opcode": "ff1508d04e00", "Opcodesize": 6, "Mnemonic": "call dword ptr [0x4ed008]", "PID": 188, "TID": 1828, "Arguments": [ "Arg1", "IN", "HMODULE", "0x18febc", "0x76b80000", "Arg2", "IN", "LPCSTR", "0x18fec0", "CreateDIBSection" ], "Timesptamp": "00000001.210977", "FunctionName": "GetProcAddress", "ModuleName": "kernel32.dll", "Return": "0x76b9ac46", "Status": 0 }
{ "Address": "0x4dd9a2", "Opcode": "ff1508d04e00", "Opcodesize": 6, "Mnemonic": "call dword ptr [0x4ed008]", "PID": 188, "TID": 1828, "Arguments": [ "Arg1", "IN", "HMODULE", "0x18febc", "0x76b80000", "Arg2", "IN", "LPCSTR", "0x18fec0", "DeleteDC" ], "Timesptamp": "00000001.219780", "FunctionName": "GetProcAddress", "ModuleName": "kernel32.dll", "Return": "0x76b958b3", "Status": 0 }
{ "Address": "0x4dd9b6", "Opcode": "ff1508d04e00", "Opcodesize": 6, "Mnemonic": "call dword ptr [0x4ed008]", "PID": 188, "TID": 1828, "Arguments": [ "Arg1", "IN", "HMODULE", "0x18febc", "0x76b80000", "Arg2", "IN", "LPCSTR", "0x18fec0", "RemoveFontResourceA" ], "Timesptamp": "00000001.227341", "FunctionName": "GetProcAddress", "ModuleName": "kernel32.dll", "Return": "0x76bbda7f", "Status": 0 }
{ "Address": "0x4dd9ca", "Opcode": "ff1508d04e00", "Opcodesize": 6, "Mnemonic": "call dword ptr [0x4ed008]", "PID": 188, "TID": 1828, "Arguments": [ "Arg1", "IN", "HMODULE", "0x18febc", "0x74d30000", "Arg2", "IN", "LPCSTR", "0x18fec0", "BeginPaint" ], "Timesptamp": "00000001.236150", "FunctionName": "GetProcAddress", "ModuleName": "kernel32.dll", "Return": "0x74d51361", "Status": 0 }
{ "Address": "0x4dd9de", "Opcode": "ff1508d04e00", "Opcodesize": 6, "Mnemonic": "call dword ptr [0x4ed008]", "PID": 188, "TID": 1828, "Arguments": [ "Arg1", "IN", "HMODULE", "0x18febc", "0x74d30000", "Arg2", "IN", "LPCSTR", "0x18fec0", "EndPaint" ], "Timesptamp": "00000001.243118", "FunctionName": "GetProcAddress", "ModuleName": "kernel32.dll", "Return": "0x74d51341", "Status": 0 }
{ "Address": "0x4dd9f2", "Opcode": "ff1508d04e00", "Opcodesize": 6, "Mnemonic": "call dword ptr [0x4ed008]", "PID": 188, "TID": 1828, "Arguments": [ "Arg1", "IN", "HMODULE", "0x18febc", "0x76b80000", "Arg2", "IN", "LPCSTR", "0x18fec0", "GetObjectA" ], "Timesptamp": "00000001.250762", "FunctionName": "GetProcAddress", "ModuleName": "kernel32.dll", "Return": "0x76b985d4", "Status": 0 }
{ "Address": "0x4dda06", "Opcode": "ff1508d04e00", "Opcodesize": 6, "Mnemonic": "call dword ptr [0x4ed008]", "PID": 188, "TID": 1828, "Arguments": [ "Arg1", "IN", "HMODULE", "0x18febc", "0x76b80000", "Arg2", "IN", "LPCSTR", "0x18fec0", "SelectObject" ], "Timesptamp": "00000001.259094", "FunctionName": "GetProcAddress", "ModuleName": "kernel32.dll", "Return": "0x76b94f70", "Status": 0 }
{ "Address": "0x4dda1a", "Opcode": "ff1508d04e00", "Opcodesize": 6, "Mnemonic": "call dword ptr [0x4ed008]", "PID": 188, "TID": 1828, "Arguments": [ "Arg1", "IN", "HMODULE", "0x18febc", "0x76b80000", "Arg2", "IN", "LPCSTR", "0x18fec0", "DeleteObject" ], "Timesptamp": "00000001.268376", "FunctionName": "GetProcAddress", "ModuleName": "kernel32.dll", "Return": "0x76b95689", "Status": 0 }
{ "Address": "0x4dda2e", "Opcode": "ff1508d04e00", "Opcodesize": 6, "Mnemonic": "call dword ptr [0x4ed008]", "PID": 188, "TID": 1828, "Arguments": [ "Arg1", "IN", "HMODULE", "0x18febc", "0x76b80000", "Arg2", "IN", "LPCSTR", "0x18fec0", "BitBlt" ], "Timesptamp": "00000001.273663", "FunctionName": "GetProcAddress", "ModuleName": "kernel32.dll", "Return": "0x76b95ea6", "Status": 0 }
{ "Address": "0x4dda42", "Opcode": "ff1508d04e00", "Opcodesize": 6, "Mnemonic": "call dword ptr [0x4ed008]", "PID": 188, "TID": 1828, "Arguments": [ "Arg1", "IN", "HMODULE", "0x18febc", "0x74d30000", "Arg2", "IN", "LPCSTR", "0x18fec0", "GetWindowThreadProcessId" ], "Timesptamp": "00000001.282594", "FunctionName": "GetProcAddress", "ModuleName": "kernel32.dll", "Return": "0x74d491b4", "Status": 0 }
{ "Address": "0x4dda56", "Opcode": "ff1508d04e00", "Opcodesize": 6, "Mnemonic": "call dword ptr [0x4ed008]", "PID": 188, "TID": 1828, "Arguments": [ "Arg1", "IN", "HMODULE", "0x18febc", "0x74d30000", "Arg2", "IN", "LPCSTR", "0x18fec0", "SetActiveWindow" ], "Timesptamp": "00000001.293108", "FunctionName": "GetProcAddress", "ModuleName": "kernel32.dll", "Return": "0x74d53208", "Status": 0 }
{ "Address": "0x4dda6a", "Opcode": "ff1508d04e00", "Opcodesize": 6, "Mnemonic": "call dword ptr [0x4ed008]", "PID": 188, "TID": 1828, "Arguments": [ "Arg1", "IN", "HMODULE", "0x18febc", "0x74d30000", "Arg2", "IN", "LPCSTR", "0x18fec0", "SetForegroundWindow" ], "Timesptamp": "00000001.302265", "FunctionName": "GetProcAddress", "ModuleName": "kernel32.dll", "Return": "0x74d6f170", "Status": 0 }
{ "Address": "0x4dda7e", "Opcode": "ff1508d04e00", "Opcodesize": 6, "Mnemonic": "call dword ptr [0x4ed008]", "PID": 188, "TID": 1828, "Arguments": [ "Arg1", "IN", "HMODULE", "0x18febc", "0x74d30000", "Arg2", "IN", "LPCSTR", "0x18fec0", "RegisterClassExA" ], "Timesptamp": "00000001.311142", "FunctionName": "GetProcAddress", "ModuleName": "kernel32.dll", "Return": "0x74d4db98", "Status": 0 }
{ "Address": "0x4dda92", "Opcode": "ff1508d04e00", "Opcodesize": 6, "Mnemonic": "call dword ptr [0x4ed008]", "PID": 188, "TID": 1828, "Arguments": [ "Arg1", "IN", "HMODULE", "0x18febc", "0x74d30000", "Arg2", "IN", "LPCSTR", "0x18fec0", "GetSystemMetrics" ], "Timesptamp": "00000001.320185", "FunctionName": "GetProcAddress", "ModuleName": "kernel32.dll", "Return": "0x74d47d2f", "Status": 0 }
{ "Address": "0x4ddaa6", "Opcode": "ff1508d04e00", "Opcodesize": 6, "Mnemonic": "call dword ptr [0x4ed008]", "PID": 188, "TID": 1828, "Arguments": [ "Arg1", "IN", "HMODULE", "0x18febc", "0x74d30000", "Arg2", "IN", "LPCSTR", "0x18fec0", "CreateWindowExA" ], "Timesptamp": "00000001.327298", "FunctionName": "GetProcAddress", "ModuleName": "kernel32.dll", "Return": "0x74d4d22e", "Status": 0 }
{ "Address": "0x4ddaba", "Opcode": "ff1508d04e00", "Opcodesize": 6, "Mnemonic": "call dword ptr [0x4ed008]", "PID": 188, "TID": 1828, "Arguments": [ "Arg1", "IN", "HMODULE", "0x18febc", "0x74d30000", "Arg2", "IN", "LPCSTR", "0x18fec0", "GetMessageA" ], "Timesptamp": "00000001.337729", "FunctionName": "GetProcAddress", "ModuleName": "kernel32.dll", "Return": "0x74d47bd3", "Status": 0 }
{ "Address": "0x4ddace", "Opcode": "ff1508d04e00", "Opcodesize": 6, "Mnemonic": "call dword ptr [0x4ed008]", "PID": 188, "TID": 1828, "Arguments": [ "Arg1", "IN", "HMODULE", "0x18febc", "0x74d30000", "Arg2", "IN", "LPCSTR", "0x18fec0", "TranslateMessage" ], "Timesptamp": "00000001.346761", "FunctionName": "GetProcAddress", "ModuleName": "kernel32.dll", "Return": "0x74d47809", "Status": 0 }
{ "Address": "0x4ddae2", "Opcode": "ff1508d04e00", "Opcodesize": 6, "Mnemonic": "call dword ptr [0x4ed008]", "PID": 188, "TID": 1828, "Arguments": [ "Arg1", "IN", "HMODULE", "0x18febc", "0x74d30000", "Arg2", "IN", "LPCSTR", "0x18fec0", "DispatchMessageA" ], "Timesptamp": "00000001.355628", "FunctionName": "GetProcAddress", "ModuleName": "kernel32.dll", "Return": "0x74d47bbb", "Status": 0 }
{ "Address": "0x4ddaf6", "Opcode": "ff1508d04e00", "Opcodesize": 6, "Mnemonic": "call dword ptr [0x4ed008]", "PID": 188, "TID": 1828, "Arguments": [ "Arg1", "IN", "HMODULE", "0x18febc", "0x74d30000", "Arg2", "IN", "LPCSTR", "0x18fec0", "DestroyWindow" ], "Timesptamp": "00000001.371932", "FunctionName": "GetProcAddress", "ModuleName": "kernel32.dll", "Return": "0x74d49a55", "Status": 0 }
{ "Address": "0x4ddb0a", "Opcode": "ff1508d04e00", "Opcodesize": 6, "Mnemonic": "call dword ptr [0x4ed008]", "PID": 188, "TID": 1828, "Arguments": [ "Arg1", "IN", "HMODULE", "0x18febc", "0x74d30000", "Arg2", "IN", "LPCSTR", "0x18fec0", "EnumWindows" ], "Timesptamp": "00000001.382403", "FunctionName": "GetProcAddress", "ModuleName": "kernel32.dll", "Return": "0x74d4d1cf", "Status": 0 }
{ "Address": "0x4ddb1e", "Opcode": "ff1508d04e00", "Opcodesize": 6, "Mnemonic": "call dword ptr [0x4ed008]", "PID": 188, "TID": 1828, "Arguments": [ "Arg1", "IN", "HMODULE", "0x18febc", "0x74d30000", "Arg2", "IN", "LPCSTR", "0x18fec0", "DefWindowProcA" ], "Timesptamp": "00000001.391278", "FunctionName": "GetProcAddress", "ModuleName": "kernel32.dll", "Return": "0x770824e0", "Status": 0 }
{ "Address": "0x4ddb32", "Opcode": "ff1508d04e00", "Opcodesize": 6, "Mnemonic": "call dword ptr [0x4ed008]", "PID": 188, "TID": 1828, "Arguments": [ "Arg1", "IN", "HMODULE", "0x18febc", "0x74d30000", "Arg2", "IN", "LPCSTR", "0x18fec0", "PostMessageA" ], "Timesptamp": "00000001.400236", "FunctionName": "GetProcAddress", "ModuleName": "kernel32.dll", "Return": "0x74d53baa", "Status": 0 }
{ "Address": "0x4ddb46", "Opcode": "ff1508d04e00", "Opcodesize": 6, "Mnemonic": "call dword ptr [0x4ed008]", "PID": 188, "TID": 1828, "Arguments": [ "Arg1", "IN", "HMODULE", "0x18febc", "0x74f10000", "Arg2", "IN", "LPCSTR", "0x18fec0", "CreateThread" ], "Timesptamp": "00000001.409262", "FunctionName": "GetProcAddress", "ModuleName": "kernel32.dll", "Return": "0x74f234d5", "Status": 0 }
{ "Address": "0x4e6c74", "Opcode": "ff156c074f00", "Opcodesize": 6, "Mnemonic": "call dword ptr [0x4f076c]", "PID": 188, "TID": 1828, "Arguments": [ "Arg1", "IN", "DWORD", "0x18feb4", "0x0", "Arg2", "IN", "SIZE_T", "0x18feb8", "0x10000", "Arg3", "IN", "SIZE_T", "0x18febc", "0x0" ], "Timesptamp": "00000001.418233", "FunctionName": "HeapCreate", "ModuleName": "kernel32.dll", "Return": "0x1ed0000", "Status": 0 }
{ "Address": "0x4e6c40", "Opcode": "ff1564074f00", "Opcodesize": 6, "Mnemonic": "call dword ptr [0x4f0764]", "PID": 188, "TID": 1828, "Functionname": "HeapAlloc", "Dllname": "ntdll.dll", "Status": 1 }
{ "Address": "0x4dcde2", "Opcode": "ff1518d04e00", "Opcodesize": 6, "Mnemonic": "call dword ptr [0x4ed018]", "PID": 188, "TID": 1828, "Arguments": [ "Arg1", "IN", "LPCTSTR", "0x18fecc", "kernel32.dll" ], "Timesptamp": "00000001.436404", "FunctionName": "GetModuleHandleA", "ModuleName": "kernel32.dll", "Return": "0x74f10000", "Status": 0 }
{ "Address": "0x4dce06", "Opcode": "ff1504d04e00", "Opcodesize": 6, "Mnemonic": "call dword ptr [0x4ed004]", "PID": 188, "TID": 1828, "Functionname": "InitializeCriticalSection", "Dllname": "ntdll.dll", "Status": 1 }
{ "Address": "0x4dce13", "Opcode": "ff1504d04e00", "Opcodesize": 6, "Mnemonic": "call dword ptr [0x4ed004]", "PID": 188, "TID": 1828, "Functionname": "InitializeCriticalSection", "Dllname": "ntdll.dll", "Status": 1 }
{ "Address": "0x4dce20", "Opcode": "ff1504d04e00", "Opcodesize": 6, "Mnemonic": "call dword ptr [0x4ed004]", "PID": 188, "TID": 1828, "Functionname": "InitializeCriticalSection", "Dllname": "ntdll.dll", "Status": 1 }
{ "Address": "0x4dce2d", "Opcode": "ff1504d04e00", "Opcodesize": 6, "Mnemonic": "call dword ptr [0x4ed004]", "PID": 188, "TID": 1828, "Functionname": "InitializeCriticalSection", "Dllname": "ntdll.dll", "Status": 1 }
{ "Address": "0x4e74e6", "Opcode": "ff15b4074f00", "Opcodesize": 6, "Mnemonic": "call dword ptr [0x4f07b4]", "PID": 188, "TID": 1828, "Arguments": [ "Arg1", "IN", "DWORD", "0x18fed4", "0x4e74ee" ], "Timesptamp": "00000001.481262", "FunctionName": "SetUnhandledExceptionFilter", "ModuleName": "kernel32.dll", "Return": "0x0", "Status": 0 }
{ "Address": "0x4dce69", "Opcode": "ff153c074f00", "Opcodesize": 6, "Mnemonic": "call dword ptr [0x4f073c]", "PID": 188, "TID": 1828, "Arguments": [ "Arg1", "IN", "LPCTSTR", "0x18fe40", "kernel32.dll" ], "Timesptamp": "00000001.490471", "FunctionName": "GetModuleHandleA", "ModuleName": "kernel32.dll", "Return": "0x74f10000", "Status": 0 }
{ "Address": "0x4dce92", "Opcode": "ff154c074f00", "Opcodesize": 6, "Mnemonic": "call dword ptr [0x4f074c]", "PID": 188, "TID": 1828, "Arguments": [ "Arg1", "IN", "HMODULE", "0x18fe3c", "0x74f10000", "Arg2", "IN", "LPCSTR", "0x18fe40", "VirtualAlloc" ], "Timesptamp": "00000001.499365", "FunctionName": "GetProcAddress", "ModuleName": "kernel32.dll", "Return": "0x74f21856", "Status": 0 }
{ "Address": "0x4dcec0", "Opcode": "ff55f4", "Opcodesize": 3, "Mnemonic": "call dword ptr [ebp - 0xc]", "PID": 188, "TID": 1828, "Arguments": [ "Arg1", "IN", "LPVOID", "0x18fe34", "0x0", "Arg2", "IN", "SIZE_T", "0x18fe38", "0x1000", "Arg3", "IN", "DWORD", "0x18fe3c", "0x1000", "Arg4", "IN", "DWORD", "0x18fe40", "0x4" ], "Timesptamp": "00000001.511304", "FunctionName": "VirtualAlloc", "ModuleName": "kernel32.dll", "Return": "0x240000", "Status": 0 }
{ "Address": "0x4dcecf", "Opcode": "ff1560074f00", "Opcodesize": 6, "Mnemonic": "call dword ptr [0x4f0760]", "PID": 188, "TID": 1828, "Arguments": [ ], "Timesptamp": "00000001.520390", "FunctionName": "GetTickCount", "ModuleName": "kernel32.dll", "Return": "0x5165d", "Status": 0 }
{ "Address": "0x4dcee1", "Opcode": "ff55f4", "Opcodesize": 3, "Mnemonic": "call dword ptr [ebp - 0xc]", "PID": 188, "TID": 1828, "Arguments": [ "Arg1", "IN", "LPVOID", "0x18fe34", "0x0", "Arg2", "IN", "SIZE_T", "0x18fe38", "0x165d", "Arg3", "IN", "DWORD", "0x18fe3c", "0x2000", "Arg4", "IN", "DWORD", "0x18fe40", "0x4" ], "Timesptamp": "00000001.529288", "FunctionName": "VirtualAlloc", "ModuleName": "kernel32.dll", "Return": "0x250000", "Status": 0 }
{ "Address": "0x4dcef7", "Opcode": "ff55f4", "Opcodesize": 3, "Mnemonic": "call dword ptr [ebp - 0xc]", "PID": 188, "TID": 1828, "Arguments": [ "Arg1", "IN", "LPVOID", "0x18fe34", "0x0", "Arg2", "IN", "SIZE_T", "0x18fe38", "0x1000", "Arg3", "IN", "DWORD", "0x18fe3c", "0x1000", "Arg4", "IN", "DWORD", "0x18fe40", "0x4" ], "Timesptamp": "00000001.538447", "FunctionName": "VirtualAlloc", "ModuleName": "kernel32.dll", "Return": "0x260000", "Status": 0 }
{ "Address": "0x4e34b2", "Opcode": "ff15e8064f00", "Opcodesize": 6, "Mnemonic": "call dword ptr [0x4f06e8]", "PID": 188, "TID": 1828, "Functionname": "EnterCriticalSection", "Dllname": "ntdll.dll", "Status": 1 }
{ "Address": "0x4e352e", "Opcode": "ff1594064f00", "Opcodesize": 6, "Mnemonic": "call dword ptr [0x4f0694]", "PID": 188, "TID": 1828, "Arguments": [ "Arg1", "IN", "HANDLE", "0x18fdb8", "0xffffffff", "Arg2", "IN", "LPCVOID", "0x18fdbc", "0x4dcf2e", "Arg3", "IN", "SIZE_T", "0x18fdc0", "0x2e" ], "Timesptamp": "00000001.556646", "FunctionName": "FlushInstructionCache", "ModuleName": "kernel32.dll", "Return": "TRUE", "Status": 0 }
{ "Address": "0x4e3547", "Opcode": "ff1578074f00", "Opcodesize": 6, "Mnemonic": "call dword ptr [0x4f0778]", "PID": 188, "TID": 1828, "Functionname": "LeaveCriticalSection", "Dllname": "ntdll.dll", "Status": 1 }
{ "Address": "0x4e6c40", "Opcode": "ff1564074f00", "Opcodesize": 6, "Mnemonic": "call dword ptr [0x4f0764]", "PID": 188, "TID": 1828, "Functionname": "HeapAlloc", "Dllname": "ntdll.dll", "Status": 1 }
{ "Address": "0x4e34b2", "Opcode": "ff15e8064f00", "Opcodesize": 6, "Mnemonic": "call dword ptr [0x4f06e8]", "PID": 188, "TID": 1828, "Functionname": "EnterCriticalSection", "Dllname": "ntdll.dll", "Status": 1 }
{ "Address": "0x4e352e", "Opcode": "ff1594064f00", "Opcodesize": 6, "Mnemonic": "call dword ptr [0x4f0694]", "PID": 188, "TID": 1828, "Arguments": [ "Arg1", "IN", "HANDLE", "0x18fdb8", "0xffffffff", "Arg2", "IN", "LPCVOID", "0x18fdbc", "0x4dcf2e", "Arg3", "IN", "SIZE_T", "0x18fdc0", "0x50" ], "Timesptamp": "00000001.592465", "FunctionName": "FlushInstructionCache", "ModuleName": "kernel32.dll", "Return": "TRUE", "Status": 0 }
{ "Address": "0x4e3547", "Opcode": "ff1578074f00", "Opcodesize": 6, "Mnemonic": "call dword ptr [0x4f0778]", "PID": 188, "TID": 1828, "Functionname": "LeaveCriticalSection", "Dllname": "ntdll.dll", "Status": 1 }
{ "Address": "0x4e34b2", "Opcode": "ff15e8064f00", "Opcodesize": 6, "Mnemonic": "call dword ptr [0x4f06e8]", "PID": 188, "TID": 1828, "Functionname": "EnterCriticalSection", "Dllname": "ntdll.dll", "Status": 1 }
{ "Address": "0x4e352e", "Opcode": "ff1594064f00", "Opcodesize": 6, "Mnemonic": "call dword ptr [0x4f0694]", "PID": 188, "TID": 1828, "Arguments": [ "Arg1", "IN", "HANDLE", "0x18fdb8", "0xffffffff", "Arg2", "IN", "LPCVOID", "0x18fdbc", "0x4dcf5c", "Arg3", "IN", "SIZE_T", "0x18fdc0", "0xaf" ], "Timesptamp": "00000001.620349", "FunctionName": "FlushInstructionCache", "ModuleName": "kernel32.dll", "Return": "TRUE", "Status": 0 }
{ "Address": "0x4e3547", "Opcode": "ff1578074f00", "Opcodesize": 6, "Mnemonic": "call dword ptr [0x4f0778]", "PID": 188, "TID": 1828, "Functionname": "LeaveCriticalSection", "Dllname": "ntdll.dll", "Status": 1 }
{ "Address": "0x4e34b2", "Opcode": "ff15e8064f00", "Opcodesize": 6, "Mnemonic": "call dword ptr [0x4f06e8]", "PID": 188, "TID": 1828, "Functionname": "EnterCriticalSection", "Dllname": "ntdll.dll", "Status": 1 }
{ "Address": "0x4e352e", "Opcode": "ff1594064f00", "Opcodesize": 6, "Mnemonic": "call dword ptr [0x4f0694]", "PID": 188, "TID": 1828, "Arguments": [ "Arg1", "IN", "HANDLE", "0x18fdb8", "0xffffffff", "Arg2", "IN", "LPCVOID", "0x18fdbc", "0x4dcf97", "Arg3", "IN", "SIZE_T", "0x18fdc0", "0x1b" ], "Timesptamp": "00000001.647182", "FunctionName": "FlushInstructionCache", "ModuleName": "kernel32.dll", "Return": "TRUE", "Status": 0 }
{ "Address": "0x4e3547", "Opcode": "ff1578074f00", "Opcodesize": 6, "Mnemonic": "call dword ptr [0x4f0778]", "PID": 188, "TID": 1828, "Functionname": "LeaveCriticalSection", "Dllname": "ntdll.dll", "Status": 1 }
{ "Address": "0x4e34b2", "Opcode": "ff15e8064f00", "Opcodesize": 6, "Mnemonic": "call dword ptr [0x4f06e8]", "PID": 188, "TID": 1828, "Functionname": "EnterCriticalSection", "Dllname": "ntdll.dll", "Status": 1 }
{ "Address": "0x4e352e", "Opcode": "ff1594064f00", "Opcodesize": 6, "Mnemonic": "call dword ptr [0x4f0694]", "PID": 188, "TID": 1828, "Arguments": [ "Arg1", "IN", "HANDLE", "0x18fdb8", "0xffffffff", "Arg2", "IN", "LPCVOID", "0x18fdbc", "0x4dcf97", "Arg3", "IN", "SIZE_T", "0x18fdc0", "0x3c" ], "Timesptamp": "00000001.674140", "FunctionName": "FlushInstructionCache", "ModuleName": "kernel32.dll", "Return": "TRUE", "Status": 0 }
{ "Address": "0x4e3547", "Opcode": "ff1578074f00", "Opcodesize": 6, "Mnemonic": "call dword ptr [0x4f0778]", "PID": 188, "TID": 1828, "Functionname": "LeaveCriticalSection", "Dllname": "ntdll.dll", "Status": 1 }
{ "Address": "0x4e34b2", "Opcode": "ff15e8064f00", "Opcodesize": 6, "Mnemonic": "call dword ptr [0x4f06e8]", "PID": 188, "TID": 1828, "Functionname": "EnterCriticalSection", "Dllname": "ntdll.dll", "Status": 1 }
{ "Address": "0x4e352e", "Opcode": "ff1594064f00", "Opcodesize": 6, "Mnemonic": "call dword ptr [0x4f0694]", "PID": 188, "TID": 1828, "Arguments": [ "Arg1", "IN", "HANDLE", "0x18fdb8", "0xffffffff", "Arg2", "IN", "LPCVOID", "0x18fdbc", "0x4dcfb2", "Arg3", "IN", "SIZE_T", "0x18fdc0", "0x47" ], "Timesptamp": "00000001.700934", "FunctionName": "FlushInstructionCache", "ModuleName": "kernel32.dll", "Return": "TRUE", "Status": 0 }
{ "Address": "0x4e3547", "Opcode": "ff1578074f00", "Opcodesize": 6, "Mnemonic": "call dword ptr [0x4f0778]", "PID": 188, "TID": 1828, "Functionname": "LeaveCriticalSection", "Dllname": "ntdll.dll", "Status": 1 }
{ "Address": "0x4e34b2", "Opcode": "ff15e8064f00", "Opcodesize": 6, "Mnemonic": "call dword ptr [0x4f06e8]", "PID": 188, "TID": 1828, "Functionname": "EnterCriticalSection", "Dllname": "ntdll.dll", "Status": 1 }
{ "Address": "0x4e352e", "Opcode": "ff1594064f00", "Opcodesize": 6, "Mnemonic": "call dword ptr [0x4f0694]", "PID": 188, "TID": 1828, "Arguments": [ "Arg1", "IN", "HANDLE", "0x18fdb8", "0xffffffff", "Arg2", "IN", "LPCVOID", "0x18fdbc", "0x4dcfd3", "Arg3", "IN", "SIZE_T", "0x18fdc0", "0x26" ], "Timesptamp": "00000001.727755", "FunctionName": "FlushInstructionCache", "ModuleName": "kernel32.dll", "Return": "TRUE", "Status": 0 }
{ "Address": "0x4e3547", "Opcode": "ff1578074f00", "Opcodesize": 6, "Mnemonic": "call dword ptr [0x4f0778]", "PID": 188, "TID": 1828, "Functionname": "LeaveCriticalSection", "Dllname": "ntdll.dll", "Status": 1 }
{ "Address": "0x4e34b2", "Opcode": "ff15e8064f00", "Opcodesize": 6, "Mnemonic": "call dword ptr [0x4f06e8]", "PID": 188, "TID": 1828, "Functionname": "EnterCriticalSection", "Dllname": "ntdll.dll", "Status": 1 }
{ "Address": "0x4e352e", "Opcode": "ff1594064f00", "Opcodesize": 6, "Mnemonic": "call dword ptr [0x4f0694]", "PID": 188, "TID": 1828, "Arguments": [ "Arg1", "IN", "HANDLE", "0x18fdb8", "0xffffffff", "Arg2", "IN", "LPCVOID", "0x18fdbc", "0x4dcf7e", "Arg3", "IN", "SIZE_T", "0x18fdc0", "0xb2" ], "Timesptamp": "00000001.754719", "FunctionName": "FlushInstructionCache", "ModuleName": "kernel32.dll", "Return": "TRUE", "Status": 0 }
{ "Address": "0x4e3547", "Opcode": "ff1578074f00", "Opcodesize": 6, "Mnemonic": "call dword ptr [0x4f0778]", "PID": 188, "TID": 1828, "Functionname": "LeaveCriticalSection", "Dllname": "ntdll.dll", "Status": 1 }
{ "Address": "0x4e6c40", "Opcode": "ff1564074f00", "Opcodesize": 6, "Mnemonic": "call dword ptr [0x4f0764]", "PID": 188, "TID": 1828, "Functionname": "HeapAlloc", "Dllname": "ntdll.dll", "Status": 1 }
{ "Address": "0x4dde82", "Opcode": "ff153c074f00", "Opcodesize": 6, "Mnemonic": "call dword ptr [0x4f073c]", "PID": 188, "TID": 1828, "Arguments": [ "Arg1", "IN", "LPCTSTR", "0x18fc84", "\"\"" ], "Timesptamp": "00000001.781371", "FunctionName": "GetModuleHandleA", "ModuleName": "kernel32.dll", "Return": "0x400000", "Status": 0 }
{ "Address": "0x4dde89", "Opcode": "ff1538074f00", "Opcodesize": 6, "Mnemonic": "call dword ptr [0x4f0738]", "PID": 188, "TID": 1828, "Arguments": [ "Arg1", "IN", "HMODULE", "0x18fc84", "0x400000", "Arg2", "OUT", "LPTSTR", "0x18fc88", "0x1ed0888", "Arg3", "IN", "DWORD", "0x18fc8c", "0x104" ], "Timesptamp": "00000001.790387", "FunctionName": "GetModuleFileNameA", "ModuleName": "kernel32.dll", "Return": "0x25", "Output1": [ "0x1ed0888", "C:\\Users\\lhs\\Exec\\molebox_portmon.exe" ], "Status": 0 }
{ "Address": "0x4ddeb1", "Opcode": "ff153c074f00", "Opcodesize": 6, "Mnemonic": "call dword ptr [0x4f073c]", "PID": 188, "TID": 1828, "Arguments": [ "Arg1", "IN", "LPCTSTR", "0x18fc8c", "user32.dll" ], "Timesptamp": "00000001.799736", "FunctionName": "GetModuleHandleA", "ModuleName": "kernel32.dll", "Return": "0x74d30000", "Status": 0 }
{ "Address": "0x4ddeda", "Opcode": "ff154c074f00", "Opcodesize": 6, "Mnemonic": "call dword ptr [0x4f074c]", "PID": 188, "TID": 1828, "Arguments": [ "Arg1", "IN", "HMODULE", "0x18fc88", "0x74d30000", "Arg2", "IN", "LPCSTR", "0x18fc8c", "MessageBoxA" ], "Timesptamp": "00000001.808648", "FunctionName": "GetProcAddress", "ModuleName": "kernel32.dll", "Return": "0x74d9fd1e", "Status": 0 }
{ "Address": "0x4ddf01", "Opcode": "ff1584074f00", "Opcodesize": 6, "Mnemonic": "call dword ptr [0x4f0784]", "PID": 188, "TID": 1828, "Arguments": [ "Arg1", "IN", "UINT", "0x18fc88", "0x40", "Arg2", "IN", "SIZE_T", "0x18fc8c", "0x4000" ], "Timesptamp": "00000001.817746", "FunctionName": "LocalAlloc", "ModuleName": "kernel32.dll", "Return": "0x6a23b8", "Status": 0 }
{ "Address": "0x4ddf13", "Opcode": "ff1500d04e00", "Opcodesize": 6, "Mnemonic": "call dword ptr [0x4ed000]", "PID": 188, "TID": 1828, "Functionname": "lstrcat", "Dllname": "kernel32.dll", "Status": 1 }
{ "Address": "0x4ddf39", "Opcode": "ff153c074f00", "Opcodesize": 6, "Mnemonic": "call dword ptr [0x4f073c]", "PID": 188, "TID": 1828, "Arguments": [ "Arg1", "IN", "LPCTSTR", "0x18fc84", "\"\"" ], "Timesptamp": "00000001.834746", "FunctionName": "GetModuleHandleA", "ModuleName": "kernel32.dll", "Return": "0x400000", "Status": 0 }
{ "Address": "0x4ddf40", "Opcode": "ff1538074f00", "Opcodesize": 6, "Mnemonic": "call dword ptr [0x4f0738]", "PID": 188, "TID": 1828, "Arguments": [ "Arg1", "IN", "HMODULE", "0x18fc84", "0x400000", "Arg2", "OUT", "LPTSTR", "0x18fc88", "0x6a23d1", "Arg3", "IN", "DWORD", "0x18fc8c", "0x104" ], "Timesptamp": "00000001.843647", "FunctionName": "GetModuleFileNameA", "ModuleName": "kernel32.dll", "Return": "0x25", "Output1": [ "0x6a23d1", "C:\\Users\\lhs\\Exec\\molebox_portmon.exe" ], "Status": 0 }
{ "Address": "0x4ddf4f", "Opcode": "ff1500d04e00", "Opcodesize": 6, "Mnemonic": "call dword ptr [0x4ed000]", "PID": 188, "TID": 1828, "Functionname": "lstrcat", "Dllname": "kernel32.dll", "Status": 1 }
{ "Address": "0x4ddf5e", "Opcode": "ff1500d04e00", "Opcodesize": 6, "Mnemonic": "call dword ptr [0x4ed000]", "PID": 188, "TID": 1828, "Functionname": "lstrcat", "Dllname": "kernel32.dll", "Status": 1 }
{ "Address": "0x4ddf6d", "Opcode": "ff1500d04e00", "Opcodesize": 6, "Mnemonic": "call dword ptr [0x4ed000]", "PID": 188, "TID": 1828, "Functionname": "lstrcat", "Dllname": "kernel32.dll", "Status": 1 }
