{ "Address": "0x4272ea", "Opcode": "ff1518804300", "Opcodesize": 6, "Mnemonic": "call dword ptr [0x438018]", "PID": 860, "TID": 1680, "Arguments": [ "Arg1", "IN", "LPCTSTR", "0x18fedc", "\"\"" ], "Timesptamp": "00000000.202614", "FunctionName": "GetModuleHandleA", "ModuleName": "kernel32.dll", "Return": "0x400000", "Status": 0 }
{ "Address": "0x4272fa", "Opcode": "ff1514804300", "Opcodesize": 6, "Mnemonic": "call dword ptr [0x438014]", "PID": 860, "TID": 1680, "Arguments": [ "Arg1", "IN", "UINT", "0x18fed8", "0x40", "Arg2", "IN", "SIZE_T", "0x18fedc", "0xd440" ], "Timesptamp": "00000000.212155", "FunctionName": "LocalAlloc", "ModuleName": "kernel32.dll", "Return": "0x271770", "Status": 0 }
{ "Address": "0x4273e8", "Opcode": "ff1514804300", "Opcodesize": 6, "Mnemonic": "call dword ptr [0x438014]", "PID": 860, "TID": 1680, "Arguments": [ "Arg1", "IN", "UINT", "0x18fed8", "0x40", "Arg2", "IN", "SIZE_T", "0x18fedc", "0x1a4a" ], "Timesptamp": "00000000.233012", "FunctionName": "LocalAlloc", "ModuleName": "kernel32.dll", "Return": "0x27ebb8", "Status": 0 }
{ "Address": "0x427485", "Opcode": "ff150c804300", "Opcodesize": 6, "Mnemonic": "call dword ptr [0x43800c]", "PID": 860, "TID": 1680, "Arguments": [ "Arg1", "IN", "HLOCAL", "0x18fedc", "0x27ebb8" ], "Timesptamp": "00000000.240651", "FunctionName": "LocalFree", "ModuleName": "kernel32.dll", "Return": "0x0", "Status": 0 }
{ "Address": "0x427490", "Opcode": "ff1518804300", "Opcodesize": 6, "Mnemonic": "call dword ptr [0x438018]", "PID": 860, "TID": 1680, "Arguments": [ "Arg1", "IN", "LPCTSTR", "0x18fedc", "kernel32.dll" ], "Timesptamp": "00000000.249562", "FunctionName": "GetModuleHandleA", "ModuleName": "kernel32.dll", "Return": "0x74f10000", "Status": 0 }
{ "Address": "0x4274b9", "Opcode": "ff1508804300", "Opcodesize": 6, "Mnemonic": "call dword ptr [0x438008]", "PID": 860, "TID": 1680, "Arguments": [ "Arg1", "IN", "HMODULE", "0x18fed8", "0x74f10000", "Arg2", "IN", "LPCSTR", "0x18fedc", "FlushInstructionCache" ], "Timesptamp": "00000000.259349", "FunctionName": "GetProcAddress", "ModuleName": "kernel32.dll", "Return": "0x74f24393", "Status": 0 }
{ "Address": "0x4274cd", "Opcode": "ff1508804300", "Opcodesize": 6, "Mnemonic": "call dword ptr [0x438008]", "PID": 860, "TID": 1680, "Arguments": [ "Arg1", "IN", "HMODULE", "0x18fed8", "0x74f10000", "Arg2", "IN", "LPCSTR", "0x18fedc", "GetCurrentProcess" ], "Timesptamp": "00000000.279592", "FunctionName": "GetProcAddress", "ModuleName": "kernel32.dll", "Return": "0x74f21809", "Status": 0 }
{ "Address": "0x4274f0", "Opcode": "ff55ec", "Opcodesize": 3, "Mnemonic": "call dword ptr [ebp - 0x14]", "PID": 860, "TID": 1680, "Arguments": [ ], "Timesptamp": "00000000.288784", "FunctionName": "GetCurrentProcess", "ModuleName": "kernel32.dll", "Return": "0xffffffff", "Status": 0 }
{ "Address": "0x4275c6", "Opcode": "ff1514804300", "Opcodesize": 6, "Mnemonic": "call dword ptr [0x438014]", "PID": 860, "TID": 1680, "Arguments": [ "Arg1", "IN", "UINT", "0x18fed8", "0x40", "Arg2", "IN", "SIZE_T", "0x18fedc", "0x9353" ], "Timesptamp": "00000000.301242", "FunctionName": "LocalAlloc", "ModuleName": "kernel32.dll", "Return": "0x27ebb8", "Status": 0 }
{ "Address": "0x42766e", "Opcode": "ff1594b64300", "Opcodesize": 6, "Mnemonic": "call dword ptr [0x43b694]", "PID": 860, "TID": 1680, "Arguments": [ "Arg1", "IN", "HANDLE", "0x18fed4", "0xffffffff", "Arg2", "IN", "LPCVOID", "0x18fed8", "0x427b82", "Arg3", "IN", "SIZE_T", "0x18fedc", "0xf67e" ], "Timesptamp": "00000000.312066", "FunctionName": "FlushInstructionCache", "ModuleName": "kernel32.dll", "Return": "TRUE", "Status": 0 }
{ "Address": "0x427678", "Opcode": "ff150c804300", "Opcodesize": 6, "Mnemonic": "call dword ptr [0x43800c]", "PID": 860, "TID": 1680, "Arguments": [ "Arg1", "IN", "HLOCAL", "0x18fedc", "0x27ebb8" ], "Timesptamp": "00000000.335351", "FunctionName": "LocalFree", "ModuleName": "kernel32.dll", "Return": "0x0", "Status": 0 }
{ "Address": "0x427682", "Opcode": "ff150c804300", "Opcodesize": 6, "Mnemonic": "call dword ptr [0x43800c]", "PID": 860, "TID": 1680, "Arguments": [ "Arg1", "IN", "HLOCAL", "0x18fedc", "0x271770" ], "Timesptamp": "00000000.344560", "FunctionName": "LocalFree", "ModuleName": "kernel32.dll", "Return": "0x0", "Status": 0 }
{ "Address": "0x42768d", "Opcode": "ff1504804300", "Opcodesize": 6, "Mnemonic": "call dword ptr [0x438004]", "PID": 860, "TID": 1680, "Functionname": "RtlInitializeCriticalSection", "Dllname": "ntdll.dll", "Status": 1 }
{ "Address": "0x4282db", "Opcode": "ff1518804300", "Opcodesize": 6, "Mnemonic": "call dword ptr [0x438018]", "PID": 860, "TID": 1680, "Arguments": [ "Arg1", "IN", "LPCTSTR", "0x18fec0", "kernel32.dll" ], "Timesptamp": "00000000.362773", "FunctionName": "GetModuleHandleA", "ModuleName": "kernel32.dll", "Return": "0x74f10000", "Status": 0 }
{ "Address": "0x428304", "Opcode": "ff1508804300", "Opcodesize": 6, "Mnemonic": "call dword ptr [0x438008]", "PID": 860, "TID": 1680, "Arguments": [ "Arg1", "IN", "HMODULE", "0x18febc", "0x74f10000", "Arg2", "IN", "LPCSTR", "0x18fec0", "CloseHandle" ], "Timesptamp": "00000000.371934", "FunctionName": "GetProcAddress", "ModuleName": "kernel32.dll", "Return": "0x74f21410", "Status": 0 }
{ "Address": "0x428318", "Opcode": "ff1508804300", "Opcodesize": 6, "Mnemonic": "call dword ptr [0x438008]", "PID": 860, "TID": 1680, "Arguments": [ "Arg1", "IN", "HMODULE", "0x18febc", "0x74f10000", "Arg2", "IN", "LPCSTR", "0x18fec0", "CreateFileA" ], "Timesptamp": "00000000.381008", "FunctionName": "GetProcAddress", "ModuleName": "kernel32.dll", "Return": "0x74f253c6", "Status": 0 }
{ "Address": "0x42832c", "Opcode": "ff1508804300", "Opcodesize": 6, "Mnemonic": "call dword ptr [0x438008]", "PID": 860, "TID": 1680, "Arguments": [ "Arg1", "IN", "HMODULE", "0x18febc", "0x74f10000", "Arg2", "IN", "LPCSTR", "0x18fec0", "CreateFileW" ], "Timesptamp": "00000000.390178", "FunctionName": "GetProcAddress", "ModuleName": "kernel32.dll", "Return": "0x74f23f5c", "Status": 0 }
{ "Address": "0x428340", "Opcode": "ff1508804300", "Opcodesize": 6, "Mnemonic": "call dword ptr [0x438008]", "PID": 860, "TID": 1680, "Arguments": [ "Arg1", "IN", "HMODULE", "0x18febc", "0x74f10000", "Arg2", "IN", "LPCSTR", "0x18fec0", "CreateFileMappingA" ], "Timesptamp": "00000000.398120", "FunctionName": "GetProcAddress", "ModuleName": "kernel32.dll", "Return": "0x74f25506", "Status": 0 }
{ "Address": "0x428354", "Opcode": "ff1508804300", "Opcodesize": 6, "Mnemonic": "call dword ptr [0x438008]", "PID": 860, "TID": 1680, "Arguments": [ "Arg1", "IN", "HMODULE", "0x18febc", "0x74f10000", "Arg2", "IN", "LPCSTR", "0x18fec0", "CreateFileMappingW" ], "Timesptamp": "00000000.417151", "FunctionName": "GetProcAddress", "ModuleName": "kernel32.dll", "Return": "0x74f21909", "Status": 0 }
{ "Address": "0x428368", "Opcode": "ff1508804300", "Opcodesize": 6, "Mnemonic": "call dword ptr [0x438008]", "PID": 860, "TID": 1680, "Arguments": [ "Arg1", "IN", "HMODULE", "0x18febc", "0x74f10000", "Arg2", "IN", "LPCSTR", "0x18fec0", "CreateProcessA" ], "Timesptamp": "00000000.427898", "FunctionName": "GetProcAddress", "ModuleName": "kernel32.dll", "Return": "0x74f21072", "Status": 0 }
{ "Address": "0x42837c", "Opcode": "ff1508804300", "Opcodesize": 6, "Mnemonic": "call dword ptr [0x438008]", "PID": 860, "TID": 1680, "Arguments": [ "Arg1", "IN", "HMODULE", "0x18febc", "0x74f10000", "Arg2", "IN", "LPCSTR", "0x18fec0", "DebugBreak" ], "Timesptamp": "00000000.437089", "FunctionName": "GetProcAddress", "ModuleName": "kernel32.dll", "Return": "0x74fa41b5", "Status": 0 }
{ "Address": "0x428390", "Opcode": "ff1508804300", "Opcodesize": 6, "Mnemonic": "call dword ptr [0x438008]", "PID": 860, "TID": 1680, "Arguments": [ "Arg1", "IN", "HMODULE", "0x18febc", "0x74f10000", "Arg2", "IN", "LPCSTR", "0x18fec0", "DeleteFileA" ], "Timesptamp": "00000000.445099", "FunctionName": "GetProcAddress", "ModuleName": "kernel32.dll", "Return": "0x74f25444", "Status": 0 }
{ "Address": "0x4283a4", "Opcode": "ff1508804300", "Opcodesize": 6, "Mnemonic": "call dword ptr [0x438008]", "PID": 860, "TID": 1680, "Arguments": [ "Arg1", "IN", "HMODULE", "0x18febc", "0x74f10000", "Arg2", "IN", "LPCSTR", "0x18fec0", "EnterCriticalSection" ], "Timesptamp": "00000000.464048", "FunctionName": "GetProcAddress", "ModuleName": "kernel32.dll", "Return": "0x770622b0", "Status": 0 }
{ "Address": "0x4283b8", "Opcode": "ff1508804300", "Opcodesize": 6, "Mnemonic": "call dword ptr [0x438008]", "PID": 860, "TID": 1680, "Arguments": [ "Arg1", "IN", "HMODULE", "0x18febc", "0x74f10000", "Arg2", "IN", "LPCSTR", "0x18fec0", "ExitProcess" ], "Timesptamp": "00000000.471878", "FunctionName": "GetProcAddress", "ModuleName": "kernel32.dll", "Return": "0x74f27a10", "Status": 0 }
{ "Address": "0x4283cc", "Opcode": "ff1508804300", "Opcodesize": 6, "Mnemonic": "call dword ptr [0x438008]", "PID": 860, "TID": 1680, "Arguments": [ "Arg1", "IN", "HMODULE", "0x18febc", "0x74f10000", "Arg2", "IN", "LPCSTR", "0x18fec0", "FindClose" ], "Timesptamp": "00000000.481154", "FunctionName": "GetProcAddress", "ModuleName": "kernel32.dll", "Return": "0x74f24442", "Status": 0 }
{ "Address": "0x4283e0", "Opcode": "ff1508804300", "Opcodesize": 6, "Mnemonic": "call dword ptr [0x438008]", "PID": 860, "TID": 1680, "Arguments": [ "Arg1", "IN", "HMODULE", "0x18febc", "0x74f10000", "Arg2", "IN", "LPCSTR", "0x18fec0", "FindFirstFileA" ], "Timesptamp": "00000000.490276", "FunctionName": "GetProcAddress", "ModuleName": "kernel32.dll", "Return": "0x74f2e2ce", "Status": 0 }
{ "Address": "0x4283f4", "Opcode": "ff1508804300", "Opcodesize": 6, "Mnemonic": "call dword ptr [0x438008]", "PID": 860, "TID": 1680, "Arguments": [ "Arg1", "IN", "HMODULE", "0x18febc", "0x74f10000", "Arg2", "IN", "LPCSTR", "0x18fec0", "FindNextFileA" ], "Timesptamp": "00000000.499437", "FunctionName": "GetProcAddress", "ModuleName": "kernel32.dll", "Return": "0x74f4d53e", "Status": 0 }
{ "Address": "0x428408", "Opcode": "ff1508804300", "Opcodesize": 6, "Mnemonic": "call dword ptr [0x438008]", "PID": 860, "TID": 1680, "Arguments": [ "Arg1", "IN", "HMODULE", "0x18febc", "0x74f10000", "Arg2", "IN", "LPCSTR", "0x18fec0", "FlushFileBuffers" ], "Timesptamp": "00000000.509890", "FunctionName": "GetProcAddress", "ModuleName": "kernel32.dll", "Return": "0x74f2469b", "Status": 0 }
{ "Address": "0x42841c", "Opcode": "ff1508804300", "Opcodesize": 6, "Mnemonic": "call dword ptr [0x438008]", "PID": 860, "TID": 1680, "Arguments": [ "Arg1", "IN", "HMODULE", "0x18febc", "0x74f10000", "Arg2", "IN", "LPCSTR", "0x18fec0", "FormatMessageA" ], "Timesptamp": "00000000.517954", "FunctionName": "GetProcAddress", "ModuleName": "kernel32.dll", "Return": "0x74f45fbd", "Status": 0 }
{ "Address": "0x428430", "Opcode": "ff1508804300", "Opcodesize": 6, "Mnemonic": "call dword ptr [0x438008]", "PID": 860, "TID": 1680, "Arguments": [ "Arg1", "IN", "HMODULE", "0x18febc", "0x74f10000", "Arg2", "IN", "LPCSTR", "0x18fec0", "FreeLibrary" ], "Timesptamp": "00000000.527133", "FunctionName": "GetProcAddress", "ModuleName": "kernel32.dll", "Return": "0x74f234c8", "Status": 0 }
{ "Address": "0x428444", "Opcode": "ff1508804300", "Opcodesize": 6, "Mnemonic": "call dword ptr [0x438008]", "PID": 860, "TID": 1680, "Arguments": [ "Arg1", "IN", "HMODULE", "0x18febc", "0x74f10000", "Arg2", "IN", "LPCSTR", "0x18fec0", "GetCurrentProcess" ], "Timesptamp": "00000000.534512", "FunctionName": "GetProcAddress", "ModuleName": "kernel32.dll", "Return": "0x74f21809", "Status": 0 }
{ "Address": "0x428458", "Opcode": "ff1508804300", "Opcodesize": 6, "Mnemonic": "call dword ptr [0x438008]", "PID": 860, "TID": 1680, "Arguments": [ "Arg1", "IN", "HMODULE", "0x18febc", "0x74f10000", "Arg2", "IN", "LPCSTR", "0x18fec0", "GetCurrentProcessId" ], "Timesptamp": "00000000.543712", "FunctionName": "GetProcAddress", "ModuleName": "kernel32.dll", "Return": "0x74f211f8", "Status": 0 }
{ "Address": "0x42846c", "Opcode": "ff1508804300", "Opcodesize": 6, "Mnemonic": "call dword ptr [0x438008]", "PID": 860, "TID": 1680, "Arguments": [ "Arg1", "IN", "HMODULE", "0x18febc", "0x74f10000", "Arg2", "IN", "LPCSTR", "0x18fec0", "GetEnvironmentVariableA" ], "Timesptamp": "00000000.554136", "FunctionName": "GetProcAddress", "ModuleName": "kernel32.dll", "Return": "0x74f233a0", "Status": 0 }
{ "Address": "0x428480", "Opcode": "ff1508804300", "Opcodesize": 6, "Mnemonic": "call dword ptr [0x438008]", "PID": 860, "TID": 1680, "Arguments": [ "Arg1", "IN", "HMODULE", "0x18febc", "0x74f10000", "Arg2", "IN", "LPCSTR", "0x18fec0", "GetExitCodeProcess" ], "Timesptamp": "00000000.563565", "FunctionName": "GetProcAddress", "ModuleName": "kernel32.dll", "Return": "0x74f3174d", "Status": 0 }
{ "Address": "0x428494", "Opcode": "ff1508804300", "Opcodesize": 6, "Mnemonic": "call dword ptr [0x438008]", "PID": 860, "TID": 1680, "Arguments": [ "Arg1", "IN", "HMODULE", "0x18febc", "0x74f10000", "Arg2", "IN", "LPCSTR", "0x18fec0", "GetFileAttributesA" ], "Timesptamp": "00000000.572855", "FunctionName": "GetProcAddress", "ModuleName": "kernel32.dll", "Return": "0x74f25414", "Status": 0 }
{ "Address": "0x4284a8", "Opcode": "ff1508804300", "Opcodesize": 6, "Mnemonic": "call dword ptr [0x438008]", "PID": 860, "TID": 1680, "Arguments": [ "Arg1", "IN", "HMODULE", "0x18febc", "0x74f10000", "Arg2", "IN", "LPCSTR", "0x18fec0", "GetFileAttributesW" ], "Timesptamp": "00000000.581858", "FunctionName": "GetProcAddress", "ModuleName": "kernel32.dll", "Return": "0x74f21b18", "Status": 0 }
{ "Address": "0x4284bc", "Opcode": "ff1508804300", "Opcodesize": 6, "Mnemonic": "call dword ptr [0x438008]", "PID": 860, "TID": 1680, "Arguments": [ "Arg1", "IN", "HMODULE", "0x18febc", "0x74f10000", "Arg2", "IN", "LPCSTR", "0x18fec0", "GetFileInformationByHandle" ], "Timesptamp": "00000000.592198", "FunctionName": "GetProcAddress", "ModuleName": "kernel32.dll", "Return": "0x74f253ae", "Status": 0 }
{ "Address": "0x4284d0", "Opcode": "ff1508804300", "Opcodesize": 6, "Mnemonic": "call dword ptr [0x438008]", "PID": 860, "TID": 1680, "Arguments": [ "Arg1", "IN", "HMODULE", "0x18febc", "0x74f10000", "Arg2", "IN", "LPCSTR", "0x18fec0", "GetFileSize" ], "Timesptamp": "00000000.600483", "FunctionName": "GetProcAddress", "ModuleName": "kernel32.dll", "Return": "0x74f2196e", "Status": 0 }
{ "Address": "0x4284e4", "Opcode": "ff1508804300", "Opcodesize": 6, "Mnemonic": "call dword ptr [0x438008]", "PID": 860, "TID": 1680, "Arguments": [ "Arg1", "IN", "HMODULE", "0x18febc", "0x74f10000", "Arg2", "IN", "LPCSTR", "0x18fec0", "GetFileTime" ], "Timesptamp": "00000000.609668", "FunctionName": "GetProcAddress", "ModuleName": "kernel32.dll", "Return": "0x74f24407", "Status": 0 }
{ "Address": "0x4284f8", "Opcode": "ff1508804300", "Opcodesize": 6, "Mnemonic": "call dword ptr [0x438008]", "PID": 860, "TID": 1680, "Arguments": [ "Arg1", "IN", "HMODULE", "0x18febc", "0x74f10000", "Arg2", "IN", "LPCSTR", "0x18fec0", "GetFullPathNameA" ], "Timesptamp": "00000000.617238", "FunctionName": "GetProcAddress", "ModuleName": "kernel32.dll", "Return": "0x74f2e2c1", "Status": 0 }
{ "Address": "0x42850c", "Opcode": "ff1508804300", "Opcodesize": 6, "Mnemonic": "call dword ptr [0x438008]", "PID": 860, "TID": 1680, "Arguments": [ "Arg1", "IN", "HMODULE", "0x18febc", "0x74f10000", "Arg2", "IN", "LPCSTR", "0x18fec0", "GetFullPathNameW" ], "Timesptamp": "00000000.637138", "FunctionName": "GetProcAddress", "ModuleName": "kernel32.dll", "Return": "0x74f240d4", "Status": 0 }
{ "Address": "0x428520", "Opcode": "ff1508804300", "Opcodesize": 6, "Mnemonic": "call dword ptr [0x438008]", "PID": 860, "TID": 1680, "Arguments": [ "Arg1", "IN", "HMODULE", "0x18febc", "0x74f10000", "Arg2", "IN", "LPCSTR", "0x18fec0", "GetLastError" ], "Timesptamp": "00000000.646581", "FunctionName": "GetProcAddress", "ModuleName": "kernel32.dll", "Return": "0x74f211c0", "Status": 0 }
{ "Address": "0x428534", "Opcode": "ff1508804300", "Opcodesize": 6, "Mnemonic": "call dword ptr [0x438008]", "PID": 860, "TID": 1680, "Arguments": [ "Arg1", "IN", "HMODULE", "0x18febc", "0x74f10000", "Arg2", "IN", "LPCSTR", "0x18fec0", "GetModuleFileNameA" ], "Timesptamp": "00000000.655771", "FunctionName": "GetProcAddress", "ModuleName": "kernel32.dll", "Return": "0x74f214b1", "Status": 0 }
{ "Address": "0x428548", "Opcode": "ff1508804300", "Opcodesize": 6, "Mnemonic": "call dword ptr [0x438008]", "PID": 860, "TID": 1680, "Arguments": [ "Arg1", "IN", "HMODULE", "0x18febc", "0x74f10000", "Arg2", "IN", "LPCSTR", "0x18fec0", "GetModuleHandleA" ], "Timesptamp": "00000000.663541", "FunctionName": "GetProcAddress", "ModuleName": "kernel32.dll", "Return": "0x74f21245", "Status": 0 }
{ "Address": "0x42855c", "Opcode": "ff1508804300", "Opcodesize": 6, "Mnemonic": "call dword ptr [0x438008]", "PID": 860, "TID": 1680, "Arguments": [ "Arg1", "IN", "HMODULE", "0x18febc", "0x74f10000", "Arg2", "IN", "LPCSTR", "0x18fec0", "GetPrivateProfileIntA" ], "Timesptamp": "00000000.691946", "FunctionName": "GetProcAddress", "ModuleName": "kernel32.dll", "Return": "0x74f4cdd7", "Status": 0 }
{ "Address": "0x428570", "Opcode": "ff1508804300", "Opcodesize": 6, "Mnemonic": "call dword ptr [0x438008]", "PID": 860, "TID": 1680, "Arguments": [ "Arg1", "IN", "HMODULE", "0x18febc", "0x74f10000", "Arg2", "IN", "LPCSTR", "0x18fec0", "GetPrivateProfileSectionNamesA" ], "Timesptamp": "00000000.700867", "FunctionName": "GetProcAddress", "ModuleName": "kernel32.dll", "Return": "0x74f9a1c9", "Status": 0 }
{ "Address": "0x428584", "Opcode": "ff1508804300", "Opcodesize": 6, "Mnemonic": "call dword ptr [0x438008]", "PID": 860, "TID": 1680, "Arguments": [ "Arg1", "IN", "HMODULE", "0x18febc", "0x74f10000", "Arg2", "IN", "LPCSTR", "0x18fec0", "GetPrivateProfileStringA" ], "Timesptamp": "00000000.709303", "FunctionName": "GetProcAddress", "ModuleName": "kernel32.dll", "Return": "0x74f3184c", "Status": 0 }
{ "Address": "0x428598", "Opcode": "ff1508804300", "Opcodesize": 6, "Mnemonic": "call dword ptr [0x438008]", "PID": 860, "TID": 1680, "Arguments": [ "Arg1", "IN", "HMODULE", "0x18febc", "0x74f10000", "Arg2", "IN", "LPCSTR", "0x18fec0", "GetProcAddress" ], "Timesptamp": "00000000.718172", "FunctionName": "GetProcAddress", "ModuleName": "kernel32.dll", "Return": "0x74f21222", "Status": 0 }
{ "Address": "0x4285ac", "Opcode": "ff1508804300", "Opcodesize": 6, "Mnemonic": "call dword ptr [0x438008]", "PID": 860, "TID": 1680, "Arguments": [ "Arg1", "IN", "HMODULE", "0x18febc", "0x74f10000", "Arg2", "IN", "LPCSTR", "0x18fec0", "GetSystemTimeAsFileTime" ], "Timesptamp": "00000000.726011", "FunctionName": "GetProcAddress", "ModuleName": "kernel32.dll", "Return": "0x74f23509", "Status": 0 }
{ "Address": "0x4285c0", "Opcode": "ff1508804300", "Opcodesize": 6, "Mnemonic": "call dword ptr [0x438008]", "PID": 860, "TID": 1680, "Arguments": [ "Arg1", "IN", "HMODULE", "0x18febc", "0x74f10000", "Arg2", "IN", "LPCSTR", "0x18fec0", "GetTempFileNameA" ], "Timesptamp": "00000000.734913", "FunctionName": "GetProcAddress", "ModuleName": "kernel32.dll", "Return": "0x74f49d3f", "Status": 0 }
{ "Address": "0x4285d4", "Opcode": "ff1508804300", "Opcodesize": 6, "Mnemonic": "call dword ptr [0x438008]", "PID": 860, "TID": 1680, "Arguments": [ "Arg1", "IN", "HMODULE", "0x18febc", "0x74f10000", "Arg2", "IN", "LPCSTR", "0x18fec0", "GetTempPathA" ], "Timesptamp": "00000000.743781", "FunctionName": "GetProcAddress", "ModuleName": "kernel32.dll", "Return": "0x74f4276c", "Status": 0 }
{ "Address": "0x4285e8", "Opcode": "ff1508804300", "Opcodesize": 6, "Mnemonic": "call dword ptr [0x438008]", "PID": 860, "TID": 1680, "Arguments": [ "Arg1", "IN", "HMODULE", "0x18febc", "0x74f10000", "Arg2", "IN", "LPCSTR", "0x18fec0", "GetVersionExA" ], "Timesptamp": "00000000.751818", "FunctionName": "GetProcAddress", "ModuleName": "kernel32.dll", "Return": "0x74f23519", "Status": 0 }
{ "Address": "0x4285fc", "Opcode": "ff1508804300", "Opcodesize": 6, "Mnemonic": "call dword ptr [0x438008]", "PID": 860, "TID": 1680, "Arguments": [ "Arg1", "IN", "HMODULE", "0x18febc", "0x74f10000", "Arg2", "IN", "LPCSTR", "0x18fec0", "GetTickCount" ], "Timesptamp": "00000000.760687", "FunctionName": "GetProcAddress", "ModuleName": "kernel32.dll", "Return": "0x74f2110c", "Status": 0 }
{ "Address": "0x428610", "Opcode": "ff1508804300", "Opcodesize": 6, "Mnemonic": "call dword ptr [0x438008]", "PID": 860, "TID": 1680, "Arguments": [ "Arg1", "IN", "HMODULE", "0x18febc", "0x74f10000", "Arg2", "IN", "LPCSTR", "0x18fec0", "HeapAlloc" ], "Timesptamp": "00000000.768171", "FunctionName": "GetProcAddress", "ModuleName": "kernel32.dll", "Return": "0x7706e026", "Status": 0 }
{ "Address": "0x428624", "Opcode": "ff1508804300", "Opcodesize": 6, "Mnemonic": "call dword ptr [0x438008]", "PID": 860, "TID": 1680, "Arguments": [ "Arg1", "IN", "HMODULE", "0x18febc", "0x74f10000", "Arg2", "IN", "LPCSTR", "0x18fec0", "HeapFree" ], "Timesptamp": "00000000.777063", "FunctionName": "GetProcAddress", "ModuleName": "kernel32.dll", "Return": "0x74f214c9", "Status": 0 }
{ "Address": "0x428638", "Opcode": "ff1508804300", "Opcodesize": 6, "Mnemonic": "call dword ptr [0x438008]", "PID": 860, "TID": 1680, "Arguments": [ "Arg1", "IN", "HMODULE", "0x18febc", "0x74f10000", "Arg2", "IN", "LPCSTR", "0x18fec0", "HeapCreate" ], "Timesptamp": "00000000.784307", "FunctionName": "GetProcAddress", "ModuleName": "kernel32.dll", "Return": "0x74f24a2d", "Status": 0 }
{ "Address": "0x42864c", "Opcode": "ff1508804300", "Opcodesize": 6, "Mnemonic": "call dword ptr [0x438008]", "PID": 860, "TID": 1680, "Arguments": [ "Arg1", "IN", "HMODULE", "0x18febc", "0x74f10000", "Arg2", "IN", "LPCSTR", "0x18fec0", "InitializeCriticalSection" ], "Timesptamp": "00000000.793197", "FunctionName": "GetProcAddress", "ModuleName": "kernel32.dll", "Return": "0x77072c42", "Status": 0 }
{ "Address": "0x428660", "Opcode": "ff1508804300", "Opcodesize": 6, "Mnemonic": "call dword ptr [0x438008]", "PID": 860, "TID": 1680, "Arguments": [ "Arg1", "IN", "HMODULE", "0x18febc", "0x74f10000", "Arg2", "IN", "LPCSTR", "0x18fec0", "DeleteCriticalSection" ], "Timesptamp": "00000000.800181", "FunctionName": "GetProcAddress", "ModuleName": "kernel32.dll", "Return": "0x770745f5", "Status": 0 }
{ "Address": "0x428674", "Opcode": "ff1508804300", "Opcodesize": 6, "Mnemonic": "call dword ptr [0x438008]", "PID": 860, "TID": 1680, "Arguments": [ "Arg1", "IN", "HMODULE", "0x18febc", "0x74f10000", "Arg2", "IN", "LPCSTR", "0x18fec0", "LeaveCriticalSection" ], "Timesptamp": "00000000.809085", "FunctionName": "GetProcAddress", "ModuleName": "kernel32.dll", "Return": "0x77062270", "Status": 0 }
{ "Address": "0x428688", "Opcode": "ff1508804300", "Opcodesize": 6, "Mnemonic": "call dword ptr [0x438008]", "PID": 860, "TID": 1680, "Arguments": [ "Arg1", "IN", "HMODULE", "0x18febc", "0x74f10000", "Arg2", "IN", "LPCSTR", "0x18fec0", "LoadLibraryA" ], "Timesptamp": "00000000.817956", "FunctionName": "GetProcAddress", "ModuleName": "kernel32.dll", "Return": "0x74f249d7", "Status": 0 }
{ "Address": "0x42869c", "Opcode": "ff1508804300", "Opcodesize": 6, "Mnemonic": "call dword ptr [0x438008]", "PID": 860, "TID": 1680, "Arguments": [ "Arg1", "IN", "HMODULE", "0x18febc", "0x74f10000", "Arg2", "IN", "LPCSTR", "0x18fec0", "LoadLibraryExA" ], "Timesptamp": "00000000.826883", "FunctionName": "GetProcAddress", "ModuleName": "kernel32.dll", "Return": "0x74f24913", "Status": 0 }
{ "Address": "0x4286b0", "Opcode": "ff1508804300", "Opcodesize": 6, "Mnemonic": "call dword ptr [0x438008]", "PID": 860, "TID": 1680, "Arguments": [ "Arg1", "IN", "HMODULE", "0x18febc", "0x74f10000", "Arg2", "IN", "LPCSTR", "0x18fec0", "LocalAlloc" ], "Timesptamp": "00000000.834738", "FunctionName": "GetProcAddress", "ModuleName": "kernel32.dll", "Return": "0x74f2168c", "Status": 0 }
{ "Address": "0x4286c4", "Opcode": "ff1508804300", "Opcodesize": 6, "Mnemonic": "call dword ptr [0x438008]", "PID": 860, "TID": 1680, "Arguments": [ "Arg1", "IN", "HMODULE", "0x18febc", "0x74f10000", "Arg2", "IN", "LPCSTR", "0x18fec0", "LocalFree" ], "Timesptamp": "00000000.843721", "FunctionName": "GetProcAddress", "ModuleName": "kernel32.dll", "Return": "0x74f22d3c", "Status": 0 }
{ "Address": "0x4286d8", "Opcode": "ff1508804300", "Opcodesize": 6, "Mnemonic": "call dword ptr [0x438008]", "PID": 860, "TID": 1680, "Arguments": [ "Arg1", "IN", "HMODULE", "0x18febc", "0x74f10000", "Arg2", "IN", "LPCSTR", "0x18fec0", "LockFile" ], "Timesptamp": "00000000.851094", "FunctionName": "GetProcAddress", "ModuleName": "kernel32.dll", "Return": "0x74f4cf1e", "Status": 0 }
{ "Address": "0x4286ec", "Opcode": "ff1508804300", "Opcodesize": 6, "Mnemonic": "call dword ptr [0x438008]", "PID": 860, "TID": 1680, "Arguments": [ "Arg1", "IN", "HMODULE", "0x18febc", "0x74f10000", "Arg2", "IN", "LPCSTR", "0x18fec0", "MapViewOfFile" ], "Timesptamp": "00000000.859938", "FunctionName": "GetProcAddress", "ModuleName": "kernel32.dll", "Return": "0x74f218f1", "Status": 0 }
{ "Address": "0x428700", "Opcode": "ff1508804300", "Opcodesize": 6, "Mnemonic": "call dword ptr [0x438008]", "PID": 860, "TID": 1680, "Arguments": [ "Arg1", "IN", "HMODULE", "0x18febc", "0x74f10000", "Arg2", "IN", "LPCSTR", "0x18fec0", "MultiByteToWideChar" ], "Timesptamp": "00000000.868850", "FunctionName": "GetProcAddress", "ModuleName": "kernel32.dll", "Return": "0x74f2192e", "Status": 0 }
{ "Address": "0x428714", "Opcode": "ff1508804300", "Opcodesize": 6, "Mnemonic": "call dword ptr [0x438008]", "PID": 860, "TID": 1680, "Arguments": [ "Arg1", "IN", "HMODULE", "0x18febc", "0x74f10000", "Arg2", "IN", "LPCSTR", "0x18fec0", "OpenProcess" ], "Timesptamp": "00000000.876801", "FunctionName": "GetProcAddress", "ModuleName": "kernel32.dll", "Return": "0x74f21986", "Status": 0 }
{ "Address": "0x428728", "Opcode": "ff1508804300", "Opcodesize": 6, "Mnemonic": "call dword ptr [0x438008]", "PID": 860, "TID": 1680, "Arguments": [ "Arg1", "IN", "HMODULE", "0x18febc", "0x74f10000", "Arg2", "IN", "LPCSTR", "0x18fec0", "RaiseException" ], "Timesptamp": "00000000.885755", "FunctionName": "GetProcAddress", "ModuleName": "kernel32.dll", "Return": "0x74f258a6", "Status": 0 }
{ "Address": "0x42873c", "Opcode": "ff1508804300", "Opcodesize": 6, "Mnemonic": "call dword ptr [0x438008]", "PID": 860, "TID": 1680, "Arguments": [ "Arg1", "IN", "HMODULE", "0x18febc", "0x74f10000", "Arg2", "IN", "LPCSTR", "0x18fec0", "ReadFile" ], "Timesptamp": "00000000.893120", "FunctionName": "GetProcAddress", "ModuleName": "kernel32.dll", "Return": "0x74f23ed3", "Status": 0 }
{ "Address": "0x428750", "Opcode": "ff1508804300", "Opcodesize": 6, "Mnemonic": "call dword ptr [0x438008]", "PID": 860, "TID": 1680, "Arguments": [ "Arg1", "IN", "HMODULE", "0x18febc", "0x74f10000", "Arg2", "IN", "LPCSTR", "0x18fec0", "SetEnvironmentVariableA" ], "Timesptamp": "00000000.902049", "FunctionName": "GetProcAddress", "ModuleName": "kernel32.dll", "Return": "0x74f2e331", "Status": 0 }
{ "Address": "0x428764", "Opcode": "ff1508804300", "Opcodesize": 6, "Mnemonic": "call dword ptr [0x438008]", "PID": 860, "TID": 1680, "Arguments": [ "Arg1", "IN", "HMODULE", "0x18febc", "0x74f10000", "Arg2", "IN", "LPCSTR", "0x18fec0", "SetEvent" ], "Timesptamp": "00000000.911110", "FunctionName": "GetProcAddress", "ModuleName": "kernel32.dll", "Return": "0x74f216c5", "Status": 0 }
{ "Address": "0x428778", "Opcode": "ff1508804300", "Opcodesize": 6, "Mnemonic": "call dword ptr [0x438008]", "PID": 860, "TID": 1680, "Arguments": [ "Arg1", "IN", "HMODULE", "0x18febc", "0x74f10000", "Arg2", "IN", "LPCSTR", "0x18fec0", "SetFilePointer" ], "Timesptamp": "00000000.920022", "FunctionName": "GetProcAddress", "ModuleName": "kernel32.dll", "Return": "0x74f217d1", "Status": 0 }
{ "Address": "0x42878c", "Opcode": "ff1508804300", "Opcodesize": 6, "Mnemonic": "call dword ptr [0x438008]", "PID": 860, "TID": 1680, "Arguments": [ "Arg1", "IN", "HMODULE", "0x18febc", "0x74f10000", "Arg2", "IN", "LPCSTR", "0x18fec0", "SetLastError" ], "Timesptamp": "00000000.928155", "FunctionName": "GetProcAddress", "ModuleName": "kernel32.dll", "Return": "0x74f211a9", "Status": 0 }
{ "Address": "0x4287a0", "Opcode": "ff1508804300", "Opcodesize": 6, "Mnemonic": "call dword ptr [0x438008]", "PID": 860, "TID": 1680, "Arguments": [ "Arg1", "IN", "HMODULE", "0x18febc", "0x74f10000", "Arg2", "IN", "LPCSTR", "0x18fec0", "SetUnhandledExceptionFilter" ], "Timesptamp": "00000000.937103", "FunctionName": "GetProcAddress", "ModuleName": "kernel32.dll", "Return": "0x74f287c9", "Status": 0 }
{ "Address": "0x4287b4", "Opcode": "ff1508804300", "Opcodesize": 6, "Mnemonic": "call dword ptr [0x438008]", "PID": 860, "TID": 1680, "Arguments": [ "Arg1", "IN", "HMODULE", "0x18febc", "0x74f10000", "Arg2", "IN", "LPCSTR", "0x18fec0", "Sleep" ], "Timesptamp": "00000000.944536", "FunctionName": "GetProcAddress", "ModuleName": "kernel32.dll", "Return": "0x74f210ff", "Status": 0 }
{ "Address": "0x4287c8", "Opcode": "ff1508804300", "Opcodesize": 6, "Mnemonic": "call dword ptr [0x438008]", "PID": 860, "TID": 1680, "Arguments": [ "Arg1", "IN", "HMODULE", "0x18febc", "0x74f10000", "Arg2", "IN", "LPCSTR", "0x18fec0", "TerminateProcess" ], "Timesptamp": "00000000.953466", "FunctionName": "GetProcAddress", "ModuleName": "kernel32.dll", "Return": "0x74f3d802", "Status": 0 }
{ "Address": "0x4287dc", "Opcode": "ff1508804300", "Opcodesize": 6, "Mnemonic": "call dword ptr [0x438008]", "PID": 860, "TID": 1680, "Arguments": [ "Arg1", "IN", "HMODULE", "0x18febc", "0x74f10000", "Arg2", "IN", "LPCSTR", "0x18fec0", "UnlockFile" ], "Timesptamp": "00000000.962400", "FunctionName": "GetProcAddress", "ModuleName": "kernel32.dll", "Return": "0x74f4cf36", "Status": 0 }
{ "Address": "0x4287f0", "Opcode": "ff1508804300", "Opcodesize": 6, "Mnemonic": "call dword ptr [0x438008]", "PID": 860, "TID": 1680, "Arguments": [ "Arg1", "IN", "HMODULE", "0x18febc", "0x74f10000", "Arg2", "IN", "LPCSTR", "0x18fec0", "UnmapViewOfFile" ], "Timesptamp": "00000000.970334", "FunctionName": "GetProcAddress", "ModuleName": "kernel32.dll", "Return": "0x74f21826", "Status": 0 }
{ "Address": "0x428804", "Opcode": "ff1508804300", "Opcodesize": 6, "Mnemonic": "call dword ptr [0x438008]", "PID": 860, "TID": 1680, "Arguments": [ "Arg1", "IN", "HMODULE", "0x18febc", "0x74f10000", "Arg2", "IN", "LPCSTR", "0x18fec0", "VirtualAlloc" ], "Timesptamp": "00000000.979293", "FunctionName": "GetProcAddress", "ModuleName": "kernel32.dll", "Return": "0x74f21856", "Status": 0 }
{ "Address": "0x428818", "Opcode": "ff1508804300", "Opcodesize": 6, "Mnemonic": "call dword ptr [0x438008]", "PID": 860, "TID": 1680, "Arguments": [ "Arg1", "IN", "HMODULE", "0x18febc", "0x74f10000", "Arg2", "IN", "LPCSTR", "0x18fec0", "VirtualFree" ], "Timesptamp": "00000000.986691", "FunctionName": "GetProcAddress", "ModuleName": "kernel32.dll", "Return": "0x74f2186e", "Status": 0 }
{ "Address": "0x42882c", "Opcode": "ff1508804300", "Opcodesize": 6, "Mnemonic": "call dword ptr [0x438008]", "PID": 860, "TID": 1680, "Arguments": [ "Arg1", "IN", "HMODULE", "0x18febc", "0x74f10000", "Arg2", "IN", "LPCSTR", "0x18fec0", "VirtualProtect" ], "Timesptamp": "00000000.995606", "FunctionName": "GetProcAddress", "ModuleName": "kernel32.dll", "Return": "0x74f2435f", "Status": 0 }
{ "Address": "0x428840", "Opcode": "ff1508804300", "Opcodesize": 6, "Mnemonic": "call dword ptr [0x438008]", "PID": 860, "TID": 1680, "Arguments": [ "Arg1", "IN", "HMODULE", "0x18febc", "0x74f10000", "Arg2", "IN", "LPCSTR", "0x18fec0", "VirtualQuery" ], "Timesptamp": "00000001.003727", "FunctionName": "GetProcAddress", "ModuleName": "kernel32.dll", "Return": "0x74f2445a", "Status": 0 }
{ "Address": "0x428854", "Opcode": "ff1508804300", "Opcodesize": 6, "Mnemonic": "call dword ptr [0x438008]", "PID": 860, "TID": 1680, "Arguments": [ "Arg1", "IN", "HMODULE", "0x18febc", "0x74f10000", "Arg2", "IN", "LPCSTR", "0x18fec0", "WaitForSingleObject" ], "Timesptamp": "00000001.011979", "FunctionName": "GetProcAddress", "ModuleName": "kernel32.dll", "Return": "0x74f21136", "Status": 0 }
{ "Address": "0x428868", "Opcode": "ff1508804300", "Opcodesize": 6, "Mnemonic": "call dword ptr [0x438008]", "PID": 860, "TID": 1680, "Arguments": [ "Arg1", "IN", "HMODULE", "0x18febc", "0x74f10000", "Arg2", "IN", "LPCSTR", "0x18fec0", "WideCharToMultiByte" ], "Timesptamp": "00000001.019328", "FunctionName": "GetProcAddress", "ModuleName": "kernel32.dll", "Return": "0x74f2170d", "Status": 0 }
{ "Address": "0x42887c", "Opcode": "ff1508804300", "Opcodesize": 6, "Mnemonic": "call dword ptr [0x438008]", "PID": 860, "TID": 1680, "Arguments": [ "Arg1", "IN", "HMODULE", "0x18febc", "0x74f10000", "Arg2", "IN", "LPCSTR", "0x18fec0", "WriteFile" ], "Timesptamp": "00000001.027596", "FunctionName": "GetProcAddress", "ModuleName": "kernel32.dll", "Return": "0x74f21282", "Status": 0 }
{ "Address": "0x428890", "Opcode": "ff1508804300", "Opcodesize": 6, "Mnemonic": "call dword ptr [0x438008]", "PID": 860, "TID": 1680, "Arguments": [ "Arg1", "IN", "HMODULE", "0x18febc", "0x74f10000", "Arg2", "IN", "LPCSTR", "0x18fec0", "lstrcmpiA" ], "Timesptamp": "00000001.035265", "FunctionName": "GetProcAddress", "ModuleName": "kernel32.dll", "Return": "0x74f23e8e", "Status": 0 }
{ "Address": "0x4288a0", "Opcode": "ff1580b74300", "Opcodesize": 6, "Mnemonic": "call dword ptr [0x43b780]", "PID": 860, "TID": 1680, "Arguments": [ "Arg1", "IN", "LPCTSTR", "0x18fec0", "user32.dll" ], "Timesptamp": "00000001.043172", "FunctionName": "LoadLibraryA", "ModuleName": "kernel32.dll", "Return": "0x74d30000", "Status": 0 }
{ "Address": "0x4288c9", "Opcode": "ff1508804300", "Opcodesize": 6, "Mnemonic": "call dword ptr [0x438008]", "PID": 860, "TID": 1680, "Arguments": [ "Arg1", "IN", "HMODULE", "0x18febc", "0x74d30000", "Arg2", "IN", "LPCSTR", "0x18fec0", "ChangeDisplaySettingsA" ], "Timesptamp": "00000001.051919", "FunctionName": "GetProcAddress", "ModuleName": "kernel32.dll", "Return": "0x74da706c", "Status": 0 }
{ "Address": "0x4288dd", "Opcode": "ff1508804300", "Opcodesize": 6, "Mnemonic": "call dword ptr [0x438008]", "PID": 860, "TID": 1680, "Arguments": [ "Arg1", "IN", "HMODULE", "0x18febc", "0x74d30000", "Arg2", "IN", "LPCSTR", "0x18fec0", "CharUpperBuffA" ], "Timesptamp": "00000001.059608", "FunctionName": "GetProcAddress", "ModuleName": "kernel32.dll", "Return": "0x74d4fe47", "Status": 0 }
{ "Address": "0x4288f1", "Opcode": "ff1508804300", "Opcodesize": 6, "Mnemonic": "call dword ptr [0x438008]", "PID": 860, "TID": 1680, "Arguments": [ "Arg1", "IN", "HMODULE", "0x18febc", "0x74d30000", "Arg2", "IN", "LPCSTR", "0x18fec0", "LoadImageA" ], "Timesptamp": "00000001.067092", "FunctionName": "GetProcAddress", "ModuleName": "kernel32.dll", "Return": "0x74d58455", "Status": 0 }
{ "Address": "0x428905", "Opcode": "ff1508804300", "Opcodesize": 6, "Mnemonic": "call dword ptr [0x438008]", "PID": 860, "TID": 1680, "Arguments": [ "Arg1", "IN", "HMODULE", "0x18febc", "0x74d30000", "Arg2", "IN", "LPCSTR", "0x18fec0", "MessageBoxA" ], "Timesptamp": "00000001.075091", "FunctionName": "GetProcAddress", "ModuleName": "kernel32.dll", "Return": "0x74d9fd1e", "Status": 0 }
{ "Address": "0x428919", "Opcode": "ff1508804300", "Opcodesize": 6, "Mnemonic": "call dword ptr [0x438008]", "PID": 860, "TID": 1680, "Arguments": [ "Arg1", "IN", "HMODULE", "0x18febc", "0x74d30000", "Arg2", "IN", "LPCSTR", "0x18fec0", "wsprintfA" ], "Timesptamp": "00000001.082839", "FunctionName": "GetProcAddress", "ModuleName": "kernel32.dll", "Return": "0x74d5ae5f", "Status": 0 }
{ "Address": "0x42892d", "Opcode": "ff1508804300", "Opcodesize": 6, "Mnemonic": "call dword ptr [0x438008]", "PID": 860, "TID": 1680, "Arguments": [ "Arg1", "IN", "HMODULE", "0x18febc", "0x74d30000", "Arg2", "IN", "LPCSTR", "0x18fec0", "wvsprintfA" ], "Timesptamp": "00000001.090928", "FunctionName": "GetProcAddress", "ModuleName": "kernel32.dll", "Return": "0x74d5aad3", "Status": 0 }
{ "Address": "0x42893d", "Opcode": "ff1580b74300", "Opcodesize": 6, "Mnemonic": "call dword ptr [0x43b780]", "PID": 860, "TID": 1680, "Arguments": [ "Arg1", "IN", "LPCTSTR", "0x18fec0", "gdi32.dll" ], "Timesptamp": "00000001.098670", "FunctionName": "LoadLibraryA", "ModuleName": "kernel32.dll", "Return": "0x76b80000", "Status": 0 }
{ "Address": "0x428966", "Opcode": "ff1508804300", "Opcodesize": 6, "Mnemonic": "call dword ptr [0x438008]", "PID": 860, "TID": 1680, "Arguments": [ "Arg1", "IN", "HMODULE", "0x18febc", "0x76b80000", "Arg2", "IN", "LPCSTR", "0x18fec0", "AddFontResourceA" ], "Timesptamp": "00000001.107485", "FunctionName": "GetProcAddress", "ModuleName": "kernel32.dll", "Return": "0x76bbd7bb", "Status": 0 }
{ "Address": "0x42897a", "Opcode": "ff1508804300", "Opcodesize": 6, "Mnemonic": "call dword ptr [0x438008]", "PID": 860, "TID": 1680, "Arguments": [ "Arg1", "IN", "HMODULE", "0x18febc", "0x76b80000", "Arg2", "IN", "LPCSTR", "0x18fec0", "CreateCompatibleDC" ], "Timesptamp": "00000001.114761", "FunctionName": "GetProcAddress", "ModuleName": "kernel32.dll", "Return": "0x76b954f4", "Status": 0 }
{ "Address": "0x42898e", "Opcode": "ff1508804300", "Opcodesize": 6, "Mnemonic": "call dword ptr [0x438008]", "PID": 860, "TID": 1680, "Arguments": [ "Arg1", "IN", "HMODULE", "0x18febc", "0x76b80000", "Arg2", "IN", "LPCSTR", "0x18fec0", "CreateDIBSection" ], "Timesptamp": "00000001.122500", "FunctionName": "GetProcAddress", "ModuleName": "kernel32.dll", "Return": "0x76b9ac46", "Status": 0 }
{ "Address": "0x4289a2", "Opcode": "ff1508804300", "Opcodesize": 6, "Mnemonic": "call dword ptr [0x438008]", "PID": 860, "TID": 1680, "Arguments": [ "Arg1", "IN", "HMODULE", "0x18febc", "0x76b80000", "Arg2", "IN", "LPCSTR", "0x18fec0", "DeleteDC" ], "Timesptamp": "00000001.130347", "FunctionName": "GetProcAddress", "ModuleName": "kernel32.dll", "Return": "0x76b958b3", "Status": 0 }
{ "Address": "0x4289b6", "Opcode": "ff1508804300", "Opcodesize": 6, "Mnemonic": "call dword ptr [0x438008]", "PID": 860, "TID": 1680, "Arguments": [ "Arg1", "IN", "HMODULE", "0x18febc", "0x76b80000", "Arg2", "IN", "LPCSTR", "0x18fec0", "RemoveFontResourceA" ], "Timesptamp": "00000001.138673", "FunctionName": "GetProcAddress", "ModuleName": "kernel32.dll", "Return": "0x76bbda7f", "Status": 0 }
{ "Address": "0x4289ca", "Opcode": "ff1508804300", "Opcodesize": 6, "Mnemonic": "call dword ptr [0x438008]", "PID": 860, "TID": 1680, "Arguments": [ "Arg1", "IN", "HMODULE", "0x18febc", "0x74d30000", "Arg2", "IN", "LPCSTR", "0x18fec0", "BeginPaint" ], "Timesptamp": "00000001.146288", "FunctionName": "GetProcAddress", "ModuleName": "kernel32.dll", "Return": "0x74d51361", "Status": 0 }
{ "Address": "0x4289de", "Opcode": "ff1508804300", "Opcodesize": 6, "Mnemonic": "call dword ptr [0x438008]", "PID": 860, "TID": 1680, "Arguments": [ "Arg1", "IN", "HMODULE", "0x18febc", "0x74d30000", "Arg2", "IN", "LPCSTR", "0x18fec0", "EndPaint" ], "Timesptamp": "00000001.154600", "FunctionName": "GetProcAddress", "ModuleName": "kernel32.dll", "Return": "0x74d51341", "Status": 0 }
{ "Address": "0x4289f2", "Opcode": "ff1508804300", "Opcodesize": 6, "Mnemonic": "call dword ptr [0x438008]", "PID": 860, "TID": 1680, "Arguments": [ "Arg1", "IN", "HMODULE", "0x18febc", "0x76b80000", "Arg2", "IN", "LPCSTR", "0x18fec0", "GetObjectA" ], "Timesptamp": "00000001.162185", "FunctionName": "GetProcAddress", "ModuleName": "kernel32.dll", "Return": "0x76b985d4", "Status": 0 }
{ "Address": "0x428a06", "Opcode": "ff1508804300", "Opcodesize": 6, "Mnemonic": "call dword ptr [0x438008]", "PID": 860, "TID": 1680, "Arguments": [ "Arg1", "IN", "HMODULE", "0x18febc", "0x76b80000", "Arg2", "IN", "LPCSTR", "0x18fec0", "SelectObject" ], "Timesptamp": "00000001.170539", "FunctionName": "GetProcAddress", "ModuleName": "kernel32.dll", "Return": "0x76b94f70", "Status": 0 }
{ "Address": "0x428a1a", "Opcode": "ff1508804300", "Opcodesize": 6, "Mnemonic": "call dword ptr [0x438008]", "PID": 860, "TID": 1680, "Arguments": [ "Arg1", "IN", "HMODULE", "0x18febc", "0x76b80000", "Arg2", "IN", "LPCSTR", "0x18fec0", "DeleteObject" ], "Timesptamp": "00000001.178076", "FunctionName": "GetProcAddress", "ModuleName": "kernel32.dll", "Return": "0x76b95689", "Status": 0 }
{ "Address": "0x428a2e", "Opcode": "ff1508804300", "Opcodesize": 6, "Mnemonic": "call dword ptr [0x438008]", "PID": 860, "TID": 1680, "Arguments": [ "Arg1", "IN", "HMODULE", "0x18febc", "0x76b80000", "Arg2", "IN", "LPCSTR", "0x18fec0", "BitBlt" ], "Timesptamp": "00000001.186484", "FunctionName": "GetProcAddress", "ModuleName": "kernel32.dll", "Return": "0x76b95ea6", "Status": 0 }
{ "Address": "0x428a42", "Opcode": "ff1508804300", "Opcodesize": 6, "Mnemonic": "call dword ptr [0x438008]", "PID": 860, "TID": 1680, "Arguments": [ "Arg1", "IN", "HMODULE", "0x18febc", "0x74d30000", "Arg2", "IN", "LPCSTR", "0x18fec0", "GetWindowThreadProcessId" ], "Timesptamp": "00000001.194035", "FunctionName": "GetProcAddress", "ModuleName": "kernel32.dll", "Return": "0x74d491b4", "Status": 0 }
{ "Address": "0x428a56", "Opcode": "ff1508804300", "Opcodesize": 6, "Mnemonic": "call dword ptr [0x438008]", "PID": 860, "TID": 1680, "Arguments": [ "Arg1", "IN", "HMODULE", "0x18febc", "0x74d30000", "Arg2", "IN", "LPCSTR", "0x18fec0", "SetActiveWindow" ], "Timesptamp": "00000001.202529", "FunctionName": "GetProcAddress", "ModuleName": "kernel32.dll", "Return": "0x74d53208", "Status": 0 }
{ "Address": "0x428a6a", "Opcode": "ff1508804300", "Opcodesize": 6, "Mnemonic": "call dword ptr [0x438008]", "PID": 860, "TID": 1680, "Arguments": [ "Arg1", "IN", "HMODULE", "0x18febc", "0x74d30000", "Arg2", "IN", "LPCSTR", "0x18fec0", "SetForegroundWindow" ], "Timesptamp": "00000001.209895", "FunctionName": "GetProcAddress", "ModuleName": "kernel32.dll", "Return": "0x74d6f170", "Status": 0 }
{ "Address": "0x428a7e", "Opcode": "ff1508804300", "Opcodesize": 6, "Mnemonic": "call dword ptr [0x438008]", "PID": 860, "TID": 1680, "Arguments": [ "Arg1", "IN", "HMODULE", "0x18febc", "0x74d30000", "Arg2", "IN", "LPCSTR", "0x18fec0", "RegisterClassExA" ], "Timesptamp": "00000001.218201", "FunctionName": "GetProcAddress", "ModuleName": "kernel32.dll", "Return": "0x74d4db98", "Status": 0 }
{ "Address": "0x428a92", "Opcode": "ff1508804300", "Opcodesize": 6, "Mnemonic": "call dword ptr [0x438008]", "PID": 860, "TID": 1680, "Arguments": [ "Arg1", "IN", "HMODULE", "0x18febc", "0x74d30000", "Arg2", "IN", "LPCSTR", "0x18fec0", "GetSystemMetrics" ], "Timesptamp": "00000001.225728", "FunctionName": "GetProcAddress", "ModuleName": "kernel32.dll", "Return": "0x74d47d2f", "Status": 0 }
{ "Address": "0x428aa6", "Opcode": "ff1508804300", "Opcodesize": 6, "Mnemonic": "call dword ptr [0x438008]", "PID": 860, "TID": 1680, "Arguments": [ "Arg1", "IN", "HMODULE", "0x18febc", "0x74d30000", "Arg2", "IN", "LPCSTR", "0x18fec0", "CreateWindowExA" ], "Timesptamp": "00000001.232972", "FunctionName": "GetProcAddress", "ModuleName": "kernel32.dll", "Return": "0x74d4d22e", "Status": 0 }
{ "Address": "0x428aba", "Opcode": "ff1508804300", "Opcodesize": 6, "Mnemonic": "call dword ptr [0x438008]", "PID": 860, "TID": 1680, "Arguments": [ "Arg1", "IN", "HMODULE", "0x18febc", "0x74d30000", "Arg2", "IN", "LPCSTR", "0x18fec0", "GetMessageA" ], "Timesptamp": "00000001.240702", "FunctionName": "GetProcAddress", "ModuleName": "kernel32.dll", "Return": "0x74d47bd3", "Status": 0 }
{ "Address": "0x428ace", "Opcode": "ff1508804300", "Opcodesize": 6, "Mnemonic": "call dword ptr [0x438008]", "PID": 860, "TID": 1680, "Arguments": [ "Arg1", "IN", "HMODULE", "0x18febc", "0x74d30000", "Arg2", "IN", "LPCSTR", "0x18fec0", "TranslateMessage" ], "Timesptamp": "00000001.248356", "FunctionName": "GetProcAddress", "ModuleName": "kernel32.dll", "Return": "0x74d47809", "Status": 0 }
{ "Address": "0x428ae2", "Opcode": "ff1508804300", "Opcodesize": 6, "Mnemonic": "call dword ptr [0x438008]", "PID": 860, "TID": 1680, "Arguments": [ "Arg1", "IN", "HMODULE", "0x18febc", "0x74d30000", "Arg2", "IN", "LPCSTR", "0x18fec0", "DispatchMessageA" ], "Timesptamp": "00000001.256151", "FunctionName": "GetProcAddress", "ModuleName": "kernel32.dll", "Return": "0x74d47bbb", "Status": 0 }
{ "Address": "0x428af6", "Opcode": "ff1508804300", "Opcodesize": 6, "Mnemonic": "call dword ptr [0x438008]", "PID": 860, "TID": 1680, "Arguments": [ "Arg1", "IN", "HMODULE", "0x18febc", "0x74d30000", "Arg2", "IN", "LPCSTR", "0x18fec0", "DestroyWindow" ], "Timesptamp": "00000001.263987", "FunctionName": "GetProcAddress", "ModuleName": "kernel32.dll", "Return": "0x74d49a55", "Status": 0 }
{ "Address": "0x428b0a", "Opcode": "ff1508804300", "Opcodesize": 6, "Mnemonic": "call dword ptr [0x438008]", "PID": 860, "TID": 1680, "Arguments": [ "Arg1", "IN", "HMODULE", "0x18febc", "0x74d30000", "Arg2", "IN", "LPCSTR", "0x18fec0", "EnumWindows" ], "Timesptamp": "00000001.271858", "FunctionName": "GetProcAddress", "ModuleName": "kernel32.dll", "Return": "0x74d4d1cf", "Status": 0 }
{ "Address": "0x428b1e", "Opcode": "ff1508804300", "Opcodesize": 6, "Mnemonic": "call dword ptr [0x438008]", "PID": 860, "TID": 1680, "Arguments": [ "Arg1", "IN", "HMODULE", "0x18febc", "0x74d30000", "Arg2", "IN", "LPCSTR", "0x18fec0", "DefWindowProcA" ], "Timesptamp": "00000001.279967", "FunctionName": "GetProcAddress", "ModuleName": "kernel32.dll", "Return": "0x770824e0", "Status": 0 }
{ "Address": "0x428b32", "Opcode": "ff1508804300", "Opcodesize": 6, "Mnemonic": "call dword ptr [0x438008]", "PID": 860, "TID": 1680, "Arguments": [ "Arg1", "IN", "HMODULE", "0x18febc", "0x74d30000", "Arg2", "IN", "LPCSTR", "0x18fec0", "PostMessageA" ], "Timesptamp": "00000001.287598", "FunctionName": "GetProcAddress", "ModuleName": "kernel32.dll", "Return": "0x74d53baa", "Status": 0 }
{ "Address": "0x428b46", "Opcode": "ff1508804300", "Opcodesize": 6, "Mnemonic": "call dword ptr [0x438008]", "PID": 860, "TID": 1680, "Arguments": [ "Arg1", "IN", "HMODULE", "0x18febc", "0x74f10000", "Arg2", "IN", "LPCSTR", "0x18fec0", "CreateThread" ], "Timesptamp": "00000001.295682", "FunctionName": "GetProcAddress", "ModuleName": "kernel32.dll", "Return": "0x74f234d5", "Status": 0 }
{ "Address": "0x431c74", "Opcode": "ff156cb74300", "Opcodesize": 6, "Mnemonic": "call dword ptr [0x43b76c]", "PID": 860, "TID": 1680, "Arguments": [ "Arg1", "IN", "DWORD", "0x18feb4", "0x0", "Arg2", "IN", "SIZE_T", "0x18feb8", "0x10000", "Arg3", "IN", "SIZE_T", "0x18febc", "0x0" ], "Timesptamp": "00000001.303261", "FunctionName": "HeapCreate", "ModuleName": "kernel32.dll", "Return": "0x1cd0000", "Status": 0 }
{ "Address": "0x431c40", "Opcode": "ff1564b74300", "Opcodesize": 6, "Mnemonic": "call dword ptr [0x43b764]", "PID": 860, "TID": 1680, "Functionname": "HeapAlloc", "Dllname": "ntdll.dll", "Status": 1 }
{ "Address": "0x427de2", "Opcode": "ff1518804300", "Opcodesize": 6, "Mnemonic": "call dword ptr [0x438018]", "PID": 860, "TID": 1680, "Arguments": [ "Arg1", "IN", "LPCTSTR", "0x18fecc", "kernel32.dll" ], "Timesptamp": "00000001.323214", "FunctionName": "GetModuleHandleA", "ModuleName": "kernel32.dll", "Return": "0x74f10000", "Status": 0 }
{ "Address": "0x427e06", "Opcode": "ff1504804300", "Opcodesize": 6, "Mnemonic": "call dword ptr [0x438004]", "PID": 860, "TID": 1680, "Functionname": "InitializeCriticalSection", "Dllname": "ntdll.dll", "Status": 1 }
{ "Address": "0x427e13", "Opcode": "ff1504804300", "Opcodesize": 6, "Mnemonic": "call dword ptr [0x438004]", "PID": 860, "TID": 1680, "Functionname": "InitializeCriticalSection", "Dllname": "ntdll.dll", "Status": 1 }
{ "Address": "0x427e20", "Opcode": "ff1504804300", "Opcodesize": 6, "Mnemonic": "call dword ptr [0x438004]", "PID": 860, "TID": 1680, "Functionname": "InitializeCriticalSection", "Dllname": "ntdll.dll", "Status": 1 }
{ "Address": "0x427e2d", "Opcode": "ff1504804300", "Opcodesize": 6, "Mnemonic": "call dword ptr [0x438004]", "PID": 860, "TID": 1680, "Functionname": "InitializeCriticalSection", "Dllname": "ntdll.dll", "Status": 1 }
{ "Address": "0x4324e6", "Opcode": "ff15b4b74300", "Opcodesize": 6, "Mnemonic": "call dword ptr [0x43b7b4]", "PID": 860, "TID": 1680, "Arguments": [ "Arg1", "IN", "DWORD", "0x18fed4", "0x4324ee" ], "Timesptamp": "00000001.368774", "FunctionName": "SetUnhandledExceptionFilter", "ModuleName": "kernel32.dll", "Return": "0x0", "Status": 0 }
{ "Address": "0x427e69", "Opcode": "ff153cb74300", "Opcodesize": 6, "Mnemonic": "call dword ptr [0x43b73c]", "PID": 860, "TID": 1680, "Arguments": [ "Arg1", "IN", "LPCTSTR", "0x18fe40", "kernel32.dll" ], "Timesptamp": "00000001.377770", "FunctionName": "GetModuleHandleA", "ModuleName": "kernel32.dll", "Return": "0x74f10000", "Status": 0 }
{ "Address": "0x427e92", "Opcode": "ff154cb74300", "Opcodesize": 6, "Mnemonic": "call dword ptr [0x43b74c]", "PID": 860, "TID": 1680, "Arguments": [ "Arg1", "IN", "HMODULE", "0x18fe3c", "0x74f10000", "Arg2", "IN", "LPCSTR", "0x18fe40", "VirtualAlloc" ], "Timesptamp": "00000001.386974", "FunctionName": "GetProcAddress", "ModuleName": "kernel32.dll", "Return": "0x74f21856", "Status": 0 }
{ "Address": "0x427ec0", "Opcode": "ff55f4", "Opcodesize": 3, "Mnemonic": "call dword ptr [ebp - 0xc]", "PID": 860, "TID": 1680, "Arguments": [ "Arg1", "IN", "LPVOID", "0x18fe34", "0x0", "Arg2", "IN", "SIZE_T", "0x18fe38", "0x1000", "Arg3", "IN", "DWORD", "0x18fe3c", "0x1000", "Arg4", "IN", "DWORD", "0x18fe40", "0x4" ], "Timesptamp": "00000001.394705", "FunctionName": "VirtualAlloc", "ModuleName": "kernel32.dll", "Return": "0x250000", "Status": 0 }
{ "Address": "0x427ecf", "Opcode": "ff1560b74300", "Opcodesize": 6, "Mnemonic": "call dword ptr [0x43b760]", "PID": 860, "TID": 1680, "Arguments": [ ], "Timesptamp": "00000001.404026", "FunctionName": "GetTickCount", "ModuleName": "kernel32.dll", "Return": "0x52451", "Status": 0 }
{ "Address": "0x427ee1", "Opcode": "ff55f4", "Opcodesize": 3, "Mnemonic": "call dword ptr [ebp - 0xc]", "PID": 860, "TID": 1680, "Arguments": [ "Arg1", "IN", "LPVOID", "0x18fe34", "0x0", "Arg2", "IN", "SIZE_T", "0x18fe38", "0x2451", "Arg3", "IN", "DWORD", "0x18fe3c", "0x2000", "Arg4", "IN", "DWORD", "0x18fe40", "0x4" ], "Timesptamp": "00000001.412197", "FunctionName": "VirtualAlloc", "ModuleName": "kernel32.dll", "Return": "0x3d0000", "Status": 0 }
{ "Address": "0x427ef7", "Opcode": "ff55f4", "Opcodesize": 3, "Mnemonic": "call dword ptr [ebp - 0xc]", "PID": 860, "TID": 1680, "Arguments": [ "Arg1", "IN", "LPVOID", "0x18fe34", "0x0", "Arg2", "IN", "SIZE_T", "0x18fe38", "0x1000", "Arg3", "IN", "DWORD", "0x18fe3c", "0x1000", "Arg4", "IN", "DWORD", "0x18fe40", "0x4" ], "Timesptamp": "00000001.420950", "FunctionName": "VirtualAlloc", "ModuleName": "kernel32.dll", "Return": "0x3e0000", "Status": 0 }
{ "Address": "0x42e4b2", "Opcode": "ff15e8b64300", "Opcodesize": 6, "Mnemonic": "call dword ptr [0x43b6e8]", "PID": 860, "TID": 1680, "Functionname": "EnterCriticalSection", "Dllname": "ntdll.dll", "Status": 1 }
{ "Address": "0x42e52e", "Opcode": "ff1594b64300", "Opcodesize": 6, "Mnemonic": "call dword ptr [0x43b694]", "PID": 860, "TID": 1680, "Arguments": [ "Arg1", "IN", "HANDLE", "0x18fdb8", "0xffffffff", "Arg2", "IN", "LPCVOID", "0x18fdbc", "0x427f2e", "Arg3", "IN", "SIZE_T", "0x18fdc0", "0x2e" ], "Timesptamp": "00000001.443172", "FunctionName": "FlushInstructionCache", "ModuleName": "kernel32.dll", "Return": "TRUE", "Status": 0 }
{ "Address": "0x42e547", "Opcode": "ff1578b74300", "Opcodesize": 6, "Mnemonic": "call dword ptr [0x43b778]", "PID": 860, "TID": 1680, "Functionname": "LeaveCriticalSection", "Dllname": "ntdll.dll", "Status": 1 }
{ "Address": "0x431c40", "Opcode": "ff1564b74300", "Opcodesize": 6, "Mnemonic": "call dword ptr [0x43b764]", "PID": 860, "TID": 1680, "Functionname": "HeapAlloc", "Dllname": "ntdll.dll", "Status": 1 }
{ "Address": "0x42e4b2", "Opcode": "ff15e8b64300", "Opcodesize": 6, "Mnemonic": "call dword ptr [0x43b6e8]", "PID": 860, "TID": 1680, "Functionname": "EnterCriticalSection", "Dllname": "ntdll.dll", "Status": 1 }
{ "Address": "0x42e52e", "Opcode": "ff1594b64300", "Opcodesize": 6, "Mnemonic": "call dword ptr [0x43b694]", "PID": 860, "TID": 1680, "Arguments": [ "Arg1", "IN", "HANDLE", "0x18fdb8", "0xffffffff", "Arg2", "IN", "LPCVOID", "0x18fdbc", "0x427f2e", "Arg3", "IN", "SIZE_T", "0x18fdc0", "0x50" ], "Timesptamp": "00000001.483031", "FunctionName": "FlushInstructionCache", "ModuleName": "kernel32.dll", "Return": "TRUE", "Status": 0 }
{ "Address": "0x42e547", "Opcode": "ff1578b74300", "Opcodesize": 6, "Mnemonic": "call dword ptr [0x43b778]", "PID": 860, "TID": 1680, "Functionname": "LeaveCriticalSection", "Dllname": "ntdll.dll", "Status": 1 }
{ "Address": "0x42e4b2", "Opcode": "ff15e8b64300", "Opcodesize": 6, "Mnemonic": "call dword ptr [0x43b6e8]", "PID": 860, "TID": 1680, "Functionname": "EnterCriticalSection", "Dllname": "ntdll.dll", "Status": 1 }
{ "Address": "0x42e52e", "Opcode": "ff1594b64300", "Opcodesize": 6, "Mnemonic": "call dword ptr [0x43b694]", "PID": 860, "TID": 1680, "Arguments": [ "Arg1", "IN", "HANDLE", "0x18fdb8", "0xffffffff", "Arg2", "IN", "LPCVOID", "0x18fdbc", "0x427f5c", "Arg3", "IN", "SIZE_T", "0x18fdc0", "0xaf" ], "Timesptamp": "00000001.509049", "FunctionName": "FlushInstructionCache", "ModuleName": "kernel32.dll", "Return": "TRUE", "Status": 0 }
{ "Address": "0x42e547", "Opcode": "ff1578b74300", "Opcodesize": 6, "Mnemonic": "call dword ptr [0x43b778]", "PID": 860, "TID": 1680, "Functionname": "LeaveCriticalSection", "Dllname": "ntdll.dll", "Status": 1 }
{ "Address": "0x42e4b2", "Opcode": "ff15e8b64300", "Opcodesize": 6, "Mnemonic": "call dword ptr [0x43b6e8]", "PID": 860, "TID": 1680, "Functionname": "EnterCriticalSection", "Dllname": "ntdll.dll", "Status": 1 }
{ "Address": "0x42e52e", "Opcode": "ff1594b64300", "Opcodesize": 6, "Mnemonic": "call dword ptr [0x43b694]", "PID": 860, "TID": 1680, "Arguments": [ "Arg1", "IN", "HANDLE", "0x18fdb8", "0xffffffff", "Arg2", "IN", "LPCVOID", "0x18fdbc", "0x427f97", "Arg3", "IN", "SIZE_T", "0x18fdc0", "0x1b" ], "Timesptamp": "00000001.545264", "FunctionName": "FlushInstructionCache", "ModuleName": "kernel32.dll", "Return": "TRUE", "Status": 0 }
{ "Address": "0x42e547", "Opcode": "ff1578b74300", "Opcodesize": 6, "Mnemonic": "call dword ptr [0x43b778]", "PID": 860, "TID": 1680, "Functionname": "LeaveCriticalSection", "Dllname": "ntdll.dll", "Status": 1 }
{ "Address": "0x42e4b2", "Opcode": "ff15e8b64300", "Opcodesize": 6, "Mnemonic": "call dword ptr [0x43b6e8]", "PID": 860, "TID": 1680, "Functionname": "EnterCriticalSection", "Dllname": "ntdll.dll", "Status": 1 }
{ "Address": "0x42e52e", "Opcode": "ff1594b64300", "Opcodesize": 6, "Mnemonic": "call dword ptr [0x43b694]", "PID": 860, "TID": 1680, "Arguments": [ "Arg1", "IN", "HANDLE", "0x18fdb8", "0xffffffff", "Arg2", "IN", "LPCVOID", "0x18fdbc", "0x427f97", "Arg3", "IN", "SIZE_T", "0x18fdc0", "0x3c" ], "Timesptamp": "00000001.571876", "FunctionName": "FlushInstructionCache", "ModuleName": "kernel32.dll", "Return": "TRUE", "Status": 0 }
{ "Address": "0x42e547", "Opcode": "ff1578b74300", "Opcodesize": 6, "Mnemonic": "call dword ptr [0x43b778]", "PID": 860, "TID": 1680, "Functionname": "LeaveCriticalSection", "Dllname": "ntdll.dll", "Status": 1 }
{ "Address": "0x42e4b2", "Opcode": "ff15e8b64300", "Opcodesize": 6, "Mnemonic": "call dword ptr [0x43b6e8]", "PID": 860, "TID": 1680, "Functionname": "EnterCriticalSection", "Dllname": "ntdll.dll", "Status": 1 }
{ "Address": "0x42e52e", "Opcode": "ff1594b64300", "Opcodesize": 6, "Mnemonic": "call dword ptr [0x43b694]", "PID": 860, "TID": 1680, "Arguments": [ "Arg1", "IN", "HANDLE", "0x18fdb8", "0xffffffff", "Arg2", "IN", "LPCVOID", "0x18fdbc", "0x427fb2", "Arg3", "IN", "SIZE_T", "0x18fdc0", "0x47" ], "Timesptamp": "00000001.594627", "FunctionName": "FlushInstructionCache", "ModuleName": "kernel32.dll", "Return": "TRUE", "Status": 0 }
{ "Address": "0x42e547", "Opcode": "ff1578b74300", "Opcodesize": 6, "Mnemonic": "call dword ptr [0x43b778]", "PID": 860, "TID": 1680, "Functionname": "LeaveCriticalSection", "Dllname": "ntdll.dll", "Status": 1 }
{ "Address": "0x42e4b2", "Opcode": "ff15e8b64300", "Opcodesize": 6, "Mnemonic": "call dword ptr [0x43b6e8]", "PID": 860, "TID": 1680, "Functionname": "EnterCriticalSection", "Dllname": "ntdll.dll", "Status": 1 }
{ "Address": "0x42e52e", "Opcode": "ff1594b64300", "Opcodesize": 6, "Mnemonic": "call dword ptr [0x43b694]", "PID": 860, "TID": 1680, "Arguments": [ "Arg1", "IN", "HANDLE", "0x18fdb8", "0xffffffff", "Arg2", "IN", "LPCVOID", "0x18fdbc", "0x427fd3", "Arg3", "IN", "SIZE_T", "0x18fdc0", "0x26" ], "Timesptamp": "00000001.615866", "FunctionName": "FlushInstructionCache", "ModuleName": "kernel32.dll", "Return": "TRUE", "Status": 0 }
{ "Address": "0x42e547", "Opcode": "ff1578b74300", "Opcodesize": 6, "Mnemonic": "call dword ptr [0x43b778]", "PID": 860, "TID": 1680, "Functionname": "LeaveCriticalSection", "Dllname": "ntdll.dll", "Status": 1 }
{ "Address": "0x42e4b2", "Opcode": "ff15e8b64300", "Opcodesize": 6, "Mnemonic": "call dword ptr [0x43b6e8]", "PID": 860, "TID": 1680, "Functionname": "EnterCriticalSection", "Dllname": "ntdll.dll", "Status": 1 }
{ "Address": "0x42e52e", "Opcode": "ff1594b64300", "Opcodesize": 6, "Mnemonic": "call dword ptr [0x43b694]", "PID": 860, "TID": 1680, "Arguments": [ "Arg1", "IN", "HANDLE", "0x18fdb8", "0xffffffff", "Arg2", "IN", "LPCVOID", "0x18fdbc", "0x427f7e", "Arg3", "IN", "SIZE_T", "0x18fdc0", "0xb2" ], "Timesptamp": "00000001.642171", "FunctionName": "FlushInstructionCache", "ModuleName": "kernel32.dll", "Return": "TRUE", "Status": 0 }
{ "Address": "0x42e547", "Opcode": "ff1578b74300", "Opcodesize": 6, "Mnemonic": "call dword ptr [0x43b778]", "PID": 860, "TID": 1680, "Functionname": "LeaveCriticalSection", "Dllname": "ntdll.dll", "Status": 1 }
{ "Address": "0x431c40", "Opcode": "ff1564b74300", "Opcodesize": 6, "Mnemonic": "call dword ptr [0x43b764]", "PID": 860, "TID": 1680, "Functionname": "HeapAlloc", "Dllname": "ntdll.dll", "Status": 1 }
{ "Address": "0x428e82", "Opcode": "ff153cb74300", "Opcodesize": 6, "Mnemonic": "call dword ptr [0x43b73c]", "PID": 860, "TID": 1680, "Arguments": [ "Arg1", "IN", "LPCTSTR", "0x18fc84", "\"\"" ], "Timesptamp": "00000001.670910", "FunctionName": "GetModuleHandleA", "ModuleName": "kernel32.dll", "Return": "0x400000", "Status": 0 }
{ "Address": "0x428e89", "Opcode": "ff1538b74300", "Opcodesize": 6, "Mnemonic": "call dword ptr [0x43b738]", "PID": 860, "TID": 1680, "Arguments": [ "Arg1", "IN", "HMODULE", "0x18fc84", "0x400000", "Arg2", "OUT", "LPTSTR", "0x18fc88", "0x1cd0888", "Arg3", "IN", "DWORD", "0x18fc8c", "0x104" ], "Timesptamp": "00000001.679984", "FunctionName": "GetModuleFileNameA", "ModuleName": "kernel32.dll", "Return": "0x25", "Output1": [ "0x1cd0888", "C:\\Users\\lhs\\Exec\\molebox_strings.exe" ], "Status": 0 }
{ "Address": "0x428eb1", "Opcode": "ff153cb74300", "Opcodesize": 6, "Mnemonic": "call dword ptr [0x43b73c]", "PID": 860, "TID": 1680, "Arguments": [ "Arg1", "IN", "LPCTSTR", "0x18fc8c", "user32.dll" ], "Timesptamp": "00000001.688327", "FunctionName": "GetModuleHandleA", "ModuleName": "kernel32.dll", "Return": "0x74d30000", "Status": 0 }
{ "Address": "0x428eda", "Opcode": "ff154cb74300", "Opcodesize": 6, "Mnemonic": "call dword ptr [0x43b74c]", "PID": 860, "TID": 1680, "Arguments": [ "Arg1", "IN", "HMODULE", "0x18fc88", "0x74d30000", "Arg2", "IN", "LPCSTR", "0x18fc8c", "MessageBoxA" ], "Timesptamp": "00000001.697483", "FunctionName": "GetProcAddress", "ModuleName": "kernel32.dll", "Return": "0x74d9fd1e", "Status": 0 }
{ "Address": "0x428f01", "Opcode": "ff1584b74300", "Opcodesize": 6, "Mnemonic": "call dword ptr [0x43b784]", "PID": 860, "TID": 1680, "Arguments": [ "Arg1", "IN", "UINT", "0x18fc88", "0x40", "Arg2", "IN", "SIZE_T", "0x18fc8c", "0x4000" ], "Timesptamp": "00000001.712463", "FunctionName": "LocalAlloc", "ModuleName": "kernel32.dll", "Return": "0x2723b8", "Status": 0 }
{ "Address": "0x428f13", "Opcode": "ff1500804300", "Opcodesize": 6, "Mnemonic": "call dword ptr [0x438000]", "PID": 860, "TID": 1680, "Functionname": "lstrcat", "Dllname": "kernel32.dll", "Status": 1 }
{ "Address": "0x428f39", "Opcode": "ff153cb74300", "Opcodesize": 6, "Mnemonic": "call dword ptr [0x43b73c]", "PID": 860, "TID": 1680, "Arguments": [ "Arg1", "IN", "LPCTSTR", "0x18fc84", "\"\"" ], "Timesptamp": "00000001.733411", "FunctionName": "GetModuleHandleA", "ModuleName": "kernel32.dll", "Return": "0x400000", "Status": 0 }
{ "Address": "0x428f40", "Opcode": "ff1538b74300", "Opcodesize": 6, "Mnemonic": "call dword ptr [0x43b738]", "PID": 860, "TID": 1680, "Arguments": [ "Arg1", "IN", "HMODULE", "0x18fc84", "0x400000", "Arg2", "OUT", "LPTSTR", "0x18fc88", "0x2723d1", "Arg3", "IN", "DWORD", "0x18fc8c", "0x104" ], "Timesptamp": "00000001.743075", "FunctionName": "GetModuleFileNameA", "ModuleName": "kernel32.dll", "Return": "0x25", "Output1": [ "0x2723d1", "C:\\Users\\lhs\\Exec\\molebox_strings.exe" ], "Status": 0 }
{ "Address": "0x428f4f", "Opcode": "ff1500804300", "Opcodesize": 6, "Mnemonic": "call dword ptr [0x438000]", "PID": 860, "TID": 1680, "Functionname": "lstrcat", "Dllname": "kernel32.dll", "Status": 1 }
{ "Address": "0x428f5e", "Opcode": "ff1500804300", "Opcodesize": 6, "Mnemonic": "call dword ptr [0x438000]", "PID": 860, "TID": 1680, "Functionname": "lstrcat", "Dllname": "kernel32.dll", "Status": 1 }
{ "Address": "0x428f6d", "Opcode": "ff1500804300", "Opcodesize": 6, "Mnemonic": "call dword ptr [0x438000]", "PID": 860, "TID": 1680, "Functionname": "lstrcat", "Dllname": "kernel32.dll", "Status": 1 }
