{ "Address": "0x41f2ea", "Opcode": "ff1518004300", "Opcodesize": 6, "Mnemonic": "call dword ptr [0x430018]", "PID": 1320, "TID": 184, "Arguments": [ "Arg1", "IN", "LPCTSTR", "0x18fedc", "\"\"" ], "Timesptamp": "00000000.107643", "FunctionName": "GetModuleHandleA", "ModuleName": "kernel32.dll", "Return": "0x400000", "Status": 0 }
{ "Address": "0x41f2fa", "Opcode": "ff1514004300", "Opcodesize": 6, "Mnemonic": "call dword ptr [0x430014]", "PID": 1320, "TID": 184, "Arguments": [ "Arg1", "IN", "UINT", "0x18fed8", "0x40", "Arg2", "IN", "SIZE_T", "0x18fedc", "0xd440" ], "Timesptamp": "00000000.119329", "FunctionName": "LocalAlloc", "ModuleName": "kernel32.dll", "Return": "0x591798", "Status": 0 }
{ "Address": "0x41f3e8", "Opcode": "ff1514004300", "Opcodesize": 6, "Mnemonic": "call dword ptr [0x430014]", "PID": 1320, "TID": 184, "Arguments": [ "Arg1", "IN", "UINT", "0x18fed8", "0x40", "Arg2", "IN", "SIZE_T", "0x18fedc", "0x1a4d" ], "Timesptamp": "00000000.130146", "FunctionName": "LocalAlloc", "ModuleName": "kernel32.dll", "Return": "0x59ebe0", "Status": 0 }
{ "Address": "0x41f485", "Opcode": "ff150c004300", "Opcodesize": 6, "Mnemonic": "call dword ptr [0x43000c]", "PID": 1320, "TID": 184, "Arguments": [ "Arg1", "IN", "HLOCAL", "0x18fedc", "0x59ebe0" ], "Timesptamp": "00000000.140214", "FunctionName": "LocalFree", "ModuleName": "kernel32.dll", "Return": "0x0", "Status": 0 }
{ "Address": "0x41f490", "Opcode": "ff1518004300", "Opcodesize": 6, "Mnemonic": "call dword ptr [0x430018]", "PID": 1320, "TID": 184, "Arguments": [ "Arg1", "IN", "LPCTSTR", "0x18fedc", "kernel32.dll" ], "Timesptamp": "00000000.148775", "FunctionName": "GetModuleHandleA", "ModuleName": "kernel32.dll", "Return": "0x74f10000", "Status": 0 }
{ "Address": "0x41f4b9", "Opcode": "ff1508004300", "Opcodesize": 6, "Mnemonic": "call dword ptr [0x430008]", "PID": 1320, "TID": 184, "Arguments": [ "Arg1", "IN", "HMODULE", "0x18fed8", "0x74f10000", "Arg2", "IN", "LPCSTR", "0x18fedc", "FlushInstructionCache" ], "Timesptamp": "00000000.169601", "FunctionName": "GetProcAddress", "ModuleName": "kernel32.dll", "Return": "0x74f24393", "Status": 0 }
{ "Address": "0x41f4cd", "Opcode": "ff1508004300", "Opcodesize": 6, "Mnemonic": "call dword ptr [0x430008]", "PID": 1320, "TID": 184, "Arguments": [ "Arg1", "IN", "HMODULE", "0x18fed8", "0x74f10000", "Arg2", "IN", "LPCSTR", "0x18fedc", "GetCurrentProcess" ], "Timesptamp": "00000000.178365", "FunctionName": "GetProcAddress", "ModuleName": "kernel32.dll", "Return": "0x74f21809", "Status": 0 }
{ "Address": "0x41f4f0", "Opcode": "ff55ec", "Opcodesize": 3, "Mnemonic": "call dword ptr [ebp - 0x14]", "PID": 1320, "TID": 184, "Arguments": [ ], "Timesptamp": "00000000.187103", "FunctionName": "GetCurrentProcess", "ModuleName": "kernel32.dll", "Return": "0xffffffff", "Status": 0 }
{ "Address": "0x41f5c6", "Opcode": "ff1514004300", "Opcodesize": 6, "Mnemonic": "call dword ptr [0x430014]", "PID": 1320, "TID": 184, "Arguments": [ "Arg1", "IN", "UINT", "0x18fed8", "0x40", "Arg2", "IN", "SIZE_T", "0x18fedc", "0x935c" ], "Timesptamp": "00000000.199021", "FunctionName": "LocalAlloc", "ModuleName": "kernel32.dll", "Return": "0x59ebe0", "Status": 0 }
{ "Address": "0x41f66e", "Opcode": "ff1594364300", "Opcodesize": 6, "Mnemonic": "call dword ptr [0x433694]", "PID": 1320, "TID": 184, "Arguments": [ "Arg1", "IN", "HANDLE", "0x18fed4", "0xffffffff", "Arg2", "IN", "LPCVOID", "0x18fed8", "0x41fb82", "Arg3", "IN", "SIZE_T", "0x18fedc", "0xf67e" ], "Timesptamp": "00000000.277045", "FunctionName": "FlushInstructionCache", "ModuleName": "kernel32.dll", "Return": "TRUE", "Status": 0 }
{ "Address": "0x41f678", "Opcode": "ff150c004300", "Opcodesize": 6, "Mnemonic": "call dword ptr [0x43000c]", "PID": 1320, "TID": 184, "Arguments": [ "Arg1", "IN", "HLOCAL", "0x18fedc", "0x59ebe0" ], "Timesptamp": "00000000.285183", "FunctionName": "LocalFree", "ModuleName": "kernel32.dll", "Return": "0x0", "Status": 0 }
{ "Address": "0x41f682", "Opcode": "ff150c004300", "Opcodesize": 6, "Mnemonic": "call dword ptr [0x43000c]", "PID": 1320, "TID": 184, "Arguments": [ "Arg1", "IN", "HLOCAL", "0x18fedc", "0x591798" ], "Timesptamp": "00000000.293948", "FunctionName": "LocalFree", "ModuleName": "kernel32.dll", "Return": "0x0", "Status": 0 }
{ "Address": "0x41f68d", "Opcode": "ff1504004300", "Opcodesize": 6, "Mnemonic": "call dword ptr [0x430004]", "PID": 1320, "TID": 184, "Functionname": "RtlInitializeCriticalSection", "Dllname": "ntdll.dll", "Status": 1 }
{ "Address": "0x4202db", "Opcode": "ff1518004300", "Opcodesize": 6, "Mnemonic": "call dword ptr [0x430018]", "PID": 1320, "TID": 184, "Arguments": [ "Arg1", "IN", "LPCTSTR", "0x18fec0", "kernel32.dll" ], "Timesptamp": "00000000.322036", "FunctionName": "GetModuleHandleA", "ModuleName": "kernel32.dll", "Return": "0x74f10000", "Status": 0 }
{ "Address": "0x420304", "Opcode": "ff1508004300", "Opcodesize": 6, "Mnemonic": "call dword ptr [0x430008]", "PID": 1320, "TID": 184, "Arguments": [ "Arg1", "IN", "HMODULE", "0x18febc", "0x74f10000", "Arg2", "IN", "LPCSTR", "0x18fec0", "CloseHandle" ], "Timesptamp": "00000000.332264", "FunctionName": "GetProcAddress", "ModuleName": "kernel32.dll", "Return": "0x74f21410", "Status": 0 }
{ "Address": "0x420318", "Opcode": "ff1508004300", "Opcodesize": 6, "Mnemonic": "call dword ptr [0x430008]", "PID": 1320, "TID": 184, "Arguments": [ "Arg1", "IN", "HMODULE", "0x18febc", "0x74f10000", "Arg2", "IN", "LPCSTR", "0x18fec0", "CreateFileA" ], "Timesptamp": "00000000.341121", "FunctionName": "GetProcAddress", "ModuleName": "kernel32.dll", "Return": "0x74f253c6", "Status": 0 }
{ "Address": "0x42032c", "Opcode": "ff1508004300", "Opcodesize": 6, "Mnemonic": "call dword ptr [0x430008]", "PID": 1320, "TID": 184, "Arguments": [ "Arg1", "IN", "HMODULE", "0x18febc", "0x74f10000", "Arg2", "IN", "LPCSTR", "0x18fec0", "CreateFileW" ], "Timesptamp": "00000000.351489", "FunctionName": "GetProcAddress", "ModuleName": "kernel32.dll", "Return": "0x74f23f5c", "Status": 0 }
{ "Address": "0x420340", "Opcode": "ff1508004300", "Opcodesize": 6, "Mnemonic": "call dword ptr [0x430008]", "PID": 1320, "TID": 184, "Arguments": [ "Arg1", "IN", "HMODULE", "0x18febc", "0x74f10000", "Arg2", "IN", "LPCSTR", "0x18fec0", "CreateFileMappingA" ], "Timesptamp": "00000000.373137", "FunctionName": "GetProcAddress", "ModuleName": "kernel32.dll", "Return": "0x74f25506", "Status": 0 }
{ "Address": "0x420354", "Opcode": "ff1508004300", "Opcodesize": 6, "Mnemonic": "call dword ptr [0x430008]", "PID": 1320, "TID": 184, "Arguments": [ "Arg1", "IN", "HMODULE", "0x18febc", "0x74f10000", "Arg2", "IN", "LPCSTR", "0x18fec0", "CreateFileMappingW" ], "Timesptamp": "00000000.382042", "FunctionName": "GetProcAddress", "ModuleName": "kernel32.dll", "Return": "0x74f21909", "Status": 0 }
{ "Address": "0x420368", "Opcode": "ff1508004300", "Opcodesize": 6, "Mnemonic": "call dword ptr [0x430008]", "PID": 1320, "TID": 184, "Arguments": [ "Arg1", "IN", "HMODULE", "0x18febc", "0x74f10000", "Arg2", "IN", "LPCSTR", "0x18fec0", "CreateProcessA" ], "Timesptamp": "00000000.389779", "FunctionName": "GetProcAddress", "ModuleName": "kernel32.dll", "Return": "0x74f21072", "Status": 0 }
{ "Address": "0x42037c", "Opcode": "ff1508004300", "Opcodesize": 6, "Mnemonic": "call dword ptr [0x430008]", "PID": 1320, "TID": 184, "Arguments": [ "Arg1", "IN", "HMODULE", "0x18febc", "0x74f10000", "Arg2", "IN", "LPCSTR", "0x18fec0", "DebugBreak" ], "Timesptamp": "00000000.398597", "FunctionName": "GetProcAddress", "ModuleName": "kernel32.dll", "Return": "0x74fa41b5", "Status": 0 }
{ "Address": "0x420390", "Opcode": "ff1508004300", "Opcodesize": 6, "Mnemonic": "call dword ptr [0x430008]", "PID": 1320, "TID": 184, "Arguments": [ "Arg1", "IN", "HMODULE", "0x18febc", "0x74f10000", "Arg2", "IN", "LPCSTR", "0x18fec0", "DeleteFileA" ], "Timesptamp": "00000000.428735", "FunctionName": "GetProcAddress", "ModuleName": "kernel32.dll", "Return": "0x74f25444", "Status": 0 }
{ "Address": "0x4203a4", "Opcode": "ff1508004300", "Opcodesize": 6, "Mnemonic": "call dword ptr [0x430008]", "PID": 1320, "TID": 184, "Arguments": [ "Arg1", "IN", "HMODULE", "0x18febc", "0x74f10000", "Arg2", "IN", "LPCSTR", "0x18fec0", "EnterCriticalSection" ], "Timesptamp": "00000000.436708", "FunctionName": "GetProcAddress", "ModuleName": "kernel32.dll", "Return": "0x770622b0", "Status": 0 }
{ "Address": "0x4203b8", "Opcode": "ff1508004300", "Opcodesize": 6, "Mnemonic": "call dword ptr [0x430008]", "PID": 1320, "TID": 184, "Arguments": [ "Arg1", "IN", "HMODULE", "0x18febc", "0x74f10000", "Arg2", "IN", "LPCSTR", "0x18fec0", "ExitProcess" ], "Timesptamp": "00000000.445569", "FunctionName": "GetProcAddress", "ModuleName": "kernel32.dll", "Return": "0x74f27a10", "Status": 0 }
{ "Address": "0x4203cc", "Opcode": "ff1508004300", "Opcodesize": 6, "Mnemonic": "call dword ptr [0x430008]", "PID": 1320, "TID": 184, "Arguments": [ "Arg1", "IN", "HMODULE", "0x18febc", "0x74f10000", "Arg2", "IN", "LPCSTR", "0x18fec0", "FindClose" ], "Timesptamp": "00000000.454845", "FunctionName": "GetProcAddress", "ModuleName": "kernel32.dll", "Return": "0x74f24442", "Status": 0 }
{ "Address": "0x4203e0", "Opcode": "ff1508004300", "Opcodesize": 6, "Mnemonic": "call dword ptr [0x430008]", "PID": 1320, "TID": 184, "Arguments": [ "Arg1", "IN", "HMODULE", "0x18febc", "0x74f10000", "Arg2", "IN", "LPCSTR", "0x18fec0", "FindFirstFileA" ], "Timesptamp": "00000000.463712", "FunctionName": "GetProcAddress", "ModuleName": "kernel32.dll", "Return": "0x74f2e2ce", "Status": 0 }
{ "Address": "0x4203f4", "Opcode": "ff1508004300", "Opcodesize": 6, "Mnemonic": "call dword ptr [0x430008]", "PID": 1320, "TID": 184, "Arguments": [ "Arg1", "IN", "HMODULE", "0x18febc", "0x74f10000", "Arg2", "IN", "LPCSTR", "0x18fec0", "FindNextFileA" ], "Timesptamp": "00000000.472055", "FunctionName": "GetProcAddress", "ModuleName": "kernel32.dll", "Return": "0x74f4d53e", "Status": 0 }
{ "Address": "0x420408", "Opcode": "ff1508004300", "Opcodesize": 6, "Mnemonic": "call dword ptr [0x430008]", "PID": 1320, "TID": 184, "Arguments": [ "Arg1", "IN", "HMODULE", "0x18febc", "0x74f10000", "Arg2", "IN", "LPCSTR", "0x18fec0", "FlushFileBuffers" ], "Timesptamp": "00000000.483412", "FunctionName": "GetProcAddress", "ModuleName": "kernel32.dll", "Return": "0x74f2469b", "Status": 0 }
{ "Address": "0x42041c", "Opcode": "ff1508004300", "Opcodesize": 6, "Mnemonic": "call dword ptr [0x430008]", "PID": 1320, "TID": 184, "Arguments": [ "Arg1", "IN", "HMODULE", "0x18febc", "0x74f10000", "Arg2", "IN", "LPCSTR", "0x18fec0", "FormatMessageA" ], "Timesptamp": "00000000.494385", "FunctionName": "GetProcAddress", "ModuleName": "kernel32.dll", "Return": "0x74f45fbd", "Status": 0 }
{ "Address": "0x420430", "Opcode": "ff1508004300", "Opcodesize": 6, "Mnemonic": "call dword ptr [0x430008]", "PID": 1320, "TID": 184, "Arguments": [ "Arg1", "IN", "HMODULE", "0x18febc", "0x74f10000", "Arg2", "IN", "LPCSTR", "0x18fec0", "FreeLibrary" ], "Timesptamp": "00000000.511249", "FunctionName": "GetProcAddress", "ModuleName": "kernel32.dll", "Return": "0x74f234c8", "Status": 0 }
{ "Address": "0x420444", "Opcode": "ff1508004300", "Opcodesize": 6, "Mnemonic": "call dword ptr [0x430008]", "PID": 1320, "TID": 184, "Arguments": [ "Arg1", "IN", "HMODULE", "0x18febc", "0x74f10000", "Arg2", "IN", "LPCSTR", "0x18fec0", "GetCurrentProcess" ], "Timesptamp": "00000000.524387", "FunctionName": "GetProcAddress", "ModuleName": "kernel32.dll", "Return": "0x74f21809", "Status": 0 }
{ "Address": "0x420458", "Opcode": "ff1508004300", "Opcodesize": 6, "Mnemonic": "call dword ptr [0x430008]", "PID": 1320, "TID": 184, "Arguments": [ "Arg1", "IN", "HMODULE", "0x18febc", "0x74f10000", "Arg2", "IN", "LPCSTR", "0x18fec0", "GetCurrentProcessId" ], "Timesptamp": "00000000.535392", "FunctionName": "GetProcAddress", "ModuleName": "kernel32.dll", "Return": "0x74f211f8", "Status": 0 }
{ "Address": "0x42046c", "Opcode": "ff1508004300", "Opcodesize": 6, "Mnemonic": "call dword ptr [0x430008]", "PID": 1320, "TID": 184, "Arguments": [ "Arg1", "IN", "HMODULE", "0x18febc", "0x74f10000", "Arg2", "IN", "LPCSTR", "0x18fec0", "GetEnvironmentVariableA" ], "Timesptamp": "00000000.547894", "FunctionName": "GetProcAddress", "ModuleName": "kernel32.dll", "Return": "0x74f233a0", "Status": 0 }
{ "Address": "0x420480", "Opcode": "ff1508004300", "Opcodesize": 6, "Mnemonic": "call dword ptr [0x430008]", "PID": 1320, "TID": 184, "Arguments": [ "Arg1", "IN", "HMODULE", "0x18febc", "0x74f10000", "Arg2", "IN", "LPCSTR", "0x18fec0", "GetExitCodeProcess" ], "Timesptamp": "00000000.561803", "FunctionName": "GetProcAddress", "ModuleName": "kernel32.dll", "Return": "0x74f3174d", "Status": 0 }
{ "Address": "0x420494", "Opcode": "ff1508004300", "Opcodesize": 6, "Mnemonic": "call dword ptr [0x430008]", "PID": 1320, "TID": 184, "Arguments": [ "Arg1", "IN", "HMODULE", "0x18febc", "0x74f10000", "Arg2", "IN", "LPCSTR", "0x18fec0", "GetFileAttributesA" ], "Timesptamp": "00000000.570845", "FunctionName": "GetProcAddress", "ModuleName": "kernel32.dll", "Return": "0x74f25414", "Status": 0 }
{ "Address": "0x4204a8", "Opcode": "ff1508004300", "Opcodesize": 6, "Mnemonic": "call dword ptr [0x430008]", "PID": 1320, "TID": 184, "Arguments": [ "Arg1", "IN", "HMODULE", "0x18febc", "0x74f10000", "Arg2", "IN", "LPCSTR", "0x18fec0", "GetFileAttributesW" ], "Timesptamp": "00000000.578021", "FunctionName": "GetProcAddress", "ModuleName": "kernel32.dll", "Return": "0x74f21b18", "Status": 0 }
{ "Address": "0x4204bc", "Opcode": "ff1508004300", "Opcodesize": 6, "Mnemonic": "call dword ptr [0x430008]", "PID": 1320, "TID": 184, "Arguments": [ "Arg1", "IN", "HMODULE", "0x18febc", "0x74f10000", "Arg2", "IN", "LPCSTR", "0x18fec0", "GetFileInformationByHandle" ], "Timesptamp": "00000000.586806", "FunctionName": "GetProcAddress", "ModuleName": "kernel32.dll", "Return": "0x74f253ae", "Status": 0 }
{ "Address": "0x4204d0", "Opcode": "ff1508004300", "Opcodesize": 6, "Mnemonic": "call dword ptr [0x430008]", "PID": 1320, "TID": 184, "Arguments": [ "Arg1", "IN", "HMODULE", "0x18febc", "0x74f10000", "Arg2", "IN", "LPCSTR", "0x18fec0", "GetFileSize" ], "Timesptamp": "00000000.611127", "FunctionName": "GetProcAddress", "ModuleName": "kernel32.dll", "Return": "0x74f2196e", "Status": 0 }
{ "Address": "0x4204e4", "Opcode": "ff1508004300", "Opcodesize": 6, "Mnemonic": "call dword ptr [0x430008]", "PID": 1320, "TID": 184, "Arguments": [ "Arg1", "IN", "HMODULE", "0x18febc", "0x74f10000", "Arg2", "IN", "LPCSTR", "0x18fec0", "GetFileTime" ], "Timesptamp": "00000000.621332", "FunctionName": "GetProcAddress", "ModuleName": "kernel32.dll", "Return": "0x74f24407", "Status": 0 }
{ "Address": "0x4204f8", "Opcode": "ff1508004300", "Opcodesize": 6, "Mnemonic": "call dword ptr [0x430008]", "PID": 1320, "TID": 184, "Arguments": [ "Arg1", "IN", "HMODULE", "0x18febc", "0x74f10000", "Arg2", "IN", "LPCSTR", "0x18fec0", "GetFullPathNameA" ], "Timesptamp": "00000000.630541", "FunctionName": "GetProcAddress", "ModuleName": "kernel32.dll", "Return": "0x74f2e2c1", "Status": 0 }
{ "Address": "0x42050c", "Opcode": "ff1508004300", "Opcodesize": 6, "Mnemonic": "call dword ptr [0x430008]", "PID": 1320, "TID": 184, "Arguments": [ "Arg1", "IN", "HMODULE", "0x18febc", "0x74f10000", "Arg2", "IN", "LPCSTR", "0x18fec0", "GetFullPathNameW" ], "Timesptamp": "00000000.655874", "FunctionName": "GetProcAddress", "ModuleName": "kernel32.dll", "Return": "0x74f240d4", "Status": 0 }
{ "Address": "0x420520", "Opcode": "ff1508004300", "Opcodesize": 6, "Mnemonic": "call dword ptr [0x430008]", "PID": 1320, "TID": 184, "Arguments": [ "Arg1", "IN", "HMODULE", "0x18febc", "0x74f10000", "Arg2", "IN", "LPCSTR", "0x18fec0", "GetLastError" ], "Timesptamp": "00000000.666278", "FunctionName": "GetProcAddress", "ModuleName": "kernel32.dll", "Return": "0x74f211c0", "Status": 0 }
{ "Address": "0x420534", "Opcode": "ff1508004300", "Opcodesize": 6, "Mnemonic": "call dword ptr [0x430008]", "PID": 1320, "TID": 184, "Arguments": [ "Arg1", "IN", "HMODULE", "0x18febc", "0x74f10000", "Arg2", "IN", "LPCSTR", "0x18fec0", "GetModuleFileNameA" ], "Timesptamp": "00000000.674635", "FunctionName": "GetProcAddress", "ModuleName": "kernel32.dll", "Return": "0x74f214b1", "Status": 0 }
{ "Address": "0x420548", "Opcode": "ff1508004300", "Opcodesize": 6, "Mnemonic": "call dword ptr [0x430008]", "PID": 1320, "TID": 184, "Arguments": [ "Arg1", "IN", "HMODULE", "0x18febc", "0x74f10000", "Arg2", "IN", "LPCSTR", "0x18fec0", "GetModuleHandleA" ], "Timesptamp": "00000000.683579", "FunctionName": "GetProcAddress", "ModuleName": "kernel32.dll", "Return": "0x74f21245", "Status": 0 }
{ "Address": "0x42055c", "Opcode": "ff1508004300", "Opcodesize": 6, "Mnemonic": "call dword ptr [0x430008]", "PID": 1320, "TID": 184, "Arguments": [ "Arg1", "IN", "HMODULE", "0x18febc", "0x74f10000", "Arg2", "IN", "LPCSTR", "0x18fec0", "GetPrivateProfileIntA" ], "Timesptamp": "00000000.696197", "FunctionName": "GetProcAddress", "ModuleName": "kernel32.dll", "Return": "0x74f4cdd7", "Status": 0 }
{ "Address": "0x420570", "Opcode": "ff1508004300", "Opcodesize": 6, "Mnemonic": "call dword ptr [0x430008]", "PID": 1320, "TID": 184, "Arguments": [ "Arg1", "IN", "HMODULE", "0x18febc", "0x74f10000", "Arg2", "IN", "LPCSTR", "0x18fec0", "GetPrivateProfileSectionNamesA" ], "Timesptamp": "00000000.705029", "FunctionName": "GetProcAddress", "ModuleName": "kernel32.dll", "Return": "0x74f9a1c9", "Status": 0 }
{ "Address": "0x420584", "Opcode": "ff1508004300", "Opcodesize": 6, "Mnemonic": "call dword ptr [0x430008]", "PID": 1320, "TID": 184, "Arguments": [ "Arg1", "IN", "HMODULE", "0x18febc", "0x74f10000", "Arg2", "IN", "LPCSTR", "0x18fec0", "GetPrivateProfileStringA" ], "Timesptamp": "00000000.714005", "FunctionName": "GetProcAddress", "ModuleName": "kernel32.dll", "Return": "0x74f3184c", "Status": 0 }
{ "Address": "0x420598", "Opcode": "ff1508004300", "Opcodesize": 6, "Mnemonic": "call dword ptr [0x430008]", "PID": 1320, "TID": 184, "Arguments": [ "Arg1", "IN", "HMODULE", "0x18febc", "0x74f10000", "Arg2", "IN", "LPCSTR", "0x18fec0", "GetProcAddress" ], "Timesptamp": "00000000.723000", "FunctionName": "GetProcAddress", "ModuleName": "kernel32.dll", "Return": "0x74f21222", "Status": 0 }
{ "Address": "0x4205ac", "Opcode": "ff1508004300", "Opcodesize": 6, "Mnemonic": "call dword ptr [0x430008]", "PID": 1320, "TID": 184, "Arguments": [ "Arg1", "IN", "HMODULE", "0x18febc", "0x74f10000", "Arg2", "IN", "LPCSTR", "0x18fec0", "GetSystemTimeAsFileTime" ], "Timesptamp": "00000000.743850", "FunctionName": "GetProcAddress", "ModuleName": "kernel32.dll", "Return": "0x74f23509", "Status": 0 }
{ "Address": "0x4205c0", "Opcode": "ff1508004300", "Opcodesize": 6, "Mnemonic": "call dword ptr [0x430008]", "PID": 1320, "TID": 184, "Arguments": [ "Arg1", "IN", "HMODULE", "0x18febc", "0x74f10000", "Arg2", "IN", "LPCSTR", "0x18fec0", "GetTempFileNameA" ], "Timesptamp": "00000000.757624", "FunctionName": "GetProcAddress", "ModuleName": "kernel32.dll", "Return": "0x74f49d3f", "Status": 0 }
{ "Address": "0x4205d4", "Opcode": "ff1508004300", "Opcodesize": 6, "Mnemonic": "call dword ptr [0x430008]", "PID": 1320, "TID": 184, "Arguments": [ "Arg1", "IN", "HMODULE", "0x18febc", "0x74f10000", "Arg2", "IN", "LPCSTR", "0x18fec0", "GetTempPathA" ], "Timesptamp": "00000000.766586", "FunctionName": "GetProcAddress", "ModuleName": "kernel32.dll", "Return": "0x74f4276c", "Status": 0 }
{ "Address": "0x4205e8", "Opcode": "ff1508004300", "Opcodesize": 6, "Mnemonic": "call dword ptr [0x430008]", "PID": 1320, "TID": 184, "Arguments": [ "Arg1", "IN", "HMODULE", "0x18febc", "0x74f10000", "Arg2", "IN", "LPCSTR", "0x18fec0", "GetVersionExA" ], "Timesptamp": "00000000.775516", "FunctionName": "GetProcAddress", "ModuleName": "kernel32.dll", "Return": "0x74f23519", "Status": 0 }
{ "Address": "0x4205fc", "Opcode": "ff1508004300", "Opcodesize": 6, "Mnemonic": "call dword ptr [0x430008]", "PID": 1320, "TID": 184, "Arguments": [ "Arg1", "IN", "HMODULE", "0x18febc", "0x74f10000", "Arg2", "IN", "LPCSTR", "0x18fec0", "GetTickCount" ], "Timesptamp": "00000000.792264", "FunctionName": "GetProcAddress", "ModuleName": "kernel32.dll", "Return": "0x74f2110c", "Status": 0 }
{ "Address": "0x420610", "Opcode": "ff1508004300", "Opcodesize": 6, "Mnemonic": "call dword ptr [0x430008]", "PID": 1320, "TID": 184, "Arguments": [ "Arg1", "IN", "HMODULE", "0x18febc", "0x74f10000", "Arg2", "IN", "LPCSTR", "0x18fec0", "HeapAlloc" ], "Timesptamp": "00000000.801352", "FunctionName": "GetProcAddress", "ModuleName": "kernel32.dll", "Return": "0x7706e026", "Status": 0 }
{ "Address": "0x420624", "Opcode": "ff1508004300", "Opcodesize": 6, "Mnemonic": "call dword ptr [0x430008]", "PID": 1320, "TID": 184, "Arguments": [ "Arg1", "IN", "HMODULE", "0x18febc", "0x74f10000", "Arg2", "IN", "LPCSTR", "0x18fec0", "HeapFree" ], "Timesptamp": "00000000.810337", "FunctionName": "GetProcAddress", "ModuleName": "kernel32.dll", "Return": "0x74f214c9", "Status": 0 }
{ "Address": "0x420638", "Opcode": "ff1508004300", "Opcodesize": 6, "Mnemonic": "call dword ptr [0x430008]", "PID": 1320, "TID": 184, "Arguments": [ "Arg1", "IN", "HMODULE", "0x18febc", "0x74f10000", "Arg2", "IN", "LPCSTR", "0x18fec0", "HeapCreate" ], "Timesptamp": "00000000.819290", "FunctionName": "GetProcAddress", "ModuleName": "kernel32.dll", "Return": "0x74f24a2d", "Status": 0 }
{ "Address": "0x42064c", "Opcode": "ff1508004300", "Opcodesize": 6, "Mnemonic": "call dword ptr [0x430008]", "PID": 1320, "TID": 184, "Arguments": [ "Arg1", "IN", "HMODULE", "0x18febc", "0x74f10000", "Arg2", "IN", "LPCSTR", "0x18fec0", "InitializeCriticalSection" ], "Timesptamp": "00000000.828573", "FunctionName": "GetProcAddress", "ModuleName": "kernel32.dll", "Return": "0x77072c42", "Status": 0 }
{ "Address": "0x420660", "Opcode": "ff1508004300", "Opcodesize": 6, "Mnemonic": "call dword ptr [0x430008]", "PID": 1320, "TID": 184, "Arguments": [ "Arg1", "IN", "HMODULE", "0x18febc", "0x74f10000", "Arg2", "IN", "LPCSTR", "0x18fec0", "DeleteCriticalSection" ], "Timesptamp": "00000000.837528", "FunctionName": "GetProcAddress", "ModuleName": "kernel32.dll", "Return": "0x770745f5", "Status": 0 }
{ "Address": "0x420674", "Opcode": "ff1508004300", "Opcodesize": 6, "Mnemonic": "call dword ptr [0x430008]", "PID": 1320, "TID": 184, "Arguments": [ "Arg1", "IN", "HMODULE", "0x18febc", "0x74f10000", "Arg2", "IN", "LPCSTR", "0x18fec0", "LeaveCriticalSection" ], "Timesptamp": "00000000.846649", "FunctionName": "GetProcAddress", "ModuleName": "kernel32.dll", "Return": "0x77062270", "Status": 0 }
{ "Address": "0x420688", "Opcode": "ff1508004300", "Opcodesize": 6, "Mnemonic": "call dword ptr [0x430008]", "PID": 1320, "TID": 184, "Arguments": [ "Arg1", "IN", "HMODULE", "0x18febc", "0x74f10000", "Arg2", "IN", "LPCSTR", "0x18fec0", "LoadLibraryA" ], "Timesptamp": "00000000.855609", "FunctionName": "GetProcAddress", "ModuleName": "kernel32.dll", "Return": "0x74f249d7", "Status": 0 }
{ "Address": "0x42069c", "Opcode": "ff1508004300", "Opcodesize": 6, "Mnemonic": "call dword ptr [0x430008]", "PID": 1320, "TID": 184, "Arguments": [ "Arg1", "IN", "HMODULE", "0x18febc", "0x74f10000", "Arg2", "IN", "LPCSTR", "0x18fec0", "LoadLibraryExA" ], "Timesptamp": "00000000.864891", "FunctionName": "GetProcAddress", "ModuleName": "kernel32.dll", "Return": "0x74f24913", "Status": 0 }
{ "Address": "0x4206b0", "Opcode": "ff1508004300", "Opcodesize": 6, "Mnemonic": "call dword ptr [0x430008]", "PID": 1320, "TID": 184, "Arguments": [ "Arg1", "IN", "HMODULE", "0x18febc", "0x74f10000", "Arg2", "IN", "LPCSTR", "0x18fec0", "LocalAlloc" ], "Timesptamp": "00000000.873890", "FunctionName": "GetProcAddress", "ModuleName": "kernel32.dll", "Return": "0x74f2168c", "Status": 0 }
{ "Address": "0x4206c4", "Opcode": "ff1508004300", "Opcodesize": 6, "Mnemonic": "call dword ptr [0x430008]", "PID": 1320, "TID": 184, "Arguments": [ "Arg1", "IN", "HMODULE", "0x18febc", "0x74f10000", "Arg2", "IN", "LPCSTR", "0x18fec0", "LocalFree" ], "Timesptamp": "00000000.883072", "FunctionName": "GetProcAddress", "ModuleName": "kernel32.dll", "Return": "0x74f22d3c", "Status": 0 }
{ "Address": "0x4206d8", "Opcode": "ff1508004300", "Opcodesize": 6, "Mnemonic": "call dword ptr [0x430008]", "PID": 1320, "TID": 184, "Arguments": [ "Arg1", "IN", "HMODULE", "0x18febc", "0x74f10000", "Arg2", "IN", "LPCSTR", "0x18fec0", "LockFile" ], "Timesptamp": "00000000.892214", "FunctionName": "GetProcAddress", "ModuleName": "kernel32.dll", "Return": "0x74f4cf1e", "Status": 0 }
{ "Address": "0x4206ec", "Opcode": "ff1508004300", "Opcodesize": 6, "Mnemonic": "call dword ptr [0x430008]", "PID": 1320, "TID": 184, "Arguments": [ "Arg1", "IN", "HMODULE", "0x18febc", "0x74f10000", "Arg2", "IN", "LPCSTR", "0x18fec0", "MapViewOfFile" ], "Timesptamp": "00000000.901352", "FunctionName": "GetProcAddress", "ModuleName": "kernel32.dll", "Return": "0x74f218f1", "Status": 0 }
{ "Address": "0x420700", "Opcode": "ff1508004300", "Opcodesize": 6, "Mnemonic": "call dword ptr [0x430008]", "PID": 1320, "TID": 184, "Arguments": [ "Arg1", "IN", "HMODULE", "0x18febc", "0x74f10000", "Arg2", "IN", "LPCSTR", "0x18fec0", "MultiByteToWideChar" ], "Timesptamp": "00000000.910590", "FunctionName": "GetProcAddress", "ModuleName": "kernel32.dll", "Return": "0x74f2192e", "Status": 0 }
{ "Address": "0x420714", "Opcode": "ff1508004300", "Opcodesize": 6, "Mnemonic": "call dword ptr [0x430008]", "PID": 1320, "TID": 184, "Arguments": [ "Arg1", "IN", "HMODULE", "0x18febc", "0x74f10000", "Arg2", "IN", "LPCSTR", "0x18fec0", "OpenProcess" ], "Timesptamp": "00000000.919855", "FunctionName": "GetProcAddress", "ModuleName": "kernel32.dll", "Return": "0x74f21986", "Status": 0 }
{ "Address": "0x420728", "Opcode": "ff1508004300", "Opcodesize": 6, "Mnemonic": "call dword ptr [0x430008]", "PID": 1320, "TID": 184, "Arguments": [ "Arg1", "IN", "HMODULE", "0x18febc", "0x74f10000", "Arg2", "IN", "LPCSTR", "0x18fec0", "RaiseException" ], "Timesptamp": "00000000.928996", "FunctionName": "GetProcAddress", "ModuleName": "kernel32.dll", "Return": "0x74f258a6", "Status": 0 }
{ "Address": "0x42073c", "Opcode": "ff1508004300", "Opcodesize": 6, "Mnemonic": "call dword ptr [0x430008]", "PID": 1320, "TID": 184, "Arguments": [ "Arg1", "IN", "HMODULE", "0x18febc", "0x74f10000", "Arg2", "IN", "LPCSTR", "0x18fec0", "ReadFile" ], "Timesptamp": "00000000.938310", "FunctionName": "GetProcAddress", "ModuleName": "kernel32.dll", "Return": "0x74f23ed3", "Status": 0 }
{ "Address": "0x420750", "Opcode": "ff1508004300", "Opcodesize": 6, "Mnemonic": "call dword ptr [0x430008]", "PID": 1320, "TID": 184, "Arguments": [ "Arg1", "IN", "HMODULE", "0x18febc", "0x74f10000", "Arg2", "IN", "LPCSTR", "0x18fec0", "SetEnvironmentVariableA" ], "Timesptamp": "00000000.947411", "FunctionName": "GetProcAddress", "ModuleName": "kernel32.dll", "Return": "0x74f2e331", "Status": 0 }
{ "Address": "0x420764", "Opcode": "ff1508004300", "Opcodesize": 6, "Mnemonic": "call dword ptr [0x430008]", "PID": 1320, "TID": 184, "Arguments": [ "Arg1", "IN", "HMODULE", "0x18febc", "0x74f10000", "Arg2", "IN", "LPCSTR", "0x18fec0", "SetEvent" ], "Timesptamp": "00000000.956555", "FunctionName": "GetProcAddress", "ModuleName": "kernel32.dll", "Return": "0x74f216c5", "Status": 0 }
{ "Address": "0x420778", "Opcode": "ff1508004300", "Opcodesize": 6, "Mnemonic": "call dword ptr [0x430008]", "PID": 1320, "TID": 184, "Arguments": [ "Arg1", "IN", "HMODULE", "0x18febc", "0x74f10000", "Arg2", "IN", "LPCSTR", "0x18fec0", "SetFilePointer" ], "Timesptamp": "00000000.965809", "FunctionName": "GetProcAddress", "ModuleName": "kernel32.dll", "Return": "0x74f217d1", "Status": 0 }
{ "Address": "0x42078c", "Opcode": "ff1508004300", "Opcodesize": 6, "Mnemonic": "call dword ptr [0x430008]", "PID": 1320, "TID": 184, "Arguments": [ "Arg1", "IN", "HMODULE", "0x18febc", "0x74f10000", "Arg2", "IN", "LPCSTR", "0x18fec0", "SetLastError" ], "Timesptamp": "00000000.974882", "FunctionName": "GetProcAddress", "ModuleName": "kernel32.dll", "Return": "0x74f211a9", "Status": 0 }
{ "Address": "0x4207a0", "Opcode": "ff1508004300", "Opcodesize": 6, "Mnemonic": "call dword ptr [0x430008]", "PID": 1320, "TID": 184, "Arguments": [ "Arg1", "IN", "HMODULE", "0x18febc", "0x74f10000", "Arg2", "IN", "LPCSTR", "0x18fec0", "SetUnhandledExceptionFilter" ], "Timesptamp": "00000000.984176", "FunctionName": "GetProcAddress", "ModuleName": "kernel32.dll", "Return": "0x74f287c9", "Status": 0 }
{ "Address": "0x4207b4", "Opcode": "ff1508004300", "Opcodesize": 6, "Mnemonic": "call dword ptr [0x430008]", "PID": 1320, "TID": 184, "Arguments": [ "Arg1", "IN", "HMODULE", "0x18febc", "0x74f10000", "Arg2", "IN", "LPCSTR", "0x18fec0", "Sleep" ], "Timesptamp": "00000000.993248", "FunctionName": "GetProcAddress", "ModuleName": "kernel32.dll", "Return": "0x74f210ff", "Status": 0 }
{ "Address": "0x4207c8", "Opcode": "ff1508004300", "Opcodesize": 6, "Mnemonic": "call dword ptr [0x430008]", "PID": 1320, "TID": 184, "Arguments": [ "Arg1", "IN", "HMODULE", "0x18febc", "0x74f10000", "Arg2", "IN", "LPCSTR", "0x18fec0", "TerminateProcess" ], "Timesptamp": "00000001.002519", "FunctionName": "GetProcAddress", "ModuleName": "kernel32.dll", "Return": "0x74f3d802", "Status": 0 }
{ "Address": "0x4207dc", "Opcode": "ff1508004300", "Opcodesize": 6, "Mnemonic": "call dword ptr [0x430008]", "PID": 1320, "TID": 184, "Arguments": [ "Arg1", "IN", "HMODULE", "0x18febc", "0x74f10000", "Arg2", "IN", "LPCSTR", "0x18fec0", "UnlockFile" ], "Timesptamp": "00000001.011592", "FunctionName": "GetProcAddress", "ModuleName": "kernel32.dll", "Return": "0x74f4cf36", "Status": 0 }
{ "Address": "0x4207f0", "Opcode": "ff1508004300", "Opcodesize": 6, "Mnemonic": "call dword ptr [0x430008]", "PID": 1320, "TID": 184, "Arguments": [ "Arg1", "IN", "HMODULE", "0x18febc", "0x74f10000", "Arg2", "IN", "LPCSTR", "0x18fec0", "UnmapViewOfFile" ], "Timesptamp": "00000001.020853", "FunctionName": "GetProcAddress", "ModuleName": "kernel32.dll", "Return": "0x74f21826", "Status": 0 }
{ "Address": "0x420804", "Opcode": "ff1508004300", "Opcodesize": 6, "Mnemonic": "call dword ptr [0x430008]", "PID": 1320, "TID": 184, "Arguments": [ "Arg1", "IN", "HMODULE", "0x18febc", "0x74f10000", "Arg2", "IN", "LPCSTR", "0x18fec0", "VirtualAlloc" ], "Timesptamp": "00000001.030620", "FunctionName": "GetProcAddress", "ModuleName": "kernel32.dll", "Return": "0x74f21856", "Status": 0 }
{ "Address": "0x420818", "Opcode": "ff1508004300", "Opcodesize": 6, "Mnemonic": "call dword ptr [0x430008]", "PID": 1320, "TID": 184, "Arguments": [ "Arg1", "IN", "HMODULE", "0x18febc", "0x74f10000", "Arg2", "IN", "LPCSTR", "0x18fec0", "VirtualFree" ], "Timesptamp": "00000001.039602", "FunctionName": "GetProcAddress", "ModuleName": "kernel32.dll", "Return": "0x74f2186e", "Status": 0 }
{ "Address": "0x42082c", "Opcode": "ff1508004300", "Opcodesize": 6, "Mnemonic": "call dword ptr [0x430008]", "PID": 1320, "TID": 184, "Arguments": [ "Arg1", "IN", "HMODULE", "0x18febc", "0x74f10000", "Arg2", "IN", "LPCSTR", "0x18fec0", "VirtualProtect" ], "Timesptamp": "00000001.048730", "FunctionName": "GetProcAddress", "ModuleName": "kernel32.dll", "Return": "0x74f2435f", "Status": 0 }
{ "Address": "0x420840", "Opcode": "ff1508004300", "Opcodesize": 6, "Mnemonic": "call dword ptr [0x430008]", "PID": 1320, "TID": 184, "Arguments": [ "Arg1", "IN", "HMODULE", "0x18febc", "0x74f10000", "Arg2", "IN", "LPCSTR", "0x18fec0", "VirtualQuery" ], "Timesptamp": "00000001.057698", "FunctionName": "GetProcAddress", "ModuleName": "kernel32.dll", "Return": "0x74f2445a", "Status": 0 }
{ "Address": "0x420854", "Opcode": "ff1508004300", "Opcodesize": 6, "Mnemonic": "call dword ptr [0x430008]", "PID": 1320, "TID": 184, "Arguments": [ "Arg1", "IN", "HMODULE", "0x18febc", "0x74f10000", "Arg2", "IN", "LPCSTR", "0x18fec0", "WaitForSingleObject" ], "Timesptamp": "00000001.066703", "FunctionName": "GetProcAddress", "ModuleName": "kernel32.dll", "Return": "0x74f21136", "Status": 0 }
{ "Address": "0x420868", "Opcode": "ff1508004300", "Opcodesize": 6, "Mnemonic": "call dword ptr [0x430008]", "PID": 1320, "TID": 184, "Arguments": [ "Arg1", "IN", "HMODULE", "0x18febc", "0x74f10000", "Arg2", "IN", "LPCSTR", "0x18fec0", "WideCharToMultiByte" ], "Timesptamp": "00000001.075723", "FunctionName": "GetProcAddress", "ModuleName": "kernel32.dll", "Return": "0x74f2170d", "Status": 0 }
{ "Address": "0x42087c", "Opcode": "ff1508004300", "Opcodesize": 6, "Mnemonic": "call dword ptr [0x430008]", "PID": 1320, "TID": 184, "Arguments": [ "Arg1", "IN", "HMODULE", "0x18febc", "0x74f10000", "Arg2", "IN", "LPCSTR", "0x18fec0", "WriteFile" ], "Timesptamp": "00000001.084732", "FunctionName": "GetProcAddress", "ModuleName": "kernel32.dll", "Return": "0x74f21282", "Status": 0 }
{ "Address": "0x420890", "Opcode": "ff1508004300", "Opcodesize": 6, "Mnemonic": "call dword ptr [0x430008]", "PID": 1320, "TID": 184, "Arguments": [ "Arg1", "IN", "HMODULE", "0x18febc", "0x74f10000", "Arg2", "IN", "LPCSTR", "0x18fec0", "lstrcmpiA" ], "Timesptamp": "00000001.093738", "FunctionName": "GetProcAddress", "ModuleName": "kernel32.dll", "Return": "0x74f23e8e", "Status": 0 }
{ "Address": "0x4208a0", "Opcode": "ff1580374300", "Opcodesize": 6, "Mnemonic": "call dword ptr [0x433780]", "PID": 1320, "TID": 184, "Arguments": [ "Arg1", "IN", "LPCTSTR", "0x18fec0", "user32.dll" ], "Timesptamp": "00000001.102722", "FunctionName": "LoadLibraryA", "ModuleName": "kernel32.dll", "Return": "0x74d30000", "Status": 0 }
{ "Address": "0x4208c9", "Opcode": "ff1508004300", "Opcodesize": 6, "Mnemonic": "call dword ptr [0x430008]", "PID": 1320, "TID": 184, "Arguments": [ "Arg1", "IN", "HMODULE", "0x18febc", "0x74d30000", "Arg2", "IN", "LPCSTR", "0x18fec0", "ChangeDisplaySettingsA" ], "Timesptamp": "00000001.113472", "FunctionName": "GetProcAddress", "ModuleName": "kernel32.dll", "Return": "0x74da706c", "Status": 0 }
{ "Address": "0x4208dd", "Opcode": "ff1508004300", "Opcodesize": 6, "Mnemonic": "call dword ptr [0x430008]", "PID": 1320, "TID": 184, "Arguments": [ "Arg1", "IN", "HMODULE", "0x18febc", "0x74d30000", "Arg2", "IN", "LPCSTR", "0x18fec0", "CharUpperBuffA" ], "Timesptamp": "00000001.122697", "FunctionName": "GetProcAddress", "ModuleName": "kernel32.dll", "Return": "0x74d4fe47", "Status": 0 }
{ "Address": "0x4208f1", "Opcode": "ff1508004300", "Opcodesize": 6, "Mnemonic": "call dword ptr [0x430008]", "PID": 1320, "TID": 184, "Arguments": [ "Arg1", "IN", "HMODULE", "0x18febc", "0x74d30000", "Arg2", "IN", "LPCSTR", "0x18fec0", "LoadImageA" ], "Timesptamp": "00000001.131675", "FunctionName": "GetProcAddress", "ModuleName": "kernel32.dll", "Return": "0x74d58455", "Status": 0 }
{ "Address": "0x420905", "Opcode": "ff1508004300", "Opcodesize": 6, "Mnemonic": "call dword ptr [0x430008]", "PID": 1320, "TID": 184, "Arguments": [ "Arg1", "IN", "HMODULE", "0x18febc", "0x74d30000", "Arg2", "IN", "LPCSTR", "0x18fec0", "MessageBoxA" ], "Timesptamp": "00000001.140874", "FunctionName": "GetProcAddress", "ModuleName": "kernel32.dll", "Return": "0x74d9fd1e", "Status": 0 }
{ "Address": "0x420919", "Opcode": "ff1508004300", "Opcodesize": 6, "Mnemonic": "call dword ptr [0x430008]", "PID": 1320, "TID": 184, "Arguments": [ "Arg1", "IN", "HMODULE", "0x18febc", "0x74d30000", "Arg2", "IN", "LPCSTR", "0x18fec0", "wsprintfA" ], "Timesptamp": "00000001.149838", "FunctionName": "GetProcAddress", "ModuleName": "kernel32.dll", "Return": "0x74d5ae5f", "Status": 0 }
{ "Address": "0x42092d", "Opcode": "ff1508004300", "Opcodesize": 6, "Mnemonic": "call dword ptr [0x430008]", "PID": 1320, "TID": 184, "Arguments": [ "Arg1", "IN", "HMODULE", "0x18febc", "0x74d30000", "Arg2", "IN", "LPCSTR", "0x18fec0", "wvsprintfA" ], "Timesptamp": "00000001.158997", "FunctionName": "GetProcAddress", "ModuleName": "kernel32.dll", "Return": "0x74d5aad3", "Status": 0 }
{ "Address": "0x42093d", "Opcode": "ff1580374300", "Opcodesize": 6, "Mnemonic": "call dword ptr [0x433780]", "PID": 1320, "TID": 184, "Arguments": [ "Arg1", "IN", "LPCTSTR", "0x18fec0", "gdi32.dll" ], "Timesptamp": "00000001.167942", "FunctionName": "LoadLibraryA", "ModuleName": "kernel32.dll", "Return": "0x76b80000", "Status": 0 }
{ "Address": "0x420966", "Opcode": "ff1508004300", "Opcodesize": 6, "Mnemonic": "call dword ptr [0x430008]", "PID": 1320, "TID": 184, "Arguments": [ "Arg1", "IN", "HMODULE", "0x18febc", "0x76b80000", "Arg2", "IN", "LPCSTR", "0x18fec0", "AddFontResourceA" ], "Timesptamp": "00000001.178309", "FunctionName": "GetProcAddress", "ModuleName": "kernel32.dll", "Return": "0x76bbd7bb", "Status": 0 }
{ "Address": "0x42097a", "Opcode": "ff1508004300", "Opcodesize": 6, "Mnemonic": "call dword ptr [0x430008]", "PID": 1320, "TID": 184, "Arguments": [ "Arg1", "IN", "HMODULE", "0x18febc", "0x76b80000", "Arg2", "IN", "LPCSTR", "0x18fec0", "CreateCompatibleDC" ], "Timesptamp": "00000001.187441", "FunctionName": "GetProcAddress", "ModuleName": "kernel32.dll", "Return": "0x76b954f4", "Status": 0 }
{ "Address": "0x42098e", "Opcode": "ff1508004300", "Opcodesize": 6, "Mnemonic": "call dword ptr [0x430008]", "PID": 1320, "TID": 184, "Arguments": [ "Arg1", "IN", "HMODULE", "0x18febc", "0x76b80000", "Arg2", "IN", "LPCSTR", "0x18fec0", "CreateDIBSection" ], "Timesptamp": "00000001.196466", "FunctionName": "GetProcAddress", "ModuleName": "kernel32.dll", "Return": "0x76b9ac46", "Status": 0 }
{ "Address": "0x4209a2", "Opcode": "ff1508004300", "Opcodesize": 6, "Mnemonic": "call dword ptr [0x430008]", "PID": 1320, "TID": 184, "Arguments": [ "Arg1", "IN", "HMODULE", "0x18febc", "0x76b80000", "Arg2", "IN", "LPCSTR", "0x18fec0", "DeleteDC" ], "Timesptamp": "00000001.205552", "FunctionName": "GetProcAddress", "ModuleName": "kernel32.dll", "Return": "0x76b958b3", "Status": 0 }
{ "Address": "0x4209b6", "Opcode": "ff1508004300", "Opcodesize": 6, "Mnemonic": "call dword ptr [0x430008]", "PID": 1320, "TID": 184, "Arguments": [ "Arg1", "IN", "HMODULE", "0x18febc", "0x76b80000", "Arg2", "IN", "LPCSTR", "0x18fec0", "RemoveFontResourceA" ], "Timesptamp": "00000001.214548", "FunctionName": "GetProcAddress", "ModuleName": "kernel32.dll", "Return": "0x76bbda7f", "Status": 0 }
{ "Address": "0x4209ca", "Opcode": "ff1508004300", "Opcodesize": 6, "Mnemonic": "call dword ptr [0x430008]", "PID": 1320, "TID": 184, "Arguments": [ "Arg1", "IN", "HMODULE", "0x18febc", "0x74d30000", "Arg2", "IN", "LPCSTR", "0x18fec0", "BeginPaint" ], "Timesptamp": "00000001.223777", "FunctionName": "GetProcAddress", "ModuleName": "kernel32.dll", "Return": "0x74d51361", "Status": 0 }
{ "Address": "0x4209de", "Opcode": "ff1508004300", "Opcodesize": 6, "Mnemonic": "call dword ptr [0x430008]", "PID": 1320, "TID": 184, "Arguments": [ "Arg1", "IN", "HMODULE", "0x18febc", "0x74d30000", "Arg2", "IN", "LPCSTR", "0x18fec0", "EndPaint" ], "Timesptamp": "00000001.232917", "FunctionName": "GetProcAddress", "ModuleName": "kernel32.dll", "Return": "0x74d51341", "Status": 0 }
{ "Address": "0x4209f2", "Opcode": "ff1508004300", "Opcodesize": 6, "Mnemonic": "call dword ptr [0x430008]", "PID": 1320, "TID": 184, "Arguments": [ "Arg1", "IN", "HMODULE", "0x18febc", "0x76b80000", "Arg2", "IN", "LPCSTR", "0x18fec0", "GetObjectA" ], "Timesptamp": "00000001.241901", "FunctionName": "GetProcAddress", "ModuleName": "kernel32.dll", "Return": "0x76b985d4", "Status": 0 }
{ "Address": "0x420a06", "Opcode": "ff1508004300", "Opcodesize": 6, "Mnemonic": "call dword ptr [0x430008]", "PID": 1320, "TID": 184, "Arguments": [ "Arg1", "IN", "HMODULE", "0x18febc", "0x76b80000", "Arg2", "IN", "LPCSTR", "0x18fec0", "SelectObject" ], "Timesptamp": "00000001.251046", "FunctionName": "GetProcAddress", "ModuleName": "kernel32.dll", "Return": "0x76b94f70", "Status": 0 }
{ "Address": "0x420a1a", "Opcode": "ff1508004300", "Opcodesize": 6, "Mnemonic": "call dword ptr [0x430008]", "PID": 1320, "TID": 184, "Arguments": [ "Arg1", "IN", "HMODULE", "0x18febc", "0x76b80000", "Arg2", "IN", "LPCSTR", "0x18fec0", "DeleteObject" ], "Timesptamp": "00000001.260055", "FunctionName": "GetProcAddress", "ModuleName": "kernel32.dll", "Return": "0x76b95689", "Status": 0 }
{ "Address": "0x420a2e", "Opcode": "ff1508004300", "Opcodesize": 6, "Mnemonic": "call dword ptr [0x430008]", "PID": 1320, "TID": 184, "Arguments": [ "Arg1", "IN", "HMODULE", "0x18febc", "0x76b80000", "Arg2", "IN", "LPCSTR", "0x18fec0", "BitBlt" ], "Timesptamp": "00000001.269068", "FunctionName": "GetProcAddress", "ModuleName": "kernel32.dll", "Return": "0x76b95ea6", "Status": 0 }
{ "Address": "0x420a42", "Opcode": "ff1508004300", "Opcodesize": 6, "Mnemonic": "call dword ptr [0x430008]", "PID": 1320, "TID": 184, "Arguments": [ "Arg1", "IN", "HMODULE", "0x18febc", "0x74d30000", "Arg2", "IN", "LPCSTR", "0x18fec0", "GetWindowThreadProcessId" ], "Timesptamp": "00000001.278200", "FunctionName": "GetProcAddress", "ModuleName": "kernel32.dll", "Return": "0x74d491b4", "Status": 0 }
{ "Address": "0x420a56", "Opcode": "ff1508004300", "Opcodesize": 6, "Mnemonic": "call dword ptr [0x430008]", "PID": 1320, "TID": 184, "Arguments": [ "Arg1", "IN", "HMODULE", "0x18febc", "0x74d30000", "Arg2", "IN", "LPCSTR", "0x18fec0", "SetActiveWindow" ], "Timesptamp": "00000001.287324", "FunctionName": "GetProcAddress", "ModuleName": "kernel32.dll", "Return": "0x74d53208", "Status": 0 }
{ "Address": "0x420a6a", "Opcode": "ff1508004300", "Opcodesize": 6, "Mnemonic": "call dword ptr [0x430008]", "PID": 1320, "TID": 184, "Arguments": [ "Arg1", "IN", "HMODULE", "0x18febc", "0x74d30000", "Arg2", "IN", "LPCSTR", "0x18fec0", "SetForegroundWindow" ], "Timesptamp": "00000001.296583", "FunctionName": "GetProcAddress", "ModuleName": "kernel32.dll", "Return": "0x74d6f170", "Status": 0 }
{ "Address": "0x420a7e", "Opcode": "ff1508004300", "Opcodesize": 6, "Mnemonic": "call dword ptr [0x430008]", "PID": 1320, "TID": 184, "Arguments": [ "Arg1", "IN", "HMODULE", "0x18febc", "0x74d30000", "Arg2", "IN", "LPCSTR", "0x18fec0", "RegisterClassExA" ], "Timesptamp": "00000001.305661", "FunctionName": "GetProcAddress", "ModuleName": "kernel32.dll", "Return": "0x74d4db98", "Status": 0 }
{ "Address": "0x420a92", "Opcode": "ff1508004300", "Opcodesize": 6, "Mnemonic": "call dword ptr [0x430008]", "PID": 1320, "TID": 184, "Arguments": [ "Arg1", "IN", "HMODULE", "0x18febc", "0x74d30000", "Arg2", "IN", "LPCSTR", "0x18fec0", "GetSystemMetrics" ], "Timesptamp": "00000001.314849", "FunctionName": "GetProcAddress", "ModuleName": "kernel32.dll", "Return": "0x74d47d2f", "Status": 0 }
{ "Address": "0x420aa6", "Opcode": "ff1508004300", "Opcodesize": 6, "Mnemonic": "call dword ptr [0x430008]", "PID": 1320, "TID": 184, "Arguments": [ "Arg1", "IN", "HMODULE", "0x18febc", "0x74d30000", "Arg2", "IN", "LPCSTR", "0x18fec0", "CreateWindowExA" ], "Timesptamp": "00000001.323935", "FunctionName": "GetProcAddress", "ModuleName": "kernel32.dll", "Return": "0x74d4d22e", "Status": 0 }
{ "Address": "0x420aba", "Opcode": "ff1508004300", "Opcodesize": 6, "Mnemonic": "call dword ptr [0x430008]", "PID": 1320, "TID": 184, "Arguments": [ "Arg1", "IN", "HMODULE", "0x18febc", "0x74d30000", "Arg2", "IN", "LPCSTR", "0x18fec0", "GetMessageA" ], "Timesptamp": "00000001.332975", "FunctionName": "GetProcAddress", "ModuleName": "kernel32.dll", "Return": "0x74d47bd3", "Status": 0 }
{ "Address": "0x420ace", "Opcode": "ff1508004300", "Opcodesize": 6, "Mnemonic": "call dword ptr [0x430008]", "PID": 1320, "TID": 184, "Arguments": [ "Arg1", "IN", "HMODULE", "0x18febc", "0x74d30000", "Arg2", "IN", "LPCSTR", "0x18fec0", "TranslateMessage" ], "Timesptamp": "00000001.346979", "FunctionName": "GetProcAddress", "ModuleName": "kernel32.dll", "Return": "0x74d47809", "Status": 0 }
{ "Address": "0x420ae2", "Opcode": "ff1508004300", "Opcodesize": 6, "Mnemonic": "call dword ptr [0x430008]", "PID": 1320, "TID": 184, "Arguments": [ "Arg1", "IN", "HMODULE", "0x18febc", "0x74d30000", "Arg2", "IN", "LPCSTR", "0x18fec0", "DispatchMessageA" ], "Timesptamp": "00000001.356185", "FunctionName": "GetProcAddress", "ModuleName": "kernel32.dll", "Return": "0x74d47bbb", "Status": 0 }
{ "Address": "0x420af6", "Opcode": "ff1508004300", "Opcodesize": 6, "Mnemonic": "call dword ptr [0x430008]", "PID": 1320, "TID": 184, "Arguments": [ "Arg1", "IN", "HMODULE", "0x18febc", "0x74d30000", "Arg2", "IN", "LPCSTR", "0x18fec0", "DestroyWindow" ], "Timesptamp": "00000001.365232", "FunctionName": "GetProcAddress", "ModuleName": "kernel32.dll", "Return": "0x74d49a55", "Status": 0 }
{ "Address": "0x420b0a", "Opcode": "ff1508004300", "Opcodesize": 6, "Mnemonic": "call dword ptr [0x430008]", "PID": 1320, "TID": 184, "Arguments": [ "Arg1", "IN", "HMODULE", "0x18febc", "0x74d30000", "Arg2", "IN", "LPCSTR", "0x18fec0", "EnumWindows" ], "Timesptamp": "00000001.374412", "FunctionName": "GetProcAddress", "ModuleName": "kernel32.dll", "Return": "0x74d4d1cf", "Status": 0 }
{ "Address": "0x420b1e", "Opcode": "ff1508004300", "Opcodesize": 6, "Mnemonic": "call dword ptr [0x430008]", "PID": 1320, "TID": 184, "Arguments": [ "Arg1", "IN", "HMODULE", "0x18febc", "0x74d30000", "Arg2", "IN", "LPCSTR", "0x18fec0", "DefWindowProcA" ], "Timesptamp": "00000001.383442", "FunctionName": "GetProcAddress", "ModuleName": "kernel32.dll", "Return": "0x770824e0", "Status": 0 }
{ "Address": "0x420b32", "Opcode": "ff1508004300", "Opcodesize": 6, "Mnemonic": "call dword ptr [0x430008]", "PID": 1320, "TID": 184, "Arguments": [ "Arg1", "IN", "HMODULE", "0x18febc", "0x74d30000", "Arg2", "IN", "LPCSTR", "0x18fec0", "PostMessageA" ], "Timesptamp": "00000001.392531", "FunctionName": "GetProcAddress", "ModuleName": "kernel32.dll", "Return": "0x74d53baa", "Status": 0 }
{ "Address": "0x420b46", "Opcode": "ff1508004300", "Opcodesize": 6, "Mnemonic": "call dword ptr [0x430008]", "PID": 1320, "TID": 184, "Arguments": [ "Arg1", "IN", "HMODULE", "0x18febc", "0x74f10000", "Arg2", "IN", "LPCSTR", "0x18fec0", "CreateThread" ], "Timesptamp": "00000001.401558", "FunctionName": "GetProcAddress", "ModuleName": "kernel32.dll", "Return": "0x74f234d5", "Status": 0 }
{ "Address": "0x429c74", "Opcode": "ff156c374300", "Opcodesize": 6, "Mnemonic": "call dword ptr [0x43376c]", "PID": 1320, "TID": 184, "Arguments": [ "Arg1", "IN", "DWORD", "0x18feb4", "0x0", "Arg2", "IN", "SIZE_T", "0x18feb8", "0x10000", "Arg3", "IN", "SIZE_T", "0x18febc", "0x0" ], "Timesptamp": "00000001.410627", "FunctionName": "HeapCreate", "ModuleName": "kernel32.dll", "Return": "0x1f80000", "Status": 0 }
{ "Address": "0x429c40", "Opcode": "ff1564374300", "Opcodesize": 6, "Mnemonic": "call dword ptr [0x433764]", "PID": 1320, "TID": 184, "Functionname": "HeapAlloc", "Dllname": "ntdll.dll", "Status": 1 }
{ "Address": "0x41fde2", "Opcode": "ff1518004300", "Opcodesize": 6, "Mnemonic": "call dword ptr [0x430018]", "PID": 1320, "TID": 184, "Arguments": [ "Arg1", "IN", "LPCTSTR", "0x18fecc", "kernel32.dll" ], "Timesptamp": "00000001.429230", "FunctionName": "GetModuleHandleA", "ModuleName": "kernel32.dll", "Return": "0x74f10000", "Status": 0 }
{ "Address": "0x41fe06", "Opcode": "ff1504004300", "Opcodesize": 6, "Mnemonic": "call dword ptr [0x430004]", "PID": 1320, "TID": 184, "Functionname": "InitializeCriticalSection", "Dllname": "ntdll.dll", "Status": 1 }
{ "Address": "0x41fe13", "Opcode": "ff1504004300", "Opcodesize": 6, "Mnemonic": "call dword ptr [0x430004]", "PID": 1320, "TID": 184, "Functionname": "InitializeCriticalSection", "Dllname": "ntdll.dll", "Status": 1 }
{ "Address": "0x41fe20", "Opcode": "ff1504004300", "Opcodesize": 6, "Mnemonic": "call dword ptr [0x430004]", "PID": 1320, "TID": 184, "Functionname": "InitializeCriticalSection", "Dllname": "ntdll.dll", "Status": 1 }
{ "Address": "0x41fe2d", "Opcode": "ff1504004300", "Opcodesize": 6, "Mnemonic": "call dword ptr [0x430004]", "PID": 1320, "TID": 184, "Functionname": "InitializeCriticalSection", "Dllname": "ntdll.dll", "Status": 1 }
{ "Address": "0x42a4e6", "Opcode": "ff15b4374300", "Opcodesize": 6, "Mnemonic": "call dword ptr [0x4337b4]", "PID": 1320, "TID": 184, "Arguments": [ "Arg1", "IN", "DWORD", "0x18fed4", "0x42a4ee" ], "Timesptamp": "00000001.476739", "FunctionName": "SetUnhandledExceptionFilter", "ModuleName": "kernel32.dll", "Return": "0x0", "Status": 0 }
{ "Address": "0x41fe69", "Opcode": "ff153c374300", "Opcodesize": 6, "Mnemonic": "call dword ptr [0x43373c]", "PID": 1320, "TID": 184, "Arguments": [ "Arg1", "IN", "LPCTSTR", "0x18fe40", "kernel32.dll" ], "Timesptamp": "00000001.486074", "FunctionName": "GetModuleHandleA", "ModuleName": "kernel32.dll", "Return": "0x74f10000", "Status": 0 }
{ "Address": "0x41fe92", "Opcode": "ff154c374300", "Opcodesize": 6, "Mnemonic": "call dword ptr [0x43374c]", "PID": 1320, "TID": 184, "Arguments": [ "Arg1", "IN", "HMODULE", "0x18fe3c", "0x74f10000", "Arg2", "IN", "LPCSTR", "0x18fe40", "VirtualAlloc" ], "Timesptamp": "00000001.495173", "FunctionName": "GetProcAddress", "ModuleName": "kernel32.dll", "Return": "0x74f21856", "Status": 0 }
{ "Address": "0x41fec0", "Opcode": "ff55f4", "Opcodesize": 3, "Mnemonic": "call dword ptr [ebp - 0xc]", "PID": 1320, "TID": 184, "Arguments": [ "Arg1", "IN", "LPVOID", "0x18fe34", "0x0", "Arg2", "IN", "SIZE_T", "0x18fe38", "0x1000", "Arg3", "IN", "DWORD", "0x18fe3c", "0x1000", "Arg4", "IN", "DWORD", "0x18fe40", "0x4" ], "Timesptamp": "00000001.504343", "FunctionName": "VirtualAlloc", "ModuleName": "kernel32.dll", "Return": "0x230000", "Status": 0 }
{ "Address": "0x41fecf", "Opcode": "ff1560374300", "Opcodesize": 6, "Mnemonic": "call dword ptr [0x433760]", "PID": 1320, "TID": 184, "Arguments": [ ], "Timesptamp": "00000001.513691", "FunctionName": "GetTickCount", "ModuleName": "kernel32.dll", "Return": "0x526a2", "Status": 0 }
{ "Address": "0x41fee1", "Opcode": "ff55f4", "Opcodesize": 3, "Mnemonic": "call dword ptr [ebp - 0xc]", "PID": 1320, "TID": 184, "Arguments": [ "Arg1", "IN", "LPVOID", "0x18fe34", "0x0", "Arg2", "IN", "SIZE_T", "0x18fe38", "0x26a2", "Arg3", "IN", "DWORD", "0x18fe3c", "0x2000", "Arg4", "IN", "DWORD", "0x18fe40", "0x4" ], "Timesptamp": "00000001.522740", "FunctionName": "VirtualAlloc", "ModuleName": "kernel32.dll", "Return": "0x240000", "Status": 0 }
{ "Address": "0x41fef7", "Opcode": "ff55f4", "Opcodesize": 3, "Mnemonic": "call dword ptr [ebp - 0xc]", "PID": 1320, "TID": 184, "Arguments": [ "Arg1", "IN", "LPVOID", "0x18fe34", "0x0", "Arg2", "IN", "SIZE_T", "0x18fe38", "0x1000", "Arg3", "IN", "DWORD", "0x18fe3c", "0x1000", "Arg4", "IN", "DWORD", "0x18fe40", "0x4" ], "Timesptamp": "00000001.531902", "FunctionName": "VirtualAlloc", "ModuleName": "kernel32.dll", "Return": "0x250000", "Status": 0 }
{ "Address": "0x4264b2", "Opcode": "ff15e8364300", "Opcodesize": 6, "Mnemonic": "call dword ptr [0x4336e8]", "PID": 1320, "TID": 184, "Functionname": "EnterCriticalSection", "Dllname": "ntdll.dll", "Status": 1 }
{ "Address": "0x42652e", "Opcode": "ff1594364300", "Opcodesize": 6, "Mnemonic": "call dword ptr [0x433694]", "PID": 1320, "TID": 184, "Arguments": [ "Arg1", "IN", "HANDLE", "0x18fdb8", "0xffffffff", "Arg2", "IN", "LPCVOID", "0x18fdbc", "0x41ff2e", "Arg3", "IN", "SIZE_T", "0x18fdc0", "0x2e" ], "Timesptamp": "00000001.550833", "FunctionName": "FlushInstructionCache", "ModuleName": "kernel32.dll", "Return": "TRUE", "Status": 0 }
{ "Address": "0x426547", "Opcode": "ff1578374300", "Opcodesize": 6, "Mnemonic": "call dword ptr [0x433778]", "PID": 1320, "TID": 184, "Functionname": "LeaveCriticalSection", "Dllname": "ntdll.dll", "Status": 1 }
{ "Address": "0x429c40", "Opcode": "ff1564374300", "Opcodesize": 6, "Mnemonic": "call dword ptr [0x433764]", "PID": 1320, "TID": 184, "Functionname": "HeapAlloc", "Dllname": "ntdll.dll", "Status": 1 }
{ "Address": "0x4264b2", "Opcode": "ff15e8364300", "Opcodesize": 6, "Mnemonic": "call dword ptr [0x4336e8]", "PID": 1320, "TID": 184, "Functionname": "EnterCriticalSection", "Dllname": "ntdll.dll", "Status": 1 }
{ "Address": "0x42652e", "Opcode": "ff1594364300", "Opcodesize": 6, "Mnemonic": "call dword ptr [0x433694]", "PID": 1320, "TID": 184, "Arguments": [ "Arg1", "IN", "HANDLE", "0x18fdb8", "0xffffffff", "Arg2", "IN", "LPCVOID", "0x18fdbc", "0x41ff2e", "Arg3", "IN", "SIZE_T", "0x18fdc0", "0x50" ], "Timesptamp": "00000001.587170", "FunctionName": "FlushInstructionCache", "ModuleName": "kernel32.dll", "Return": "TRUE", "Status": 0 }
{ "Address": "0x426547", "Opcode": "ff1578374300", "Opcodesize": 6, "Mnemonic": "call dword ptr [0x433778]", "PID": 1320, "TID": 184, "Functionname": "LeaveCriticalSection", "Dllname": "ntdll.dll", "Status": 1 }
{ "Address": "0x4264b2", "Opcode": "ff15e8364300", "Opcodesize": 6, "Mnemonic": "call dword ptr [0x4336e8]", "PID": 1320, "TID": 184, "Functionname": "EnterCriticalSection", "Dllname": "ntdll.dll", "Status": 1 }
{ "Address": "0x42652e", "Opcode": "ff1594364300", "Opcodesize": 6, "Mnemonic": "call dword ptr [0x433694]", "PID": 1320, "TID": 184, "Arguments": [ "Arg1", "IN", "HANDLE", "0x18fdb8", "0xffffffff", "Arg2", "IN", "LPCVOID", "0x18fdbc", "0x41ff5c", "Arg3", "IN", "SIZE_T", "0x18fdc0", "0xaf" ], "Timesptamp": "00000001.614652", "FunctionName": "FlushInstructionCache", "ModuleName": "kernel32.dll", "Return": "TRUE", "Status": 0 }
{ "Address": "0x426547", "Opcode": "ff1578374300", "Opcodesize": 6, "Mnemonic": "call dword ptr [0x433778]", "PID": 1320, "TID": 184, "Functionname": "LeaveCriticalSection", "Dllname": "ntdll.dll", "Status": 1 }
{ "Address": "0x4264b2", "Opcode": "ff15e8364300", "Opcodesize": 6, "Mnemonic": "call dword ptr [0x4336e8]", "PID": 1320, "TID": 184, "Functionname": "EnterCriticalSection", "Dllname": "ntdll.dll", "Status": 1 }
{ "Address": "0x42652e", "Opcode": "ff1594364300", "Opcodesize": 6, "Mnemonic": "call dword ptr [0x433694]", "PID": 1320, "TID": 184, "Arguments": [ "Arg1", "IN", "HANDLE", "0x18fdb8", "0xffffffff", "Arg2", "IN", "LPCVOID", "0x18fdbc", "0x41ff97", "Arg3", "IN", "SIZE_T", "0x18fdc0", "0x1b" ], "Timesptamp": "00000001.641908", "FunctionName": "FlushInstructionCache", "ModuleName": "kernel32.dll", "Return": "TRUE", "Status": 0 }
{ "Address": "0x426547", "Opcode": "ff1578374300", "Opcodesize": 6, "Mnemonic": "call dword ptr [0x433778]", "PID": 1320, "TID": 184, "Functionname": "LeaveCriticalSection", "Dllname": "ntdll.dll", "Status": 1 }
{ "Address": "0x4264b2", "Opcode": "ff15e8364300", "Opcodesize": 6, "Mnemonic": "call dword ptr [0x4336e8]", "PID": 1320, "TID": 184, "Functionname": "EnterCriticalSection", "Dllname": "ntdll.dll", "Status": 1 }
{ "Address": "0x42652e", "Opcode": "ff1594364300", "Opcodesize": 6, "Mnemonic": "call dword ptr [0x433694]", "PID": 1320, "TID": 184, "Arguments": [ "Arg1", "IN", "HANDLE", "0x18fdb8", "0xffffffff", "Arg2", "IN", "LPCVOID", "0x18fdbc", "0x41ff97", "Arg3", "IN", "SIZE_T", "0x18fdc0", "0x3c" ], "Timesptamp": "00000001.669316", "FunctionName": "FlushInstructionCache", "ModuleName": "kernel32.dll", "Return": "TRUE", "Status": 0 }
{ "Address": "0x426547", "Opcode": "ff1578374300", "Opcodesize": 6, "Mnemonic": "call dword ptr [0x433778]", "PID": 1320, "TID": 184, "Functionname": "LeaveCriticalSection", "Dllname": "ntdll.dll", "Status": 1 }
{ "Address": "0x4264b2", "Opcode": "ff15e8364300", "Opcodesize": 6, "Mnemonic": "call dword ptr [0x4336e8]", "PID": 1320, "TID": 184, "Functionname": "EnterCriticalSection", "Dllname": "ntdll.dll", "Status": 1 }
{ "Address": "0x42652e", "Opcode": "ff1594364300", "Opcodesize": 6, "Mnemonic": "call dword ptr [0x433694]", "PID": 1320, "TID": 184, "Arguments": [ "Arg1", "IN", "HANDLE", "0x18fdb8", "0xffffffff", "Arg2", "IN", "LPCVOID", "0x18fdbc", "0x41ffb2", "Arg3", "IN", "SIZE_T", "0x18fdc0", "0x47" ], "Timesptamp": "00000001.696537", "FunctionName": "FlushInstructionCache", "ModuleName": "kernel32.dll", "Return": "TRUE", "Status": 0 }
{ "Address": "0x426547", "Opcode": "ff1578374300", "Opcodesize": 6, "Mnemonic": "call dword ptr [0x433778]", "PID": 1320, "TID": 184, "Functionname": "LeaveCriticalSection", "Dllname": "ntdll.dll", "Status": 1 }
{ "Address": "0x4264b2", "Opcode": "ff15e8364300", "Opcodesize": 6, "Mnemonic": "call dword ptr [0x4336e8]", "PID": 1320, "TID": 184, "Functionname": "EnterCriticalSection", "Dllname": "ntdll.dll", "Status": 1 }
{ "Address": "0x42652e", "Opcode": "ff1594364300", "Opcodesize": 6, "Mnemonic": "call dword ptr [0x433694]", "PID": 1320, "TID": 184, "Arguments": [ "Arg1", "IN", "HANDLE", "0x18fdb8", "0xffffffff", "Arg2", "IN", "LPCVOID", "0x18fdbc", "0x41ffd3", "Arg3", "IN", "SIZE_T", "0x18fdc0", "0x26" ], "Timesptamp": "00000001.723740", "FunctionName": "FlushInstructionCache", "ModuleName": "kernel32.dll", "Return": "TRUE", "Status": 0 }
{ "Address": "0x426547", "Opcode": "ff1578374300", "Opcodesize": 6, "Mnemonic": "call dword ptr [0x433778]", "PID": 1320, "TID": 184, "Functionname": "LeaveCriticalSection", "Dllname": "ntdll.dll", "Status": 1 }
{ "Address": "0x4264b2", "Opcode": "ff15e8364300", "Opcodesize": 6, "Mnemonic": "call dword ptr [0x4336e8]", "PID": 1320, "TID": 184, "Functionname": "EnterCriticalSection", "Dllname": "ntdll.dll", "Status": 1 }
{ "Address": "0x42652e", "Opcode": "ff1594364300", "Opcodesize": 6, "Mnemonic": "call dword ptr [0x433694]", "PID": 1320, "TID": 184, "Arguments": [ "Arg1", "IN", "HANDLE", "0x18fdb8", "0xffffffff", "Arg2", "IN", "LPCVOID", "0x18fdbc", "0x41ff7e", "Arg3", "IN", "SIZE_T", "0x18fdc0", "0xb2" ], "Timesptamp": "00000001.751043", "FunctionName": "FlushInstructionCache", "ModuleName": "kernel32.dll", "Return": "TRUE", "Status": 0 }
{ "Address": "0x426547", "Opcode": "ff1578374300", "Opcodesize": 6, "Mnemonic": "call dword ptr [0x433778]", "PID": 1320, "TID": 184, "Functionname": "LeaveCriticalSection", "Dllname": "ntdll.dll", "Status": 1 }
{ "Address": "0x429c40", "Opcode": "ff1564374300", "Opcodesize": 6, "Mnemonic": "call dword ptr [0x433764]", "PID": 1320, "TID": 184, "Functionname": "HeapAlloc", "Dllname": "ntdll.dll", "Status": 1 }
{ "Address": "0x420e82", "Opcode": "ff153c374300", "Opcodesize": 6, "Mnemonic": "call dword ptr [0x43373c]", "PID": 1320, "TID": 184, "Arguments": [ "Arg1", "IN", "LPCTSTR", "0x18fc84", "\"\"" ], "Timesptamp": "00000001.778471", "FunctionName": "GetModuleHandleA", "ModuleName": "kernel32.dll", "Return": "0x400000", "Status": 0 }
{ "Address": "0x420e89", "Opcode": "ff1538374300", "Opcodesize": 6, "Mnemonic": "call dword ptr [0x433738]", "PID": 1320, "TID": 184, "Arguments": [ "Arg1", "IN", "HMODULE", "0x18fc84", "0x400000", "Arg2", "OUT", "LPTSTR", "0x18fc88", "0x1f80888", "Arg3", "IN", "DWORD", "0x18fc8c", "0x104" ], "Timesptamp": "00000001.787551", "FunctionName": "GetModuleFileNameA", "ModuleName": "kernel32.dll", "Return": "0x2a", "Output1": [ "0x1f80888", "C:\\Users\\lhs\\Exec\\molebox_FileTypesMan.exe" ], "Status": 0 }
{ "Address": "0x420eb1", "Opcode": "ff153c374300", "Opcodesize": 6, "Mnemonic": "call dword ptr [0x43373c]", "PID": 1320, "TID": 184, "Arguments": [ "Arg1", "IN", "LPCTSTR", "0x18fc8c", "user32.dll" ], "Timesptamp": "00000001.796856", "FunctionName": "GetModuleHandleA", "ModuleName": "kernel32.dll", "Return": "0x74d30000", "Status": 0 }
{ "Address": "0x420eda", "Opcode": "ff154c374300", "Opcodesize": 6, "Mnemonic": "call dword ptr [0x43374c]", "PID": 1320, "TID": 184, "Arguments": [ "Arg1", "IN", "HMODULE", "0x18fc88", "0x74d30000", "Arg2", "IN", "LPCSTR", "0x18fc8c", "MessageBoxA" ], "Timesptamp": "00000001.805912", "FunctionName": "GetProcAddress", "ModuleName": "kernel32.dll", "Return": "0x74d9fd1e", "Status": 0 }
{ "Address": "0x420f01", "Opcode": "ff1584374300", "Opcodesize": 6, "Mnemonic": "call dword ptr [0x433784]", "PID": 1320, "TID": 184, "Arguments": [ "Arg1", "IN", "UINT", "0x18fc88", "0x40", "Arg2", "IN", "SIZE_T", "0x18fc8c", "0x4000" ], "Timesptamp": "00000001.815049", "FunctionName": "LocalAlloc", "ModuleName": "kernel32.dll", "Return": "0x5923e0", "Status": 0 }
{ "Address": "0x420f13", "Opcode": "ff1500004300", "Opcodesize": 6, "Mnemonic": "call dword ptr [0x430000]", "PID": 1320, "TID": 184, "Functionname": "lstrcat", "Dllname": "kernel32.dll", "Status": 1 }
{ "Address": "0x420f39", "Opcode": "ff153c374300", "Opcodesize": 6, "Mnemonic": "call dword ptr [0x43373c]", "PID": 1320, "TID": 184, "Arguments": [ "Arg1", "IN", "LPCTSTR", "0x18fc84", "\"\"" ], "Timesptamp": "00000001.833712", "FunctionName": "GetModuleHandleA", "ModuleName": "kernel32.dll", "Return": "0x400000", "Status": 0 }
{ "Address": "0x420f40", "Opcode": "ff1538374300", "Opcodesize": 6, "Mnemonic": "call dword ptr [0x433738]", "PID": 1320, "TID": 184, "Arguments": [ "Arg1", "IN", "HMODULE", "0x18fc84", "0x400000", "Arg2", "OUT", "LPTSTR", "0x18fc88", "0x5923f9", "Arg3", "IN", "DWORD", "0x18fc8c", "0x104" ], "Timesptamp": "00000001.842792", "FunctionName": "GetModuleFileNameA", "ModuleName": "kernel32.dll", "Return": "0x2a", "Output1": [ "0x5923f9", "C:\\Users\\lhs\\Exec\\molebox_FileTypesMan.exe" ], "Status": 0 }
{ "Address": "0x420f4f", "Opcode": "ff1500004300", "Opcodesize": 6, "Mnemonic": "call dword ptr [0x430000]", "PID": 1320, "TID": 184, "Functionname": "lstrcat", "Dllname": "kernel32.dll", "Status": 1 }
{ "Address": "0x420f5e", "Opcode": "ff1500004300", "Opcodesize": 6, "Mnemonic": "call dword ptr [0x430000]", "PID": 1320, "TID": 184, "Functionname": "lstrcat", "Dllname": "kernel32.dll", "Status": 1 }
{ "Address": "0x420f6d", "Opcode": "ff1500004300", "Opcodesize": 6, "Mnemonic": "call dword ptr [0x430000]", "PID": 1320, "TID": 184, "Functionname": "lstrcat", "Dllname": "kernel32.dll", "Status": 1 }
