{ "Address": "0x4192ea", "Opcode": "ff1518a04200", "Opcodesize": 6, "Mnemonic": "call dword ptr [0x42a018]", "PID": 860, "TID": 1680, "Arguments": [ "Arg1", "IN", "LPCTSTR", "0x18fedc", "\"\"" ], "Timesptamp": "00000000.129386", "FunctionName": "GetModuleHandleA", "ModuleName": "kernel32.dll", "Return": "0x400000", "Status": 0 }
{ "Address": "0x4192fa", "Opcode": "ff1514a04200", "Opcodesize": 6, "Mnemonic": "call dword ptr [0x42a014]", "PID": 860, "TID": 1680, "Arguments": [ "Arg1", "IN", "UINT", "0x18fed8", "0x40", "Arg2", "IN", "SIZE_T", "0x18fedc", "0xd440" ], "Timesptamp": "00000000.139041", "FunctionName": "LocalAlloc", "ModuleName": "kernel32.dll", "Return": "0x571788", "Status": 0 }
{ "Address": "0x4193e8", "Opcode": "ff1514a04200", "Opcodesize": 6, "Mnemonic": "call dword ptr [0x42a014]", "PID": 860, "TID": 1680, "Arguments": [ "Arg1", "IN", "UINT", "0x18fed8", "0x40", "Arg2", "IN", "SIZE_T", "0x18fedc", "0x1a4b" ], "Timesptamp": "00000000.150967", "FunctionName": "LocalAlloc", "ModuleName": "kernel32.dll", "Return": "0x57ebd0", "Status": 0 }
{ "Address": "0x419485", "Opcode": "ff150ca04200", "Opcodesize": 6, "Mnemonic": "call dword ptr [0x42a00c]", "PID": 860, "TID": 1680, "Arguments": [ "Arg1", "IN", "HLOCAL", "0x18fedc", "0x57ebd0" ], "Timesptamp": "00000000.160855", "FunctionName": "LocalFree", "ModuleName": "kernel32.dll", "Return": "0x0", "Status": 0 }
{ "Address": "0x419490", "Opcode": "ff1518a04200", "Opcodesize": 6, "Mnemonic": "call dword ptr [0x42a018]", "PID": 860, "TID": 1680, "Arguments": [ "Arg1", "IN", "LPCTSTR", "0x18fedc", "kernel32.dll" ], "Timesptamp": "00000000.169762", "FunctionName": "GetModuleHandleA", "ModuleName": "kernel32.dll", "Return": "0x74f10000", "Status": 0 }
{ "Address": "0x4194b9", "Opcode": "ff1508a04200", "Opcodesize": 6, "Mnemonic": "call dword ptr [0x42a008]", "PID": 860, "TID": 1680, "Arguments": [ "Arg1", "IN", "HMODULE", "0x18fed8", "0x74f10000", "Arg2", "IN", "LPCSTR", "0x18fedc", "FlushInstructionCache" ], "Timesptamp": "00000000.179261", "FunctionName": "GetProcAddress", "ModuleName": "kernel32.dll", "Return": "0x74f24393", "Status": 0 }
{ "Address": "0x4194cd", "Opcode": "ff1508a04200", "Opcodesize": 6, "Mnemonic": "call dword ptr [0x42a008]", "PID": 860, "TID": 1680, "Arguments": [ "Arg1", "IN", "HMODULE", "0x18fed8", "0x74f10000", "Arg2", "IN", "LPCSTR", "0x18fedc", "GetCurrentProcess" ], "Timesptamp": "00000000.262662", "FunctionName": "GetProcAddress", "ModuleName": "kernel32.dll", "Return": "0x74f21809", "Status": 0 }
{ "Address": "0x4194f0", "Opcode": "ff55ec", "Opcodesize": 3, "Mnemonic": "call dword ptr [ebp - 0x14]", "PID": 860, "TID": 1680, "Arguments": [ ], "Timesptamp": "00000000.271950", "FunctionName": "GetCurrentProcess", "ModuleName": "kernel32.dll", "Return": "0xffffffff", "Status": 0 }
{ "Address": "0x4195c6", "Opcode": "ff1514a04200", "Opcodesize": 6, "Mnemonic": "call dword ptr [0x42a014]", "PID": 860, "TID": 1680, "Arguments": [ "Arg1", "IN", "UINT", "0x18fed8", "0x40", "Arg2", "IN", "SIZE_T", "0x18fedc", "0x9353" ], "Timesptamp": "00000000.302841", "FunctionName": "LocalAlloc", "ModuleName": "kernel32.dll", "Return": "0x57ebd0", "Status": 0 }
{ "Address": "0x41966e", "Opcode": "ff1594d64200", "Opcodesize": 6, "Mnemonic": "call dword ptr [0x42d694]", "PID": 860, "TID": 1680, "Arguments": [ "Arg1", "IN", "HANDLE", "0x18fed4", "0xffffffff", "Arg2", "IN", "LPCVOID", "0x18fed8", "0x419b82", "Arg3", "IN", "SIZE_T", "0x18fedc", "0xf67e" ], "Timesptamp": "00000000.324624", "FunctionName": "FlushInstructionCache", "ModuleName": "kernel32.dll", "Return": "TRUE", "Status": 0 }
{ "Address": "0x419678", "Opcode": "ff150ca04200", "Opcodesize": 6, "Mnemonic": "call dword ptr [0x42a00c]", "PID": 860, "TID": 1680, "Arguments": [ "Arg1", "IN", "HLOCAL", "0x18fedc", "0x57ebd0" ], "Timesptamp": "00000000.333721", "FunctionName": "LocalFree", "ModuleName": "kernel32.dll", "Return": "0x0", "Status": 0 }
{ "Address": "0x419682", "Opcode": "ff150ca04200", "Opcodesize": 6, "Mnemonic": "call dword ptr [0x42a00c]", "PID": 860, "TID": 1680, "Arguments": [ "Arg1", "IN", "HLOCAL", "0x18fedc", "0x571788" ], "Timesptamp": "00000000.342841", "FunctionName": "LocalFree", "ModuleName": "kernel32.dll", "Return": "0x0", "Status": 0 }
{ "Address": "0x41968d", "Opcode": "ff1504a04200", "Opcodesize": 6, "Mnemonic": "call dword ptr [0x42a004]", "PID": 860, "TID": 1680, "Functionname": "RtlInitializeCriticalSection", "Dllname": "ntdll.dll", "Status": 1 }
{ "Address": "0x41a2db", "Opcode": "ff1518a04200", "Opcodesize": 6, "Mnemonic": "call dword ptr [0x42a018]", "PID": 860, "TID": 1680, "Arguments": [ "Arg1", "IN", "LPCTSTR", "0x18fec0", "kernel32.dll" ], "Timesptamp": "00000000.372989", "FunctionName": "GetModuleHandleA", "ModuleName": "kernel32.dll", "Return": "0x74f10000", "Status": 0 }
{ "Address": "0x41a304", "Opcode": "ff1508a04200", "Opcodesize": 6, "Mnemonic": "call dword ptr [0x42a008]", "PID": 860, "TID": 1680, "Arguments": [ "Arg1", "IN", "HMODULE", "0x18febc", "0x74f10000", "Arg2", "IN", "LPCSTR", "0x18fec0", "CloseHandle" ], "Timesptamp": "00000000.381632", "FunctionName": "GetProcAddress", "ModuleName": "kernel32.dll", "Return": "0x74f21410", "Status": 0 }
{ "Address": "0x41a318", "Opcode": "ff1508a04200", "Opcodesize": 6, "Mnemonic": "call dword ptr [0x42a008]", "PID": 860, "TID": 1680, "Arguments": [ "Arg1", "IN", "HMODULE", "0x18febc", "0x74f10000", "Arg2", "IN", "LPCSTR", "0x18fec0", "CreateFileA" ], "Timesptamp": "00000000.390804", "FunctionName": "GetProcAddress", "ModuleName": "kernel32.dll", "Return": "0x74f253c6", "Status": 0 }
{ "Address": "0x41a32c", "Opcode": "ff1508a04200", "Opcodesize": 6, "Mnemonic": "call dword ptr [0x42a008]", "PID": 860, "TID": 1680, "Arguments": [ "Arg1", "IN", "HMODULE", "0x18febc", "0x74f10000", "Arg2", "IN", "LPCSTR", "0x18fec0", "CreateFileW" ], "Timesptamp": "00000000.398445", "FunctionName": "GetProcAddress", "ModuleName": "kernel32.dll", "Return": "0x74f23f5c", "Status": 0 }
{ "Address": "0x41a340", "Opcode": "ff1508a04200", "Opcodesize": 6, "Mnemonic": "call dword ptr [0x42a008]", "PID": 860, "TID": 1680, "Arguments": [ "Arg1", "IN", "HMODULE", "0x18febc", "0x74f10000", "Arg2", "IN", "LPCSTR", "0x18fec0", "CreateFileMappingA" ], "Timesptamp": "00000000.431202", "FunctionName": "GetProcAddress", "ModuleName": "kernel32.dll", "Return": "0x74f25506", "Status": 0 }
{ "Address": "0x41a354", "Opcode": "ff1508a04200", "Opcodesize": 6, "Mnemonic": "call dword ptr [0x42a008]", "PID": 860, "TID": 1680, "Arguments": [ "Arg1", "IN", "HMODULE", "0x18febc", "0x74f10000", "Arg2", "IN", "LPCSTR", "0x18fec0", "CreateFileMappingW" ], "Timesptamp": "00000000.439857", "FunctionName": "GetProcAddress", "ModuleName": "kernel32.dll", "Return": "0x74f21909", "Status": 0 }
{ "Address": "0x41a368", "Opcode": "ff1508a04200", "Opcodesize": 6, "Mnemonic": "call dword ptr [0x42a008]", "PID": 860, "TID": 1680, "Arguments": [ "Arg1", "IN", "HMODULE", "0x18febc", "0x74f10000", "Arg2", "IN", "LPCSTR", "0x18fec0", "CreateProcessA" ], "Timesptamp": "00000000.449154", "FunctionName": "GetProcAddress", "ModuleName": "kernel32.dll", "Return": "0x74f21072", "Status": 0 }
{ "Address": "0x41a37c", "Opcode": "ff1508a04200", "Opcodesize": 6, "Mnemonic": "call dword ptr [0x42a008]", "PID": 860, "TID": 1680, "Arguments": [ "Arg1", "IN", "HMODULE", "0x18febc", "0x74f10000", "Arg2", "IN", "LPCSTR", "0x18fec0", "DebugBreak" ], "Timesptamp": "00000000.460690", "FunctionName": "GetProcAddress", "ModuleName": "kernel32.dll", "Return": "0x74fa41b5", "Status": 0 }
{ "Address": "0x41a390", "Opcode": "ff1508a04200", "Opcodesize": 6, "Mnemonic": "call dword ptr [0x42a008]", "PID": 860, "TID": 1680, "Arguments": [ "Arg1", "IN", "HMODULE", "0x18febc", "0x74f10000", "Arg2", "IN", "LPCSTR", "0x18fec0", "DeleteFileA" ], "Timesptamp": "00000000.469960", "FunctionName": "GetProcAddress", "ModuleName": "kernel32.dll", "Return": "0x74f25444", "Status": 0 }
{ "Address": "0x41a3a4", "Opcode": "ff1508a04200", "Opcodesize": 6, "Mnemonic": "call dword ptr [0x42a008]", "PID": 860, "TID": 1680, "Arguments": [ "Arg1", "IN", "HMODULE", "0x18febc", "0x74f10000", "Arg2", "IN", "LPCSTR", "0x18fec0", "EnterCriticalSection" ], "Timesptamp": "00000000.479522", "FunctionName": "GetProcAddress", "ModuleName": "kernel32.dll", "Return": "0x770622b0", "Status": 0 }
{ "Address": "0x41a3b8", "Opcode": "ff1508a04200", "Opcodesize": 6, "Mnemonic": "call dword ptr [0x42a008]", "PID": 860, "TID": 1680, "Arguments": [ "Arg1", "IN", "HMODULE", "0x18febc", "0x74f10000", "Arg2", "IN", "LPCSTR", "0x18fec0", "ExitProcess" ], "Timesptamp": "00000000.501385", "FunctionName": "GetProcAddress", "ModuleName": "kernel32.dll", "Return": "0x74f27a10", "Status": 0 }
{ "Address": "0x41a3cc", "Opcode": "ff1508a04200", "Opcodesize": 6, "Mnemonic": "call dword ptr [0x42a008]", "PID": 860, "TID": 1680, "Arguments": [ "Arg1", "IN", "HMODULE", "0x18febc", "0x74f10000", "Arg2", "IN", "LPCSTR", "0x18fec0", "FindClose" ], "Timesptamp": "00000000.511294", "FunctionName": "GetProcAddress", "ModuleName": "kernel32.dll", "Return": "0x74f24442", "Status": 0 }
{ "Address": "0x41a3e0", "Opcode": "ff1508a04200", "Opcodesize": 6, "Mnemonic": "call dword ptr [0x42a008]", "PID": 860, "TID": 1680, "Arguments": [ "Arg1", "IN", "HMODULE", "0x18febc", "0x74f10000", "Arg2", "IN", "LPCSTR", "0x18fec0", "FindFirstFileA" ], "Timesptamp": "00000000.521471", "FunctionName": "GetProcAddress", "ModuleName": "kernel32.dll", "Return": "0x74f2e2ce", "Status": 0 }
{ "Address": "0x41a3f4", "Opcode": "ff1508a04200", "Opcodesize": 6, "Mnemonic": "call dword ptr [0x42a008]", "PID": 860, "TID": 1680, "Arguments": [ "Arg1", "IN", "HMODULE", "0x18febc", "0x74f10000", "Arg2", "IN", "LPCSTR", "0x18fec0", "FindNextFileA" ], "Timesptamp": "00000000.531906", "FunctionName": "GetProcAddress", "ModuleName": "kernel32.dll", "Return": "0x74f4d53e", "Status": 0 }
{ "Address": "0x41a408", "Opcode": "ff1508a04200", "Opcodesize": 6, "Mnemonic": "call dword ptr [0x42a008]", "PID": 860, "TID": 1680, "Arguments": [ "Arg1", "IN", "HMODULE", "0x18febc", "0x74f10000", "Arg2", "IN", "LPCSTR", "0x18fec0", "FlushFileBuffers" ], "Timesptamp": "00000000.542281", "FunctionName": "GetProcAddress", "ModuleName": "kernel32.dll", "Return": "0x74f2469b", "Status": 0 }
{ "Address": "0x41a41c", "Opcode": "ff1508a04200", "Opcodesize": 6, "Mnemonic": "call dword ptr [0x42a008]", "PID": 860, "TID": 1680, "Arguments": [ "Arg1", "IN", "HMODULE", "0x18febc", "0x74f10000", "Arg2", "IN", "LPCSTR", "0x18fec0", "FormatMessageA" ], "Timesptamp": "00000000.553165", "FunctionName": "GetProcAddress", "ModuleName": "kernel32.dll", "Return": "0x74f45fbd", "Status": 0 }
{ "Address": "0x41a430", "Opcode": "ff1508a04200", "Opcodesize": 6, "Mnemonic": "call dword ptr [0x42a008]", "PID": 860, "TID": 1680, "Arguments": [ "Arg1", "IN", "HMODULE", "0x18febc", "0x74f10000", "Arg2", "IN", "LPCSTR", "0x18fec0", "FreeLibrary" ], "Timesptamp": "00000000.578969", "FunctionName": "GetProcAddress", "ModuleName": "kernel32.dll", "Return": "0x74f234c8", "Status": 0 }
{ "Address": "0x41a444", "Opcode": "ff1508a04200", "Opcodesize": 6, "Mnemonic": "call dword ptr [0x42a008]", "PID": 860, "TID": 1680, "Arguments": [ "Arg1", "IN", "HMODULE", "0x18febc", "0x74f10000", "Arg2", "IN", "LPCSTR", "0x18fec0", "GetCurrentProcess" ], "Timesptamp": "00000000.590391", "FunctionName": "GetProcAddress", "ModuleName": "kernel32.dll", "Return": "0x74f21809", "Status": 0 }
{ "Address": "0x41a458", "Opcode": "ff1508a04200", "Opcodesize": 6, "Mnemonic": "call dword ptr [0x42a008]", "PID": 860, "TID": 1680, "Arguments": [ "Arg1", "IN", "HMODULE", "0x18febc", "0x74f10000", "Arg2", "IN", "LPCSTR", "0x18fec0", "GetCurrentProcessId" ], "Timesptamp": "00000000.600728", "FunctionName": "GetProcAddress", "ModuleName": "kernel32.dll", "Return": "0x74f211f8", "Status": 0 }
{ "Address": "0x41a46c", "Opcode": "ff1508a04200", "Opcodesize": 6, "Mnemonic": "call dword ptr [0x42a008]", "PID": 860, "TID": 1680, "Arguments": [ "Arg1", "IN", "HMODULE", "0x18febc", "0x74f10000", "Arg2", "IN", "LPCSTR", "0x18fec0", "GetEnvironmentVariableA" ], "Timesptamp": "00000000.624685", "FunctionName": "GetProcAddress", "ModuleName": "kernel32.dll", "Return": "0x74f233a0", "Status": 0 }
{ "Address": "0x41a480", "Opcode": "ff1508a04200", "Opcodesize": 6, "Mnemonic": "call dword ptr [0x42a008]", "PID": 860, "TID": 1680, "Arguments": [ "Arg1", "IN", "HMODULE", "0x18febc", "0x74f10000", "Arg2", "IN", "LPCSTR", "0x18fec0", "GetExitCodeProcess" ], "Timesptamp": "00000000.633668", "FunctionName": "GetProcAddress", "ModuleName": "kernel32.dll", "Return": "0x74f3174d", "Status": 0 }
{ "Address": "0x41a494", "Opcode": "ff1508a04200", "Opcodesize": 6, "Mnemonic": "call dword ptr [0x42a008]", "PID": 860, "TID": 1680, "Arguments": [ "Arg1", "IN", "HMODULE", "0x18febc", "0x74f10000", "Arg2", "IN", "LPCSTR", "0x18fec0", "GetFileAttributesA" ], "Timesptamp": "00000000.643149", "FunctionName": "GetProcAddress", "ModuleName": "kernel32.dll", "Return": "0x74f25414", "Status": 0 }
{ "Address": "0x41a4a8", "Opcode": "ff1508a04200", "Opcodesize": 6, "Mnemonic": "call dword ptr [0x42a008]", "PID": 860, "TID": 1680, "Arguments": [ "Arg1", "IN", "HMODULE", "0x18febc", "0x74f10000", "Arg2", "IN", "LPCSTR", "0x18fec0", "GetFileAttributesW" ], "Timesptamp": "00000000.654554", "FunctionName": "GetProcAddress", "ModuleName": "kernel32.dll", "Return": "0x74f21b18", "Status": 0 }
{ "Address": "0x41a4bc", "Opcode": "ff1508a04200", "Opcodesize": 6, "Mnemonic": "call dword ptr [0x42a008]", "PID": 860, "TID": 1680, "Arguments": [ "Arg1", "IN", "HMODULE", "0x18febc", "0x74f10000", "Arg2", "IN", "LPCSTR", "0x18fec0", "GetFileInformationByHandle" ], "Timesptamp": "00000000.665753", "FunctionName": "GetProcAddress", "ModuleName": "kernel32.dll", "Return": "0x74f253ae", "Status": 0 }
{ "Address": "0x41a4d0", "Opcode": "ff1508a04200", "Opcodesize": 6, "Mnemonic": "call dword ptr [0x42a008]", "PID": 860, "TID": 1680, "Arguments": [ "Arg1", "IN", "HMODULE", "0x18febc", "0x74f10000", "Arg2", "IN", "LPCSTR", "0x18fec0", "GetFileSize" ], "Timesptamp": "00000000.674994", "FunctionName": "GetProcAddress", "ModuleName": "kernel32.dll", "Return": "0x74f2196e", "Status": 0 }
{ "Address": "0x41a4e4", "Opcode": "ff1508a04200", "Opcodesize": 6, "Mnemonic": "call dword ptr [0x42a008]", "PID": 860, "TID": 1680, "Arguments": [ "Arg1", "IN", "HMODULE", "0x18febc", "0x74f10000", "Arg2", "IN", "LPCSTR", "0x18fec0", "GetFileTime" ], "Timesptamp": "00000000.686441", "FunctionName": "GetProcAddress", "ModuleName": "kernel32.dll", "Return": "0x74f24407", "Status": 0 }
{ "Address": "0x41a4f8", "Opcode": "ff1508a04200", "Opcodesize": 6, "Mnemonic": "call dword ptr [0x42a008]", "PID": 860, "TID": 1680, "Arguments": [ "Arg1", "IN", "HMODULE", "0x18febc", "0x74f10000", "Arg2", "IN", "LPCSTR", "0x18fec0", "GetFullPathNameA" ], "Timesptamp": "00000000.695785", "FunctionName": "GetProcAddress", "ModuleName": "kernel32.dll", "Return": "0x74f2e2c1", "Status": 0 }
{ "Address": "0x41a50c", "Opcode": "ff1508a04200", "Opcodesize": 6, "Mnemonic": "call dword ptr [0x42a008]", "PID": 860, "TID": 1680, "Arguments": [ "Arg1", "IN", "HMODULE", "0x18febc", "0x74f10000", "Arg2", "IN", "LPCSTR", "0x18fec0", "GetFullPathNameW" ], "Timesptamp": "00000000.719234", "FunctionName": "GetProcAddress", "ModuleName": "kernel32.dll", "Return": "0x74f240d4", "Status": 0 }
{ "Address": "0x41a520", "Opcode": "ff1508a04200", "Opcodesize": 6, "Mnemonic": "call dword ptr [0x42a008]", "PID": 860, "TID": 1680, "Arguments": [ "Arg1", "IN", "HMODULE", "0x18febc", "0x74f10000", "Arg2", "IN", "LPCSTR", "0x18fec0", "GetLastError" ], "Timesptamp": "00000000.728979", "FunctionName": "GetProcAddress", "ModuleName": "kernel32.dll", "Return": "0x74f211c0", "Status": 0 }
{ "Address": "0x41a534", "Opcode": "ff1508a04200", "Opcodesize": 6, "Mnemonic": "call dword ptr [0x42a008]", "PID": 860, "TID": 1680, "Arguments": [ "Arg1", "IN", "HMODULE", "0x18febc", "0x74f10000", "Arg2", "IN", "LPCSTR", "0x18fec0", "GetModuleFileNameA" ], "Timesptamp": "00000000.740879", "FunctionName": "GetProcAddress", "ModuleName": "kernel32.dll", "Return": "0x74f214b1", "Status": 0 }
{ "Address": "0x41a548", "Opcode": "ff1508a04200", "Opcodesize": 6, "Mnemonic": "call dword ptr [0x42a008]", "PID": 860, "TID": 1680, "Arguments": [ "Arg1", "IN", "HMODULE", "0x18febc", "0x74f10000", "Arg2", "IN", "LPCSTR", "0x18fec0", "GetModuleHandleA" ], "Timesptamp": "00000000.774946", "FunctionName": "GetProcAddress", "ModuleName": "kernel32.dll", "Return": "0x74f21245", "Status": 0 }
{ "Address": "0x41a55c", "Opcode": "ff1508a04200", "Opcodesize": 6, "Mnemonic": "call dword ptr [0x42a008]", "PID": 860, "TID": 1680, "Arguments": [ "Arg1", "IN", "HMODULE", "0x18febc", "0x74f10000", "Arg2", "IN", "LPCSTR", "0x18fec0", "GetPrivateProfileIntA" ], "Timesptamp": "00000000.786651", "FunctionName": "GetProcAddress", "ModuleName": "kernel32.dll", "Return": "0x74f4cdd7", "Status": 0 }
{ "Address": "0x41a570", "Opcode": "ff1508a04200", "Opcodesize": 6, "Mnemonic": "call dword ptr [0x42a008]", "PID": 860, "TID": 1680, "Arguments": [ "Arg1", "IN", "HMODULE", "0x18febc", "0x74f10000", "Arg2", "IN", "LPCSTR", "0x18fec0", "GetPrivateProfileSectionNamesA" ], "Timesptamp": "00000000.798204", "FunctionName": "GetProcAddress", "ModuleName": "kernel32.dll", "Return": "0x74f9a1c9", "Status": 0 }
{ "Address": "0x41a584", "Opcode": "ff1508a04200", "Opcodesize": 6, "Mnemonic": "call dword ptr [0x42a008]", "PID": 860, "TID": 1680, "Arguments": [ "Arg1", "IN", "HMODULE", "0x18febc", "0x74f10000", "Arg2", "IN", "LPCSTR", "0x18fec0", "GetPrivateProfileStringA" ], "Timesptamp": "00000000.809601", "FunctionName": "GetProcAddress", "ModuleName": "kernel32.dll", "Return": "0x74f3184c", "Status": 0 }
{ "Address": "0x41a598", "Opcode": "ff1508a04200", "Opcodesize": 6, "Mnemonic": "call dword ptr [0x42a008]", "PID": 860, "TID": 1680, "Arguments": [ "Arg1", "IN", "HMODULE", "0x18febc", "0x74f10000", "Arg2", "IN", "LPCSTR", "0x18fec0", "GetProcAddress" ], "Timesptamp": "00000000.821672", "FunctionName": "GetProcAddress", "ModuleName": "kernel32.dll", "Return": "0x74f21222", "Status": 0 }
{ "Address": "0x41a5ac", "Opcode": "ff1508a04200", "Opcodesize": 6, "Mnemonic": "call dword ptr [0x42a008]", "PID": 860, "TID": 1680, "Arguments": [ "Arg1", "IN", "HMODULE", "0x18febc", "0x74f10000", "Arg2", "IN", "LPCSTR", "0x18fec0", "GetSystemTimeAsFileTime" ], "Timesptamp": "00000000.833344", "FunctionName": "GetProcAddress", "ModuleName": "kernel32.dll", "Return": "0x74f23509", "Status": 0 }
{ "Address": "0x41a5c0", "Opcode": "ff1508a04200", "Opcodesize": 6, "Mnemonic": "call dword ptr [0x42a008]", "PID": 860, "TID": 1680, "Arguments": [ "Arg1", "IN", "HMODULE", "0x18febc", "0x74f10000", "Arg2", "IN", "LPCSTR", "0x18fec0", "GetTempFileNameA" ], "Timesptamp": "00000000.844821", "FunctionName": "GetProcAddress", "ModuleName": "kernel32.dll", "Return": "0x74f49d3f", "Status": 0 }
{ "Address": "0x41a5d4", "Opcode": "ff1508a04200", "Opcodesize": 6, "Mnemonic": "call dword ptr [0x42a008]", "PID": 860, "TID": 1680, "Arguments": [ "Arg1", "IN", "HMODULE", "0x18febc", "0x74f10000", "Arg2", "IN", "LPCSTR", "0x18fec0", "GetTempPathA" ], "Timesptamp": "00000000.856192", "FunctionName": "GetProcAddress", "ModuleName": "kernel32.dll", "Return": "0x74f4276c", "Status": 0 }
{ "Address": "0x41a5e8", "Opcode": "ff1508a04200", "Opcodesize": 6, "Mnemonic": "call dword ptr [0x42a008]", "PID": 860, "TID": 1680, "Arguments": [ "Arg1", "IN", "HMODULE", "0x18febc", "0x74f10000", "Arg2", "IN", "LPCSTR", "0x18fec0", "GetVersionExA" ], "Timesptamp": "00000000.867606", "FunctionName": "GetProcAddress", "ModuleName": "kernel32.dll", "Return": "0x74f23519", "Status": 0 }
{ "Address": "0x41a5fc", "Opcode": "ff1508a04200", "Opcodesize": 6, "Mnemonic": "call dword ptr [0x42a008]", "PID": 860, "TID": 1680, "Arguments": [ "Arg1", "IN", "HMODULE", "0x18febc", "0x74f10000", "Arg2", "IN", "LPCSTR", "0x18fec0", "GetTickCount" ], "Timesptamp": "00000000.879203", "FunctionName": "GetProcAddress", "ModuleName": "kernel32.dll", "Return": "0x74f2110c", "Status": 0 }
{ "Address": "0x41a610", "Opcode": "ff1508a04200", "Opcodesize": 6, "Mnemonic": "call dword ptr [0x42a008]", "PID": 860, "TID": 1680, "Arguments": [ "Arg1", "IN", "HMODULE", "0x18febc", "0x74f10000", "Arg2", "IN", "LPCSTR", "0x18fec0", "HeapAlloc" ], "Timesptamp": "00000000.890839", "FunctionName": "GetProcAddress", "ModuleName": "kernel32.dll", "Return": "0x7706e026", "Status": 0 }
{ "Address": "0x41a624", "Opcode": "ff1508a04200", "Opcodesize": 6, "Mnemonic": "call dword ptr [0x42a008]", "PID": 860, "TID": 1680, "Arguments": [ "Arg1", "IN", "HMODULE", "0x18febc", "0x74f10000", "Arg2", "IN", "LPCSTR", "0x18fec0", "HeapFree" ], "Timesptamp": "00000000.902419", "FunctionName": "GetProcAddress", "ModuleName": "kernel32.dll", "Return": "0x74f214c9", "Status": 0 }
{ "Address": "0x41a638", "Opcode": "ff1508a04200", "Opcodesize": 6, "Mnemonic": "call dword ptr [0x42a008]", "PID": 860, "TID": 1680, "Arguments": [ "Arg1", "IN", "HMODULE", "0x18febc", "0x74f10000", "Arg2", "IN", "LPCSTR", "0x18fec0", "HeapCreate" ], "Timesptamp": "00000000.914061", "FunctionName": "GetProcAddress", "ModuleName": "kernel32.dll", "Return": "0x74f24a2d", "Status": 0 }
{ "Address": "0x41a64c", "Opcode": "ff1508a04200", "Opcodesize": 6, "Mnemonic": "call dword ptr [0x42a008]", "PID": 860, "TID": 1680, "Arguments": [ "Arg1", "IN", "HMODULE", "0x18febc", "0x74f10000", "Arg2", "IN", "LPCSTR", "0x18fec0", "InitializeCriticalSection" ], "Timesptamp": "00000000.923572", "FunctionName": "GetProcAddress", "ModuleName": "kernel32.dll", "Return": "0x77072c42", "Status": 0 }
{ "Address": "0x41a660", "Opcode": "ff1508a04200", "Opcodesize": 6, "Mnemonic": "call dword ptr [0x42a008]", "PID": 860, "TID": 1680, "Arguments": [ "Arg1", "IN", "HMODULE", "0x18febc", "0x74f10000", "Arg2", "IN", "LPCSTR", "0x18fec0", "DeleteCriticalSection" ], "Timesptamp": "00000000.934952", "FunctionName": "GetProcAddress", "ModuleName": "kernel32.dll", "Return": "0x770745f5", "Status": 0 }
{ "Address": "0x41a674", "Opcode": "ff1508a04200", "Opcodesize": 6, "Mnemonic": "call dword ptr [0x42a008]", "PID": 860, "TID": 1680, "Arguments": [ "Arg1", "IN", "HMODULE", "0x18febc", "0x74f10000", "Arg2", "IN", "LPCSTR", "0x18fec0", "LeaveCriticalSection" ], "Timesptamp": "00000000.946593", "FunctionName": "GetProcAddress", "ModuleName": "kernel32.dll", "Return": "0x77062270", "Status": 0 }
{ "Address": "0x41a688", "Opcode": "ff1508a04200", "Opcodesize": 6, "Mnemonic": "call dword ptr [0x42a008]", "PID": 860, "TID": 1680, "Arguments": [ "Arg1", "IN", "HMODULE", "0x18febc", "0x74f10000", "Arg2", "IN", "LPCSTR", "0x18fec0", "LoadLibraryA" ], "Timesptamp": "00000000.958353", "FunctionName": "GetProcAddress", "ModuleName": "kernel32.dll", "Return": "0x74f249d7", "Status": 0 }
{ "Address": "0x41a69c", "Opcode": "ff1508a04200", "Opcodesize": 6, "Mnemonic": "call dword ptr [0x42a008]", "PID": 860, "TID": 1680, "Arguments": [ "Arg1", "IN", "HMODULE", "0x18febc", "0x74f10000", "Arg2", "IN", "LPCSTR", "0x18fec0", "LoadLibraryExA" ], "Timesptamp": "00000000.970324", "FunctionName": "GetProcAddress", "ModuleName": "kernel32.dll", "Return": "0x74f24913", "Status": 0 }
{ "Address": "0x41a6b0", "Opcode": "ff1508a04200", "Opcodesize": 6, "Mnemonic": "call dword ptr [0x42a008]", "PID": 860, "TID": 1680, "Arguments": [ "Arg1", "IN", "HMODULE", "0x18febc", "0x74f10000", "Arg2", "IN", "LPCSTR", "0x18fec0", "LocalAlloc" ], "Timesptamp": "00000000.981889", "FunctionName": "GetProcAddress", "ModuleName": "kernel32.dll", "Return": "0x74f2168c", "Status": 0 }
{ "Address": "0x41a6c4", "Opcode": "ff1508a04200", "Opcodesize": 6, "Mnemonic": "call dword ptr [0x42a008]", "PID": 860, "TID": 1680, "Arguments": [ "Arg1", "IN", "HMODULE", "0x18febc", "0x74f10000", "Arg2", "IN", "LPCSTR", "0x18fec0", "LocalFree" ], "Timesptamp": "00000000.994040", "FunctionName": "GetProcAddress", "ModuleName": "kernel32.dll", "Return": "0x74f22d3c", "Status": 0 }
{ "Address": "0x41a6d8", "Opcode": "ff1508a04200", "Opcodesize": 6, "Mnemonic": "call dword ptr [0x42a008]", "PID": 860, "TID": 1680, "Arguments": [ "Arg1", "IN", "HMODULE", "0x18febc", "0x74f10000", "Arg2", "IN", "LPCSTR", "0x18fec0", "LockFile" ], "Timesptamp": "00000001.005785", "FunctionName": "GetProcAddress", "ModuleName": "kernel32.dll", "Return": "0x74f4cf1e", "Status": 0 }
{ "Address": "0x41a6ec", "Opcode": "ff1508a04200", "Opcodesize": 6, "Mnemonic": "call dword ptr [0x42a008]", "PID": 860, "TID": 1680, "Arguments": [ "Arg1", "IN", "HMODULE", "0x18febc", "0x74f10000", "Arg2", "IN", "LPCSTR", "0x18fec0", "MapViewOfFile" ], "Timesptamp": "00000001.017440", "FunctionName": "GetProcAddress", "ModuleName": "kernel32.dll", "Return": "0x74f218f1", "Status": 0 }
{ "Address": "0x41a700", "Opcode": "ff1508a04200", "Opcodesize": 6, "Mnemonic": "call dword ptr [0x42a008]", "PID": 860, "TID": 1680, "Arguments": [ "Arg1", "IN", "HMODULE", "0x18febc", "0x74f10000", "Arg2", "IN", "LPCSTR", "0x18fec0", "MultiByteToWideChar" ], "Timesptamp": "00000001.028847", "FunctionName": "GetProcAddress", "ModuleName": "kernel32.dll", "Return": "0x74f2192e", "Status": 0 }
{ "Address": "0x41a714", "Opcode": "ff1508a04200", "Opcodesize": 6, "Mnemonic": "call dword ptr [0x42a008]", "PID": 860, "TID": 1680, "Arguments": [ "Arg1", "IN", "HMODULE", "0x18febc", "0x74f10000", "Arg2", "IN", "LPCSTR", "0x18fec0", "OpenProcess" ], "Timesptamp": "00000001.040718", "FunctionName": "GetProcAddress", "ModuleName": "kernel32.dll", "Return": "0x74f21986", "Status": 0 }
{ "Address": "0x41a728", "Opcode": "ff1508a04200", "Opcodesize": 6, "Mnemonic": "call dword ptr [0x42a008]", "PID": 860, "TID": 1680, "Arguments": [ "Arg1", "IN", "HMODULE", "0x18febc", "0x74f10000", "Arg2", "IN", "LPCSTR", "0x18fec0", "RaiseException" ], "Timesptamp": "00000001.052455", "FunctionName": "GetProcAddress", "ModuleName": "kernel32.dll", "Return": "0x74f258a6", "Status": 0 }
{ "Address": "0x41a73c", "Opcode": "ff1508a04200", "Opcodesize": 6, "Mnemonic": "call dword ptr [0x42a008]", "PID": 860, "TID": 1680, "Arguments": [ "Arg1", "IN", "HMODULE", "0x18febc", "0x74f10000", "Arg2", "IN", "LPCSTR", "0x18fec0", "ReadFile" ], "Timesptamp": "00000001.064171", "FunctionName": "GetProcAddress", "ModuleName": "kernel32.dll", "Return": "0x74f23ed3", "Status": 0 }
{ "Address": "0x41a750", "Opcode": "ff1508a04200", "Opcodesize": 6, "Mnemonic": "call dword ptr [0x42a008]", "PID": 860, "TID": 1680, "Arguments": [ "Arg1", "IN", "HMODULE", "0x18febc", "0x74f10000", "Arg2", "IN", "LPCSTR", "0x18fec0", "SetEnvironmentVariableA" ], "Timesptamp": "00000001.075603", "FunctionName": "GetProcAddress", "ModuleName": "kernel32.dll", "Return": "0x74f2e331", "Status": 0 }
{ "Address": "0x41a764", "Opcode": "ff1508a04200", "Opcodesize": 6, "Mnemonic": "call dword ptr [0x42a008]", "PID": 860, "TID": 1680, "Arguments": [ "Arg1", "IN", "HMODULE", "0x18febc", "0x74f10000", "Arg2", "IN", "LPCSTR", "0x18fec0", "SetEvent" ], "Timesptamp": "00000001.087315", "FunctionName": "GetProcAddress", "ModuleName": "kernel32.dll", "Return": "0x74f216c5", "Status": 0 }
{ "Address": "0x41a778", "Opcode": "ff1508a04200", "Opcodesize": 6, "Mnemonic": "call dword ptr [0x42a008]", "PID": 860, "TID": 1680, "Arguments": [ "Arg1", "IN", "HMODULE", "0x18febc", "0x74f10000", "Arg2", "IN", "LPCSTR", "0x18fec0", "SetFilePointer" ], "Timesptamp": "00000001.098781", "FunctionName": "GetProcAddress", "ModuleName": "kernel32.dll", "Return": "0x74f217d1", "Status": 0 }
{ "Address": "0x41a78c", "Opcode": "ff1508a04200", "Opcodesize": 6, "Mnemonic": "call dword ptr [0x42a008]", "PID": 860, "TID": 1680, "Arguments": [ "Arg1", "IN", "HMODULE", "0x18febc", "0x74f10000", "Arg2", "IN", "LPCSTR", "0x18fec0", "SetLastError" ], "Timesptamp": "00000001.110262", "FunctionName": "GetProcAddress", "ModuleName": "kernel32.dll", "Return": "0x74f211a9", "Status": 0 }
{ "Address": "0x41a7a0", "Opcode": "ff1508a04200", "Opcodesize": 6, "Mnemonic": "call dword ptr [0x42a008]", "PID": 860, "TID": 1680, "Arguments": [ "Arg1", "IN", "HMODULE", "0x18febc", "0x74f10000", "Arg2", "IN", "LPCSTR", "0x18fec0", "SetUnhandledExceptionFilter" ], "Timesptamp": "00000001.121674", "FunctionName": "GetProcAddress", "ModuleName": "kernel32.dll", "Return": "0x74f287c9", "Status": 0 }
{ "Address": "0x41a7b4", "Opcode": "ff1508a04200", "Opcodesize": 6, "Mnemonic": "call dword ptr [0x42a008]", "PID": 860, "TID": 1680, "Arguments": [ "Arg1", "IN", "HMODULE", "0x18febc", "0x74f10000", "Arg2", "IN", "LPCSTR", "0x18fec0", "Sleep" ], "Timesptamp": "00000001.133418", "FunctionName": "GetProcAddress", "ModuleName": "kernel32.dll", "Return": "0x74f210ff", "Status": 0 }
{ "Address": "0x41a7c8", "Opcode": "ff1508a04200", "Opcodesize": 6, "Mnemonic": "call dword ptr [0x42a008]", "PID": 860, "TID": 1680, "Arguments": [ "Arg1", "IN", "HMODULE", "0x18febc", "0x74f10000", "Arg2", "IN", "LPCSTR", "0x18fec0", "TerminateProcess" ], "Timesptamp": "00000001.145070", "FunctionName": "GetProcAddress", "ModuleName": "kernel32.dll", "Return": "0x74f3d802", "Status": 0 }
{ "Address": "0x41a7dc", "Opcode": "ff1508a04200", "Opcodesize": 6, "Mnemonic": "call dword ptr [0x42a008]", "PID": 860, "TID": 1680, "Arguments": [ "Arg1", "IN", "HMODULE", "0x18febc", "0x74f10000", "Arg2", "IN", "LPCSTR", "0x18fec0", "UnlockFile" ], "Timesptamp": "00000001.156739", "FunctionName": "GetProcAddress", "ModuleName": "kernel32.dll", "Return": "0x74f4cf36", "Status": 0 }
{ "Address": "0x41a7f0", "Opcode": "ff1508a04200", "Opcodesize": 6, "Mnemonic": "call dword ptr [0x42a008]", "PID": 860, "TID": 1680, "Arguments": [ "Arg1", "IN", "HMODULE", "0x18febc", "0x74f10000", "Arg2", "IN", "LPCSTR", "0x18fec0", "UnmapViewOfFile" ], "Timesptamp": "00000001.168188", "FunctionName": "GetProcAddress", "ModuleName": "kernel32.dll", "Return": "0x74f21826", "Status": 0 }
{ "Address": "0x41a804", "Opcode": "ff1508a04200", "Opcodesize": 6, "Mnemonic": "call dword ptr [0x42a008]", "PID": 860, "TID": 1680, "Arguments": [ "Arg1", "IN", "HMODULE", "0x18febc", "0x74f10000", "Arg2", "IN", "LPCSTR", "0x18fec0", "VirtualAlloc" ], "Timesptamp": "00000001.179772", "FunctionName": "GetProcAddress", "ModuleName": "kernel32.dll", "Return": "0x74f21856", "Status": 0 }
{ "Address": "0x41a818", "Opcode": "ff1508a04200", "Opcodesize": 6, "Mnemonic": "call dword ptr [0x42a008]", "PID": 860, "TID": 1680, "Arguments": [ "Arg1", "IN", "HMODULE", "0x18febc", "0x74f10000", "Arg2", "IN", "LPCSTR", "0x18fec0", "VirtualFree" ], "Timesptamp": "00000001.191660", "FunctionName": "GetProcAddress", "ModuleName": "kernel32.dll", "Return": "0x74f2186e", "Status": 0 }
{ "Address": "0x41a82c", "Opcode": "ff1508a04200", "Opcodesize": 6, "Mnemonic": "call dword ptr [0x42a008]", "PID": 860, "TID": 1680, "Arguments": [ "Arg1", "IN", "HMODULE", "0x18febc", "0x74f10000", "Arg2", "IN", "LPCSTR", "0x18fec0", "VirtualProtect" ], "Timesptamp": "00000001.203360", "FunctionName": "GetProcAddress", "ModuleName": "kernel32.dll", "Return": "0x74f2435f", "Status": 0 }
{ "Address": "0x41a840", "Opcode": "ff1508a04200", "Opcodesize": 6, "Mnemonic": "call dword ptr [0x42a008]", "PID": 860, "TID": 1680, "Arguments": [ "Arg1", "IN", "HMODULE", "0x18febc", "0x74f10000", "Arg2", "IN", "LPCSTR", "0x18fec0", "VirtualQuery" ], "Timesptamp": "00000001.214792", "FunctionName": "GetProcAddress", "ModuleName": "kernel32.dll", "Return": "0x74f2445a", "Status": 0 }
{ "Address": "0x41a854", "Opcode": "ff1508a04200", "Opcodesize": 6, "Mnemonic": "call dword ptr [0x42a008]", "PID": 860, "TID": 1680, "Arguments": [ "Arg1", "IN", "HMODULE", "0x18febc", "0x74f10000", "Arg2", "IN", "LPCSTR", "0x18fec0", "WaitForSingleObject" ], "Timesptamp": "00000001.223823", "FunctionName": "GetProcAddress", "ModuleName": "kernel32.dll", "Return": "0x74f21136", "Status": 0 }
{ "Address": "0x41a868", "Opcode": "ff1508a04200", "Opcodesize": 6, "Mnemonic": "call dword ptr [0x42a008]", "PID": 860, "TID": 1680, "Arguments": [ "Arg1", "IN", "HMODULE", "0x18febc", "0x74f10000", "Arg2", "IN", "LPCSTR", "0x18fec0", "WideCharToMultiByte" ], "Timesptamp": "00000001.235318", "FunctionName": "GetProcAddress", "ModuleName": "kernel32.dll", "Return": "0x74f2170d", "Status": 0 }
{ "Address": "0x41a87c", "Opcode": "ff1508a04200", "Opcodesize": 6, "Mnemonic": "call dword ptr [0x42a008]", "PID": 860, "TID": 1680, "Arguments": [ "Arg1", "IN", "HMODULE", "0x18febc", "0x74f10000", "Arg2", "IN", "LPCSTR", "0x18fec0", "WriteFile" ], "Timesptamp": "00000001.246733", "FunctionName": "GetProcAddress", "ModuleName": "kernel32.dll", "Return": "0x74f21282", "Status": 0 }
{ "Address": "0x41a890", "Opcode": "ff1508a04200", "Opcodesize": 6, "Mnemonic": "call dword ptr [0x42a008]", "PID": 860, "TID": 1680, "Arguments": [ "Arg1", "IN", "HMODULE", "0x18febc", "0x74f10000", "Arg2", "IN", "LPCSTR", "0x18fec0", "lstrcmpiA" ], "Timesptamp": "00000001.258414", "FunctionName": "GetProcAddress", "ModuleName": "kernel32.dll", "Return": "0x74f23e8e", "Status": 0 }
{ "Address": "0x41a8a0", "Opcode": "ff1580d74200", "Opcodesize": 6, "Mnemonic": "call dword ptr [0x42d780]", "PID": 860, "TID": 1680, "Arguments": [ "Arg1", "IN", "LPCTSTR", "0x18fec0", "user32.dll" ], "Timesptamp": "00000001.270104", "FunctionName": "LoadLibraryA", "ModuleName": "kernel32.dll", "Return": "0x74d30000", "Status": 0 }
{ "Address": "0x41a8c9", "Opcode": "ff1508a04200", "Opcodesize": 6, "Mnemonic": "call dword ptr [0x42a008]", "PID": 860, "TID": 1680, "Arguments": [ "Arg1", "IN", "HMODULE", "0x18febc", "0x74d30000", "Arg2", "IN", "LPCSTR", "0x18fec0", "ChangeDisplaySettingsA" ], "Timesptamp": "00000001.287007", "FunctionName": "GetProcAddress", "ModuleName": "kernel32.dll", "Return": "0x74da706c", "Status": 0 }
{ "Address": "0x41a8dd", "Opcode": "ff1508a04200", "Opcodesize": 6, "Mnemonic": "call dword ptr [0x42a008]", "PID": 860, "TID": 1680, "Arguments": [ "Arg1", "IN", "HMODULE", "0x18febc", "0x74d30000", "Arg2", "IN", "LPCSTR", "0x18fec0", "CharUpperBuffA" ], "Timesptamp": "00000001.304343", "FunctionName": "GetProcAddress", "ModuleName": "kernel32.dll", "Return": "0x74d4fe47", "Status": 0 }
{ "Address": "0x41a8f1", "Opcode": "ff1508a04200", "Opcodesize": 6, "Mnemonic": "call dword ptr [0x42a008]", "PID": 860, "TID": 1680, "Arguments": [ "Arg1", "IN", "HMODULE", "0x18febc", "0x74d30000", "Arg2", "IN", "LPCSTR", "0x18fec0", "LoadImageA" ], "Timesptamp": "00000001.317499", "FunctionName": "GetProcAddress", "ModuleName": "kernel32.dll", "Return": "0x74d58455", "Status": 0 }
{ "Address": "0x41a905", "Opcode": "ff1508a04200", "Opcodesize": 6, "Mnemonic": "call dword ptr [0x42a008]", "PID": 860, "TID": 1680, "Arguments": [ "Arg1", "IN", "HMODULE", "0x18febc", "0x74d30000", "Arg2", "IN", "LPCSTR", "0x18fec0", "MessageBoxA" ], "Timesptamp": "00000001.329145", "FunctionName": "GetProcAddress", "ModuleName": "kernel32.dll", "Return": "0x74d9fd1e", "Status": 0 }
{ "Address": "0x41a919", "Opcode": "ff1508a04200", "Opcodesize": 6, "Mnemonic": "call dword ptr [0x42a008]", "PID": 860, "TID": 1680, "Arguments": [ "Arg1", "IN", "HMODULE", "0x18febc", "0x74d30000", "Arg2", "IN", "LPCSTR", "0x18fec0", "wsprintfA" ], "Timesptamp": "00000001.340548", "FunctionName": "GetProcAddress", "ModuleName": "kernel32.dll", "Return": "0x74d5ae5f", "Status": 0 }
{ "Address": "0x41a92d", "Opcode": "ff1508a04200", "Opcodesize": 6, "Mnemonic": "call dword ptr [0x42a008]", "PID": 860, "TID": 1680, "Arguments": [ "Arg1", "IN", "HMODULE", "0x18febc", "0x74d30000", "Arg2", "IN", "LPCSTR", "0x18fec0", "wvsprintfA" ], "Timesptamp": "00000001.362199", "FunctionName": "GetProcAddress", "ModuleName": "kernel32.dll", "Return": "0x74d5aad3", "Status": 0 }
{ "Address": "0x41a93d", "Opcode": "ff1580d74200", "Opcodesize": 6, "Mnemonic": "call dword ptr [0x42d780]", "PID": 860, "TID": 1680, "Arguments": [ "Arg1", "IN", "LPCTSTR", "0x18fec0", "gdi32.dll" ], "Timesptamp": "00000001.373610", "FunctionName": "LoadLibraryA", "ModuleName": "kernel32.dll", "Return": "0x76b80000", "Status": 0 }
{ "Address": "0x41a966", "Opcode": "ff1508a04200", "Opcodesize": 6, "Mnemonic": "call dword ptr [0x42a008]", "PID": 860, "TID": 1680, "Arguments": [ "Arg1", "IN", "HMODULE", "0x18febc", "0x76b80000", "Arg2", "IN", "LPCSTR", "0x18fec0", "AddFontResourceA" ], "Timesptamp": "00000001.384049", "FunctionName": "GetProcAddress", "ModuleName": "kernel32.dll", "Return": "0x76bbd7bb", "Status": 0 }
{ "Address": "0x41a97a", "Opcode": "ff1508a04200", "Opcodesize": 6, "Mnemonic": "call dword ptr [0x42a008]", "PID": 860, "TID": 1680, "Arguments": [ "Arg1", "IN", "HMODULE", "0x18febc", "0x76b80000", "Arg2", "IN", "LPCSTR", "0x18fec0", "CreateCompatibleDC" ], "Timesptamp": "00000001.398374", "FunctionName": "GetProcAddress", "ModuleName": "kernel32.dll", "Return": "0x76b954f4", "Status": 0 }
{ "Address": "0x41a98e", "Opcode": "ff1508a04200", "Opcodesize": 6, "Mnemonic": "call dword ptr [0x42a008]", "PID": 860, "TID": 1680, "Arguments": [ "Arg1", "IN", "HMODULE", "0x18febc", "0x76b80000", "Arg2", "IN", "LPCSTR", "0x18fec0", "CreateDIBSection" ], "Timesptamp": "00000001.410376", "FunctionName": "GetProcAddress", "ModuleName": "kernel32.dll", "Return": "0x76b9ac46", "Status": 0 }
{ "Address": "0x41a9a2", "Opcode": "ff1508a04200", "Opcodesize": 6, "Mnemonic": "call dword ptr [0x42a008]", "PID": 860, "TID": 1680, "Arguments": [ "Arg1", "IN", "HMODULE", "0x18febc", "0x76b80000", "Arg2", "IN", "LPCSTR", "0x18fec0", "DeleteDC" ], "Timesptamp": "00000001.422069", "FunctionName": "GetProcAddress", "ModuleName": "kernel32.dll", "Return": "0x76b958b3", "Status": 0 }
{ "Address": "0x41a9b6", "Opcode": "ff1508a04200", "Opcodesize": 6, "Mnemonic": "call dword ptr [0x42a008]", "PID": 860, "TID": 1680, "Arguments": [ "Arg1", "IN", "HMODULE", "0x18febc", "0x76b80000", "Arg2", "IN", "LPCSTR", "0x18fec0", "RemoveFontResourceA" ], "Timesptamp": "00000001.433524", "FunctionName": "GetProcAddress", "ModuleName": "kernel32.dll", "Return": "0x76bbda7f", "Status": 0 }
{ "Address": "0x41a9ca", "Opcode": "ff1508a04200", "Opcodesize": 6, "Mnemonic": "call dword ptr [0x42a008]", "PID": 860, "TID": 1680, "Arguments": [ "Arg1", "IN", "HMODULE", "0x18febc", "0x74d30000", "Arg2", "IN", "LPCSTR", "0x18fec0", "BeginPaint" ], "Timesptamp": "00000001.446990", "FunctionName": "GetProcAddress", "ModuleName": "kernel32.dll", "Return": "0x74d51361", "Status": 0 }
{ "Address": "0x41a9de", "Opcode": "ff1508a04200", "Opcodesize": 6, "Mnemonic": "call dword ptr [0x42a008]", "PID": 860, "TID": 1680, "Arguments": [ "Arg1", "IN", "HMODULE", "0x18febc", "0x74d30000", "Arg2", "IN", "LPCSTR", "0x18fec0", "EndPaint" ], "Timesptamp": "00000001.458779", "FunctionName": "GetProcAddress", "ModuleName": "kernel32.dll", "Return": "0x74d51341", "Status": 0 }
{ "Address": "0x41a9f2", "Opcode": "ff1508a04200", "Opcodesize": 6, "Mnemonic": "call dword ptr [0x42a008]", "PID": 860, "TID": 1680, "Arguments": [ "Arg1", "IN", "HMODULE", "0x18febc", "0x76b80000", "Arg2", "IN", "LPCSTR", "0x18fec0", "GetObjectA" ], "Timesptamp": "00000001.470661", "FunctionName": "GetProcAddress", "ModuleName": "kernel32.dll", "Return": "0x76b985d4", "Status": 0 }
{ "Address": "0x41aa06", "Opcode": "ff1508a04200", "Opcodesize": 6, "Mnemonic": "call dword ptr [0x42a008]", "PID": 860, "TID": 1680, "Arguments": [ "Arg1", "IN", "HMODULE", "0x18febc", "0x76b80000", "Arg2", "IN", "LPCSTR", "0x18fec0", "SelectObject" ], "Timesptamp": "00000001.482070", "FunctionName": "GetProcAddress", "ModuleName": "kernel32.dll", "Return": "0x76b94f70", "Status": 0 }
{ "Address": "0x41aa1a", "Opcode": "ff1508a04200", "Opcodesize": 6, "Mnemonic": "call dword ptr [0x42a008]", "PID": 860, "TID": 1680, "Arguments": [ "Arg1", "IN", "HMODULE", "0x18febc", "0x76b80000", "Arg2", "IN", "LPCSTR", "0x18fec0", "DeleteObject" ], "Timesptamp": "00000001.501217", "FunctionName": "GetProcAddress", "ModuleName": "kernel32.dll", "Return": "0x76b95689", "Status": 0 }
{ "Address": "0x41aa2e", "Opcode": "ff1508a04200", "Opcodesize": 6, "Mnemonic": "call dword ptr [0x42a008]", "PID": 860, "TID": 1680, "Arguments": [ "Arg1", "IN", "HMODULE", "0x18febc", "0x76b80000", "Arg2", "IN", "LPCSTR", "0x18fec0", "BitBlt" ], "Timesptamp": "00000001.512642", "FunctionName": "GetProcAddress", "ModuleName": "kernel32.dll", "Return": "0x76b95ea6", "Status": 0 }
{ "Address": "0x41aa42", "Opcode": "ff1508a04200", "Opcodesize": 6, "Mnemonic": "call dword ptr [0x42a008]", "PID": 860, "TID": 1680, "Arguments": [ "Arg1", "IN", "HMODULE", "0x18febc", "0x74d30000", "Arg2", "IN", "LPCSTR", "0x18fec0", "GetWindowThreadProcessId" ], "Timesptamp": "00000001.524325", "FunctionName": "GetProcAddress", "ModuleName": "kernel32.dll", "Return": "0x74d491b4", "Status": 0 }
{ "Address": "0x41aa56", "Opcode": "ff1508a04200", "Opcodesize": 6, "Mnemonic": "call dword ptr [0x42a008]", "PID": 860, "TID": 1680, "Arguments": [ "Arg1", "IN", "HMODULE", "0x18febc", "0x74d30000", "Arg2", "IN", "LPCSTR", "0x18fec0", "SetActiveWindow" ], "Timesptamp": "00000001.540319", "FunctionName": "GetProcAddress", "ModuleName": "kernel32.dll", "Return": "0x74d53208", "Status": 0 }
{ "Address": "0x41aa6a", "Opcode": "ff1508a04200", "Opcodesize": 6, "Mnemonic": "call dword ptr [0x42a008]", "PID": 860, "TID": 1680, "Arguments": [ "Arg1", "IN", "HMODULE", "0x18febc", "0x74d30000", "Arg2", "IN", "LPCSTR", "0x18fec0", "SetForegroundWindow" ], "Timesptamp": "00000001.552071", "FunctionName": "GetProcAddress", "ModuleName": "kernel32.dll", "Return": "0x74d6f170", "Status": 0 }
{ "Address": "0x41aa7e", "Opcode": "ff1508a04200", "Opcodesize": 6, "Mnemonic": "call dword ptr [0x42a008]", "PID": 860, "TID": 1680, "Arguments": [ "Arg1", "IN", "HMODULE", "0x18febc", "0x74d30000", "Arg2", "IN", "LPCSTR", "0x18fec0", "RegisterClassExA" ], "Timesptamp": "00000001.563941", "FunctionName": "GetProcAddress", "ModuleName": "kernel32.dll", "Return": "0x74d4db98", "Status": 0 }
{ "Address": "0x41aa92", "Opcode": "ff1508a04200", "Opcodesize": 6, "Mnemonic": "call dword ptr [0x42a008]", "PID": 860, "TID": 1680, "Arguments": [ "Arg1", "IN", "HMODULE", "0x18febc", "0x74d30000", "Arg2", "IN", "LPCSTR", "0x18fec0", "GetSystemMetrics" ], "Timesptamp": "00000001.575552", "FunctionName": "GetProcAddress", "ModuleName": "kernel32.dll", "Return": "0x74d47d2f", "Status": 0 }
{ "Address": "0x41aaa6", "Opcode": "ff1508a04200", "Opcodesize": 6, "Mnemonic": "call dword ptr [0x42a008]", "PID": 860, "TID": 1680, "Arguments": [ "Arg1", "IN", "HMODULE", "0x18febc", "0x74d30000", "Arg2", "IN", "LPCSTR", "0x18fec0", "CreateWindowExA" ], "Timesptamp": "00000001.588992", "FunctionName": "GetProcAddress", "ModuleName": "kernel32.dll", "Return": "0x74d4d22e", "Status": 0 }
{ "Address": "0x41aaba", "Opcode": "ff1508a04200", "Opcodesize": 6, "Mnemonic": "call dword ptr [0x42a008]", "PID": 860, "TID": 1680, "Arguments": [ "Arg1", "IN", "HMODULE", "0x18febc", "0x74d30000", "Arg2", "IN", "LPCSTR", "0x18fec0", "GetMessageA" ], "Timesptamp": "00000001.600731", "FunctionName": "GetProcAddress", "ModuleName": "kernel32.dll", "Return": "0x74d47bd3", "Status": 0 }
{ "Address": "0x41aace", "Opcode": "ff1508a04200", "Opcodesize": 6, "Mnemonic": "call dword ptr [0x42a008]", "PID": 860, "TID": 1680, "Arguments": [ "Arg1", "IN", "HMODULE", "0x18febc", "0x74d30000", "Arg2", "IN", "LPCSTR", "0x18fec0", "TranslateMessage" ], "Timesptamp": "00000001.612249", "FunctionName": "GetProcAddress", "ModuleName": "kernel32.dll", "Return": "0x74d47809", "Status": 0 }
{ "Address": "0x41aae2", "Opcode": "ff1508a04200", "Opcodesize": 6, "Mnemonic": "call dword ptr [0x42a008]", "PID": 860, "TID": 1680, "Arguments": [ "Arg1", "IN", "HMODULE", "0x18febc", "0x74d30000", "Arg2", "IN", "LPCSTR", "0x18fec0", "DispatchMessageA" ], "Timesptamp": "00000001.625132", "FunctionName": "GetProcAddress", "ModuleName": "kernel32.dll", "Return": "0x74d47bbb", "Status": 0 }
{ "Address": "0x41aaf6", "Opcode": "ff1508a04200", "Opcodesize": 6, "Mnemonic": "call dword ptr [0x42a008]", "PID": 860, "TID": 1680, "Arguments": [ "Arg1", "IN", "HMODULE", "0x18febc", "0x74d30000", "Arg2", "IN", "LPCSTR", "0x18fec0", "DestroyWindow" ], "Timesptamp": "00000001.637026", "FunctionName": "GetProcAddress", "ModuleName": "kernel32.dll", "Return": "0x74d49a55", "Status": 0 }
{ "Address": "0x41ab0a", "Opcode": "ff1508a04200", "Opcodesize": 6, "Mnemonic": "call dword ptr [0x42a008]", "PID": 860, "TID": 1680, "Arguments": [ "Arg1", "IN", "HMODULE", "0x18febc", "0x74d30000", "Arg2", "IN", "LPCSTR", "0x18fec0", "EnumWindows" ], "Timesptamp": "00000001.648908", "FunctionName": "GetProcAddress", "ModuleName": "kernel32.dll", "Return": "0x74d4d1cf", "Status": 0 }
{ "Address": "0x41ab1e", "Opcode": "ff1508a04200", "Opcodesize": 6, "Mnemonic": "call dword ptr [0x42a008]", "PID": 860, "TID": 1680, "Arguments": [ "Arg1", "IN", "HMODULE", "0x18febc", "0x74d30000", "Arg2", "IN", "LPCSTR", "0x18fec0", "DefWindowProcA" ], "Timesptamp": "00000001.662403", "FunctionName": "GetProcAddress", "ModuleName": "kernel32.dll", "Return": "0x770824e0", "Status": 0 }
{ "Address": "0x41ab32", "Opcode": "ff1508a04200", "Opcodesize": 6, "Mnemonic": "call dword ptr [0x42a008]", "PID": 860, "TID": 1680, "Arguments": [ "Arg1", "IN", "HMODULE", "0x18febc", "0x74d30000", "Arg2", "IN", "LPCSTR", "0x18fec0", "PostMessageA" ], "Timesptamp": "00000001.674013", "FunctionName": "GetProcAddress", "ModuleName": "kernel32.dll", "Return": "0x74d53baa", "Status": 0 }
{ "Address": "0x41ab46", "Opcode": "ff1508a04200", "Opcodesize": 6, "Mnemonic": "call dword ptr [0x42a008]", "PID": 860, "TID": 1680, "Arguments": [ "Arg1", "IN", "HMODULE", "0x18febc", "0x74f10000", "Arg2", "IN", "LPCSTR", "0x18fec0", "CreateThread" ], "Timesptamp": "00000001.685486", "FunctionName": "GetProcAddress", "ModuleName": "kernel32.dll", "Return": "0x74f234d5", "Status": 0 }
{ "Address": "0x423c74", "Opcode": "ff156cd74200", "Opcodesize": 6, "Mnemonic": "call dword ptr [0x42d76c]", "PID": 860, "TID": 1680, "Arguments": [ "Arg1", "IN", "DWORD", "0x18feb4", "0x0", "Arg2", "IN", "SIZE_T", "0x18feb8", "0x10000", "Arg3", "IN", "SIZE_T", "0x18febc", "0x0" ], "Timesptamp": "00000001.697618", "FunctionName": "HeapCreate", "ModuleName": "kernel32.dll", "Return": "0x1f30000", "Status": 0 }
{ "Address": "0x423c40", "Opcode": "ff1564d74200", "Opcodesize": 6, "Mnemonic": "call dword ptr [0x42d764]", "PID": 860, "TID": 1680, "Functionname": "HeapAlloc", "Dllname": "ntdll.dll", "Status": 1 }
{ "Address": "0x419de2", "Opcode": "ff1518a04200", "Opcodesize": 6, "Mnemonic": "call dword ptr [0x42a018]", "PID": 860, "TID": 1680, "Arguments": [ "Arg1", "IN", "LPCTSTR", "0x18fecc", "kernel32.dll" ], "Timesptamp": "00000001.736682", "FunctionName": "GetModuleHandleA", "ModuleName": "kernel32.dll", "Return": "0x74f10000", "Status": 0 }
{ "Address": "0x419e06", "Opcode": "ff1504a04200", "Opcodesize": 6, "Mnemonic": "call dword ptr [0x42a004]", "PID": 860, "TID": 1680, "Functionname": "InitializeCriticalSection", "Dllname": "ntdll.dll", "Status": 1 }
{ "Address": "0x419e13", "Opcode": "ff1504a04200", "Opcodesize": 6, "Mnemonic": "call dword ptr [0x42a004]", "PID": 860, "TID": 1680, "Functionname": "InitializeCriticalSection", "Dllname": "ntdll.dll", "Status": 1 }
{ "Address": "0x419e20", "Opcode": "ff1504a04200", "Opcodesize": 6, "Mnemonic": "call dword ptr [0x42a004]", "PID": 860, "TID": 1680, "Functionname": "InitializeCriticalSection", "Dllname": "ntdll.dll", "Status": 1 }
{ "Address": "0x419e2d", "Opcode": "ff1504a04200", "Opcodesize": 6, "Mnemonic": "call dword ptr [0x42a004]", "PID": 860, "TID": 1680, "Functionname": "InitializeCriticalSection", "Dllname": "ntdll.dll", "Status": 1 }
{ "Address": "0x4244e6", "Opcode": "ff15b4d74200", "Opcodesize": 6, "Mnemonic": "call dword ptr [0x42d7b4]", "PID": 860, "TID": 1680, "Arguments": [ "Arg1", "IN", "DWORD", "0x18fed4", "0x4244ee" ], "Timesptamp": "00000001.805741", "FunctionName": "SetUnhandledExceptionFilter", "ModuleName": "kernel32.dll", "Return": "0x0", "Status": 0 }
{ "Address": "0x419e69", "Opcode": "ff153cd74200", "Opcodesize": 6, "Mnemonic": "call dword ptr [0x42d73c]", "PID": 860, "TID": 1680, "Arguments": [ "Arg1", "IN", "LPCTSTR", "0x18fe40", "kernel32.dll" ], "Timesptamp": "00000001.821095", "FunctionName": "GetModuleHandleA", "ModuleName": "kernel32.dll", "Return": "0x74f10000", "Status": 0 }
{ "Address": "0x419e92", "Opcode": "ff154cd74200", "Opcodesize": 6, "Mnemonic": "call dword ptr [0x42d74c]", "PID": 860, "TID": 1680, "Arguments": [ "Arg1", "IN", "HMODULE", "0x18fe3c", "0x74f10000", "Arg2", "IN", "LPCSTR", "0x18fe40", "VirtualAlloc" ], "Timesptamp": "00000001.833048", "FunctionName": "GetProcAddress", "ModuleName": "kernel32.dll", "Return": "0x74f21856", "Status": 0 }
{ "Address": "0x419ec0", "Opcode": "ff55f4", "Opcodesize": 3, "Mnemonic": "call dword ptr [ebp - 0xc]", "PID": 860, "TID": 1680, "Arguments": [ "Arg1", "IN", "LPVOID", "0x18fe34", "0x0", "Arg2", "IN", "SIZE_T", "0x18fe38", "0x1000", "Arg3", "IN", "DWORD", "0x18fe3c", "0x1000", "Arg4", "IN", "DWORD", "0x18fe40", "0x4" ], "Timesptamp": "00000001.843333", "FunctionName": "VirtualAlloc", "ModuleName": "kernel32.dll", "Return": "0x230000", "Status": 0 }
{ "Address": "0x419ecf", "Opcode": "ff1560d74200", "Opcodesize": 6, "Mnemonic": "call dword ptr [0x42d760]", "PID": 860, "TID": 1680, "Arguments": [ ], "Timesptamp": "00000001.853013", "FunctionName": "GetTickCount", "ModuleName": "kernel32.dll", "Return": "0x526a2", "Status": 0 }
{ "Address": "0x419ee1", "Opcode": "ff55f4", "Opcodesize": 3, "Mnemonic": "call dword ptr [ebp - 0xc]", "PID": 860, "TID": 1680, "Arguments": [ "Arg1", "IN", "LPVOID", "0x18fe34", "0x0", "Arg2", "IN", "SIZE_T", "0x18fe38", "0x26a2", "Arg3", "IN", "DWORD", "0x18fe3c", "0x2000", "Arg4", "IN", "DWORD", "0x18fe40", "0x4" ], "Timesptamp": "00000001.866762", "FunctionName": "VirtualAlloc", "ModuleName": "kernel32.dll", "Return": "0x240000", "Status": 0 }
{ "Address": "0x419ef7", "Opcode": "ff55f4", "Opcodesize": 3, "Mnemonic": "call dword ptr [ebp - 0xc]", "PID": 860, "TID": 1680, "Arguments": [ "Arg1", "IN", "LPVOID", "0x18fe34", "0x0", "Arg2", "IN", "SIZE_T", "0x18fe38", "0x1000", "Arg3", "IN", "DWORD", "0x18fe3c", "0x1000", "Arg4", "IN", "DWORD", "0x18fe40", "0x4" ], "Timesptamp": "00000001.878838", "FunctionName": "VirtualAlloc", "ModuleName": "kernel32.dll", "Return": "0x250000", "Status": 0 }
{ "Address": "0x4204b2", "Opcode": "ff15e8d64200", "Opcodesize": 6, "Mnemonic": "call dword ptr [0x42d6e8]", "PID": 860, "TID": 1680, "Functionname": "EnterCriticalSection", "Dllname": "ntdll.dll", "Status": 1 }
{ "Address": "0x42052e", "Opcode": "ff1594d64200", "Opcodesize": 6, "Mnemonic": "call dword ptr [0x42d694]", "PID": 860, "TID": 1680, "Arguments": [ "Arg1", "IN", "HANDLE", "0x18fdb8", "0xffffffff", "Arg2", "IN", "LPCVOID", "0x18fdbc", "0x419f2e", "Arg3", "IN", "SIZE_T", "0x18fdc0", "0x2e" ], "Timesptamp": "00000001.902735", "FunctionName": "FlushInstructionCache", "ModuleName": "kernel32.dll", "Return": "TRUE", "Status": 0 }
{ "Address": "0x420547", "Opcode": "ff1578d74200", "Opcodesize": 6, "Mnemonic": "call dword ptr [0x42d778]", "PID": 860, "TID": 1680, "Functionname": "LeaveCriticalSection", "Dllname": "ntdll.dll", "Status": 1 }
{ "Address": "0x423c40", "Opcode": "ff1564d74200", "Opcodesize": 6, "Mnemonic": "call dword ptr [0x42d764]", "PID": 860, "TID": 1680, "Functionname": "HeapAlloc", "Dllname": "ntdll.dll", "Status": 1 }
{ "Address": "0x4204b2", "Opcode": "ff15e8d64200", "Opcodesize": 6, "Mnemonic": "call dword ptr [0x42d6e8]", "PID": 860, "TID": 1680, "Functionname": "EnterCriticalSection", "Dllname": "ntdll.dll", "Status": 1 }
{ "Address": "0x42052e", "Opcode": "ff1594d64200", "Opcodesize": 6, "Mnemonic": "call dword ptr [0x42d694]", "PID": 860, "TID": 1680, "Arguments": [ "Arg1", "IN", "HANDLE", "0x18fdb8", "0xffffffff", "Arg2", "IN", "LPCVOID", "0x18fdbc", "0x419f2e", "Arg3", "IN", "SIZE_T", "0x18fdc0", "0x50" ], "Timesptamp": "00000001.953717", "FunctionName": "FlushInstructionCache", "ModuleName": "kernel32.dll", "Return": "TRUE", "Status": 0 }
{ "Address": "0x420547", "Opcode": "ff1578d74200", "Opcodesize": 6, "Mnemonic": "call dword ptr [0x42d778]", "PID": 860, "TID": 1680, "Functionname": "LeaveCriticalSection", "Dllname": "ntdll.dll", "Status": 1 }
{ "Address": "0x4204b2", "Opcode": "ff15e8d64200", "Opcodesize": 6, "Mnemonic": "call dword ptr [0x42d6e8]", "PID": 860, "TID": 1680, "Functionname": "EnterCriticalSection", "Dllname": "ntdll.dll", "Status": 1 }
{ "Address": "0x42052e", "Opcode": "ff1594d64200", "Opcodesize": 6, "Mnemonic": "call dword ptr [0x42d694]", "PID": 860, "TID": 1680, "Arguments": [ "Arg1", "IN", "HANDLE", "0x18fdb8", "0xffffffff", "Arg2", "IN", "LPCVOID", "0x18fdbc", "0x419f5c", "Arg3", "IN", "SIZE_T", "0x18fdc0", "0xaf" ], "Timesptamp": "00000001.995233", "FunctionName": "FlushInstructionCache", "ModuleName": "kernel32.dll", "Return": "TRUE", "Status": 0 }
{ "Address": "0x420547", "Opcode": "ff1578d74200", "Opcodesize": 6, "Mnemonic": "call dword ptr [0x42d778]", "PID": 860, "TID": 1680, "Functionname": "LeaveCriticalSection", "Dllname": "ntdll.dll", "Status": 1 }
{ "Address": "0x4204b2", "Opcode": "ff15e8d64200", "Opcodesize": 6, "Mnemonic": "call dword ptr [0x42d6e8]", "PID": 860, "TID": 1680, "Functionname": "EnterCriticalSection", "Dllname": "ntdll.dll", "Status": 1 }
{ "Address": "0x42052e", "Opcode": "ff1594d64200", "Opcodesize": 6, "Mnemonic": "call dword ptr [0x42d694]", "PID": 860, "TID": 1680, "Arguments": [ "Arg1", "IN", "HANDLE", "0x18fdb8", "0xffffffff", "Arg2", "IN", "LPCVOID", "0x18fdbc", "0x419f97", "Arg3", "IN", "SIZE_T", "0x18fdc0", "0x1b" ], "Timesptamp": "00000002.032203", "FunctionName": "FlushInstructionCache", "ModuleName": "kernel32.dll", "Return": "TRUE", "Status": 0 }
{ "Address": "0x420547", "Opcode": "ff1578d74200", "Opcodesize": 6, "Mnemonic": "call dword ptr [0x42d778]", "PID": 860, "TID": 1680, "Functionname": "LeaveCriticalSection", "Dllname": "ntdll.dll", "Status": 1 }
{ "Address": "0x4204b2", "Opcode": "ff15e8d64200", "Opcodesize": 6, "Mnemonic": "call dword ptr [0x42d6e8]", "PID": 860, "TID": 1680, "Functionname": "EnterCriticalSection", "Dllname": "ntdll.dll", "Status": 1 }
{ "Address": "0x42052e", "Opcode": "ff1594d64200", "Opcodesize": 6, "Mnemonic": "call dword ptr [0x42d694]", "PID": 860, "TID": 1680, "Arguments": [ "Arg1", "IN", "HANDLE", "0x18fdb8", "0xffffffff", "Arg2", "IN", "LPCVOID", "0x18fdbc", "0x419f97", "Arg3", "IN", "SIZE_T", "0x18fdc0", "0x3c" ], "Timesptamp": "00000002.067060", "FunctionName": "FlushInstructionCache", "ModuleName": "kernel32.dll", "Return": "TRUE", "Status": 0 }
{ "Address": "0x420547", "Opcode": "ff1578d74200", "Opcodesize": 6, "Mnemonic": "call dword ptr [0x42d778]", "PID": 860, "TID": 1680, "Functionname": "LeaveCriticalSection", "Dllname": "ntdll.dll", "Status": 1 }
{ "Address": "0x4204b2", "Opcode": "ff15e8d64200", "Opcodesize": 6, "Mnemonic": "call dword ptr [0x42d6e8]", "PID": 860, "TID": 1680, "Functionname": "EnterCriticalSection", "Dllname": "ntdll.dll", "Status": 1 }
{ "Address": "0x42052e", "Opcode": "ff1594d64200", "Opcodesize": 6, "Mnemonic": "call dword ptr [0x42d694]", "PID": 860, "TID": 1680, "Arguments": [ "Arg1", "IN", "HANDLE", "0x18fdb8", "0xffffffff", "Arg2", "IN", "LPCVOID", "0x18fdbc", "0x419fb2", "Arg3", "IN", "SIZE_T", "0x18fdc0", "0x47" ], "Timesptamp": "00000002.101551", "FunctionName": "FlushInstructionCache", "ModuleName": "kernel32.dll", "Return": "TRUE", "Status": 0 }
{ "Address": "0x420547", "Opcode": "ff1578d74200", "Opcodesize": 6, "Mnemonic": "call dword ptr [0x42d778]", "PID": 860, "TID": 1680, "Functionname": "LeaveCriticalSection", "Dllname": "ntdll.dll", "Status": 1 }
{ "Address": "0x4204b2", "Opcode": "ff15e8d64200", "Opcodesize": 6, "Mnemonic": "call dword ptr [0x42d6e8]", "PID": 860, "TID": 1680, "Functionname": "EnterCriticalSection", "Dllname": "ntdll.dll", "Status": 1 }
{ "Address": "0x42052e", "Opcode": "ff1594d64200", "Opcodesize": 6, "Mnemonic": "call dword ptr [0x42d694]", "PID": 860, "TID": 1680, "Arguments": [ "Arg1", "IN", "HANDLE", "0x18fdb8", "0xffffffff", "Arg2", "IN", "LPCVOID", "0x18fdbc", "0x419fd3", "Arg3", "IN", "SIZE_T", "0x18fdc0", "0x26" ], "Timesptamp": "00000002.132100", "FunctionName": "FlushInstructionCache", "ModuleName": "kernel32.dll", "Return": "TRUE", "Status": 0 }
{ "Address": "0x420547", "Opcode": "ff1578d74200", "Opcodesize": 6, "Mnemonic": "call dword ptr [0x42d778]", "PID": 860, "TID": 1680, "Functionname": "LeaveCriticalSection", "Dllname": "ntdll.dll", "Status": 1 }
{ "Address": "0x4204b2", "Opcode": "ff15e8d64200", "Opcodesize": 6, "Mnemonic": "call dword ptr [0x42d6e8]", "PID": 860, "TID": 1680, "Functionname": "EnterCriticalSection", "Dllname": "ntdll.dll", "Status": 1 }
{ "Address": "0x42052e", "Opcode": "ff1594d64200", "Opcodesize": 6, "Mnemonic": "call dword ptr [0x42d694]", "PID": 860, "TID": 1680, "Arguments": [ "Arg1", "IN", "HANDLE", "0x18fdb8", "0xffffffff", "Arg2", "IN", "LPCVOID", "0x18fdbc", "0x419f7e", "Arg3", "IN", "SIZE_T", "0x18fdc0", "0xb2" ], "Timesptamp": "00000002.162177", "FunctionName": "FlushInstructionCache", "ModuleName": "kernel32.dll", "Return": "TRUE", "Status": 0 }
{ "Address": "0x420547", "Opcode": "ff1578d74200", "Opcodesize": 6, "Mnemonic": "call dword ptr [0x42d778]", "PID": 860, "TID": 1680, "Functionname": "LeaveCriticalSection", "Dllname": "ntdll.dll", "Status": 1 }
{ "Address": "0x423c40", "Opcode": "ff1564d74200", "Opcodesize": 6, "Mnemonic": "call dword ptr [0x42d764]", "PID": 860, "TID": 1680, "Functionname": "HeapAlloc", "Dllname": "ntdll.dll", "Status": 1 }
{ "Address": "0x41ae82", "Opcode": "ff153cd74200", "Opcodesize": 6, "Mnemonic": "call dword ptr [0x42d73c]", "PID": 860, "TID": 1680, "Arguments": [ "Arg1", "IN", "LPCTSTR", "0x18fc84", "\"\"" ], "Timesptamp": "00000002.189345", "FunctionName": "GetModuleHandleA", "ModuleName": "kernel32.dll", "Return": "0x400000", "Status": 0 }
{ "Address": "0x41ae89", "Opcode": "ff1538d74200", "Opcodesize": 6, "Mnemonic": "call dword ptr [0x42d738]", "PID": 860, "TID": 1680, "Arguments": [ "Arg1", "IN", "HMODULE", "0x18fc84", "0x400000", "Arg2", "OUT", "LPTSTR", "0x18fc88", "0x1f30888", "Arg3", "IN", "DWORD", "0x18fc8c", "0x104" ], "Timesptamp": "00000002.198148", "FunctionName": "GetModuleFileNameA", "ModuleName": "kernel32.dll", "Return": "0x28", "Output1": [ "0x1f30888", "C:\\Users\\lhs\\Exec\\molebox_WhatIsHang.exe" ], "Status": 0 }
{ "Address": "0x41aeb1", "Opcode": "ff153cd74200", "Opcodesize": 6, "Mnemonic": "call dword ptr [0x42d73c]", "PID": 860, "TID": 1680, "Arguments": [ "Arg1", "IN", "LPCTSTR", "0x18fc8c", "user32.dll" ], "Timesptamp": "00000002.207166", "FunctionName": "GetModuleHandleA", "ModuleName": "kernel32.dll", "Return": "0x74d30000", "Status": 0 }
{ "Address": "0x41aeda", "Opcode": "ff154cd74200", "Opcodesize": 6, "Mnemonic": "call dword ptr [0x42d74c]", "PID": 860, "TID": 1680, "Arguments": [ "Arg1", "IN", "HMODULE", "0x18fc88", "0x74d30000", "Arg2", "IN", "LPCSTR", "0x18fc8c", "MessageBoxA" ], "Timesptamp": "00000002.215472", "FunctionName": "GetProcAddress", "ModuleName": "kernel32.dll", "Return": "0x74d9fd1e", "Status": 0 }
{ "Address": "0x41af01", "Opcode": "ff1584d74200", "Opcodesize": 6, "Mnemonic": "call dword ptr [0x42d784]", "PID": 860, "TID": 1680, "Arguments": [ "Arg1", "IN", "UINT", "0x18fc88", "0x40", "Arg2", "IN", "SIZE_T", "0x18fc8c", "0x4000" ], "Timesptamp": "00000002.223786", "FunctionName": "LocalAlloc", "ModuleName": "kernel32.dll", "Return": "0x5723d0", "Status": 0 }
{ "Address": "0x41af13", "Opcode": "ff1500a04200", "Opcodesize": 6, "Mnemonic": "call dword ptr [0x42a000]", "PID": 860, "TID": 1680, "Functionname": "lstrcat", "Dllname": "kernel32.dll", "Status": 1 }
{ "Address": "0x41af39", "Opcode": "ff153cd74200", "Opcodesize": 6, "Mnemonic": "call dword ptr [0x42d73c]", "PID": 860, "TID": 1680, "Arguments": [ "Arg1", "IN", "LPCTSTR", "0x18fc84", "\"\"" ], "Timesptamp": "00000002.242228", "FunctionName": "GetModuleHandleA", "ModuleName": "kernel32.dll", "Return": "0x400000", "Status": 0 }
{ "Address": "0x41af40", "Opcode": "ff1538d74200", "Opcodesize": 6, "Mnemonic": "call dword ptr [0x42d738]", "PID": 860, "TID": 1680, "Arguments": [ "Arg1", "IN", "HMODULE", "0x18fc84", "0x400000", "Arg2", "OUT", "LPTSTR", "0x18fc88", "0x5723e9", "Arg3", "IN", "DWORD", "0x18fc8c", "0x104" ], "Timesptamp": "00000002.250090", "FunctionName": "GetModuleFileNameA", "ModuleName": "kernel32.dll", "Return": "0x28", "Output1": [ "0x5723e9", "C:\\Users\\lhs\\Exec\\molebox_WhatIsHang.exe" ], "Status": 0 }
{ "Address": "0x41af4f", "Opcode": "ff1500a04200", "Opcodesize": 6, "Mnemonic": "call dword ptr [0x42a000]", "PID": 860, "TID": 1680, "Functionname": "lstrcat", "Dllname": "kernel32.dll", "Status": 1 }
{ "Address": "0x41af5e", "Opcode": "ff1500a04200", "Opcodesize": 6, "Mnemonic": "call dword ptr [0x42a000]", "PID": 860, "TID": 1680, "Functionname": "lstrcat", "Dllname": "kernel32.dll", "Status": 1 }
{ "Address": "0x41af6d", "Opcode": "ff1500a04200", "Opcodesize": 6, "Mnemonic": "call dword ptr [0x42a000]", "PID": 860, "TID": 1680, "Functionname": "lstrcat", "Dllname": "kernel32.dll", "Status": 1 }
