{ "Address": "0x4262ea", "Opcode": "ff1518704300", "Opcodesize": 6, "Mnemonic": "call dword ptr [0x437018]", "PID": 1320, "TID": 184, "Arguments": [ "Arg1", "IN", "LPCTSTR", "0x18fedc", "\"\"" ], "Timesptamp": "00000000.212747", "FunctionName": "GetModuleHandleA", "ModuleName": "kernel32.dll", "Return": "0x400000", "Status": 0 }
{ "Address": "0x4262fa", "Opcode": "ff1514704300", "Opcodesize": 6, "Mnemonic": "call dword ptr [0x437014]", "PID": 1320, "TID": 184, "Arguments": [ "Arg1", "IN", "UINT", "0x18fed8", "0x40", "Arg2", "IN", "SIZE_T", "0x18fedc", "0xd440" ], "Timesptamp": "00000000.220051", "FunctionName": "LocalAlloc", "ModuleName": "kernel32.dll", "Return": "0x511288", "Status": 0 }
{ "Address": "0x4263e8", "Opcode": "ff1514704300", "Opcodesize": 6, "Mnemonic": "call dword ptr [0x437014]", "PID": 1320, "TID": 184, "Arguments": [ "Arg1", "IN", "UINT", "0x18fed8", "0x40", "Arg2", "IN", "SIZE_T", "0x18fedc", "0x1bf1" ], "Timesptamp": "00000000.240382", "FunctionName": "LocalAlloc", "ModuleName": "kernel32.dll", "Return": "0x51e6d0", "Status": 0 }
{ "Address": "0x426485", "Opcode": "ff150c704300", "Opcodesize": 6, "Mnemonic": "call dword ptr [0x43700c]", "PID": 1320, "TID": 184, "Arguments": [ "Arg1", "IN", "HLOCAL", "0x18fedc", "0x51e6d0" ], "Timesptamp": "00000000.249595", "FunctionName": "LocalFree", "ModuleName": "kernel32.dll", "Return": "0x0", "Status": 0 }
{ "Address": "0x426490", "Opcode": "ff1518704300", "Opcodesize": 6, "Mnemonic": "call dword ptr [0x437018]", "PID": 1320, "TID": 184, "Arguments": [ "Arg1", "IN", "LPCTSTR", "0x18fedc", "kernel32.dll" ], "Timesptamp": "00000000.257576", "FunctionName": "GetModuleHandleA", "ModuleName": "kernel32.dll", "Return": "0x74f10000", "Status": 0 }
{ "Address": "0x4264b9", "Opcode": "ff1508704300", "Opcodesize": 6, "Mnemonic": "call dword ptr [0x437008]", "PID": 1320, "TID": 184, "Arguments": [ "Arg1", "IN", "HMODULE", "0x18fed8", "0x74f10000", "Arg2", "IN", "LPCSTR", "0x18fedc", "FlushInstructionCache" ], "Timesptamp": "00000000.266156", "FunctionName": "GetProcAddress", "ModuleName": "kernel32.dll", "Return": "0x74f24393", "Status": 0 }
{ "Address": "0x4264cd", "Opcode": "ff1508704300", "Opcodesize": 6, "Mnemonic": "call dword ptr [0x437008]", "PID": 1320, "TID": 184, "Arguments": [ "Arg1", "IN", "HMODULE", "0x18fed8", "0x74f10000", "Arg2", "IN", "LPCSTR", "0x18fedc", "GetCurrentProcess" ], "Timesptamp": "00000000.274121", "FunctionName": "GetProcAddress", "ModuleName": "kernel32.dll", "Return": "0x74f21809", "Status": 0 }
{ "Address": "0x4264f0", "Opcode": "ff55ec", "Opcodesize": 3, "Mnemonic": "call dword ptr [ebp - 0x14]", "PID": 1320, "TID": 184, "Arguments": [ ], "Timesptamp": "00000000.285133", "FunctionName": "GetCurrentProcess", "ModuleName": "kernel32.dll", "Return": "0xffffffff", "Status": 0 }
{ "Address": "0x4265c6", "Opcode": "ff1514704300", "Opcodesize": 6, "Mnemonic": "call dword ptr [0x437014]", "PID": 1320, "TID": 184, "Arguments": [ "Arg1", "IN", "UINT", "0x18fed8", "0x40", "Arg2", "IN", "SIZE_T", "0x18fedc", "0x94fb" ], "Timesptamp": "00000000.296286", "FunctionName": "LocalAlloc", "ModuleName": "kernel32.dll", "Return": "0x51e6d0", "Status": 0 }
{ "Address": "0x42666e", "Opcode": "ff1594a64300", "Opcodesize": 6, "Mnemonic": "call dword ptr [0x43a694]", "PID": 1320, "TID": 184, "Arguments": [ "Arg1", "IN", "HANDLE", "0x18fed4", "0xffffffff", "Arg2", "IN", "LPCVOID", "0x18fed8", "0x426b82", "Arg3", "IN", "SIZE_T", "0x18fedc", "0x1047e" ], "Timesptamp": "00000000.305685", "FunctionName": "FlushInstructionCache", "ModuleName": "kernel32.dll", "Return": "TRUE", "Status": 0 }
{ "Address": "0x426678", "Opcode": "ff150c704300", "Opcodesize": 6, "Mnemonic": "call dword ptr [0x43700c]", "PID": 1320, "TID": 184, "Arguments": [ "Arg1", "IN", "HLOCAL", "0x18fedc", "0x51e6d0" ], "Timesptamp": "00000000.314383", "FunctionName": "LocalFree", "ModuleName": "kernel32.dll", "Return": "0x0", "Status": 0 }
{ "Address": "0x426682", "Opcode": "ff150c704300", "Opcodesize": 6, "Mnemonic": "call dword ptr [0x43700c]", "PID": 1320, "TID": 184, "Arguments": [ "Arg1", "IN", "HLOCAL", "0x18fedc", "0x511288" ], "Timesptamp": "00000000.350215", "FunctionName": "LocalFree", "ModuleName": "kernel32.dll", "Return": "0x0", "Status": 0 }
{ "Address": "0x42668d", "Opcode": "ff1504704300", "Opcodesize": 6, "Mnemonic": "call dword ptr [0x437004]", "PID": 1320, "TID": 184, "Functionname": "RtlInitializeCriticalSection", "Dllname": "ntdll.dll", "Status": 1 }
{ "Address": "0x4272db", "Opcode": "ff1518704300", "Opcodesize": 6, "Mnemonic": "call dword ptr [0x437018]", "PID": 1320, "TID": 184, "Arguments": [ "Arg1", "IN", "LPCTSTR", "0x18fec0", "kernel32.dll" ], "Timesptamp": "00000000.367214", "FunctionName": "GetModuleHandleA", "ModuleName": "kernel32.dll", "Return": "0x74f10000", "Status": 0 }
{ "Address": "0x427304", "Opcode": "ff1508704300", "Opcodesize": 6, "Mnemonic": "call dword ptr [0x437008]", "PID": 1320, "TID": 184, "Arguments": [ "Arg1", "IN", "HMODULE", "0x18febc", "0x74f10000", "Arg2", "IN", "LPCSTR", "0x18fec0", "CloseHandle" ], "Timesptamp": "00000000.378153", "FunctionName": "GetProcAddress", "ModuleName": "kernel32.dll", "Return": "0x74f21410", "Status": 0 }
{ "Address": "0x427318", "Opcode": "ff1508704300", "Opcodesize": 6, "Mnemonic": "call dword ptr [0x437008]", "PID": 1320, "TID": 184, "Arguments": [ "Arg1", "IN", "HMODULE", "0x18febc", "0x74f10000", "Arg2", "IN", "LPCSTR", "0x18fec0", "CreateFileA" ], "Timesptamp": "00000000.387041", "FunctionName": "GetProcAddress", "ModuleName": "kernel32.dll", "Return": "0x74f253c6", "Status": 0 }
{ "Address": "0x42732c", "Opcode": "ff1508704300", "Opcodesize": 6, "Mnemonic": "call dword ptr [0x437008]", "PID": 1320, "TID": 184, "Arguments": [ "Arg1", "IN", "HMODULE", "0x18febc", "0x74f10000", "Arg2", "IN", "LPCSTR", "0x18fec0", "CreateFileW" ], "Timesptamp": "00000000.395517", "FunctionName": "GetProcAddress", "ModuleName": "kernel32.dll", "Return": "0x74f23f5c", "Status": 0 }
{ "Address": "0x427340", "Opcode": "ff1508704300", "Opcodesize": 6, "Mnemonic": "call dword ptr [0x437008]", "PID": 1320, "TID": 184, "Arguments": [ "Arg1", "IN", "HMODULE", "0x18febc", "0x74f10000", "Arg2", "IN", "LPCSTR", "0x18fec0", "CreateFileMappingA" ], "Timesptamp": "00000000.403377", "FunctionName": "GetProcAddress", "ModuleName": "kernel32.dll", "Return": "0x74f25506", "Status": 0 }
{ "Address": "0x427354", "Opcode": "ff1508704300", "Opcodesize": 6, "Mnemonic": "call dword ptr [0x437008]", "PID": 1320, "TID": 184, "Arguments": [ "Arg1", "IN", "HMODULE", "0x18febc", "0x74f10000", "Arg2", "IN", "LPCSTR", "0x18fec0", "CreateFileMappingW" ], "Timesptamp": "00000000.408630", "FunctionName": "GetProcAddress", "ModuleName": "kernel32.dll", "Return": "0x74f21909", "Status": 0 }
{ "Address": "0x427368", "Opcode": "ff1508704300", "Opcodesize": 6, "Mnemonic": "call dword ptr [0x437008]", "PID": 1320, "TID": 184, "Arguments": [ "Arg1", "IN", "HMODULE", "0x18febc", "0x74f10000", "Arg2", "IN", "LPCSTR", "0x18fec0", "CreateProcessA" ], "Timesptamp": "00000000.414545", "FunctionName": "GetProcAddress", "ModuleName": "kernel32.dll", "Return": "0x74f21072", "Status": 0 }
{ "Address": "0x42737c", "Opcode": "ff1508704300", "Opcodesize": 6, "Mnemonic": "call dword ptr [0x437008]", "PID": 1320, "TID": 184, "Arguments": [ "Arg1", "IN", "HMODULE", "0x18febc", "0x74f10000", "Arg2", "IN", "LPCSTR", "0x18fec0", "DebugBreak" ], "Timesptamp": "00000000.435398", "FunctionName": "GetProcAddress", "ModuleName": "kernel32.dll", "Return": "0x74fa41b5", "Status": 0 }
{ "Address": "0x427390", "Opcode": "ff1508704300", "Opcodesize": 6, "Mnemonic": "call dword ptr [0x437008]", "PID": 1320, "TID": 184, "Arguments": [ "Arg1", "IN", "HMODULE", "0x18febc", "0x74f10000", "Arg2", "IN", "LPCSTR", "0x18fec0", "DeleteFileA" ], "Timesptamp": "00000000.445032", "FunctionName": "GetProcAddress", "ModuleName": "kernel32.dll", "Return": "0x74f25444", "Status": 0 }
{ "Address": "0x4273a4", "Opcode": "ff1508704300", "Opcodesize": 6, "Mnemonic": "call dword ptr [0x437008]", "PID": 1320, "TID": 184, "Arguments": [ "Arg1", "IN", "HMODULE", "0x18febc", "0x74f10000", "Arg2", "IN", "LPCSTR", "0x18fec0", "EnterCriticalSection" ], "Timesptamp": "00000000.456367", "FunctionName": "GetProcAddress", "ModuleName": "kernel32.dll", "Return": "0x770622b0", "Status": 0 }
{ "Address": "0x4273b8", "Opcode": "ff1508704300", "Opcodesize": 6, "Mnemonic": "call dword ptr [0x437008]", "PID": 1320, "TID": 184, "Arguments": [ "Arg1", "IN", "HMODULE", "0x18febc", "0x74f10000", "Arg2", "IN", "LPCSTR", "0x18fec0", "ExitProcess" ], "Timesptamp": "00000000.472684", "FunctionName": "GetProcAddress", "ModuleName": "kernel32.dll", "Return": "0x74f27a10", "Status": 0 }
{ "Address": "0x4273cc", "Opcode": "ff1508704300", "Opcodesize": 6, "Mnemonic": "call dword ptr [0x437008]", "PID": 1320, "TID": 184, "Arguments": [ "Arg1", "IN", "HMODULE", "0x18febc", "0x74f10000", "Arg2", "IN", "LPCSTR", "0x18fec0", "FindClose" ], "Timesptamp": "00000000.479641", "FunctionName": "GetProcAddress", "ModuleName": "kernel32.dll", "Return": "0x74f24442", "Status": 0 }
{ "Address": "0x4273e0", "Opcode": "ff1508704300", "Opcodesize": 6, "Mnemonic": "call dword ptr [0x437008]", "PID": 1320, "TID": 184, "Arguments": [ "Arg1", "IN", "HMODULE", "0x18febc", "0x74f10000", "Arg2", "IN", "LPCSTR", "0x18fec0", "FindFirstFileA" ], "Timesptamp": "00000000.486558", "FunctionName": "GetProcAddress", "ModuleName": "kernel32.dll", "Return": "0x74f2e2ce", "Status": 0 }
{ "Address": "0x4273f4", "Opcode": "ff1508704300", "Opcodesize": 6, "Mnemonic": "call dword ptr [0x437008]", "PID": 1320, "TID": 184, "Arguments": [ "Arg1", "IN", "HMODULE", "0x18febc", "0x74f10000", "Arg2", "IN", "LPCSTR", "0x18fec0", "FindNextFileA" ], "Timesptamp": "00000000.496051", "FunctionName": "GetProcAddress", "ModuleName": "kernel32.dll", "Return": "0x74f4d53e", "Status": 0 }
{ "Address": "0x427408", "Opcode": "ff1508704300", "Opcodesize": 6, "Mnemonic": "call dword ptr [0x437008]", "PID": 1320, "TID": 184, "Arguments": [ "Arg1", "IN", "HMODULE", "0x18febc", "0x74f10000", "Arg2", "IN", "LPCSTR", "0x18fec0", "FlushFileBuffers" ], "Timesptamp": "00000000.505126", "FunctionName": "GetProcAddress", "ModuleName": "kernel32.dll", "Return": "0x74f2469b", "Status": 0 }
{ "Address": "0x42741c", "Opcode": "ff1508704300", "Opcodesize": 6, "Mnemonic": "call dword ptr [0x437008]", "PID": 1320, "TID": 184, "Arguments": [ "Arg1", "IN", "HMODULE", "0x18febc", "0x74f10000", "Arg2", "IN", "LPCSTR", "0x18fec0", "FormatMessageA" ], "Timesptamp": "00000000.512321", "FunctionName": "GetProcAddress", "ModuleName": "kernel32.dll", "Return": "0x74f45fbd", "Status": 0 }
{ "Address": "0x427430", "Opcode": "ff1508704300", "Opcodesize": 6, "Mnemonic": "call dword ptr [0x437008]", "PID": 1320, "TID": 184, "Arguments": [ "Arg1", "IN", "HMODULE", "0x18febc", "0x74f10000", "Arg2", "IN", "LPCSTR", "0x18fec0", "FreeLibrary" ], "Timesptamp": "00000000.519524", "FunctionName": "GetProcAddress", "ModuleName": "kernel32.dll", "Return": "0x74f234c8", "Status": 0 }
{ "Address": "0x427444", "Opcode": "ff1508704300", "Opcodesize": 6, "Mnemonic": "call dword ptr [0x437008]", "PID": 1320, "TID": 184, "Arguments": [ "Arg1", "IN", "HMODULE", "0x18febc", "0x74f10000", "Arg2", "IN", "LPCSTR", "0x18fec0", "GetCurrentProcess" ], "Timesptamp": "00000000.524886", "FunctionName": "GetProcAddress", "ModuleName": "kernel32.dll", "Return": "0x74f21809", "Status": 0 }
{ "Address": "0x427458", "Opcode": "ff1508704300", "Opcodesize": 6, "Mnemonic": "call dword ptr [0x437008]", "PID": 1320, "TID": 184, "Arguments": [ "Arg1", "IN", "HMODULE", "0x18febc", "0x74f10000", "Arg2", "IN", "LPCSTR", "0x18fec0", "GetCurrentProcessId" ], "Timesptamp": "00000000.531677", "FunctionName": "GetProcAddress", "ModuleName": "kernel32.dll", "Return": "0x74f211f8", "Status": 0 }
{ "Address": "0x42746c", "Opcode": "ff1508704300", "Opcodesize": 6, "Mnemonic": "call dword ptr [0x437008]", "PID": 1320, "TID": 184, "Arguments": [ "Arg1", "IN", "HMODULE", "0x18febc", "0x74f10000", "Arg2", "IN", "LPCSTR", "0x18fec0", "GetEnvironmentVariableA" ], "Timesptamp": "00000000.538882", "FunctionName": "GetProcAddress", "ModuleName": "kernel32.dll", "Return": "0x74f233a0", "Status": 0 }
{ "Address": "0x427480", "Opcode": "ff1508704300", "Opcodesize": 6, "Mnemonic": "call dword ptr [0x437008]", "PID": 1320, "TID": 184, "Arguments": [ "Arg1", "IN", "HMODULE", "0x18febc", "0x74f10000", "Arg2", "IN", "LPCSTR", "0x18fec0", "GetExitCodeProcess" ], "Timesptamp": "00000000.559697", "FunctionName": "GetProcAddress", "ModuleName": "kernel32.dll", "Return": "0x74f3174d", "Status": 0 }
{ "Address": "0x427494", "Opcode": "ff1508704300", "Opcodesize": 6, "Mnemonic": "call dword ptr [0x437008]", "PID": 1320, "TID": 184, "Arguments": [ "Arg1", "IN", "HMODULE", "0x18febc", "0x74f10000", "Arg2", "IN", "LPCSTR", "0x18fec0", "GetFileAttributesA" ], "Timesptamp": "00000000.569891", "FunctionName": "GetProcAddress", "ModuleName": "kernel32.dll", "Return": "0x74f25414", "Status": 0 }
{ "Address": "0x4274a8", "Opcode": "ff1508704300", "Opcodesize": 6, "Mnemonic": "call dword ptr [0x437008]", "PID": 1320, "TID": 184, "Arguments": [ "Arg1", "IN", "HMODULE", "0x18febc", "0x74f10000", "Arg2", "IN", "LPCSTR", "0x18fec0", "GetFileAttributesW" ], "Timesptamp": "00000000.577770", "FunctionName": "GetProcAddress", "ModuleName": "kernel32.dll", "Return": "0x74f21b18", "Status": 0 }
{ "Address": "0x4274bc", "Opcode": "ff1508704300", "Opcodesize": 6, "Mnemonic": "call dword ptr [0x437008]", "PID": 1320, "TID": 184, "Arguments": [ "Arg1", "IN", "HMODULE", "0x18febc", "0x74f10000", "Arg2", "IN", "LPCSTR", "0x18fec0", "GetFileInformationByHandle" ], "Timesptamp": "00000000.586501", "FunctionName": "GetProcAddress", "ModuleName": "kernel32.dll", "Return": "0x74f253ae", "Status": 0 }
{ "Address": "0x4274d0", "Opcode": "ff1508704300", "Opcodesize": 6, "Mnemonic": "call dword ptr [0x437008]", "PID": 1320, "TID": 184, "Arguments": [ "Arg1", "IN", "HMODULE", "0x18febc", "0x74f10000", "Arg2", "IN", "LPCSTR", "0x18fec0", "GetFileSize" ], "Timesptamp": "00000000.598650", "FunctionName": "GetProcAddress", "ModuleName": "kernel32.dll", "Return": "0x74f2196e", "Status": 0 }
{ "Address": "0x4274e4", "Opcode": "ff1508704300", "Opcodesize": 6, "Mnemonic": "call dword ptr [0x437008]", "PID": 1320, "TID": 184, "Arguments": [ "Arg1", "IN", "HMODULE", "0x18febc", "0x74f10000", "Arg2", "IN", "LPCSTR", "0x18fec0", "GetFileTime" ], "Timesptamp": "00000000.609163", "FunctionName": "GetProcAddress", "ModuleName": "kernel32.dll", "Return": "0x74f24407", "Status": 0 }
{ "Address": "0x4274f8", "Opcode": "ff1508704300", "Opcodesize": 6, "Mnemonic": "call dword ptr [0x437008]", "PID": 1320, "TID": 184, "Arguments": [ "Arg1", "IN", "HMODULE", "0x18febc", "0x74f10000", "Arg2", "IN", "LPCSTR", "0x18fec0", "GetFullPathNameA" ], "Timesptamp": "00000000.618837", "FunctionName": "GetProcAddress", "ModuleName": "kernel32.dll", "Return": "0x74f2e2c1", "Status": 0 }
{ "Address": "0x42750c", "Opcode": "ff1508704300", "Opcodesize": 6, "Mnemonic": "call dword ptr [0x437008]", "PID": 1320, "TID": 184, "Arguments": [ "Arg1", "IN", "HMODULE", "0x18febc", "0x74f10000", "Arg2", "IN", "LPCSTR", "0x18fec0", "GetFullPathNameW" ], "Timesptamp": "00000000.626684", "FunctionName": "GetProcAddress", "ModuleName": "kernel32.dll", "Return": "0x74f240d4", "Status": 0 }
{ "Address": "0x427520", "Opcode": "ff1508704300", "Opcodesize": 6, "Mnemonic": "call dword ptr [0x437008]", "PID": 1320, "TID": 184, "Arguments": [ "Arg1", "IN", "HMODULE", "0x18febc", "0x74f10000", "Arg2", "IN", "LPCSTR", "0x18fec0", "GetLastError" ], "Timesptamp": "00000000.639621", "FunctionName": "GetProcAddress", "ModuleName": "kernel32.dll", "Return": "0x74f211c0", "Status": 0 }
{ "Address": "0x427534", "Opcode": "ff1508704300", "Opcodesize": 6, "Mnemonic": "call dword ptr [0x437008]", "PID": 1320, "TID": 184, "Arguments": [ "Arg1", "IN", "HMODULE", "0x18febc", "0x74f10000", "Arg2", "IN", "LPCSTR", "0x18fec0", "GetModuleFileNameA" ], "Timesptamp": "00000000.648399", "FunctionName": "GetProcAddress", "ModuleName": "kernel32.dll", "Return": "0x74f214b1", "Status": 0 }
{ "Address": "0x427548", "Opcode": "ff1508704300", "Opcodesize": 6, "Mnemonic": "call dword ptr [0x437008]", "PID": 1320, "TID": 184, "Arguments": [ "Arg1", "IN", "HMODULE", "0x18febc", "0x74f10000", "Arg2", "IN", "LPCSTR", "0x18fec0", "GetModuleHandleA" ], "Timesptamp": "00000000.656006", "FunctionName": "GetProcAddress", "ModuleName": "kernel32.dll", "Return": "0x74f21245", "Status": 0 }
{ "Address": "0x42755c", "Opcode": "ff1508704300", "Opcodesize": 6, "Mnemonic": "call dword ptr [0x437008]", "PID": 1320, "TID": 184, "Arguments": [ "Arg1", "IN", "HMODULE", "0x18febc", "0x74f10000", "Arg2", "IN", "LPCSTR", "0x18fec0", "GetPrivateProfileIntA" ], "Timesptamp": "00000000.664818", "FunctionName": "GetProcAddress", "ModuleName": "kernel32.dll", "Return": "0x74f4cdd7", "Status": 0 }
{ "Address": "0x427570", "Opcode": "ff1508704300", "Opcodesize": 6, "Mnemonic": "call dword ptr [0x437008]", "PID": 1320, "TID": 184, "Arguments": [ "Arg1", "IN", "HMODULE", "0x18febc", "0x74f10000", "Arg2", "IN", "LPCSTR", "0x18fec0", "GetPrivateProfileSectionNamesA" ], "Timesptamp": "00000000.672115", "FunctionName": "GetProcAddress", "ModuleName": "kernel32.dll", "Return": "0x74f9a1c9", "Status": 0 }
{ "Address": "0x427584", "Opcode": "ff1508704300", "Opcodesize": 6, "Mnemonic": "call dword ptr [0x437008]", "PID": 1320, "TID": 184, "Arguments": [ "Arg1", "IN", "HMODULE", "0x18febc", "0x74f10000", "Arg2", "IN", "LPCSTR", "0x18fec0", "GetPrivateProfileStringA" ], "Timesptamp": "00000000.680892", "FunctionName": "GetProcAddress", "ModuleName": "kernel32.dll", "Return": "0x74f3184c", "Status": 0 }
{ "Address": "0x427598", "Opcode": "ff1508704300", "Opcodesize": 6, "Mnemonic": "call dword ptr [0x437008]", "PID": 1320, "TID": 184, "Arguments": [ "Arg1", "IN", "HMODULE", "0x18febc", "0x74f10000", "Arg2", "IN", "LPCSTR", "0x18fec0", "GetProcAddress" ], "Timesptamp": "00000000.689961", "FunctionName": "GetProcAddress", "ModuleName": "kernel32.dll", "Return": "0x74f21222", "Status": 0 }
{ "Address": "0x4275ac", "Opcode": "ff1508704300", "Opcodesize": 6, "Mnemonic": "call dword ptr [0x437008]", "PID": 1320, "TID": 184, "Arguments": [ "Arg1", "IN", "HMODULE", "0x18febc", "0x74f10000", "Arg2", "IN", "LPCSTR", "0x18fec0", "GetSystemTimeAsFileTime" ], "Timesptamp": "00000000.703174", "FunctionName": "GetProcAddress", "ModuleName": "kernel32.dll", "Return": "0x74f23509", "Status": 0 }
{ "Address": "0x4275c0", "Opcode": "ff1508704300", "Opcodesize": 6, "Mnemonic": "call dword ptr [0x437008]", "PID": 1320, "TID": 184, "Arguments": [ "Arg1", "IN", "HMODULE", "0x18febc", "0x74f10000", "Arg2", "IN", "LPCSTR", "0x18fec0", "GetTempFileNameA" ], "Timesptamp": "00000000.711980", "FunctionName": "GetProcAddress", "ModuleName": "kernel32.dll", "Return": "0x74f49d3f", "Status": 0 }
{ "Address": "0x4275d4", "Opcode": "ff1508704300", "Opcodesize": 6, "Mnemonic": "call dword ptr [0x437008]", "PID": 1320, "TID": 184, "Arguments": [ "Arg1", "IN", "HMODULE", "0x18febc", "0x74f10000", "Arg2", "IN", "LPCSTR", "0x18fec0", "GetTempPathA" ], "Timesptamp": "00000000.719109", "FunctionName": "GetProcAddress", "ModuleName": "kernel32.dll", "Return": "0x74f4276c", "Status": 0 }
{ "Address": "0x4275e8", "Opcode": "ff1508704300", "Opcodesize": 6, "Mnemonic": "call dword ptr [0x437008]", "PID": 1320, "TID": 184, "Arguments": [ "Arg1", "IN", "HMODULE", "0x18febc", "0x74f10000", "Arg2", "IN", "LPCSTR", "0x18fec0", "GetVersionExA" ], "Timesptamp": "00000000.744927", "FunctionName": "GetProcAddress", "ModuleName": "kernel32.dll", "Return": "0x74f23519", "Status": 0 }
{ "Address": "0x4275fc", "Opcode": "ff1508704300", "Opcodesize": 6, "Mnemonic": "call dword ptr [0x437008]", "PID": 1320, "TID": 184, "Arguments": [ "Arg1", "IN", "HMODULE", "0x18febc", "0x74f10000", "Arg2", "IN", "LPCSTR", "0x18fec0", "GetTickCount" ], "Timesptamp": "00000000.753733", "FunctionName": "GetProcAddress", "ModuleName": "kernel32.dll", "Return": "0x74f2110c", "Status": 0 }
{ "Address": "0x427610", "Opcode": "ff1508704300", "Opcodesize": 6, "Mnemonic": "call dword ptr [0x437008]", "PID": 1320, "TID": 184, "Arguments": [ "Arg1", "IN", "HMODULE", "0x18febc", "0x74f10000", "Arg2", "IN", "LPCSTR", "0x18fec0", "HeapAlloc" ], "Timesptamp": "00000000.761073", "FunctionName": "GetProcAddress", "ModuleName": "kernel32.dll", "Return": "0x7706e026", "Status": 0 }
{ "Address": "0x427624", "Opcode": "ff1508704300", "Opcodesize": 6, "Mnemonic": "call dword ptr [0x437008]", "PID": 1320, "TID": 184, "Arguments": [ "Arg1", "IN", "HMODULE", "0x18febc", "0x74f10000", "Arg2", "IN", "LPCSTR", "0x18fec0", "HeapFree" ], "Timesptamp": "00000000.769872", "FunctionName": "GetProcAddress", "ModuleName": "kernel32.dll", "Return": "0x74f214c9", "Status": 0 }
{ "Address": "0x427638", "Opcode": "ff1508704300", "Opcodesize": 6, "Mnemonic": "call dword ptr [0x437008]", "PID": 1320, "TID": 184, "Arguments": [ "Arg1", "IN", "HMODULE", "0x18febc", "0x74f10000", "Arg2", "IN", "LPCSTR", "0x18fec0", "HeapCreate" ], "Timesptamp": "00000000.777135", "FunctionName": "GetProcAddress", "ModuleName": "kernel32.dll", "Return": "0x74f24a2d", "Status": 0 }
{ "Address": "0x42764c", "Opcode": "ff1508704300", "Opcodesize": 6, "Mnemonic": "call dword ptr [0x437008]", "PID": 1320, "TID": 184, "Arguments": [ "Arg1", "IN", "HMODULE", "0x18febc", "0x74f10000", "Arg2", "IN", "LPCSTR", "0x18fec0", "InitializeCriticalSection" ], "Timesptamp": "00000000.785973", "FunctionName": "GetProcAddress", "ModuleName": "kernel32.dll", "Return": "0x77072c42", "Status": 0 }
{ "Address": "0x427660", "Opcode": "ff1508704300", "Opcodesize": 6, "Mnemonic": "call dword ptr [0x437008]", "PID": 1320, "TID": 184, "Arguments": [ "Arg1", "IN", "HMODULE", "0x18febc", "0x74f10000", "Arg2", "IN", "LPCSTR", "0x18fec0", "DeleteCriticalSection" ], "Timesptamp": "00000000.795233", "FunctionName": "GetProcAddress", "ModuleName": "kernel32.dll", "Return": "0x770745f5", "Status": 0 }
{ "Address": "0x427674", "Opcode": "ff1508704300", "Opcodesize": 6, "Mnemonic": "call dword ptr [0x437008]", "PID": 1320, "TID": 184, "Arguments": [ "Arg1", "IN", "HMODULE", "0x18febc", "0x74f10000", "Arg2", "IN", "LPCSTR", "0x18fec0", "LeaveCriticalSection" ], "Timesptamp": "00000000.804076", "FunctionName": "GetProcAddress", "ModuleName": "kernel32.dll", "Return": "0x77062270", "Status": 0 }
{ "Address": "0x427688", "Opcode": "ff1508704300", "Opcodesize": 6, "Mnemonic": "call dword ptr [0x437008]", "PID": 1320, "TID": 184, "Arguments": [ "Arg1", "IN", "HMODULE", "0x18febc", "0x74f10000", "Arg2", "IN", "LPCSTR", "0x18fec0", "LoadLibraryA" ], "Timesptamp": "00000000.812007", "FunctionName": "GetProcAddress", "ModuleName": "kernel32.dll", "Return": "0x74f249d7", "Status": 0 }
{ "Address": "0x42769c", "Opcode": "ff1508704300", "Opcodesize": 6, "Mnemonic": "call dword ptr [0x437008]", "PID": 1320, "TID": 184, "Arguments": [ "Arg1", "IN", "HMODULE", "0x18febc", "0x74f10000", "Arg2", "IN", "LPCSTR", "0x18fec0", "LoadLibraryExA" ], "Timesptamp": "00000000.820827", "FunctionName": "GetProcAddress", "ModuleName": "kernel32.dll", "Return": "0x74f24913", "Status": 0 }
{ "Address": "0x4276b0", "Opcode": "ff1508704300", "Opcodesize": 6, "Mnemonic": "call dword ptr [0x437008]", "PID": 1320, "TID": 184, "Arguments": [ "Arg1", "IN", "HMODULE", "0x18febc", "0x74f10000", "Arg2", "IN", "LPCSTR", "0x18fec0", "LocalAlloc" ], "Timesptamp": "00000000.828143", "FunctionName": "GetProcAddress", "ModuleName": "kernel32.dll", "Return": "0x74f2168c", "Status": 0 }
{ "Address": "0x4276c4", "Opcode": "ff1508704300", "Opcodesize": 6, "Mnemonic": "call dword ptr [0x437008]", "PID": 1320, "TID": 184, "Arguments": [ "Arg1", "IN", "HMODULE", "0x18febc", "0x74f10000", "Arg2", "IN", "LPCSTR", "0x18fec0", "LocalFree" ], "Timesptamp": "00000000.837103", "FunctionName": "GetProcAddress", "ModuleName": "kernel32.dll", "Return": "0x74f22d3c", "Status": 0 }
{ "Address": "0x4276d8", "Opcode": "ff1508704300", "Opcodesize": 6, "Mnemonic": "call dword ptr [0x437008]", "PID": 1320, "TID": 184, "Arguments": [ "Arg1", "IN", "HMODULE", "0x18febc", "0x74f10000", "Arg2", "IN", "LPCSTR", "0x18fec0", "LockFile" ], "Timesptamp": "00000000.845934", "FunctionName": "GetProcAddress", "ModuleName": "kernel32.dll", "Return": "0x74f4cf1e", "Status": 0 }
{ "Address": "0x4276ec", "Opcode": "ff1508704300", "Opcodesize": 6, "Mnemonic": "call dword ptr [0x437008]", "PID": 1320, "TID": 184, "Arguments": [ "Arg1", "IN", "HMODULE", "0x18febc", "0x74f10000", "Arg2", "IN", "LPCSTR", "0x18fec0", "MapViewOfFile" ], "Timesptamp": "00000000.853861", "FunctionName": "GetProcAddress", "ModuleName": "kernel32.dll", "Return": "0x74f218f1", "Status": 0 }
{ "Address": "0x427700", "Opcode": "ff1508704300", "Opcodesize": 6, "Mnemonic": "call dword ptr [0x437008]", "PID": 1320, "TID": 184, "Arguments": [ "Arg1", "IN", "HMODULE", "0x18febc", "0x74f10000", "Arg2", "IN", "LPCSTR", "0x18fec0", "MultiByteToWideChar" ], "Timesptamp": "00000000.862745", "FunctionName": "GetProcAddress", "ModuleName": "kernel32.dll", "Return": "0x74f2192e", "Status": 0 }
{ "Address": "0x427714", "Opcode": "ff1508704300", "Opcodesize": 6, "Mnemonic": "call dword ptr [0x437008]", "PID": 1320, "TID": 184, "Arguments": [ "Arg1", "IN", "HMODULE", "0x18febc", "0x74f10000", "Arg2", "IN", "LPCSTR", "0x18fec0", "OpenProcess" ], "Timesptamp": "00000000.870353", "FunctionName": "GetProcAddress", "ModuleName": "kernel32.dll", "Return": "0x74f21986", "Status": 0 }
{ "Address": "0x427728", "Opcode": "ff1508704300", "Opcodesize": 6, "Mnemonic": "call dword ptr [0x437008]", "PID": 1320, "TID": 184, "Arguments": [ "Arg1", "IN", "HMODULE", "0x18febc", "0x74f10000", "Arg2", "IN", "LPCSTR", "0x18fec0", "RaiseException" ], "Timesptamp": "00000000.879195", "FunctionName": "GetProcAddress", "ModuleName": "kernel32.dll", "Return": "0x74f258a6", "Status": 0 }
{ "Address": "0x42773c", "Opcode": "ff1508704300", "Opcodesize": 6, "Mnemonic": "call dword ptr [0x437008]", "PID": 1320, "TID": 184, "Arguments": [ "Arg1", "IN", "HMODULE", "0x18febc", "0x74f10000", "Arg2", "IN", "LPCSTR", "0x18fec0", "ReadFile" ], "Timesptamp": "00000000.886265", "FunctionName": "GetProcAddress", "ModuleName": "kernel32.dll", "Return": "0x74f23ed3", "Status": 0 }
{ "Address": "0x427750", "Opcode": "ff1508704300", "Opcodesize": 6, "Mnemonic": "call dword ptr [0x437008]", "PID": 1320, "TID": 184, "Arguments": [ "Arg1", "IN", "HMODULE", "0x18febc", "0x74f10000", "Arg2", "IN", "LPCSTR", "0x18fec0", "SetEnvironmentVariableA" ], "Timesptamp": "00000000.895151", "FunctionName": "GetProcAddress", "ModuleName": "kernel32.dll", "Return": "0x74f2e331", "Status": 0 }
{ "Address": "0x427764", "Opcode": "ff1508704300", "Opcodesize": 6, "Mnemonic": "call dword ptr [0x437008]", "PID": 1320, "TID": 184, "Arguments": [ "Arg1", "IN", "HMODULE", "0x18febc", "0x74f10000", "Arg2", "IN", "LPCSTR", "0x18fec0", "SetEvent" ], "Timesptamp": "00000000.904021", "FunctionName": "GetProcAddress", "ModuleName": "kernel32.dll", "Return": "0x74f216c5", "Status": 0 }
{ "Address": "0x427778", "Opcode": "ff1508704300", "Opcodesize": 6, "Mnemonic": "call dword ptr [0x437008]", "PID": 1320, "TID": 184, "Arguments": [ "Arg1", "IN", "HMODULE", "0x18febc", "0x74f10000", "Arg2", "IN", "LPCSTR", "0x18fec0", "SetFilePointer" ], "Timesptamp": "00000000.912872", "FunctionName": "GetProcAddress", "ModuleName": "kernel32.dll", "Return": "0x74f217d1", "Status": 0 }
{ "Address": "0x42778c", "Opcode": "ff1508704300", "Opcodesize": 6, "Mnemonic": "call dword ptr [0x437008]", "PID": 1320, "TID": 184, "Arguments": [ "Arg1", "IN", "HMODULE", "0x18febc", "0x74f10000", "Arg2", "IN", "LPCSTR", "0x18fec0", "SetLastError" ], "Timesptamp": "00000000.920812", "FunctionName": "GetProcAddress", "ModuleName": "kernel32.dll", "Return": "0x74f211a9", "Status": 0 }
{ "Address": "0x4277a0", "Opcode": "ff1508704300", "Opcodesize": 6, "Mnemonic": "call dword ptr [0x437008]", "PID": 1320, "TID": 184, "Arguments": [ "Arg1", "IN", "HMODULE", "0x18febc", "0x74f10000", "Arg2", "IN", "LPCSTR", "0x18fec0", "SetUnhandledExceptionFilter" ], "Timesptamp": "00000000.929738", "FunctionName": "GetProcAddress", "ModuleName": "kernel32.dll", "Return": "0x74f287c9", "Status": 0 }
{ "Address": "0x4277b4", "Opcode": "ff1508704300", "Opcodesize": 6, "Mnemonic": "call dword ptr [0x437008]", "PID": 1320, "TID": 184, "Arguments": [ "Arg1", "IN", "HMODULE", "0x18febc", "0x74f10000", "Arg2", "IN", "LPCSTR", "0x18fec0", "Sleep" ], "Timesptamp": "00000000.937351", "FunctionName": "GetProcAddress", "ModuleName": "kernel32.dll", "Return": "0x74f210ff", "Status": 0 }
{ "Address": "0x4277c8", "Opcode": "ff1508704300", "Opcodesize": 6, "Mnemonic": "call dword ptr [0x437008]", "PID": 1320, "TID": 184, "Arguments": [ "Arg1", "IN", "HMODULE", "0x18febc", "0x74f10000", "Arg2", "IN", "LPCSTR", "0x18fec0", "TerminateProcess" ], "Timesptamp": "00000000.946328", "FunctionName": "GetProcAddress", "ModuleName": "kernel32.dll", "Return": "0x74f3d802", "Status": 0 }
{ "Address": "0x4277dc", "Opcode": "ff1508704300", "Opcodesize": 6, "Mnemonic": "call dword ptr [0x437008]", "PID": 1320, "TID": 184, "Arguments": [ "Arg1", "IN", "HMODULE", "0x18febc", "0x74f10000", "Arg2", "IN", "LPCSTR", "0x18fec0", "UnlockFile" ], "Timesptamp": "00000000.955419", "FunctionName": "GetProcAddress", "ModuleName": "kernel32.dll", "Return": "0x74f4cf36", "Status": 0 }
{ "Address": "0x4277f0", "Opcode": "ff1508704300", "Opcodesize": 6, "Mnemonic": "call dword ptr [0x437008]", "PID": 1320, "TID": 184, "Arguments": [ "Arg1", "IN", "HMODULE", "0x18febc", "0x74f10000", "Arg2", "IN", "LPCSTR", "0x18fec0", "UnmapViewOfFile" ], "Timesptamp": "00000000.963278", "FunctionName": "GetProcAddress", "ModuleName": "kernel32.dll", "Return": "0x74f21826", "Status": 0 }
{ "Address": "0x427804", "Opcode": "ff1508704300", "Opcodesize": 6, "Mnemonic": "call dword ptr [0x437008]", "PID": 1320, "TID": 184, "Arguments": [ "Arg1", "IN", "HMODULE", "0x18febc", "0x74f10000", "Arg2", "IN", "LPCSTR", "0x18fec0", "VirtualAlloc" ], "Timesptamp": "00000000.972254", "FunctionName": "GetProcAddress", "ModuleName": "kernel32.dll", "Return": "0x74f21856", "Status": 0 }
{ "Address": "0x427818", "Opcode": "ff1508704300", "Opcodesize": 6, "Mnemonic": "call dword ptr [0x437008]", "PID": 1320, "TID": 184, "Arguments": [ "Arg1", "IN", "HMODULE", "0x18febc", "0x74f10000", "Arg2", "IN", "LPCSTR", "0x18fec0", "VirtualFree" ], "Timesptamp": "00000000.979794", "FunctionName": "GetProcAddress", "ModuleName": "kernel32.dll", "Return": "0x74f2186e", "Status": 0 }
{ "Address": "0x42782c", "Opcode": "ff1508704300", "Opcodesize": 6, "Mnemonic": "call dword ptr [0x437008]", "PID": 1320, "TID": 184, "Arguments": [ "Arg1", "IN", "HMODULE", "0x18febc", "0x74f10000", "Arg2", "IN", "LPCSTR", "0x18fec0", "VirtualProtect" ], "Timesptamp": "00000000.988709", "FunctionName": "GetProcAddress", "ModuleName": "kernel32.dll", "Return": "0x74f2435f", "Status": 0 }
{ "Address": "0x427840", "Opcode": "ff1508704300", "Opcodesize": 6, "Mnemonic": "call dword ptr [0x437008]", "PID": 1320, "TID": 184, "Arguments": [ "Arg1", "IN", "HMODULE", "0x18febc", "0x74f10000", "Arg2", "IN", "LPCSTR", "0x18fec0", "VirtualQuery" ], "Timesptamp": "00000000.997687", "FunctionName": "GetProcAddress", "ModuleName": "kernel32.dll", "Return": "0x74f2445a", "Status": 0 }
{ "Address": "0x427854", "Opcode": "ff1508704300", "Opcodesize": 6, "Mnemonic": "call dword ptr [0x437008]", "PID": 1320, "TID": 184, "Arguments": [ "Arg1", "IN", "HMODULE", "0x18febc", "0x74f10000", "Arg2", "IN", "LPCSTR", "0x18fec0", "WaitForSingleObject" ], "Timesptamp": "00000001.006576", "FunctionName": "GetProcAddress", "ModuleName": "kernel32.dll", "Return": "0x74f21136", "Status": 0 }
{ "Address": "0x427868", "Opcode": "ff1508704300", "Opcodesize": 6, "Mnemonic": "call dword ptr [0x437008]", "PID": 1320, "TID": 184, "Arguments": [ "Arg1", "IN", "HMODULE", "0x18febc", "0x74f10000", "Arg2", "IN", "LPCSTR", "0x18fec0", "WideCharToMultiByte" ], "Timesptamp": "00000001.014562", "FunctionName": "GetProcAddress", "ModuleName": "kernel32.dll", "Return": "0x74f2170d", "Status": 0 }
{ "Address": "0x42787c", "Opcode": "ff1508704300", "Opcodesize": 6, "Mnemonic": "call dword ptr [0x437008]", "PID": 1320, "TID": 184, "Arguments": [ "Arg1", "IN", "HMODULE", "0x18febc", "0x74f10000", "Arg2", "IN", "LPCSTR", "0x18fec0", "WriteFile" ], "Timesptamp": "00000001.023463", "FunctionName": "GetProcAddress", "ModuleName": "kernel32.dll", "Return": "0x74f21282", "Status": 0 }
{ "Address": "0x427890", "Opcode": "ff1508704300", "Opcodesize": 6, "Mnemonic": "call dword ptr [0x437008]", "PID": 1320, "TID": 184, "Arguments": [ "Arg1", "IN", "HMODULE", "0x18febc", "0x74f10000", "Arg2", "IN", "LPCSTR", "0x18fec0", "lstrcmpiA" ], "Timesptamp": "00000001.030920", "FunctionName": "GetProcAddress", "ModuleName": "kernel32.dll", "Return": "0x74f23e8e", "Status": 0 }
{ "Address": "0x4278a0", "Opcode": "ff1580a74300", "Opcodesize": 6, "Mnemonic": "call dword ptr [0x43a780]", "PID": 1320, "TID": 184, "Arguments": [ "Arg1", "IN", "LPCTSTR", "0x18fec0", "user32.dll" ], "Timesptamp": "00000001.039816", "FunctionName": "LoadLibraryA", "ModuleName": "kernel32.dll", "Return": "0x74d30000", "Status": 0 }
{ "Address": "0x4278c9", "Opcode": "ff1508704300", "Opcodesize": 6, "Mnemonic": "call dword ptr [0x437008]", "PID": 1320, "TID": 184, "Arguments": [ "Arg1", "IN", "HMODULE", "0x18febc", "0x74d30000", "Arg2", "IN", "LPCSTR", "0x18fec0", "ChangeDisplaySettingsA" ], "Timesptamp": "00000001.050602", "FunctionName": "GetProcAddress", "ModuleName": "kernel32.dll", "Return": "0x74da706c", "Status": 0 }
{ "Address": "0x4278dd", "Opcode": "ff1508704300", "Opcodesize": 6, "Mnemonic": "call dword ptr [0x437008]", "PID": 1320, "TID": 184, "Arguments": [ "Arg1", "IN", "HMODULE", "0x18febc", "0x74d30000", "Arg2", "IN", "LPCSTR", "0x18fec0", "CharUpperBuffA" ], "Timesptamp": "00000001.057978", "FunctionName": "GetProcAddress", "ModuleName": "kernel32.dll", "Return": "0x74d4fe47", "Status": 0 }
{ "Address": "0x4278f1", "Opcode": "ff1508704300", "Opcodesize": 6, "Mnemonic": "call dword ptr [0x437008]", "PID": 1320, "TID": 184, "Arguments": [ "Arg1", "IN", "HMODULE", "0x18febc", "0x74d30000", "Arg2", "IN", "LPCSTR", "0x18fec0", "LoadImageA" ], "Timesptamp": "00000001.066963", "FunctionName": "GetProcAddress", "ModuleName": "kernel32.dll", "Return": "0x74d58455", "Status": 0 }
{ "Address": "0x427905", "Opcode": "ff1508704300", "Opcodesize": 6, "Mnemonic": "call dword ptr [0x437008]", "PID": 1320, "TID": 184, "Arguments": [ "Arg1", "IN", "HMODULE", "0x18febc", "0x74d30000", "Arg2", "IN", "LPCSTR", "0x18fec0", "MessageBoxA" ], "Timesptamp": "00000001.075807", "FunctionName": "GetProcAddress", "ModuleName": "kernel32.dll", "Return": "0x74d9fd1e", "Status": 0 }
{ "Address": "0x427919", "Opcode": "ff1508704300", "Opcodesize": 6, "Mnemonic": "call dword ptr [0x437008]", "PID": 1320, "TID": 184, "Arguments": [ "Arg1", "IN", "HMODULE", "0x18febc", "0x74d30000", "Arg2", "IN", "LPCSTR", "0x18fec0", "wsprintfA" ], "Timesptamp": "00000001.084771", "FunctionName": "GetProcAddress", "ModuleName": "kernel32.dll", "Return": "0x74d5ae5f", "Status": 0 }
{ "Address": "0x42792d", "Opcode": "ff1508704300", "Opcodesize": 6, "Mnemonic": "call dword ptr [0x437008]", "PID": 1320, "TID": 184, "Arguments": [ "Arg1", "IN", "HMODULE", "0x18febc", "0x74d30000", "Arg2", "IN", "LPCSTR", "0x18fec0", "wvsprintfA" ], "Timesptamp": "00000001.092721", "FunctionName": "GetProcAddress", "ModuleName": "kernel32.dll", "Return": "0x74d5aad3", "Status": 0 }
{ "Address": "0x42793d", "Opcode": "ff1580a74300", "Opcodesize": 6, "Mnemonic": "call dword ptr [0x43a780]", "PID": 1320, "TID": 184, "Arguments": [ "Arg1", "IN", "LPCTSTR", "0x18fec0", "gdi32.dll" ], "Timesptamp": "00000001.101712", "FunctionName": "LoadLibraryA", "ModuleName": "kernel32.dll", "Return": "0x76b80000", "Status": 0 }
{ "Address": "0x427966", "Opcode": "ff1508704300", "Opcodesize": 6, "Mnemonic": "call dword ptr [0x437008]", "PID": 1320, "TID": 184, "Arguments": [ "Arg1", "IN", "HMODULE", "0x18febc", "0x76b80000", "Arg2", "IN", "LPCSTR", "0x18fec0", "AddFontResourceA" ], "Timesptamp": "00000001.110625", "FunctionName": "GetProcAddress", "ModuleName": "kernel32.dll", "Return": "0x76bbd7bb", "Status": 0 }
{ "Address": "0x42797a", "Opcode": "ff1508704300", "Opcodesize": 6, "Mnemonic": "call dword ptr [0x437008]", "PID": 1320, "TID": 184, "Arguments": [ "Arg1", "IN", "HMODULE", "0x18febc", "0x76b80000", "Arg2", "IN", "LPCSTR", "0x18fec0", "CreateCompatibleDC" ], "Timesptamp": "00000001.119008", "FunctionName": "GetProcAddress", "ModuleName": "kernel32.dll", "Return": "0x76b954f4", "Status": 0 }
{ "Address": "0x42798e", "Opcode": "ff1508704300", "Opcodesize": 6, "Mnemonic": "call dword ptr [0x437008]", "PID": 1320, "TID": 184, "Arguments": [ "Arg1", "IN", "HMODULE", "0x18febc", "0x76b80000", "Arg2", "IN", "LPCSTR", "0x18fec0", "CreateDIBSection" ], "Timesptamp": "00000001.128074", "FunctionName": "GetProcAddress", "ModuleName": "kernel32.dll", "Return": "0x76b9ac46", "Status": 0 }
{ "Address": "0x4279a2", "Opcode": "ff1508704300", "Opcodesize": 6, "Mnemonic": "call dword ptr [0x437008]", "PID": 1320, "TID": 184, "Arguments": [ "Arg1", "IN", "HMODULE", "0x18febc", "0x76b80000", "Arg2", "IN", "LPCSTR", "0x18fec0", "DeleteDC" ], "Timesptamp": "00000001.135529", "FunctionName": "GetProcAddress", "ModuleName": "kernel32.dll", "Return": "0x76b958b3", "Status": 0 }
{ "Address": "0x4279b6", "Opcode": "ff1508704300", "Opcodesize": 6, "Mnemonic": "call dword ptr [0x437008]", "PID": 1320, "TID": 184, "Arguments": [ "Arg1", "IN", "HMODULE", "0x18febc", "0x76b80000", "Arg2", "IN", "LPCSTR", "0x18fec0", "RemoveFontResourceA" ], "Timesptamp": "00000001.144502", "FunctionName": "GetProcAddress", "ModuleName": "kernel32.dll", "Return": "0x76bbda7f", "Status": 0 }
{ "Address": "0x4279ca", "Opcode": "ff1508704300", "Opcodesize": 6, "Mnemonic": "call dword ptr [0x437008]", "PID": 1320, "TID": 184, "Arguments": [ "Arg1", "IN", "HMODULE", "0x18febc", "0x74d30000", "Arg2", "IN", "LPCSTR", "0x18fec0", "BeginPaint" ], "Timesptamp": "00000001.151643", "FunctionName": "GetProcAddress", "ModuleName": "kernel32.dll", "Return": "0x74d51361", "Status": 0 }
{ "Address": "0x4279de", "Opcode": "ff1508704300", "Opcodesize": 6, "Mnemonic": "call dword ptr [0x437008]", "PID": 1320, "TID": 184, "Arguments": [ "Arg1", "IN", "HMODULE", "0x18febc", "0x74d30000", "Arg2", "IN", "LPCSTR", "0x18fec0", "EndPaint" ], "Timesptamp": "00000001.160642", "FunctionName": "GetProcAddress", "ModuleName": "kernel32.dll", "Return": "0x74d51341", "Status": 0 }
{ "Address": "0x4279f2", "Opcode": "ff1508704300", "Opcodesize": 6, "Mnemonic": "call dword ptr [0x437008]", "PID": 1320, "TID": 184, "Arguments": [ "Arg1", "IN", "HMODULE", "0x18febc", "0x76b80000", "Arg2", "IN", "LPCSTR", "0x18fec0", "GetObjectA" ], "Timesptamp": "00000001.169153", "FunctionName": "GetProcAddress", "ModuleName": "kernel32.dll", "Return": "0x76b985d4", "Status": 0 }
{ "Address": "0x427a06", "Opcode": "ff1508704300", "Opcodesize": 6, "Mnemonic": "call dword ptr [0x437008]", "PID": 1320, "TID": 184, "Arguments": [ "Arg1", "IN", "HMODULE", "0x18febc", "0x76b80000", "Arg2", "IN", "LPCSTR", "0x18fec0", "SelectObject" ], "Timesptamp": "00000001.178304", "FunctionName": "GetProcAddress", "ModuleName": "kernel32.dll", "Return": "0x76b94f70", "Status": 0 }
{ "Address": "0x427a1a", "Opcode": "ff1508704300", "Opcodesize": 6, "Mnemonic": "call dword ptr [0x437008]", "PID": 1320, "TID": 184, "Arguments": [ "Arg1", "IN", "HMODULE", "0x18febc", "0x76b80000", "Arg2", "IN", "LPCSTR", "0x18fec0", "DeleteObject" ], "Timesptamp": "00000001.190818", "FunctionName": "GetProcAddress", "ModuleName": "kernel32.dll", "Return": "0x76b95689", "Status": 0 }
{ "Address": "0x427a2e", "Opcode": "ff1508704300", "Opcodesize": 6, "Mnemonic": "call dword ptr [0x437008]", "PID": 1320, "TID": 184, "Arguments": [ "Arg1", "IN", "HMODULE", "0x18febc", "0x76b80000", "Arg2", "IN", "LPCSTR", "0x18fec0", "BitBlt" ], "Timesptamp": "00000001.198338", "FunctionName": "GetProcAddress", "ModuleName": "kernel32.dll", "Return": "0x76b95ea6", "Status": 0 }
{ "Address": "0x427a42", "Opcode": "ff1508704300", "Opcodesize": 6, "Mnemonic": "call dword ptr [0x437008]", "PID": 1320, "TID": 184, "Arguments": [ "Arg1", "IN", "HMODULE", "0x18febc", "0x74d30000", "Arg2", "IN", "LPCSTR", "0x18fec0", "GetWindowThreadProcessId" ], "Timesptamp": "00000001.207454", "FunctionName": "GetProcAddress", "ModuleName": "kernel32.dll", "Return": "0x74d491b4", "Status": 0 }
{ "Address": "0x427a56", "Opcode": "ff1508704300", "Opcodesize": 6, "Mnemonic": "call dword ptr [0x437008]", "PID": 1320, "TID": 184, "Arguments": [ "Arg1", "IN", "HMODULE", "0x18febc", "0x74d30000", "Arg2", "IN", "LPCSTR", "0x18fec0", "SetActiveWindow" ], "Timesptamp": "00000001.214722", "FunctionName": "GetProcAddress", "ModuleName": "kernel32.dll", "Return": "0x74d53208", "Status": 0 }
{ "Address": "0x427a6a", "Opcode": "ff1508704300", "Opcodesize": 6, "Mnemonic": "call dword ptr [0x437008]", "PID": 1320, "TID": 184, "Arguments": [ "Arg1", "IN", "HMODULE", "0x18febc", "0x74d30000", "Arg2", "IN", "LPCSTR", "0x18fec0", "SetForegroundWindow" ], "Timesptamp": "00000001.224129", "FunctionName": "GetProcAddress", "ModuleName": "kernel32.dll", "Return": "0x74d6f170", "Status": 0 }
{ "Address": "0x427a7e", "Opcode": "ff1508704300", "Opcodesize": 6, "Mnemonic": "call dword ptr [0x437008]", "PID": 1320, "TID": 184, "Arguments": [ "Arg1", "IN", "HMODULE", "0x18febc", "0x74d30000", "Arg2", "IN", "LPCSTR", "0x18fec0", "RegisterClassExA" ], "Timesptamp": "00000001.233189", "FunctionName": "GetProcAddress", "ModuleName": "kernel32.dll", "Return": "0x74d4db98", "Status": 0 }
{ "Address": "0x427a92", "Opcode": "ff1508704300", "Opcodesize": 6, "Mnemonic": "call dword ptr [0x437008]", "PID": 1320, "TID": 184, "Arguments": [ "Arg1", "IN", "HMODULE", "0x18febc", "0x74d30000", "Arg2", "IN", "LPCSTR", "0x18fec0", "GetSystemMetrics" ], "Timesptamp": "00000001.243285", "FunctionName": "GetProcAddress", "ModuleName": "kernel32.dll", "Return": "0x74d47d2f", "Status": 0 }
{ "Address": "0x427aa6", "Opcode": "ff1508704300", "Opcodesize": 6, "Mnemonic": "call dword ptr [0x437008]", "PID": 1320, "TID": 184, "Arguments": [ "Arg1", "IN", "HMODULE", "0x18febc", "0x74d30000", "Arg2", "IN", "LPCSTR", "0x18fec0", "CreateWindowExA" ], "Timesptamp": "00000001.252679", "FunctionName": "GetProcAddress", "ModuleName": "kernel32.dll", "Return": "0x74d4d22e", "Status": 0 }
{ "Address": "0x427aba", "Opcode": "ff1508704300", "Opcodesize": 6, "Mnemonic": "call dword ptr [0x437008]", "PID": 1320, "TID": 184, "Arguments": [ "Arg1", "IN", "HMODULE", "0x18febc", "0x74d30000", "Arg2", "IN", "LPCSTR", "0x18fec0", "GetMessageA" ], "Timesptamp": "00000001.260574", "FunctionName": "GetProcAddress", "ModuleName": "kernel32.dll", "Return": "0x74d47bd3", "Status": 0 }
{ "Address": "0x427ace", "Opcode": "ff1508704300", "Opcodesize": 6, "Mnemonic": "call dword ptr [0x437008]", "PID": 1320, "TID": 184, "Arguments": [ "Arg1", "IN", "HMODULE", "0x18febc", "0x74d30000", "Arg2", "IN", "LPCSTR", "0x18fec0", "TranslateMessage" ], "Timesptamp": "00000001.270011", "FunctionName": "GetProcAddress", "ModuleName": "kernel32.dll", "Return": "0x74d47809", "Status": 0 }
{ "Address": "0x427ae2", "Opcode": "ff1508704300", "Opcodesize": 6, "Mnemonic": "call dword ptr [0x437008]", "PID": 1320, "TID": 184, "Arguments": [ "Arg1", "IN", "HMODULE", "0x18febc", "0x74d30000", "Arg2", "IN", "LPCSTR", "0x18fec0", "DispatchMessageA" ], "Timesptamp": "00000001.279257", "FunctionName": "GetProcAddress", "ModuleName": "kernel32.dll", "Return": "0x74d47bbb", "Status": 0 }
{ "Address": "0x427af6", "Opcode": "ff1508704300", "Opcodesize": 6, "Mnemonic": "call dword ptr [0x437008]", "PID": 1320, "TID": 184, "Arguments": [ "Arg1", "IN", "HMODULE", "0x18febc", "0x74d30000", "Arg2", "IN", "LPCSTR", "0x18fec0", "DestroyWindow" ], "Timesptamp": "00000001.287476", "FunctionName": "GetProcAddress", "ModuleName": "kernel32.dll", "Return": "0x74d49a55", "Status": 0 }
{ "Address": "0x427b0a", "Opcode": "ff1508704300", "Opcodesize": 6, "Mnemonic": "call dword ptr [0x437008]", "PID": 1320, "TID": 184, "Arguments": [ "Arg1", "IN", "HMODULE", "0x18febc", "0x74d30000", "Arg2", "IN", "LPCSTR", "0x18fec0", "EnumWindows" ], "Timesptamp": "00000001.293833", "FunctionName": "GetProcAddress", "ModuleName": "kernel32.dll", "Return": "0x74d4d1cf", "Status": 0 }
{ "Address": "0x427b1e", "Opcode": "ff1508704300", "Opcodesize": 6, "Mnemonic": "call dword ptr [0x437008]", "PID": 1320, "TID": 184, "Arguments": [ "Arg1", "IN", "HMODULE", "0x18febc", "0x74d30000", "Arg2", "IN", "LPCSTR", "0x18fec0", "DefWindowProcA" ], "Timesptamp": "00000001.303155", "FunctionName": "GetProcAddress", "ModuleName": "kernel32.dll", "Return": "0x770824e0", "Status": 0 }
{ "Address": "0x427b32", "Opcode": "ff1508704300", "Opcodesize": 6, "Mnemonic": "call dword ptr [0x437008]", "PID": 1320, "TID": 184, "Arguments": [ "Arg1", "IN", "HMODULE", "0x18febc", "0x74d30000", "Arg2", "IN", "LPCSTR", "0x18fec0", "PostMessageA" ], "Timesptamp": "00000001.311615", "FunctionName": "GetProcAddress", "ModuleName": "kernel32.dll", "Return": "0x74d53baa", "Status": 0 }
{ "Address": "0x427b46", "Opcode": "ff1508704300", "Opcodesize": 6, "Mnemonic": "call dword ptr [0x437008]", "PID": 1320, "TID": 184, "Arguments": [ "Arg1", "IN", "HMODULE", "0x18febc", "0x74f10000", "Arg2", "IN", "LPCSTR", "0x18fec0", "CreateThread" ], "Timesptamp": "00000001.321014", "FunctionName": "GetProcAddress", "ModuleName": "kernel32.dll", "Return": "0x74f234d5", "Status": 0 }
{ "Address": "0x430c74", "Opcode": "ff156ca74300", "Opcodesize": 6, "Mnemonic": "call dword ptr [0x43a76c]", "PID": 1320, "TID": 184, "Arguments": [ "Arg1", "IN", "DWORD", "0x18feb4", "0x0", "Arg2", "IN", "SIZE_T", "0x18feb8", "0x10000", "Arg3", "IN", "SIZE_T", "0x18febc", "0x0" ], "Timesptamp": "00000001.326742", "FunctionName": "HeapCreate", "ModuleName": "kernel32.dll", "Return": "0x1f10000", "Status": 0 }
{ "Address": "0x430c40", "Opcode": "ff1564a74300", "Opcodesize": 6, "Mnemonic": "call dword ptr [0x43a764]", "PID": 1320, "TID": 184, "Functionname": "HeapAlloc", "Dllname": "ntdll.dll", "Status": 1 }
{ "Address": "0x426de2", "Opcode": "ff1518704300", "Opcodesize": 6, "Mnemonic": "call dword ptr [0x437018]", "PID": 1320, "TID": 184, "Arguments": [ "Arg1", "IN", "LPCTSTR", "0x18fecc", "kernel32.dll" ], "Timesptamp": "00000001.338690", "FunctionName": "GetModuleHandleA", "ModuleName": "kernel32.dll", "Return": "0x74f10000", "Status": 0 }
{ "Address": "0x426e06", "Opcode": "ff1504704300", "Opcodesize": 6, "Mnemonic": "call dword ptr [0x437004]", "PID": 1320, "TID": 184, "Functionname": "InitializeCriticalSection", "Dllname": "ntdll.dll", "Status": 1 }
{ "Address": "0x426e13", "Opcode": "ff1504704300", "Opcodesize": 6, "Mnemonic": "call dword ptr [0x437004]", "PID": 1320, "TID": 184, "Functionname": "InitializeCriticalSection", "Dllname": "ntdll.dll", "Status": 1 }
{ "Address": "0x426e20", "Opcode": "ff1504704300", "Opcodesize": 6, "Mnemonic": "call dword ptr [0x437004]", "PID": 1320, "TID": 184, "Functionname": "InitializeCriticalSection", "Dllname": "ntdll.dll", "Status": 1 }
{ "Address": "0x426e2d", "Opcode": "ff1504704300", "Opcodesize": 6, "Mnemonic": "call dword ptr [0x437004]", "PID": 1320, "TID": 184, "Functionname": "InitializeCriticalSection", "Dllname": "ntdll.dll", "Status": 1 }
{ "Address": "0x4314e6", "Opcode": "ff15b4a74300", "Opcodesize": 6, "Mnemonic": "call dword ptr [0x43a7b4]", "PID": 1320, "TID": 184, "Arguments": [ "Arg1", "IN", "DWORD", "0x18fed4", "0x4314ee" ], "Timesptamp": "00000001.370037", "FunctionName": "SetUnhandledExceptionFilter", "ModuleName": "kernel32.dll", "Return": "0x0", "Status": 0 }
{ "Address": "0x426e69", "Opcode": "ff153ca74300", "Opcodesize": 6, "Mnemonic": "call dword ptr [0x43a73c]", "PID": 1320, "TID": 184, "Arguments": [ "Arg1", "IN", "LPCTSTR", "0x18fe40", "kernel32.dll" ], "Timesptamp": "00000001.375977", "FunctionName": "GetModuleHandleA", "ModuleName": "kernel32.dll", "Return": "0x74f10000", "Status": 0 }
{ "Address": "0x426e92", "Opcode": "ff154ca74300", "Opcodesize": 6, "Mnemonic": "call dword ptr [0x43a74c]", "PID": 1320, "TID": 184, "Arguments": [ "Arg1", "IN", "HMODULE", "0x18fe3c", "0x74f10000", "Arg2", "IN", "LPCSTR", "0x18fe40", "VirtualAlloc" ], "Timesptamp": "00000001.381571", "FunctionName": "GetProcAddress", "ModuleName": "kernel32.dll", "Return": "0x74f21856", "Status": 0 }
{ "Address": "0x426ec0", "Opcode": "ff55f4", "Opcodesize": 3, "Mnemonic": "call dword ptr [ebp - 0xc]", "PID": 1320, "TID": 184, "Arguments": [ "Arg1", "IN", "LPVOID", "0x18fe34", "0x0", "Arg2", "IN", "SIZE_T", "0x18fe38", "0x1000", "Arg3", "IN", "DWORD", "0x18fe3c", "0x1000", "Arg4", "IN", "DWORD", "0x18fe40", "0x4" ], "Timesptamp": "00000001.387567", "FunctionName": "VirtualAlloc", "ModuleName": "kernel32.dll", "Return": "0x230000", "Status": 0 }
{ "Address": "0x426ecf", "Opcode": "ff1560a74300", "Opcodesize": 6, "Mnemonic": "call dword ptr [0x43a760]", "PID": 1320, "TID": 184, "Arguments": [ ], "Timesptamp": "00000001.393220", "FunctionName": "GetTickCount", "ModuleName": "kernel32.dll", "Return": "0x525f6", "Status": 0 }
{ "Address": "0x426ee1", "Opcode": "ff55f4", "Opcodesize": 3, "Mnemonic": "call dword ptr [ebp - 0xc]", "PID": 1320, "TID": 184, "Arguments": [ "Arg1", "IN", "LPVOID", "0x18fe34", "0x0", "Arg2", "IN", "SIZE_T", "0x18fe38", "0x25f6", "Arg3", "IN", "DWORD", "0x18fe3c", "0x2000", "Arg4", "IN", "DWORD", "0x18fe40", "0x4" ], "Timesptamp": "00000001.398882", "FunctionName": "VirtualAlloc", "ModuleName": "kernel32.dll", "Return": "0x240000", "Status": 0 }
{ "Address": "0x426ef7", "Opcode": "ff55f4", "Opcodesize": 3, "Mnemonic": "call dword ptr [ebp - 0xc]", "PID": 1320, "TID": 184, "Arguments": [ "Arg1", "IN", "LPVOID", "0x18fe34", "0x0", "Arg2", "IN", "SIZE_T", "0x18fe38", "0x1000", "Arg3", "IN", "DWORD", "0x18fe3c", "0x1000", "Arg4", "IN", "DWORD", "0x18fe40", "0x4" ], "Timesptamp": "00000001.404546", "FunctionName": "VirtualAlloc", "ModuleName": "kernel32.dll", "Return": "0x250000", "Status": 0 }
{ "Address": "0x42d4b2", "Opcode": "ff15e8a64300", "Opcodesize": 6, "Mnemonic": "call dword ptr [0x43a6e8]", "PID": 1320, "TID": 184, "Functionname": "EnterCriticalSection", "Dllname": "ntdll.dll", "Status": 1 }
{ "Address": "0x42d52e", "Opcode": "ff1594a64300", "Opcodesize": 6, "Mnemonic": "call dword ptr [0x43a694]", "PID": 1320, "TID": 184, "Arguments": [ "Arg1", "IN", "HANDLE", "0x18fdb8", "0xffffffff", "Arg2", "IN", "LPCVOID", "0x18fdbc", "0x426f2e", "Arg3", "IN", "SIZE_T", "0x18fdc0", "0x2e" ], "Timesptamp": "00000001.416268", "FunctionName": "FlushInstructionCache", "ModuleName": "kernel32.dll", "Return": "TRUE", "Status": 0 }
{ "Address": "0x42d547", "Opcode": "ff1578a74300", "Opcodesize": 6, "Mnemonic": "call dword ptr [0x43a778]", "PID": 1320, "TID": 184, "Functionname": "LeaveCriticalSection", "Dllname": "ntdll.dll", "Status": 1 }
{ "Address": "0x430c40", "Opcode": "ff1564a74300", "Opcodesize": 6, "Mnemonic": "call dword ptr [0x43a764]", "PID": 1320, "TID": 184, "Functionname": "HeapAlloc", "Dllname": "ntdll.dll", "Status": 1 }
{ "Address": "0x42d4b2", "Opcode": "ff15e8a64300", "Opcodesize": 6, "Mnemonic": "call dword ptr [0x43a6e8]", "PID": 1320, "TID": 184, "Functionname": "EnterCriticalSection", "Dllname": "ntdll.dll", "Status": 1 }
{ "Address": "0x42d52e", "Opcode": "ff1594a64300", "Opcodesize": 6, "Mnemonic": "call dword ptr [0x43a694]", "PID": 1320, "TID": 184, "Arguments": [ "Arg1", "IN", "HANDLE", "0x18fdb8", "0xffffffff", "Arg2", "IN", "LPCVOID", "0x18fdbc", "0x426f2e", "Arg3", "IN", "SIZE_T", "0x18fdc0", "0x50" ], "Timesptamp": "00000001.439059", "FunctionName": "FlushInstructionCache", "ModuleName": "kernel32.dll", "Return": "TRUE", "Status": 0 }
{ "Address": "0x42d547", "Opcode": "ff1578a74300", "Opcodesize": 6, "Mnemonic": "call dword ptr [0x43a778]", "PID": 1320, "TID": 184, "Functionname": "LeaveCriticalSection", "Dllname": "ntdll.dll", "Status": 1 }
{ "Address": "0x42d4b2", "Opcode": "ff15e8a64300", "Opcodesize": 6, "Mnemonic": "call dword ptr [0x43a6e8]", "PID": 1320, "TID": 184, "Functionname": "EnterCriticalSection", "Dllname": "ntdll.dll", "Status": 1 }
{ "Address": "0x42d52e", "Opcode": "ff1594a64300", "Opcodesize": 6, "Mnemonic": "call dword ptr [0x43a694]", "PID": 1320, "TID": 184, "Arguments": [ "Arg1", "IN", "HANDLE", "0x18fdb8", "0xffffffff", "Arg2", "IN", "LPCVOID", "0x18fdbc", "0x426f5c", "Arg3", "IN", "SIZE_T", "0x18fdc0", "0xaf" ], "Timesptamp": "00000001.455838", "FunctionName": "FlushInstructionCache", "ModuleName": "kernel32.dll", "Return": "TRUE", "Status": 0 }
{ "Address": "0x42d547", "Opcode": "ff1578a74300", "Opcodesize": 6, "Mnemonic": "call dword ptr [0x43a778]", "PID": 1320, "TID": 184, "Functionname": "LeaveCriticalSection", "Dllname": "ntdll.dll", "Status": 1 }
{ "Address": "0x42d4b2", "Opcode": "ff15e8a64300", "Opcodesize": 6, "Mnemonic": "call dword ptr [0x43a6e8]", "PID": 1320, "TID": 184, "Functionname": "EnterCriticalSection", "Dllname": "ntdll.dll", "Status": 1 }
{ "Address": "0x42d52e", "Opcode": "ff1594a64300", "Opcodesize": 6, "Mnemonic": "call dword ptr [0x43a694]", "PID": 1320, "TID": 184, "Arguments": [ "Arg1", "IN", "HANDLE", "0x18fdb8", "0xffffffff", "Arg2", "IN", "LPCVOID", "0x18fdbc", "0x426f97", "Arg3", "IN", "SIZE_T", "0x18fdc0", "0x1b" ], "Timesptamp": "00000001.473930", "FunctionName": "FlushInstructionCache", "ModuleName": "kernel32.dll", "Return": "TRUE", "Status": 0 }
{ "Address": "0x42d547", "Opcode": "ff1578a74300", "Opcodesize": 6, "Mnemonic": "call dword ptr [0x43a778]", "PID": 1320, "TID": 184, "Functionname": "LeaveCriticalSection", "Dllname": "ntdll.dll", "Status": 1 }
{ "Address": "0x42d4b2", "Opcode": "ff15e8a64300", "Opcodesize": 6, "Mnemonic": "call dword ptr [0x43a6e8]", "PID": 1320, "TID": 184, "Functionname": "EnterCriticalSection", "Dllname": "ntdll.dll", "Status": 1 }
{ "Address": "0x42d52e", "Opcode": "ff1594a64300", "Opcodesize": 6, "Mnemonic": "call dword ptr [0x43a694]", "PID": 1320, "TID": 184, "Arguments": [ "Arg1", "IN", "HANDLE", "0x18fdb8", "0xffffffff", "Arg2", "IN", "LPCVOID", "0x18fdbc", "0x426f97", "Arg3", "IN", "SIZE_T", "0x18fdc0", "0x3c" ], "Timesptamp": "00000001.504663", "FunctionName": "FlushInstructionCache", "ModuleName": "kernel32.dll", "Return": "TRUE", "Status": 0 }
{ "Address": "0x42d547", "Opcode": "ff1578a74300", "Opcodesize": 6, "Mnemonic": "call dword ptr [0x43a778]", "PID": 1320, "TID": 184, "Functionname": "LeaveCriticalSection", "Dllname": "ntdll.dll", "Status": 1 }
{ "Address": "0x42d4b2", "Opcode": "ff15e8a64300", "Opcodesize": 6, "Mnemonic": "call dword ptr [0x43a6e8]", "PID": 1320, "TID": 184, "Functionname": "EnterCriticalSection", "Dllname": "ntdll.dll", "Status": 1 }
{ "Address": "0x42d52e", "Opcode": "ff1594a64300", "Opcodesize": 6, "Mnemonic": "call dword ptr [0x43a694]", "PID": 1320, "TID": 184, "Arguments": [ "Arg1", "IN", "HANDLE", "0x18fdb8", "0xffffffff", "Arg2", "IN", "LPCVOID", "0x18fdbc", "0x426fb2", "Arg3", "IN", "SIZE_T", "0x18fdc0", "0x47" ], "Timesptamp": "00000001.533726", "FunctionName": "FlushInstructionCache", "ModuleName": "kernel32.dll", "Return": "TRUE", "Status": 0 }
{ "Address": "0x42d547", "Opcode": "ff1578a74300", "Opcodesize": 6, "Mnemonic": "call dword ptr [0x43a778]", "PID": 1320, "TID": 184, "Functionname": "LeaveCriticalSection", "Dllname": "ntdll.dll", "Status": 1 }
{ "Address": "0x42d4b2", "Opcode": "ff15e8a64300", "Opcodesize": 6, "Mnemonic": "call dword ptr [0x43a6e8]", "PID": 1320, "TID": 184, "Functionname": "EnterCriticalSection", "Dllname": "ntdll.dll", "Status": 1 }
{ "Address": "0x42d52e", "Opcode": "ff1594a64300", "Opcodesize": 6, "Mnemonic": "call dword ptr [0x43a694]", "PID": 1320, "TID": 184, "Arguments": [ "Arg1", "IN", "HANDLE", "0x18fdb8", "0xffffffff", "Arg2", "IN", "LPCVOID", "0x18fdbc", "0x426fd3", "Arg3", "IN", "SIZE_T", "0x18fdc0", "0x26" ], "Timesptamp": "00000001.566184", "FunctionName": "FlushInstructionCache", "ModuleName": "kernel32.dll", "Return": "TRUE", "Status": 0 }
{ "Address": "0x42d547", "Opcode": "ff1578a74300", "Opcodesize": 6, "Mnemonic": "call dword ptr [0x43a778]", "PID": 1320, "TID": 184, "Functionname": "LeaveCriticalSection", "Dllname": "ntdll.dll", "Status": 1 }
{ "Address": "0x42d4b2", "Opcode": "ff15e8a64300", "Opcodesize": 6, "Mnemonic": "call dword ptr [0x43a6e8]", "PID": 1320, "TID": 184, "Functionname": "EnterCriticalSection", "Dllname": "ntdll.dll", "Status": 1 }
{ "Address": "0x42d52e", "Opcode": "ff1594a64300", "Opcodesize": 6, "Mnemonic": "call dword ptr [0x43a694]", "PID": 1320, "TID": 184, "Arguments": [ "Arg1", "IN", "HANDLE", "0x18fdb8", "0xffffffff", "Arg2", "IN", "LPCVOID", "0x18fdbc", "0x426f7e", "Arg3", "IN", "SIZE_T", "0x18fdc0", "0xb2" ], "Timesptamp": "00000001.599726", "FunctionName": "FlushInstructionCache", "ModuleName": "kernel32.dll", "Return": "TRUE", "Status": 0 }
{ "Address": "0x42d547", "Opcode": "ff1578a74300", "Opcodesize": 6, "Mnemonic": "call dword ptr [0x43a778]", "PID": 1320, "TID": 184, "Functionname": "LeaveCriticalSection", "Dllname": "ntdll.dll", "Status": 1 }
{ "Address": "0x430c40", "Opcode": "ff1564a74300", "Opcodesize": 6, "Mnemonic": "call dword ptr [0x43a764]", "PID": 1320, "TID": 184, "Functionname": "HeapAlloc", "Dllname": "ntdll.dll", "Status": 1 }
{ "Address": "0x427e82", "Opcode": "ff153ca74300", "Opcodesize": 6, "Mnemonic": "call dword ptr [0x43a73c]", "PID": 1320, "TID": 184, "Arguments": [ "Arg1", "IN", "LPCTSTR", "0x18fc84", "\"\"" ], "Timesptamp": "00000001.634747", "FunctionName": "GetModuleHandleA", "ModuleName": "kernel32.dll", "Return": "0x400000", "Status": 0 }
{ "Address": "0x427e89", "Opcode": "ff1538a74300", "Opcodesize": 6, "Mnemonic": "call dword ptr [0x43a738]", "PID": 1320, "TID": 184, "Arguments": [ "Arg1", "IN", "HMODULE", "0x18fc84", "0x400000", "Arg2", "OUT", "LPTSTR", "0x18fc88", "0x1f10888", "Arg3", "IN", "DWORD", "0x18fc8c", "0x104" ], "Timesptamp": "00000001.646128", "FunctionName": "GetModuleFileNameA", "ModuleName": "kernel32.dll", "Return": "0x27", "Output1": [ "0x1f10888", "C:\\Users\\lhs\\Exec\\molebox_adrestore.exe" ], "Status": 0 }
{ "Address": "0x427eb1", "Opcode": "ff153ca74300", "Opcodesize": 6, "Mnemonic": "call dword ptr [0x43a73c]", "PID": 1320, "TID": 184, "Arguments": [ "Arg1", "IN", "LPCTSTR", "0x18fc8c", "user32.dll" ], "Timesptamp": "00000001.658296", "FunctionName": "GetModuleHandleA", "ModuleName": "kernel32.dll", "Return": "0x74d30000", "Status": 0 }
{ "Address": "0x427eda", "Opcode": "ff154ca74300", "Opcodesize": 6, "Mnemonic": "call dword ptr [0x43a74c]", "PID": 1320, "TID": 184, "Arguments": [ "Arg1", "IN", "HMODULE", "0x18fc88", "0x74d30000", "Arg2", "IN", "LPCSTR", "0x18fc8c", "MessageBoxA" ], "Timesptamp": "00000001.669955", "FunctionName": "GetProcAddress", "ModuleName": "kernel32.dll", "Return": "0x74d9fd1e", "Status": 0 }
{ "Address": "0x427f01", "Opcode": "ff1584a74300", "Opcodesize": 6, "Mnemonic": "call dword ptr [0x43a784]", "PID": 1320, "TID": 184, "Arguments": [ "Arg1", "IN", "UINT", "0x18fc88", "0x40", "Arg2", "IN", "SIZE_T", "0x18fc8c", "0x4000" ], "Timesptamp": "00000001.681736", "FunctionName": "LocalAlloc", "ModuleName": "kernel32.dll", "Return": "0x511ed0", "Status": 0 }
{ "Address": "0x427f13", "Opcode": "ff1500704300", "Opcodesize": 6, "Mnemonic": "call dword ptr [0x437000]", "PID": 1320, "TID": 184, "Functionname": "lstrcat", "Dllname": "kernel32.dll", "Status": 1 }
{ "Address": "0x427f39", "Opcode": "ff153ca74300", "Opcodesize": 6, "Mnemonic": "call dword ptr [0x43a73c]", "PID": 1320, "TID": 184, "Arguments": [ "Arg1", "IN", "LPCTSTR", "0x18fc84", "\"\"" ], "Timesptamp": "00000001.705782", "FunctionName": "GetModuleHandleA", "ModuleName": "kernel32.dll", "Return": "0x400000", "Status": 0 }
{ "Address": "0x427f40", "Opcode": "ff1538a74300", "Opcodesize": 6, "Mnemonic": "call dword ptr [0x43a738]", "PID": 1320, "TID": 184, "Arguments": [ "Arg1", "IN", "HMODULE", "0x18fc84", "0x400000", "Arg2", "OUT", "LPTSTR", "0x18fc88", "0x511ee9", "Arg3", "IN", "DWORD", "0x18fc8c", "0x104" ], "Timesptamp": "00000001.718001", "FunctionName": "GetModuleFileNameA", "ModuleName": "kernel32.dll", "Return": "0x27", "Output1": [ "0x511ee9", "C:\\Users\\lhs\\Exec\\molebox_adrestore.exe" ], "Status": 0 }
{ "Address": "0x427f4f", "Opcode": "ff1500704300", "Opcodesize": 6, "Mnemonic": "call dword ptr [0x437000]", "PID": 1320, "TID": 184, "Functionname": "lstrcat", "Dllname": "kernel32.dll", "Status": 1 }
{ "Address": "0x427f5e", "Opcode": "ff1500704300", "Opcodesize": 6, "Mnemonic": "call dword ptr [0x437000]", "PID": 1320, "TID": 184, "Functionname": "lstrcat", "Dllname": "kernel32.dll", "Status": 1 }
{ "Address": "0x427f6d", "Opcode": "ff1500704300", "Opcodesize": 6, "Mnemonic": "call dword ptr [0x437000]", "PID": 1320, "TID": 184, "Functionname": "lstrcat", "Dllname": "kernel32.dll", "Status": 1 }
