{ "Address": "0x4ad4d2ea", "Opcode": "ff1518e0d54a", "Opcodesize": 6, "Mnemonic": "call dword ptr [0x4ad5e018]", "PID": 1336, "TID": 160, "Arguments": [ "Arg1", "IN", "LPCTSTR", "0x18fedc", "\"\"" ], "Timesptamp": "00000000.226814", "FunctionName": "GetModuleHandleA", "ModuleName": "kernel32.dll", "Return": "0x4ad00000", "Status": 0 }
{ "Address": "0x4ad4d2fa", "Opcode": "ff1514e0d54a", "Opcodesize": 6, "Mnemonic": "call dword ptr [0x4ad5e014]", "PID": 1336, "TID": 160, "Arguments": [ "Arg1", "IN", "UINT", "0x18fed8", "0x40", "Arg2", "IN", "SIZE_T", "0x18fedc", "0xd440" ], "Timesptamp": "00000000.236392", "FunctionName": "LocalAlloc", "ModuleName": "kernel32.dll", "Return": "0x2b17c8", "Status": 0 }
{ "Address": "0x4ad4d3e8", "Opcode": "ff1514e0d54a", "Opcodesize": 6, "Mnemonic": "call dword ptr [0x4ad5e014]", "PID": 1336, "TID": 160, "Arguments": [ "Arg1", "IN", "UINT", "0x18fed8", "0x40", "Arg2", "IN", "SIZE_T", "0x18fedc", "0x1a4e" ], "Timesptamp": "00000000.269830", "FunctionName": "LocalAlloc", "ModuleName": "kernel32.dll", "Return": "0x2bec10", "Status": 0 }
{ "Address": "0x4ad4d485", "Opcode": "ff150ce0d54a", "Opcodesize": 6, "Mnemonic": "call dword ptr [0x4ad5e00c]", "PID": 1336, "TID": 160, "Arguments": [ "Arg1", "IN", "HLOCAL", "0x18fedc", "0x2bec10" ], "Timesptamp": "00000000.280328", "FunctionName": "LocalFree", "ModuleName": "kernel32.dll", "Return": "0x0", "Status": 0 }
{ "Address": "0x4ad4d490", "Opcode": "ff1518e0d54a", "Opcodesize": 6, "Mnemonic": "call dword ptr [0x4ad5e018]", "PID": 1336, "TID": 160, "Arguments": [ "Arg1", "IN", "LPCTSTR", "0x18fedc", "kernel32.dll" ], "Timesptamp": "00000000.288368", "FunctionName": "GetModuleHandleA", "ModuleName": "kernel32.dll", "Return": "0x74f10000", "Status": 0 }
{ "Address": "0x4ad4d4b9", "Opcode": "ff1508e0d54a", "Opcodesize": 6, "Mnemonic": "call dword ptr [0x4ad5e008]", "PID": 1336, "TID": 160, "Arguments": [ "Arg1", "IN", "HMODULE", "0x18fed8", "0x74f10000", "Arg2", "IN", "LPCSTR", "0x18fedc", "FlushInstructionCache" ], "Timesptamp": "00000000.297654", "FunctionName": "GetProcAddress", "ModuleName": "kernel32.dll", "Return": "0x74f24393", "Status": 0 }
{ "Address": "0x4ad4d4cd", "Opcode": "ff1508e0d54a", "Opcodesize": 6, "Mnemonic": "call dword ptr [0x4ad5e008]", "PID": 1336, "TID": 160, "Arguments": [ "Arg1", "IN", "HMODULE", "0x18fed8", "0x74f10000", "Arg2", "IN", "LPCSTR", "0x18fedc", "GetCurrentProcess" ], "Timesptamp": "00000000.374171", "FunctionName": "GetProcAddress", "ModuleName": "kernel32.dll", "Return": "0x74f21809", "Status": 0 }
{ "Address": "0x4ad4d4f0", "Opcode": "ff55ec", "Opcodesize": 3, "Mnemonic": "call dword ptr [ebp - 0x14]", "PID": 1336, "TID": 160, "Arguments": [ ], "Timesptamp": "00000000.382211", "FunctionName": "GetCurrentProcess", "ModuleName": "kernel32.dll", "Return": "0xffffffff", "Status": 0 }
{ "Address": "0x4ad4d5c6", "Opcode": "ff1514e0d54a", "Opcodesize": 6, "Mnemonic": "call dword ptr [0x4ad5e014]", "PID": 1336, "TID": 160, "Arguments": [ "Arg1", "IN", "UINT", "0x18fed8", "0x40", "Arg2", "IN", "SIZE_T", "0x18fedc", "0x937b" ], "Timesptamp": "00000000.394822", "FunctionName": "LocalAlloc", "ModuleName": "kernel32.dll", "Return": "0x2bec10", "Status": 0 }
{ "Address": "0x4ad4d66e", "Opcode": "ff159416d64a", "Opcodesize": 6, "Mnemonic": "call dword ptr [0x4ad61694]", "PID": 1336, "TID": 160, "Arguments": [ "Arg1", "IN", "HANDLE", "0x18fed4", "0xffffffff", "Arg2", "IN", "LPCVOID", "0x18fed8", "0x4ad4db82", "Arg3", "IN", "SIZE_T", "0x18fedc", "0xf67e" ], "Timesptamp": "00000000.406210", "FunctionName": "FlushInstructionCache", "ModuleName": "kernel32.dll", "Return": "TRUE", "Status": 0 }
{ "Address": "0x4ad4d678", "Opcode": "ff150ce0d54a", "Opcodesize": 6, "Mnemonic": "call dword ptr [0x4ad5e00c]", "PID": 1336, "TID": 160, "Arguments": [ "Arg1", "IN", "HLOCAL", "0x18fedc", "0x2bec10" ], "Timesptamp": "00000000.438476", "FunctionName": "LocalFree", "ModuleName": "kernel32.dll", "Return": "0x0", "Status": 0 }
{ "Address": "0x4ad4d682", "Opcode": "ff150ce0d54a", "Opcodesize": 6, "Mnemonic": "call dword ptr [0x4ad5e00c]", "PID": 1336, "TID": 160, "Arguments": [ "Arg1", "IN", "HLOCAL", "0x18fedc", "0x2b17c8" ], "Timesptamp": "00000000.447639", "FunctionName": "LocalFree", "ModuleName": "kernel32.dll", "Return": "0x0", "Status": 0 }
{ "Address": "0x4ad4d68d", "Opcode": "ff1504e0d54a", "Opcodesize": 6, "Mnemonic": "call dword ptr [0x4ad5e004]", "PID": 1336, "TID": 160, "Functionname": "RtlInitializeCriticalSection", "Dllname": "ntdll.dll", "Status": 1 }
{ "Address": "0x4ad4e2db", "Opcode": "ff1518e0d54a", "Opcodesize": 6, "Mnemonic": "call dword ptr [0x4ad5e018]", "PID": 1336, "TID": 160, "Arguments": [ "Arg1", "IN", "LPCTSTR", "0x18fec0", "kernel32.dll" ], "Timesptamp": "00000000.464961", "FunctionName": "GetModuleHandleA", "ModuleName": "kernel32.dll", "Return": "0x74f10000", "Status": 0 }
{ "Address": "0x4ad4e304", "Opcode": "ff1508e0d54a", "Opcodesize": 6, "Mnemonic": "call dword ptr [0x4ad5e008]", "PID": 1336, "TID": 160, "Arguments": [ "Arg1", "IN", "HMODULE", "0x18febc", "0x74f10000", "Arg2", "IN", "LPCSTR", "0x18fec0", "CloseHandle" ], "Timesptamp": "00000000.487133", "FunctionName": "GetProcAddress", "ModuleName": "kernel32.dll", "Return": "0x74f21410", "Status": 0 }
{ "Address": "0x4ad4e318", "Opcode": "ff1508e0d54a", "Opcodesize": 6, "Mnemonic": "call dword ptr [0x4ad5e008]", "PID": 1336, "TID": 160, "Arguments": [ "Arg1", "IN", "HMODULE", "0x18febc", "0x74f10000", "Arg2", "IN", "LPCSTR", "0x18fec0", "CreateFileA" ], "Timesptamp": "00000000.495531", "FunctionName": "GetProcAddress", "ModuleName": "kernel32.dll", "Return": "0x74f253c6", "Status": 0 }
{ "Address": "0x4ad4e32c", "Opcode": "ff1508e0d54a", "Opcodesize": 6, "Mnemonic": "call dword ptr [0x4ad5e008]", "PID": 1336, "TID": 160, "Arguments": [ "Arg1", "IN", "HMODULE", "0x18febc", "0x74f10000", "Arg2", "IN", "LPCSTR", "0x18fec0", "CreateFileW" ], "Timesptamp": "00000000.504777", "FunctionName": "GetProcAddress", "ModuleName": "kernel32.dll", "Return": "0x74f23f5c", "Status": 0 }
{ "Address": "0x4ad4e340", "Opcode": "ff1508e0d54a", "Opcodesize": 6, "Mnemonic": "call dword ptr [0x4ad5e008]", "PID": 1336, "TID": 160, "Arguments": [ "Arg1", "IN", "HMODULE", "0x18febc", "0x74f10000", "Arg2", "IN", "LPCSTR", "0x18fec0", "CreateFileMappingA" ], "Timesptamp": "00000000.514058", "FunctionName": "GetProcAddress", "ModuleName": "kernel32.dll", "Return": "0x74f25506", "Status": 0 }
{ "Address": "0x4ad4e354", "Opcode": "ff1508e0d54a", "Opcodesize": 6, "Mnemonic": "call dword ptr [0x4ad5e008]", "PID": 1336, "TID": 160, "Arguments": [ "Arg1", "IN", "HMODULE", "0x18febc", "0x74f10000", "Arg2", "IN", "LPCSTR", "0x18fec0", "CreateFileMappingW" ], "Timesptamp": "00000000.524185", "FunctionName": "GetProcAddress", "ModuleName": "kernel32.dll", "Return": "0x74f21909", "Status": 0 }
{ "Address": "0x4ad4e368", "Opcode": "ff1508e0d54a", "Opcodesize": 6, "Mnemonic": "call dword ptr [0x4ad5e008]", "PID": 1336, "TID": 160, "Arguments": [ "Arg1", "IN", "HMODULE", "0x18febc", "0x74f10000", "Arg2", "IN", "LPCSTR", "0x18fec0", "CreateProcessA" ], "Timesptamp": "00000000.533809", "FunctionName": "GetProcAddress", "ModuleName": "kernel32.dll", "Return": "0x74f21072", "Status": 0 }
{ "Address": "0x4ad4e37c", "Opcode": "ff1508e0d54a", "Opcodesize": 6, "Mnemonic": "call dword ptr [0x4ad5e008]", "PID": 1336, "TID": 160, "Arguments": [ "Arg1", "IN", "HMODULE", "0x18febc", "0x74f10000", "Arg2", "IN", "LPCSTR", "0x18fec0", "DebugBreak" ], "Timesptamp": "00000000.541993", "FunctionName": "GetProcAddress", "ModuleName": "kernel32.dll", "Return": "0x74fa41b5", "Status": 0 }
{ "Address": "0x4ad4e390", "Opcode": "ff1508e0d54a", "Opcodesize": 6, "Mnemonic": "call dword ptr [0x4ad5e008]", "PID": 1336, "TID": 160, "Arguments": [ "Arg1", "IN", "HMODULE", "0x18febc", "0x74f10000", "Arg2", "IN", "LPCSTR", "0x18fec0", "DeleteFileA" ], "Timesptamp": "00000000.551167", "FunctionName": "GetProcAddress", "ModuleName": "kernel32.dll", "Return": "0x74f25444", "Status": 0 }
{ "Address": "0x4ad4e3a4", "Opcode": "ff1508e0d54a", "Opcodesize": 6, "Mnemonic": "call dword ptr [0x4ad5e008]", "PID": 1336, "TID": 160, "Arguments": [ "Arg1", "IN", "HMODULE", "0x18febc", "0x74f10000", "Arg2", "IN", "LPCSTR", "0x18fec0", "EnterCriticalSection" ], "Timesptamp": "00000000.558586", "FunctionName": "GetProcAddress", "ModuleName": "kernel32.dll", "Return": "0x770622b0", "Status": 0 }
{ "Address": "0x4ad4e3b8", "Opcode": "ff1508e0d54a", "Opcodesize": 6, "Mnemonic": "call dword ptr [0x4ad5e008]", "PID": 1336, "TID": 160, "Arguments": [ "Arg1", "IN", "HMODULE", "0x18febc", "0x74f10000", "Arg2", "IN", "LPCSTR", "0x18fec0", "ExitProcess" ], "Timesptamp": "00000000.580369", "FunctionName": "GetProcAddress", "ModuleName": "kernel32.dll", "Return": "0x74f27a10", "Status": 0 }
{ "Address": "0x4ad4e3cc", "Opcode": "ff1508e0d54a", "Opcodesize": 6, "Mnemonic": "call dword ptr [0x4ad5e008]", "PID": 1336, "TID": 160, "Arguments": [ "Arg1", "IN", "HMODULE", "0x18febc", "0x74f10000", "Arg2", "IN", "LPCSTR", "0x18fec0", "FindClose" ], "Timesptamp": "00000000.589058", "FunctionName": "GetProcAddress", "ModuleName": "kernel32.dll", "Return": "0x74f24442", "Status": 0 }
{ "Address": "0x4ad4e3e0", "Opcode": "ff1508e0d54a", "Opcodesize": 6, "Mnemonic": "call dword ptr [0x4ad5e008]", "PID": 1336, "TID": 160, "Arguments": [ "Arg1", "IN", "HMODULE", "0x18febc", "0x74f10000", "Arg2", "IN", "LPCSTR", "0x18fec0", "FindFirstFileA" ], "Timesptamp": "00000000.598290", "FunctionName": "GetProcAddress", "ModuleName": "kernel32.dll", "Return": "0x74f2e2ce", "Status": 0 }
{ "Address": "0x4ad4e3f4", "Opcode": "ff1508e0d54a", "Opcodesize": 6, "Mnemonic": "call dword ptr [0x4ad5e008]", "PID": 1336, "TID": 160, "Arguments": [ "Arg1", "IN", "HMODULE", "0x18febc", "0x74f10000", "Arg2", "IN", "LPCSTR", "0x18fec0", "FindNextFileA" ], "Timesptamp": "00000000.607575", "FunctionName": "GetProcAddress", "ModuleName": "kernel32.dll", "Return": "0x74f4d53e", "Status": 0 }
{ "Address": "0x4ad4e408", "Opcode": "ff1508e0d54a", "Opcodesize": 6, "Mnemonic": "call dword ptr [0x4ad5e008]", "PID": 1336, "TID": 160, "Arguments": [ "Arg1", "IN", "HMODULE", "0x18febc", "0x74f10000", "Arg2", "IN", "LPCSTR", "0x18fec0", "FlushFileBuffers" ], "Timesptamp": "00000000.627222", "FunctionName": "GetProcAddress", "ModuleName": "kernel32.dll", "Return": "0x74f2469b", "Status": 0 }
{ "Address": "0x4ad4e41c", "Opcode": "ff1508e0d54a", "Opcodesize": 6, "Mnemonic": "call dword ptr [0x4ad5e008]", "PID": 1336, "TID": 160, "Arguments": [ "Arg1", "IN", "HMODULE", "0x18febc", "0x74f10000", "Arg2", "IN", "LPCSTR", "0x18fec0", "FormatMessageA" ], "Timesptamp": "00000000.638763", "FunctionName": "GetProcAddress", "ModuleName": "kernel32.dll", "Return": "0x74f45fbd", "Status": 0 }
{ "Address": "0x4ad4e430", "Opcode": "ff1508e0d54a", "Opcodesize": 6, "Mnemonic": "call dword ptr [0x4ad5e008]", "PID": 1336, "TID": 160, "Arguments": [ "Arg1", "IN", "HMODULE", "0x18febc", "0x74f10000", "Arg2", "IN", "LPCSTR", "0x18fec0", "FreeLibrary" ], "Timesptamp": "00000000.646602", "FunctionName": "GetProcAddress", "ModuleName": "kernel32.dll", "Return": "0x74f234c8", "Status": 0 }
{ "Address": "0x4ad4e444", "Opcode": "ff1508e0d54a", "Opcodesize": 6, "Mnemonic": "call dword ptr [0x4ad5e008]", "PID": 1336, "TID": 160, "Arguments": [ "Arg1", "IN", "HMODULE", "0x18febc", "0x74f10000", "Arg2", "IN", "LPCSTR", "0x18fec0", "GetCurrentProcess" ], "Timesptamp": "00000000.656450", "FunctionName": "GetProcAddress", "ModuleName": "kernel32.dll", "Return": "0x74f21809", "Status": 0 }
{ "Address": "0x4ad4e458", "Opcode": "ff1508e0d54a", "Opcodesize": 6, "Mnemonic": "call dword ptr [0x4ad5e008]", "PID": 1336, "TID": 160, "Arguments": [ "Arg1", "IN", "HMODULE", "0x18febc", "0x74f10000", "Arg2", "IN", "LPCSTR", "0x18fec0", "GetCurrentProcessId" ], "Timesptamp": "00000000.669866", "FunctionName": "GetProcAddress", "ModuleName": "kernel32.dll", "Return": "0x74f211f8", "Status": 0 }
{ "Address": "0x4ad4e46c", "Opcode": "ff1508e0d54a", "Opcodesize": 6, "Mnemonic": "call dword ptr [0x4ad5e008]", "PID": 1336, "TID": 160, "Arguments": [ "Arg1", "IN", "HMODULE", "0x18febc", "0x74f10000", "Arg2", "IN", "LPCSTR", "0x18fec0", "GetEnvironmentVariableA" ], "Timesptamp": "00000000.678126", "FunctionName": "GetProcAddress", "ModuleName": "kernel32.dll", "Return": "0x74f233a0", "Status": 0 }
{ "Address": "0x4ad4e480", "Opcode": "ff1508e0d54a", "Opcodesize": 6, "Mnemonic": "call dword ptr [0x4ad5e008]", "PID": 1336, "TID": 160, "Arguments": [ "Arg1", "IN", "HMODULE", "0x18febc", "0x74f10000", "Arg2", "IN", "LPCSTR", "0x18fec0", "GetExitCodeProcess" ], "Timesptamp": "00000000.687352", "FunctionName": "GetProcAddress", "ModuleName": "kernel32.dll", "Return": "0x74f3174d", "Status": 0 }
{ "Address": "0x4ad4e494", "Opcode": "ff1508e0d54a", "Opcodesize": 6, "Mnemonic": "call dword ptr [0x4ad5e008]", "PID": 1336, "TID": 160, "Arguments": [ "Arg1", "IN", "HMODULE", "0x18febc", "0x74f10000", "Arg2", "IN", "LPCSTR", "0x18fec0", "GetFileAttributesA" ], "Timesptamp": "00000000.696493", "FunctionName": "GetProcAddress", "ModuleName": "kernel32.dll", "Return": "0x74f25414", "Status": 0 }
{ "Address": "0x4ad4e4a8", "Opcode": "ff1508e0d54a", "Opcodesize": 6, "Mnemonic": "call dword ptr [0x4ad5e008]", "PID": 1336, "TID": 160, "Arguments": [ "Arg1", "IN", "HMODULE", "0x18febc", "0x74f10000", "Arg2", "IN", "LPCSTR", "0x18fec0", "GetFileAttributesW" ], "Timesptamp": "00000000.705747", "FunctionName": "GetProcAddress", "ModuleName": "kernel32.dll", "Return": "0x74f21b18", "Status": 0 }
{ "Address": "0x4ad4e4bc", "Opcode": "ff1508e0d54a", "Opcodesize": 6, "Mnemonic": "call dword ptr [0x4ad5e008]", "PID": 1336, "TID": 160, "Arguments": [ "Arg1", "IN", "HMODULE", "0x18febc", "0x74f10000", "Arg2", "IN", "LPCSTR", "0x18fec0", "GetFileInformationByHandle" ], "Timesptamp": "00000000.715693", "FunctionName": "GetProcAddress", "ModuleName": "kernel32.dll", "Return": "0x74f253ae", "Status": 0 }
{ "Address": "0x4ad4e4d0", "Opcode": "ff1508e0d54a", "Opcodesize": 6, "Mnemonic": "call dword ptr [0x4ad5e008]", "PID": 1336, "TID": 160, "Arguments": [ "Arg1", "IN", "HMODULE", "0x18febc", "0x74f10000", "Arg2", "IN", "LPCSTR", "0x18fec0", "GetFileSize" ], "Timesptamp": "00000000.724273", "FunctionName": "GetProcAddress", "ModuleName": "kernel32.dll", "Return": "0x74f2196e", "Status": 0 }
{ "Address": "0x4ad4e4e4", "Opcode": "ff1508e0d54a", "Opcodesize": 6, "Mnemonic": "call dword ptr [0x4ad5e008]", "PID": 1336, "TID": 160, "Arguments": [ "Arg1", "IN", "HMODULE", "0x18febc", "0x74f10000", "Arg2", "IN", "LPCSTR", "0x18fec0", "GetFileTime" ], "Timesptamp": "00000000.733554", "FunctionName": "GetProcAddress", "ModuleName": "kernel32.dll", "Return": "0x74f24407", "Status": 0 }
{ "Address": "0x4ad4e4f8", "Opcode": "ff1508e0d54a", "Opcodesize": 6, "Mnemonic": "call dword ptr [0x4ad5e008]", "PID": 1336, "TID": 160, "Arguments": [ "Arg1", "IN", "HMODULE", "0x18febc", "0x74f10000", "Arg2", "IN", "LPCSTR", "0x18fec0", "GetFullPathNameA" ], "Timesptamp": "00000000.740999", "FunctionName": "GetProcAddress", "ModuleName": "kernel32.dll", "Return": "0x74f2e2c1", "Status": 0 }
{ "Address": "0x4ad4e50c", "Opcode": "ff1508e0d54a", "Opcodesize": 6, "Mnemonic": "call dword ptr [0x4ad5e008]", "PID": 1336, "TID": 160, "Arguments": [ "Arg1", "IN", "HMODULE", "0x18febc", "0x74f10000", "Arg2", "IN", "LPCSTR", "0x18fec0", "GetFullPathNameW" ], "Timesptamp": "00000000.750275", "FunctionName": "GetProcAddress", "ModuleName": "kernel32.dll", "Return": "0x74f240d4", "Status": 0 }
{ "Address": "0x4ad4e520", "Opcode": "ff1508e0d54a", "Opcodesize": 6, "Mnemonic": "call dword ptr [0x4ad5e008]", "PID": 1336, "TID": 160, "Arguments": [ "Arg1", "IN", "HMODULE", "0x18febc", "0x74f10000", "Arg2", "IN", "LPCSTR", "0x18fec0", "GetLastError" ], "Timesptamp": "00000000.767618", "FunctionName": "GetProcAddress", "ModuleName": "kernel32.dll", "Return": "0x74f211c0", "Status": 0 }
{ "Address": "0x4ad4e534", "Opcode": "ff1508e0d54a", "Opcodesize": 6, "Mnemonic": "call dword ptr [0x4ad5e008]", "PID": 1336, "TID": 160, "Arguments": [ "Arg1", "IN", "HMODULE", "0x18febc", "0x74f10000", "Arg2", "IN", "LPCSTR", "0x18fec0", "GetModuleFileNameA" ], "Timesptamp": "00000000.775765", "FunctionName": "GetProcAddress", "ModuleName": "kernel32.dll", "Return": "0x74f214b1", "Status": 0 }
{ "Address": "0x4ad4e548", "Opcode": "ff1508e0d54a", "Opcodesize": 6, "Mnemonic": "call dword ptr [0x4ad5e008]", "PID": 1336, "TID": 160, "Arguments": [ "Arg1", "IN", "HMODULE", "0x18febc", "0x74f10000", "Arg2", "IN", "LPCSTR", "0x18fec0", "GetModuleHandleA" ], "Timesptamp": "00000000.785025", "FunctionName": "GetProcAddress", "ModuleName": "kernel32.dll", "Return": "0x74f21245", "Status": 0 }
{ "Address": "0x4ad4e55c", "Opcode": "ff1508e0d54a", "Opcodesize": 6, "Mnemonic": "call dword ptr [0x4ad5e008]", "PID": 1336, "TID": 160, "Arguments": [ "Arg1", "IN", "HMODULE", "0x18febc", "0x74f10000", "Arg2", "IN", "LPCSTR", "0x18fec0", "GetPrivateProfileIntA" ], "Timesptamp": "00000000.792525", "FunctionName": "GetProcAddress", "ModuleName": "kernel32.dll", "Return": "0x74f4cdd7", "Status": 0 }
{ "Address": "0x4ad4e570", "Opcode": "ff1508e0d54a", "Opcodesize": 6, "Mnemonic": "call dword ptr [0x4ad5e008]", "PID": 1336, "TID": 160, "Arguments": [ "Arg1", "IN", "HMODULE", "0x18febc", "0x74f10000", "Arg2", "IN", "LPCSTR", "0x18fec0", "GetPrivateProfileSectionNamesA" ], "Timesptamp": "00000000.814585", "FunctionName": "GetProcAddress", "ModuleName": "kernel32.dll", "Return": "0x74f9a1c9", "Status": 0 }
{ "Address": "0x4ad4e584", "Opcode": "ff1508e0d54a", "Opcodesize": 6, "Mnemonic": "call dword ptr [0x4ad5e008]", "PID": 1336, "TID": 160, "Arguments": [ "Arg1", "IN", "HMODULE", "0x18febc", "0x74f10000", "Arg2", "IN", "LPCSTR", "0x18fec0", "GetPrivateProfileStringA" ], "Timesptamp": "00000000.825402", "FunctionName": "GetProcAddress", "ModuleName": "kernel32.dll", "Return": "0x74f3184c", "Status": 0 }
{ "Address": "0x4ad4e598", "Opcode": "ff1508e0d54a", "Opcodesize": 6, "Mnemonic": "call dword ptr [0x4ad5e008]", "PID": 1336, "TID": 160, "Arguments": [ "Arg1", "IN", "HMODULE", "0x18febc", "0x74f10000", "Arg2", "IN", "LPCSTR", "0x18fec0", "GetProcAddress" ], "Timesptamp": "00000000.835074", "FunctionName": "GetProcAddress", "ModuleName": "kernel32.dll", "Return": "0x74f21222", "Status": 0 }
{ "Address": "0x4ad4e5ac", "Opcode": "ff1508e0d54a", "Opcodesize": 6, "Mnemonic": "call dword ptr [0x4ad5e008]", "PID": 1336, "TID": 160, "Arguments": [ "Arg1", "IN", "HMODULE", "0x18febc", "0x74f10000", "Arg2", "IN", "LPCSTR", "0x18fec0", "GetSystemTimeAsFileTime" ], "Timesptamp": "00000000.854436", "FunctionName": "GetProcAddress", "ModuleName": "kernel32.dll", "Return": "0x74f23509", "Status": 0 }
{ "Address": "0x4ad4e5c0", "Opcode": "ff1508e0d54a", "Opcodesize": 6, "Mnemonic": "call dword ptr [0x4ad5e008]", "PID": 1336, "TID": 160, "Arguments": [ "Arg1", "IN", "HMODULE", "0x18febc", "0x74f10000", "Arg2", "IN", "LPCSTR", "0x18fec0", "GetTempFileNameA" ], "Timesptamp": "00000000.865980", "FunctionName": "GetProcAddress", "ModuleName": "kernel32.dll", "Return": "0x74f49d3f", "Status": 0 }
{ "Address": "0x4ad4e5d4", "Opcode": "ff1508e0d54a", "Opcodesize": 6, "Mnemonic": "call dword ptr [0x4ad5e008]", "PID": 1336, "TID": 160, "Arguments": [ "Arg1", "IN", "HMODULE", "0x18febc", "0x74f10000", "Arg2", "IN", "LPCSTR", "0x18fec0", "GetTempPathA" ], "Timesptamp": "00000000.875240", "FunctionName": "GetProcAddress", "ModuleName": "kernel32.dll", "Return": "0x74f4276c", "Status": 0 }
{ "Address": "0x4ad4e5e8", "Opcode": "ff1508e0d54a", "Opcodesize": 6, "Mnemonic": "call dword ptr [0x4ad5e008]", "PID": 1336, "TID": 160, "Arguments": [ "Arg1", "IN", "HMODULE", "0x18febc", "0x74f10000", "Arg2", "IN", "LPCSTR", "0x18fec0", "GetVersionExA" ], "Timesptamp": "00000000.884104", "FunctionName": "GetProcAddress", "ModuleName": "kernel32.dll", "Return": "0x74f23519", "Status": 0 }
{ "Address": "0x4ad4e5fc", "Opcode": "ff1508e0d54a", "Opcodesize": 6, "Mnemonic": "call dword ptr [0x4ad5e008]", "PID": 1336, "TID": 160, "Arguments": [ "Arg1", "IN", "HMODULE", "0x18febc", "0x74f10000", "Arg2", "IN", "LPCSTR", "0x18fec0", "GetTickCount" ], "Timesptamp": "00000000.892888", "FunctionName": "GetProcAddress", "ModuleName": "kernel32.dll", "Return": "0x74f2110c", "Status": 0 }
{ "Address": "0x4ad4e610", "Opcode": "ff1508e0d54a", "Opcodesize": 6, "Mnemonic": "call dword ptr [0x4ad5e008]", "PID": 1336, "TID": 160, "Arguments": [ "Arg1", "IN", "HMODULE", "0x18febc", "0x74f10000", "Arg2", "IN", "LPCSTR", "0x18fec0", "HeapAlloc" ], "Timesptamp": "00000000.901994", "FunctionName": "GetProcAddress", "ModuleName": "kernel32.dll", "Return": "0x7706e026", "Status": 0 }
{ "Address": "0x4ad4e624", "Opcode": "ff1508e0d54a", "Opcodesize": 6, "Mnemonic": "call dword ptr [0x4ad5e008]", "PID": 1336, "TID": 160, "Arguments": [ "Arg1", "IN", "HMODULE", "0x18febc", "0x74f10000", "Arg2", "IN", "LPCSTR", "0x18fec0", "HeapFree" ], "Timesptamp": "00000000.912842", "FunctionName": "GetProcAddress", "ModuleName": "kernel32.dll", "Return": "0x74f214c9", "Status": 0 }
{ "Address": "0x4ad4e638", "Opcode": "ff1508e0d54a", "Opcodesize": 6, "Mnemonic": "call dword ptr [0x4ad5e008]", "PID": 1336, "TID": 160, "Arguments": [ "Arg1", "IN", "HMODULE", "0x18febc", "0x74f10000", "Arg2", "IN", "LPCSTR", "0x18fec0", "HeapCreate" ], "Timesptamp": "00000000.921686", "FunctionName": "GetProcAddress", "ModuleName": "kernel32.dll", "Return": "0x74f24a2d", "Status": 0 }
{ "Address": "0x4ad4e64c", "Opcode": "ff1508e0d54a", "Opcodesize": 6, "Mnemonic": "call dword ptr [0x4ad5e008]", "PID": 1336, "TID": 160, "Arguments": [ "Arg1", "IN", "HMODULE", "0x18febc", "0x74f10000", "Arg2", "IN", "LPCSTR", "0x18fec0", "InitializeCriticalSection" ], "Timesptamp": "00000000.930568", "FunctionName": "GetProcAddress", "ModuleName": "kernel32.dll", "Return": "0x77072c42", "Status": 0 }
{ "Address": "0x4ad4e660", "Opcode": "ff1508e0d54a", "Opcodesize": 6, "Mnemonic": "call dword ptr [0x4ad5e008]", "PID": 1336, "TID": 160, "Arguments": [ "Arg1", "IN", "HMODULE", "0x18febc", "0x74f10000", "Arg2", "IN", "LPCSTR", "0x18fec0", "DeleteCriticalSection" ], "Timesptamp": "00000000.939424", "FunctionName": "GetProcAddress", "ModuleName": "kernel32.dll", "Return": "0x770745f5", "Status": 0 }
{ "Address": "0x4ad4e674", "Opcode": "ff1508e0d54a", "Opcodesize": 6, "Mnemonic": "call dword ptr [0x4ad5e008]", "PID": 1336, "TID": 160, "Arguments": [ "Arg1", "IN", "HMODULE", "0x18febc", "0x74f10000", "Arg2", "IN", "LPCSTR", "0x18fec0", "LeaveCriticalSection" ], "Timesptamp": "00000000.947258", "FunctionName": "GetProcAddress", "ModuleName": "kernel32.dll", "Return": "0x77062270", "Status": 0 }
{ "Address": "0x4ad4e688", "Opcode": "ff1508e0d54a", "Opcodesize": 6, "Mnemonic": "call dword ptr [0x4ad5e008]", "PID": 1336, "TID": 160, "Arguments": [ "Arg1", "IN", "HMODULE", "0x18febc", "0x74f10000", "Arg2", "IN", "LPCSTR", "0x18fec0", "LoadLibraryA" ], "Timesptamp": "00000000.956115", "FunctionName": "GetProcAddress", "ModuleName": "kernel32.dll", "Return": "0x74f249d7", "Status": 0 }
{ "Address": "0x4ad4e69c", "Opcode": "ff1508e0d54a", "Opcodesize": 6, "Mnemonic": "call dword ptr [0x4ad5e008]", "PID": 1336, "TID": 160, "Arguments": [ "Arg1", "IN", "HMODULE", "0x18febc", "0x74f10000", "Arg2", "IN", "LPCSTR", "0x18fec0", "LoadLibraryExA" ], "Timesptamp": "00000000.966771", "FunctionName": "GetProcAddress", "ModuleName": "kernel32.dll", "Return": "0x74f24913", "Status": 0 }
{ "Address": "0x4ad4e6b0", "Opcode": "ff1508e0d54a", "Opcodesize": 6, "Mnemonic": "call dword ptr [0x4ad5e008]", "PID": 1336, "TID": 160, "Arguments": [ "Arg1", "IN", "HMODULE", "0x18febc", "0x74f10000", "Arg2", "IN", "LPCSTR", "0x18fec0", "LocalAlloc" ], "Timesptamp": "00000000.975798", "FunctionName": "GetProcAddress", "ModuleName": "kernel32.dll", "Return": "0x74f2168c", "Status": 0 }
{ "Address": "0x4ad4e6c4", "Opcode": "ff1508e0d54a", "Opcodesize": 6, "Mnemonic": "call dword ptr [0x4ad5e008]", "PID": 1336, "TID": 160, "Arguments": [ "Arg1", "IN", "HMODULE", "0x18febc", "0x74f10000", "Arg2", "IN", "LPCSTR", "0x18fec0", "LocalFree" ], "Timesptamp": "00000000.984727", "FunctionName": "GetProcAddress", "ModuleName": "kernel32.dll", "Return": "0x74f22d3c", "Status": 0 }
{ "Address": "0x4ad4e6d8", "Opcode": "ff1508e0d54a", "Opcodesize": 6, "Mnemonic": "call dword ptr [0x4ad5e008]", "PID": 1336, "TID": 160, "Arguments": [ "Arg1", "IN", "HMODULE", "0x18febc", "0x74f10000", "Arg2", "IN", "LPCSTR", "0x18fec0", "LockFile" ], "Timesptamp": "00000000.993657", "FunctionName": "GetProcAddress", "ModuleName": "kernel32.dll", "Return": "0x74f4cf1e", "Status": 0 }
{ "Address": "0x4ad4e6ec", "Opcode": "ff1508e0d54a", "Opcodesize": 6, "Mnemonic": "call dword ptr [0x4ad5e008]", "PID": 1336, "TID": 160, "Arguments": [ "Arg1", "IN", "HMODULE", "0x18febc", "0x74f10000", "Arg2", "IN", "LPCSTR", "0x18fec0", "MapViewOfFile" ], "Timesptamp": "00000001.002542", "FunctionName": "GetProcAddress", "ModuleName": "kernel32.dll", "Return": "0x74f218f1", "Status": 0 }
{ "Address": "0x4ad4e700", "Opcode": "ff1508e0d54a", "Opcodesize": 6, "Mnemonic": "call dword ptr [0x4ad5e008]", "PID": 1336, "TID": 160, "Arguments": [ "Arg1", "IN", "HMODULE", "0x18febc", "0x74f10000", "Arg2", "IN", "LPCSTR", "0x18fec0", "MultiByteToWideChar" ], "Timesptamp": "00000001.011044", "FunctionName": "GetProcAddress", "ModuleName": "kernel32.dll", "Return": "0x74f2192e", "Status": 0 }
{ "Address": "0x4ad4e714", "Opcode": "ff1508e0d54a", "Opcodesize": 6, "Mnemonic": "call dword ptr [0x4ad5e008]", "PID": 1336, "TID": 160, "Arguments": [ "Arg1", "IN", "HMODULE", "0x18febc", "0x74f10000", "Arg2", "IN", "LPCSTR", "0x18fec0", "OpenProcess" ], "Timesptamp": "00000001.018967", "FunctionName": "GetProcAddress", "ModuleName": "kernel32.dll", "Return": "0x74f21986", "Status": 0 }
{ "Address": "0x4ad4e728", "Opcode": "ff1508e0d54a", "Opcodesize": 6, "Mnemonic": "call dword ptr [0x4ad5e008]", "PID": 1336, "TID": 160, "Arguments": [ "Arg1", "IN", "HMODULE", "0x18febc", "0x74f10000", "Arg2", "IN", "LPCSTR", "0x18fec0", "RaiseException" ], "Timesptamp": "00000001.028308", "FunctionName": "GetProcAddress", "ModuleName": "kernel32.dll", "Return": "0x74f258a6", "Status": 0 }
{ "Address": "0x4ad4e73c", "Opcode": "ff1508e0d54a", "Opcodesize": 6, "Mnemonic": "call dword ptr [0x4ad5e008]", "PID": 1336, "TID": 160, "Arguments": [ "Arg1", "IN", "HMODULE", "0x18febc", "0x74f10000", "Arg2", "IN", "LPCSTR", "0x18fec0", "ReadFile" ], "Timesptamp": "00000001.037373", "FunctionName": "GetProcAddress", "ModuleName": "kernel32.dll", "Return": "0x74f23ed3", "Status": 0 }
{ "Address": "0x4ad4e750", "Opcode": "ff1508e0d54a", "Opcodesize": 6, "Mnemonic": "call dword ptr [0x4ad5e008]", "PID": 1336, "TID": 160, "Arguments": [ "Arg1", "IN", "HMODULE", "0x18febc", "0x74f10000", "Arg2", "IN", "LPCSTR", "0x18fec0", "SetEnvironmentVariableA" ], "Timesptamp": "00000001.046247", "FunctionName": "GetProcAddress", "ModuleName": "kernel32.dll", "Return": "0x74f2e331", "Status": 0 }
{ "Address": "0x4ad4e764", "Opcode": "ff1508e0d54a", "Opcodesize": 6, "Mnemonic": "call dword ptr [0x4ad5e008]", "PID": 1336, "TID": 160, "Arguments": [ "Arg1", "IN", "HMODULE", "0x18febc", "0x74f10000", "Arg2", "IN", "LPCSTR", "0x18fec0", "SetEvent" ], "Timesptamp": "00000001.057428", "FunctionName": "GetProcAddress", "ModuleName": "kernel32.dll", "Return": "0x74f216c5", "Status": 0 }
{ "Address": "0x4ad4e778", "Opcode": "ff1508e0d54a", "Opcodesize": 6, "Mnemonic": "call dword ptr [0x4ad5e008]", "PID": 1336, "TID": 160, "Arguments": [ "Arg1", "IN", "HMODULE", "0x18febc", "0x74f10000", "Arg2", "IN", "LPCSTR", "0x18fec0", "SetFilePointer" ], "Timesptamp": "00000001.071485", "FunctionName": "GetProcAddress", "ModuleName": "kernel32.dll", "Return": "0x74f217d1", "Status": 0 }
{ "Address": "0x4ad4e78c", "Opcode": "ff1508e0d54a", "Opcodesize": 6, "Mnemonic": "call dword ptr [0x4ad5e008]", "PID": 1336, "TID": 160, "Arguments": [ "Arg1", "IN", "HMODULE", "0x18febc", "0x74f10000", "Arg2", "IN", "LPCSTR", "0x18fec0", "SetLastError" ], "Timesptamp": "00000001.080378", "FunctionName": "GetProcAddress", "ModuleName": "kernel32.dll", "Return": "0x74f211a9", "Status": 0 }
{ "Address": "0x4ad4e7a0", "Opcode": "ff1508e0d54a", "Opcodesize": 6, "Mnemonic": "call dword ptr [0x4ad5e008]", "PID": 1336, "TID": 160, "Arguments": [ "Arg1", "IN", "HMODULE", "0x18febc", "0x74f10000", "Arg2", "IN", "LPCSTR", "0x18fec0", "SetUnhandledExceptionFilter" ], "Timesptamp": "00000001.089571", "FunctionName": "GetProcAddress", "ModuleName": "kernel32.dll", "Return": "0x74f287c9", "Status": 0 }
{ "Address": "0x4ad4e7b4", "Opcode": "ff1508e0d54a", "Opcodesize": 6, "Mnemonic": "call dword ptr [0x4ad5e008]", "PID": 1336, "TID": 160, "Arguments": [ "Arg1", "IN", "HMODULE", "0x18febc", "0x74f10000", "Arg2", "IN", "LPCSTR", "0x18fec0", "Sleep" ], "Timesptamp": "00000001.099939", "FunctionName": "GetProcAddress", "ModuleName": "kernel32.dll", "Return": "0x74f210ff", "Status": 0 }
{ "Address": "0x4ad4e7c8", "Opcode": "ff1508e0d54a", "Opcodesize": 6, "Mnemonic": "call dword ptr [0x4ad5e008]", "PID": 1336, "TID": 160, "Arguments": [ "Arg1", "IN", "HMODULE", "0x18febc", "0x74f10000", "Arg2", "IN", "LPCSTR", "0x18fec0", "TerminateProcess" ], "Timesptamp": "00000001.109238", "FunctionName": "GetProcAddress", "ModuleName": "kernel32.dll", "Return": "0x74f3d802", "Status": 0 }
{ "Address": "0x4ad4e7dc", "Opcode": "ff1508e0d54a", "Opcodesize": 6, "Mnemonic": "call dword ptr [0x4ad5e008]", "PID": 1336, "TID": 160, "Arguments": [ "Arg1", "IN", "HMODULE", "0x18febc", "0x74f10000", "Arg2", "IN", "LPCSTR", "0x18fec0", "UnlockFile" ], "Timesptamp": "00000001.118245", "FunctionName": "GetProcAddress", "ModuleName": "kernel32.dll", "Return": "0x74f4cf36", "Status": 0 }
{ "Address": "0x4ad4e7f0", "Opcode": "ff1508e0d54a", "Opcodesize": 6, "Mnemonic": "call dword ptr [0x4ad5e008]", "PID": 1336, "TID": 160, "Arguments": [ "Arg1", "IN", "HMODULE", "0x18febc", "0x74f10000", "Arg2", "IN", "LPCSTR", "0x18fec0", "UnmapViewOfFile" ], "Timesptamp": "00000001.127255", "FunctionName": "GetProcAddress", "ModuleName": "kernel32.dll", "Return": "0x74f21826", "Status": 0 }
{ "Address": "0x4ad4e804", "Opcode": "ff1508e0d54a", "Opcodesize": 6, "Mnemonic": "call dword ptr [0x4ad5e008]", "PID": 1336, "TID": 160, "Arguments": [ "Arg1", "IN", "HMODULE", "0x18febc", "0x74f10000", "Arg2", "IN", "LPCSTR", "0x18fec0", "VirtualAlloc" ], "Timesptamp": "00000001.137829", "FunctionName": "GetProcAddress", "ModuleName": "kernel32.dll", "Return": "0x74f21856", "Status": 0 }
{ "Address": "0x4ad4e818", "Opcode": "ff1508e0d54a", "Opcodesize": 6, "Mnemonic": "call dword ptr [0x4ad5e008]", "PID": 1336, "TID": 160, "Arguments": [ "Arg1", "IN", "HMODULE", "0x18febc", "0x74f10000", "Arg2", "IN", "LPCSTR", "0x18fec0", "VirtualFree" ], "Timesptamp": "00000001.146804", "FunctionName": "GetProcAddress", "ModuleName": "kernel32.dll", "Return": "0x74f2186e", "Status": 0 }
{ "Address": "0x4ad4e82c", "Opcode": "ff1508e0d54a", "Opcodesize": 6, "Mnemonic": "call dword ptr [0x4ad5e008]", "PID": 1336, "TID": 160, "Arguments": [ "Arg1", "IN", "HMODULE", "0x18febc", "0x74f10000", "Arg2", "IN", "LPCSTR", "0x18fec0", "VirtualProtect" ], "Timesptamp": "00000001.155694", "FunctionName": "GetProcAddress", "ModuleName": "kernel32.dll", "Return": "0x74f2435f", "Status": 0 }
{ "Address": "0x4ad4e840", "Opcode": "ff1508e0d54a", "Opcodesize": 6, "Mnemonic": "call dword ptr [0x4ad5e008]", "PID": 1336, "TID": 160, "Arguments": [ "Arg1", "IN", "HMODULE", "0x18febc", "0x74f10000", "Arg2", "IN", "LPCSTR", "0x18fec0", "VirtualQuery" ], "Timesptamp": "00000001.164779", "FunctionName": "GetProcAddress", "ModuleName": "kernel32.dll", "Return": "0x74f2445a", "Status": 0 }
{ "Address": "0x4ad4e854", "Opcode": "ff1508e0d54a", "Opcodesize": 6, "Mnemonic": "call dword ptr [0x4ad5e008]", "PID": 1336, "TID": 160, "Arguments": [ "Arg1", "IN", "HMODULE", "0x18febc", "0x74f10000", "Arg2", "IN", "LPCSTR", "0x18fec0", "WaitForSingleObject" ], "Timesptamp": "00000001.173659", "FunctionName": "GetProcAddress", "ModuleName": "kernel32.dll", "Return": "0x74f21136", "Status": 0 }
{ "Address": "0x4ad4e868", "Opcode": "ff1508e0d54a", "Opcodesize": 6, "Mnemonic": "call dword ptr [0x4ad5e008]", "PID": 1336, "TID": 160, "Arguments": [ "Arg1", "IN", "HMODULE", "0x18febc", "0x74f10000", "Arg2", "IN", "LPCSTR", "0x18fec0", "WideCharToMultiByte" ], "Timesptamp": "00000001.184740", "FunctionName": "GetProcAddress", "ModuleName": "kernel32.dll", "Return": "0x74f2170d", "Status": 0 }
{ "Address": "0x4ad4e87c", "Opcode": "ff1508e0d54a", "Opcodesize": 6, "Mnemonic": "call dword ptr [0x4ad5e008]", "PID": 1336, "TID": 160, "Arguments": [ "Arg1", "IN", "HMODULE", "0x18febc", "0x74f10000", "Arg2", "IN", "LPCSTR", "0x18fec0", "WriteFile" ], "Timesptamp": "00000001.193621", "FunctionName": "GetProcAddress", "ModuleName": "kernel32.dll", "Return": "0x74f21282", "Status": 0 }
{ "Address": "0x4ad4e890", "Opcode": "ff1508e0d54a", "Opcodesize": 6, "Mnemonic": "call dword ptr [0x4ad5e008]", "PID": 1336, "TID": 160, "Arguments": [ "Arg1", "IN", "HMODULE", "0x18febc", "0x74f10000", "Arg2", "IN", "LPCSTR", "0x18fec0", "lstrcmpiA" ], "Timesptamp": "00000001.202502", "FunctionName": "GetProcAddress", "ModuleName": "kernel32.dll", "Return": "0x74f23e8e", "Status": 0 }
{ "Address": "0x4ad4e8a0", "Opcode": "ff158017d64a", "Opcodesize": 6, "Mnemonic": "call dword ptr [0x4ad61780]", "PID": 1336, "TID": 160, "Arguments": [ "Arg1", "IN", "LPCTSTR", "0x18fec0", "user32.dll" ], "Timesptamp": "00000001.211387", "FunctionName": "LoadLibraryA", "ModuleName": "kernel32.dll", "Return": "0x74d30000", "Status": 0 }
{ "Address": "0x4ad4e8c9", "Opcode": "ff1508e0d54a", "Opcodesize": 6, "Mnemonic": "call dword ptr [0x4ad5e008]", "PID": 1336, "TID": 160, "Arguments": [ "Arg1", "IN", "HMODULE", "0x18febc", "0x74d30000", "Arg2", "IN", "LPCSTR", "0x18fec0", "ChangeDisplaySettingsA" ], "Timesptamp": "00000001.221741", "FunctionName": "GetProcAddress", "ModuleName": "kernel32.dll", "Return": "0x74da706c", "Status": 0 }
{ "Address": "0x4ad4e8dd", "Opcode": "ff1508e0d54a", "Opcodesize": 6, "Mnemonic": "call dword ptr [0x4ad5e008]", "PID": 1336, "TID": 160, "Arguments": [ "Arg1", "IN", "HMODULE", "0x18febc", "0x74d30000", "Arg2", "IN", "LPCSTR", "0x18fec0", "CharUpperBuffA" ], "Timesptamp": "00000001.232122", "FunctionName": "GetProcAddress", "ModuleName": "kernel32.dll", "Return": "0x74d4fe47", "Status": 0 }
{ "Address": "0x4ad4e8f1", "Opcode": "ff1508e0d54a", "Opcodesize": 6, "Mnemonic": "call dword ptr [0x4ad5e008]", "PID": 1336, "TID": 160, "Arguments": [ "Arg1", "IN", "HMODULE", "0x18febc", "0x74d30000", "Arg2", "IN", "LPCSTR", "0x18fec0", "LoadImageA" ], "Timesptamp": "00000001.241185", "FunctionName": "GetProcAddress", "ModuleName": "kernel32.dll", "Return": "0x74d58455", "Status": 0 }
{ "Address": "0x4ad4e905", "Opcode": "ff1508e0d54a", "Opcodesize": 6, "Mnemonic": "call dword ptr [0x4ad5e008]", "PID": 1336, "TID": 160, "Arguments": [ "Arg1", "IN", "HMODULE", "0x18febc", "0x74d30000", "Arg2", "IN", "LPCSTR", "0x18fec0", "MessageBoxA" ], "Timesptamp": "00000001.250065", "FunctionName": "GetProcAddress", "ModuleName": "kernel32.dll", "Return": "0x74d9fd1e", "Status": 0 }
{ "Address": "0x4ad4e919", "Opcode": "ff1508e0d54a", "Opcodesize": 6, "Mnemonic": "call dword ptr [0x4ad5e008]", "PID": 1336, "TID": 160, "Arguments": [ "Arg1", "IN", "HMODULE", "0x18febc", "0x74d30000", "Arg2", "IN", "LPCSTR", "0x18fec0", "wsprintfA" ], "Timesptamp": "00000001.259193", "FunctionName": "GetProcAddress", "ModuleName": "kernel32.dll", "Return": "0x74d5ae5f", "Status": 0 }
{ "Address": "0x4ad4e92d", "Opcode": "ff1508e0d54a", "Opcodesize": 6, "Mnemonic": "call dword ptr [0x4ad5e008]", "PID": 1336, "TID": 160, "Arguments": [ "Arg1", "IN", "HMODULE", "0x18febc", "0x74d30000", "Arg2", "IN", "LPCSTR", "0x18fec0", "wvsprintfA" ], "Timesptamp": "00000001.268069", "FunctionName": "GetProcAddress", "ModuleName": "kernel32.dll", "Return": "0x74d5aad3", "Status": 0 }
{ "Address": "0x4ad4e93d", "Opcode": "ff158017d64a", "Opcodesize": 6, "Mnemonic": "call dword ptr [0x4ad61780]", "PID": 1336, "TID": 160, "Arguments": [ "Arg1", "IN", "LPCTSTR", "0x18fec0", "gdi32.dll" ], "Timesptamp": "00000001.278390", "FunctionName": "LoadLibraryA", "ModuleName": "kernel32.dll", "Return": "0x76b80000", "Status": 0 }
{ "Address": "0x4ad4e966", "Opcode": "ff1508e0d54a", "Opcodesize": 6, "Mnemonic": "call dword ptr [0x4ad5e008]", "PID": 1336, "TID": 160, "Arguments": [ "Arg1", "IN", "HMODULE", "0x18febc", "0x76b80000", "Arg2", "IN", "LPCSTR", "0x18fec0", "AddFontResourceA" ], "Timesptamp": "00000001.288486", "FunctionName": "GetProcAddress", "ModuleName": "kernel32.dll", "Return": "0x76bbd7bb", "Status": 0 }
{ "Address": "0x4ad4e97a", "Opcode": "ff1508e0d54a", "Opcodesize": 6, "Mnemonic": "call dword ptr [0x4ad5e008]", "PID": 1336, "TID": 160, "Arguments": [ "Arg1", "IN", "HMODULE", "0x18febc", "0x76b80000", "Arg2", "IN", "LPCSTR", "0x18fec0", "CreateCompatibleDC" ], "Timesptamp": "00000001.297343", "FunctionName": "GetProcAddress", "ModuleName": "kernel32.dll", "Return": "0x76b954f4", "Status": 0 }
{ "Address": "0x4ad4e98e", "Opcode": "ff1508e0d54a", "Opcodesize": 6, "Mnemonic": "call dword ptr [0x4ad5e008]", "PID": 1336, "TID": 160, "Arguments": [ "Arg1", "IN", "HMODULE", "0x18febc", "0x76b80000", "Arg2", "IN", "LPCSTR", "0x18fec0", "CreateDIBSection" ], "Timesptamp": "00000001.306370", "FunctionName": "GetProcAddress", "ModuleName": "kernel32.dll", "Return": "0x76b9ac46", "Status": 0 }
{ "Address": "0x4ad4e9a2", "Opcode": "ff1508e0d54a", "Opcodesize": 6, "Mnemonic": "call dword ptr [0x4ad5e008]", "PID": 1336, "TID": 160, "Arguments": [ "Arg1", "IN", "HMODULE", "0x18febc", "0x76b80000", "Arg2", "IN", "LPCSTR", "0x18fec0", "DeleteDC" ], "Timesptamp": "00000001.315244", "FunctionName": "GetProcAddress", "ModuleName": "kernel32.dll", "Return": "0x76b958b3", "Status": 0 }
{ "Address": "0x4ad4e9b6", "Opcode": "ff1508e0d54a", "Opcodesize": 6, "Mnemonic": "call dword ptr [0x4ad5e008]", "PID": 1336, "TID": 160, "Arguments": [ "Arg1", "IN", "HMODULE", "0x18febc", "0x76b80000", "Arg2", "IN", "LPCSTR", "0x18fec0", "RemoveFontResourceA" ], "Timesptamp": "00000001.325581", "FunctionName": "GetProcAddress", "ModuleName": "kernel32.dll", "Return": "0x76bbda7f", "Status": 0 }
{ "Address": "0x4ad4e9ca", "Opcode": "ff1508e0d54a", "Opcodesize": 6, "Mnemonic": "call dword ptr [0x4ad5e008]", "PID": 1336, "TID": 160, "Arguments": [ "Arg1", "IN", "HMODULE", "0x18febc", "0x74d30000", "Arg2", "IN", "LPCSTR", "0x18fec0", "BeginPaint" ], "Timesptamp": "00000001.334534", "FunctionName": "GetProcAddress", "ModuleName": "kernel32.dll", "Return": "0x74d51361", "Status": 0 }
{ "Address": "0x4ad4e9de", "Opcode": "ff1508e0d54a", "Opcodesize": 6, "Mnemonic": "call dword ptr [0x4ad5e008]", "PID": 1336, "TID": 160, "Arguments": [ "Arg1", "IN", "HMODULE", "0x18febc", "0x74d30000", "Arg2", "IN", "LPCSTR", "0x18fec0", "EndPaint" ], "Timesptamp": "00000001.343404", "FunctionName": "GetProcAddress", "ModuleName": "kernel32.dll", "Return": "0x74d51341", "Status": 0 }
{ "Address": "0x4ad4e9f2", "Opcode": "ff1508e0d54a", "Opcodesize": 6, "Mnemonic": "call dword ptr [0x4ad5e008]", "PID": 1336, "TID": 160, "Arguments": [ "Arg1", "IN", "HMODULE", "0x18febc", "0x76b80000", "Arg2", "IN", "LPCSTR", "0x18fec0", "GetObjectA" ], "Timesptamp": "00000001.352472", "FunctionName": "GetProcAddress", "ModuleName": "kernel32.dll", "Return": "0x76b985d4", "Status": 0 }
{ "Address": "0x4ad4ea06", "Opcode": "ff1508e0d54a", "Opcodesize": 6, "Mnemonic": "call dword ptr [0x4ad5e008]", "PID": 1336, "TID": 160, "Arguments": [ "Arg1", "IN", "HMODULE", "0x18febc", "0x76b80000", "Arg2", "IN", "LPCSTR", "0x18fec0", "SelectObject" ], "Timesptamp": "00000001.361412", "FunctionName": "GetProcAddress", "ModuleName": "kernel32.dll", "Return": "0x76b94f70", "Status": 0 }
{ "Address": "0x4ad4ea1a", "Opcode": "ff1508e0d54a", "Opcodesize": 6, "Mnemonic": "call dword ptr [0x4ad5e008]", "PID": 1336, "TID": 160, "Arguments": [ "Arg1", "IN", "HMODULE", "0x18febc", "0x76b80000", "Arg2", "IN", "LPCSTR", "0x18fec0", "DeleteObject" ], "Timesptamp": "00000001.371934", "FunctionName": "GetProcAddress", "ModuleName": "kernel32.dll", "Return": "0x76b95689", "Status": 0 }
{ "Address": "0x4ad4ea2e", "Opcode": "ff1508e0d54a", "Opcodesize": 6, "Mnemonic": "call dword ptr [0x4ad5e008]", "PID": 1336, "TID": 160, "Arguments": [ "Arg1", "IN", "HMODULE", "0x18febc", "0x76b80000", "Arg2", "IN", "LPCSTR", "0x18fec0", "BitBlt" ], "Timesptamp": "00000001.381013", "FunctionName": "GetProcAddress", "ModuleName": "kernel32.dll", "Return": "0x76b95ea6", "Status": 0 }
{ "Address": "0x4ad4ea42", "Opcode": "ff1508e0d54a", "Opcodesize": 6, "Mnemonic": "call dword ptr [0x4ad5e008]", "PID": 1336, "TID": 160, "Arguments": [ "Arg1", "IN", "HMODULE", "0x18febc", "0x74d30000", "Arg2", "IN", "LPCSTR", "0x18fec0", "GetWindowThreadProcessId" ], "Timesptamp": "00000001.389909", "FunctionName": "GetProcAddress", "ModuleName": "kernel32.dll", "Return": "0x74d491b4", "Status": 0 }
{ "Address": "0x4ad4ea56", "Opcode": "ff1508e0d54a", "Opcodesize": 6, "Mnemonic": "call dword ptr [0x4ad5e008]", "PID": 1336, "TID": 160, "Arguments": [ "Arg1", "IN", "HMODULE", "0x18febc", "0x74d30000", "Arg2", "IN", "LPCSTR", "0x18fec0", "SetActiveWindow" ], "Timesptamp": "00000001.398997", "FunctionName": "GetProcAddress", "ModuleName": "kernel32.dll", "Return": "0x74d53208", "Status": 0 }
{ "Address": "0x4ad4ea6a", "Opcode": "ff1508e0d54a", "Opcodesize": 6, "Mnemonic": "call dword ptr [0x4ad5e008]", "PID": 1336, "TID": 160, "Arguments": [ "Arg1", "IN", "HMODULE", "0x18febc", "0x74d30000", "Arg2", "IN", "LPCSTR", "0x18fec0", "SetForegroundWindow" ], "Timesptamp": "00000001.407919", "FunctionName": "GetProcAddress", "ModuleName": "kernel32.dll", "Return": "0x74d6f170", "Status": 0 }
{ "Address": "0x4ad4ea7e", "Opcode": "ff1508e0d54a", "Opcodesize": 6, "Mnemonic": "call dword ptr [0x4ad5e008]", "PID": 1336, "TID": 160, "Arguments": [ "Arg1", "IN", "HMODULE", "0x18febc", "0x74d30000", "Arg2", "IN", "LPCSTR", "0x18fec0", "RegisterClassExA" ], "Timesptamp": "00000001.418284", "FunctionName": "GetProcAddress", "ModuleName": "kernel32.dll", "Return": "0x74d4db98", "Status": 0 }
{ "Address": "0x4ad4ea92", "Opcode": "ff1508e0d54a", "Opcodesize": 6, "Mnemonic": "call dword ptr [0x4ad5e008]", "PID": 1336, "TID": 160, "Arguments": [ "Arg1", "IN", "HMODULE", "0x18febc", "0x74d30000", "Arg2", "IN", "LPCSTR", "0x18fec0", "GetSystemMetrics" ], "Timesptamp": "00000001.427444", "FunctionName": "GetProcAddress", "ModuleName": "kernel32.dll", "Return": "0x74d47d2f", "Status": 0 }
{ "Address": "0x4ad4eaa6", "Opcode": "ff1508e0d54a", "Opcodesize": 6, "Mnemonic": "call dword ptr [0x4ad5e008]", "PID": 1336, "TID": 160, "Arguments": [ "Arg1", "IN", "HMODULE", "0x18febc", "0x74d30000", "Arg2", "IN", "LPCSTR", "0x18fec0", "CreateWindowExA" ], "Timesptamp": "00000001.436416", "FunctionName": "GetProcAddress", "ModuleName": "kernel32.dll", "Return": "0x74d4d22e", "Status": 0 }
{ "Address": "0x4ad4eaba", "Opcode": "ff1508e0d54a", "Opcodesize": 6, "Mnemonic": "call dword ptr [0x4ad5e008]", "PID": 1336, "TID": 160, "Arguments": [ "Arg1", "IN", "HMODULE", "0x18febc", "0x74d30000", "Arg2", "IN", "LPCSTR", "0x18fec0", "GetMessageA" ], "Timesptamp": "00000001.446622", "FunctionName": "GetProcAddress", "ModuleName": "kernel32.dll", "Return": "0x74d47bd3", "Status": 0 }
{ "Address": "0x4ad4eace", "Opcode": "ff1508e0d54a", "Opcodesize": 6, "Mnemonic": "call dword ptr [0x4ad5e008]", "PID": 1336, "TID": 160, "Arguments": [ "Arg1", "IN", "HMODULE", "0x18febc", "0x74d30000", "Arg2", "IN", "LPCSTR", "0x18fec0", "TranslateMessage" ], "Timesptamp": "00000001.455520", "FunctionName": "GetProcAddress", "ModuleName": "kernel32.dll", "Return": "0x74d47809", "Status": 0 }
{ "Address": "0x4ad4eae2", "Opcode": "ff1508e0d54a", "Opcodesize": 6, "Mnemonic": "call dword ptr [0x4ad5e008]", "PID": 1336, "TID": 160, "Arguments": [ "Arg1", "IN", "HMODULE", "0x18febc", "0x74d30000", "Arg2", "IN", "LPCSTR", "0x18fec0", "DispatchMessageA" ], "Timesptamp": "00000001.465911", "FunctionName": "GetProcAddress", "ModuleName": "kernel32.dll", "Return": "0x74d47bbb", "Status": 0 }
{ "Address": "0x4ad4eaf6", "Opcode": "ff1508e0d54a", "Opcodesize": 6, "Mnemonic": "call dword ptr [0x4ad5e008]", "PID": 1336, "TID": 160, "Arguments": [ "Arg1", "IN", "HMODULE", "0x18febc", "0x74d30000", "Arg2", "IN", "LPCSTR", "0x18fec0", "DestroyWindow" ], "Timesptamp": "00000001.475040", "FunctionName": "GetProcAddress", "ModuleName": "kernel32.dll", "Return": "0x74d49a55", "Status": 0 }
{ "Address": "0x4ad4eb0a", "Opcode": "ff1508e0d54a", "Opcodesize": 6, "Mnemonic": "call dword ptr [0x4ad5e008]", "PID": 1336, "TID": 160, "Arguments": [ "Arg1", "IN", "HMODULE", "0x18febc", "0x74d30000", "Arg2", "IN", "LPCSTR", "0x18fec0", "EnumWindows" ], "Timesptamp": "00000001.483939", "FunctionName": "GetProcAddress", "ModuleName": "kernel32.dll", "Return": "0x74d4d1cf", "Status": 0 }
{ "Address": "0x4ad4eb1e", "Opcode": "ff1508e0d54a", "Opcodesize": 6, "Mnemonic": "call dword ptr [0x4ad5e008]", "PID": 1336, "TID": 160, "Arguments": [ "Arg1", "IN", "HMODULE", "0x18febc", "0x74d30000", "Arg2", "IN", "LPCSTR", "0x18fec0", "DefWindowProcA" ], "Timesptamp": "00000001.490878", "FunctionName": "GetProcAddress", "ModuleName": "kernel32.dll", "Return": "0x770824e0", "Status": 0 }
{ "Address": "0x4ad4eb32", "Opcode": "ff1508e0d54a", "Opcodesize": 6, "Mnemonic": "call dword ptr [0x4ad5e008]", "PID": 1336, "TID": 160, "Arguments": [ "Arg1", "IN", "HMODULE", "0x18febc", "0x74d30000", "Arg2", "IN", "LPCSTR", "0x18fec0", "PostMessageA" ], "Timesptamp": "00000001.499007", "FunctionName": "GetProcAddress", "ModuleName": "kernel32.dll", "Return": "0x74d53baa", "Status": 0 }
{ "Address": "0x4ad4eb46", "Opcode": "ff1508e0d54a", "Opcodesize": 6, "Mnemonic": "call dword ptr [0x4ad5e008]", "PID": 1336, "TID": 160, "Arguments": [ "Arg1", "IN", "HMODULE", "0x18febc", "0x74f10000", "Arg2", "IN", "LPCSTR", "0x18fec0", "CreateThread" ], "Timesptamp": "00000001.515063", "FunctionName": "GetProcAddress", "ModuleName": "kernel32.dll", "Return": "0x74f234d5", "Status": 0 }
{ "Address": "0x4ad57c74", "Opcode": "ff156c17d64a", "Opcodesize": 6, "Mnemonic": "call dword ptr [0x4ad6176c]", "PID": 1336, "TID": 160, "Arguments": [ "Arg1", "IN", "DWORD", "0x18feb4", "0x0", "Arg2", "IN", "SIZE_T", "0x18feb8", "0x10000", "Arg3", "IN", "SIZE_T", "0x18febc", "0x0" ], "Timesptamp": "00000001.524131", "FunctionName": "HeapCreate", "ModuleName": "kernel32.dll", "Return": "0x2090000", "Status": 0 }
{ "Address": "0x4ad57c40", "Opcode": "ff156417d64a", "Opcodesize": 6, "Mnemonic": "call dword ptr [0x4ad61764]", "PID": 1336, "TID": 160, "Functionname": "HeapAlloc", "Dllname": "ntdll.dll", "Status": 1 }
{ "Address": "0x4ad4dde2", "Opcode": "ff1518e0d54a", "Opcodesize": 6, "Mnemonic": "call dword ptr [0x4ad5e018]", "PID": 1336, "TID": 160, "Arguments": [ "Arg1", "IN", "LPCTSTR", "0x18fecc", "kernel32.dll" ], "Timesptamp": "00000001.544569", "FunctionName": "GetModuleHandleA", "ModuleName": "kernel32.dll", "Return": "0x74f10000", "Status": 0 }
{ "Address": "0x4ad4de06", "Opcode": "ff1504e0d54a", "Opcodesize": 6, "Mnemonic": "call dword ptr [0x4ad5e004]", "PID": 1336, "TID": 160, "Functionname": "InitializeCriticalSection", "Dllname": "ntdll.dll", "Status": 1 }
{ "Address": "0x4ad4de13", "Opcode": "ff1504e0d54a", "Opcodesize": 6, "Mnemonic": "call dword ptr [0x4ad5e004]", "PID": 1336, "TID": 160, "Functionname": "InitializeCriticalSection", "Dllname": "ntdll.dll", "Status": 1 }
{ "Address": "0x4ad4de20", "Opcode": "ff1504e0d54a", "Opcodesize": 6, "Mnemonic": "call dword ptr [0x4ad5e004]", "PID": 1336, "TID": 160, "Functionname": "InitializeCriticalSection", "Dllname": "ntdll.dll", "Status": 1 }
{ "Address": "0x4ad4de2d", "Opcode": "ff1504e0d54a", "Opcodesize": 6, "Mnemonic": "call dword ptr [0x4ad5e004]", "PID": 1336, "TID": 160, "Functionname": "InitializeCriticalSection", "Dllname": "ntdll.dll", "Status": 1 }
{ "Address": "0x4ad584e6", "Opcode": "ff15b417d64a", "Opcodesize": 6, "Mnemonic": "call dword ptr [0x4ad617b4]", "PID": 1336, "TID": 160, "Arguments": [ "Arg1", "IN", "DWORD", "0x18fed4", "0x4ad584ee" ], "Timesptamp": "00000001.592157", "FunctionName": "SetUnhandledExceptionFilter", "ModuleName": "kernel32.dll", "Return": "0x0", "Status": 0 }
{ "Address": "0x4ad4de69", "Opcode": "ff153c17d64a", "Opcodesize": 6, "Mnemonic": "call dword ptr [0x4ad6173c]", "PID": 1336, "TID": 160, "Arguments": [ "Arg1", "IN", "LPCTSTR", "0x18fe40", "kernel32.dll" ], "Timesptamp": "00000001.601620", "FunctionName": "GetModuleHandleA", "ModuleName": "kernel32.dll", "Return": "0x74f10000", "Status": 0 }
{ "Address": "0x4ad4de92", "Opcode": "ff154c17d64a", "Opcodesize": 6, "Mnemonic": "call dword ptr [0x4ad6174c]", "PID": 1336, "TID": 160, "Arguments": [ "Arg1", "IN", "HMODULE", "0x18fe3c", "0x74f10000", "Arg2", "IN", "LPCSTR", "0x18fe40", "VirtualAlloc" ], "Timesptamp": "00000001.611033", "FunctionName": "GetProcAddress", "ModuleName": "kernel32.dll", "Return": "0x74f21856", "Status": 0 }
{ "Address": "0x4ad4dec0", "Opcode": "ff55f4", "Opcodesize": 3, "Mnemonic": "call dword ptr [ebp - 0xc]", "PID": 1336, "TID": 160, "Arguments": [ "Arg1", "IN", "LPVOID", "0x18fe34", "0x0", "Arg2", "IN", "SIZE_T", "0x18fe38", "0x1000", "Arg3", "IN", "DWORD", "0x18fe3c", "0x1000", "Arg4", "IN", "DWORD", "0x18fe40", "0x4" ], "Timesptamp": "00000001.619079", "FunctionName": "VirtualAlloc", "ModuleName": "kernel32.dll", "Return": "0x270000", "Status": 0 }
{ "Address": "0x4ad4decf", "Opcode": "ff156017d64a", "Opcodesize": 6, "Mnemonic": "call dword ptr [0x4ad61760]", "PID": 1336, "TID": 160, "Arguments": [ ], "Timesptamp": "00000001.630927", "FunctionName": "GetTickCount", "ModuleName": "kernel32.dll", "Return": "0x51a34", "Status": 0 }
{ "Address": "0x4ad4dee1", "Opcode": "ff55f4", "Opcodesize": 3, "Mnemonic": "call dword ptr [ebp - 0xc]", "PID": 1336, "TID": 160, "Arguments": [ "Arg1", "IN", "LPVOID", "0x18fe34", "0x0", "Arg2", "IN", "SIZE_T", "0x18fe38", "0x1a34", "Arg3", "IN", "DWORD", "0x18fe3c", "0x2000", "Arg4", "IN", "DWORD", "0x18fe40", "0x4" ], "Timesptamp": "00000001.640310", "FunctionName": "VirtualAlloc", "ModuleName": "kernel32.dll", "Return": "0x280000", "Status": 0 }
{ "Address": "0x4ad4def7", "Opcode": "ff55f4", "Opcodesize": 3, "Mnemonic": "call dword ptr [ebp - 0xc]", "PID": 1336, "TID": 160, "Arguments": [ "Arg1", "IN", "LPVOID", "0x18fe34", "0x0", "Arg2", "IN", "SIZE_T", "0x18fe38", "0x1000", "Arg3", "IN", "DWORD", "0x18fe3c", "0x1000", "Arg4", "IN", "DWORD", "0x18fe40", "0x4" ], "Timesptamp": "00000001.649073", "FunctionName": "VirtualAlloc", "ModuleName": "kernel32.dll", "Return": "0x290000", "Status": 0 }
{ "Address": "0x4ad544b2", "Opcode": "ff15e816d64a", "Opcodesize": 6, "Mnemonic": "call dword ptr [0x4ad616e8]", "PID": 1336, "TID": 160, "Functionname": "EnterCriticalSection", "Dllname": "ntdll.dll", "Status": 1 }
{ "Address": "0x4ad5452e", "Opcode": "ff159416d64a", "Opcodesize": 6, "Mnemonic": "call dword ptr [0x4ad61694]", "PID": 1336, "TID": 160, "Arguments": [ "Arg1", "IN", "HANDLE", "0x18fdb8", "0xffffffff", "Arg2", "IN", "LPCVOID", "0x18fdbc", "0x4ad4df2e", "Arg3", "IN", "SIZE_T", "0x18fdc0", "0x2e" ], "Timesptamp": "00000001.665100", "FunctionName": "FlushInstructionCache", "ModuleName": "kernel32.dll", "Return": "TRUE", "Status": 0 }
{ "Address": "0x4ad54547", "Opcode": "ff157817d64a", "Opcodesize": 6, "Mnemonic": "call dword ptr [0x4ad61778]", "PID": 1336, "TID": 160, "Functionname": "LeaveCriticalSection", "Dllname": "ntdll.dll", "Status": 1 }
{ "Address": "0x4ad57c40", "Opcode": "ff156417d64a", "Opcodesize": 6, "Mnemonic": "call dword ptr [0x4ad61764]", "PID": 1336, "TID": 160, "Functionname": "HeapAlloc", "Dllname": "ntdll.dll", "Status": 1 }
{ "Address": "0x4ad544b2", "Opcode": "ff15e816d64a", "Opcodesize": 6, "Mnemonic": "call dword ptr [0x4ad616e8]", "PID": 1336, "TID": 160, "Functionname": "EnterCriticalSection", "Dllname": "ntdll.dll", "Status": 1 }
{ "Address": "0x4ad5452e", "Opcode": "ff159416d64a", "Opcodesize": 6, "Mnemonic": "call dword ptr [0x4ad61694]", "PID": 1336, "TID": 160, "Arguments": [ "Arg1", "IN", "HANDLE", "0x18fdb8", "0xffffffff", "Arg2", "IN", "LPCVOID", "0x18fdbc", "0x4ad4df2e", "Arg3", "IN", "SIZE_T", "0x18fdc0", "0x50" ], "Timesptamp": "00000001.695381", "FunctionName": "FlushInstructionCache", "ModuleName": "kernel32.dll", "Return": "TRUE", "Status": 0 }
{ "Address": "0x4ad54547", "Opcode": "ff157817d64a", "Opcodesize": 6, "Mnemonic": "call dword ptr [0x4ad61778]", "PID": 1336, "TID": 160, "Functionname": "LeaveCriticalSection", "Dllname": "ntdll.dll", "Status": 1 }
{ "Address": "0x4ad544b2", "Opcode": "ff15e816d64a", "Opcodesize": 6, "Mnemonic": "call dword ptr [0x4ad616e8]", "PID": 1336, "TID": 160, "Functionname": "EnterCriticalSection", "Dllname": "ntdll.dll", "Status": 1 }
{ "Address": "0x4ad5452e", "Opcode": "ff159416d64a", "Opcodesize": 6, "Mnemonic": "call dword ptr [0x4ad61694]", "PID": 1336, "TID": 160, "Arguments": [ "Arg1", "IN", "HANDLE", "0x18fdb8", "0xffffffff", "Arg2", "IN", "LPCVOID", "0x18fdbc", "0x4ad4df5c", "Arg3", "IN", "SIZE_T", "0x18fdc0", "0xaf" ], "Timesptamp": "00000001.719276", "FunctionName": "FlushInstructionCache", "ModuleName": "kernel32.dll", "Return": "TRUE", "Status": 0 }
{ "Address": "0x4ad54547", "Opcode": "ff157817d64a", "Opcodesize": 6, "Mnemonic": "call dword ptr [0x4ad61778]", "PID": 1336, "TID": 160, "Functionname": "LeaveCriticalSection", "Dllname": "ntdll.dll", "Status": 1 }
{ "Address": "0x4ad544b2", "Opcode": "ff15e816d64a", "Opcodesize": 6, "Mnemonic": "call dword ptr [0x4ad616e8]", "PID": 1336, "TID": 160, "Functionname": "EnterCriticalSection", "Dllname": "ntdll.dll", "Status": 1 }
{ "Address": "0x4ad5452e", "Opcode": "ff159416d64a", "Opcodesize": 6, "Mnemonic": "call dword ptr [0x4ad61694]", "PID": 1336, "TID": 160, "Arguments": [ "Arg1", "IN", "HANDLE", "0x18fdb8", "0xffffffff", "Arg2", "IN", "LPCVOID", "0x18fdbc", "0x4ad4df97", "Arg3", "IN", "SIZE_T", "0x18fdc0", "0x1b" ], "Timesptamp": "00000001.743376", "FunctionName": "FlushInstructionCache", "ModuleName": "kernel32.dll", "Return": "TRUE", "Status": 0 }
{ "Address": "0x4ad54547", "Opcode": "ff157817d64a", "Opcodesize": 6, "Mnemonic": "call dword ptr [0x4ad61778]", "PID": 1336, "TID": 160, "Functionname": "LeaveCriticalSection", "Dllname": "ntdll.dll", "Status": 1 }
{ "Address": "0x4ad544b2", "Opcode": "ff15e816d64a", "Opcodesize": 6, "Mnemonic": "call dword ptr [0x4ad616e8]", "PID": 1336, "TID": 160, "Functionname": "EnterCriticalSection", "Dllname": "ntdll.dll", "Status": 1 }
{ "Address": "0x4ad5452e", "Opcode": "ff159416d64a", "Opcodesize": 6, "Mnemonic": "call dword ptr [0x4ad61694]", "PID": 1336, "TID": 160, "Arguments": [ "Arg1", "IN", "HANDLE", "0x18fdb8", "0xffffffff", "Arg2", "IN", "LPCVOID", "0x18fdbc", "0x4ad4df97", "Arg3", "IN", "SIZE_T", "0x18fdc0", "0x3c" ], "Timesptamp": "00000001.762880", "FunctionName": "FlushInstructionCache", "ModuleName": "kernel32.dll", "Return": "TRUE", "Status": 0 }
{ "Address": "0x4ad54547", "Opcode": "ff157817d64a", "Opcodesize": 6, "Mnemonic": "call dword ptr [0x4ad61778]", "PID": 1336, "TID": 160, "Functionname": "LeaveCriticalSection", "Dllname": "ntdll.dll", "Status": 1 }
{ "Address": "0x4ad544b2", "Opcode": "ff15e816d64a", "Opcodesize": 6, "Mnemonic": "call dword ptr [0x4ad616e8]", "PID": 1336, "TID": 160, "Functionname": "EnterCriticalSection", "Dllname": "ntdll.dll", "Status": 1 }
{ "Address": "0x4ad5452e", "Opcode": "ff159416d64a", "Opcodesize": 6, "Mnemonic": "call dword ptr [0x4ad61694]", "PID": 1336, "TID": 160, "Arguments": [ "Arg1", "IN", "HANDLE", "0x18fdb8", "0xffffffff", "Arg2", "IN", "LPCVOID", "0x18fdbc", "0x4ad4dfb2", "Arg3", "IN", "SIZE_T", "0x18fdc0", "0x47" ], "Timesptamp": "00000001.789172", "FunctionName": "FlushInstructionCache", "ModuleName": "kernel32.dll", "Return": "TRUE", "Status": 0 }
{ "Address": "0x4ad54547", "Opcode": "ff157817d64a", "Opcodesize": 6, "Mnemonic": "call dword ptr [0x4ad61778]", "PID": 1336, "TID": 160, "Functionname": "LeaveCriticalSection", "Dllname": "ntdll.dll", "Status": 1 }
{ "Address": "0x4ad544b2", "Opcode": "ff15e816d64a", "Opcodesize": 6, "Mnemonic": "call dword ptr [0x4ad616e8]", "PID": 1336, "TID": 160, "Functionname": "EnterCriticalSection", "Dllname": "ntdll.dll", "Status": 1 }
{ "Address": "0x4ad5452e", "Opcode": "ff159416d64a", "Opcodesize": 6, "Mnemonic": "call dword ptr [0x4ad61694]", "PID": 1336, "TID": 160, "Arguments": [ "Arg1", "IN", "HANDLE", "0x18fdb8", "0xffffffff", "Arg2", "IN", "LPCVOID", "0x18fdbc", "0x4ad4dfd3", "Arg3", "IN", "SIZE_T", "0x18fdc0", "0x26" ], "Timesptamp": "00000001.811192", "FunctionName": "FlushInstructionCache", "ModuleName": "kernel32.dll", "Return": "TRUE", "Status": 0 }
{ "Address": "0x4ad54547", "Opcode": "ff157817d64a", "Opcodesize": 6, "Mnemonic": "call dword ptr [0x4ad61778]", "PID": 1336, "TID": 160, "Functionname": "LeaveCriticalSection", "Dllname": "ntdll.dll", "Status": 1 }
{ "Address": "0x4ad544b2", "Opcode": "ff15e816d64a", "Opcodesize": 6, "Mnemonic": "call dword ptr [0x4ad616e8]", "PID": 1336, "TID": 160, "Functionname": "EnterCriticalSection", "Dllname": "ntdll.dll", "Status": 1 }
{ "Address": "0x4ad5452e", "Opcode": "ff159416d64a", "Opcodesize": 6, "Mnemonic": "call dword ptr [0x4ad61694]", "PID": 1336, "TID": 160, "Arguments": [ "Arg1", "IN", "HANDLE", "0x18fdb8", "0xffffffff", "Arg2", "IN", "LPCVOID", "0x18fdbc", "0x4ad4df7e", "Arg3", "IN", "SIZE_T", "0x18fdc0", "0xb2" ], "Timesptamp": "00000001.832119", "FunctionName": "FlushInstructionCache", "ModuleName": "kernel32.dll", "Return": "TRUE", "Status": 0 }
{ "Address": "0x4ad54547", "Opcode": "ff157817d64a", "Opcodesize": 6, "Mnemonic": "call dword ptr [0x4ad61778]", "PID": 1336, "TID": 160, "Functionname": "LeaveCriticalSection", "Dllname": "ntdll.dll", "Status": 1 }
{ "Address": "0x4ad57c40", "Opcode": "ff156417d64a", "Opcodesize": 6, "Mnemonic": "call dword ptr [0x4ad61764]", "PID": 1336, "TID": 160, "Functionname": "HeapAlloc", "Dllname": "ntdll.dll", "Status": 1 }
{ "Address": "0x4ad4ee82", "Opcode": "ff153c17d64a", "Opcodesize": 6, "Mnemonic": "call dword ptr [0x4ad6173c]", "PID": 1336, "TID": 160, "Arguments": [ "Arg1", "IN", "LPCTSTR", "0x18fc84", "\"\"" ], "Timesptamp": "00000001.852971", "FunctionName": "GetModuleHandleA", "ModuleName": "kernel32.dll", "Return": "0x4ad00000", "Status": 0 }
{ "Address": "0x4ad4ee89", "Opcode": "ff153817d64a", "Opcodesize": 6, "Mnemonic": "call dword ptr [0x4ad61738]", "PID": 1336, "TID": 160, "Arguments": [ "Arg1", "IN", "HMODULE", "0x18fc84", "0x4ad00000", "Arg2", "OUT", "LPTSTR", "0x18fc88", "0x2090888", "Arg3", "IN", "DWORD", "0x18fc8c", "0x104" ], "Timesptamp": "00000001.860046", "FunctionName": "GetModuleFileNameA", "ModuleName": "kernel32.dll", "Return": "0x21", "Output1": [ "0x2090888", "C:\\Users\\lhs\\Exec\\molebox_cmd.exe" ], "Status": 0 }
{ "Address": "0x4ad4eeb1", "Opcode": "ff153c17d64a", "Opcodesize": 6, "Mnemonic": "call dword ptr [0x4ad6173c]", "PID": 1336, "TID": 160, "Arguments": [ "Arg1", "IN", "LPCTSTR", "0x18fc8c", "user32.dll" ], "Timesptamp": "00000001.867611", "FunctionName": "GetModuleHandleA", "ModuleName": "kernel32.dll", "Return": "0x74d30000", "Status": 0 }
{ "Address": "0x4ad4eeda", "Opcode": "ff154c17d64a", "Opcodesize": 6, "Mnemonic": "call dword ptr [0x4ad6174c]", "PID": 1336, "TID": 160, "Arguments": [ "Arg1", "IN", "HMODULE", "0x18fc88", "0x74d30000", "Arg2", "IN", "LPCSTR", "0x18fc8c", "MessageBoxA" ], "Timesptamp": "00000001.875637", "FunctionName": "GetProcAddress", "ModuleName": "kernel32.dll", "Return": "0x74d9fd1e", "Status": 0 }
{ "Address": "0x4ad4ef01", "Opcode": "ff158417d64a", "Opcodesize": 6, "Mnemonic": "call dword ptr [0x4ad61784]", "PID": 1336, "TID": 160, "Arguments": [ "Arg1", "IN", "UINT", "0x18fc88", "0x40", "Arg2", "IN", "SIZE_T", "0x18fc8c", "0x4000" ], "Timesptamp": "00000001.883215", "FunctionName": "LocalAlloc", "ModuleName": "kernel32.dll", "Return": "0x2b2410", "Status": 0 }
{ "Address": "0x4ad4ef13", "Opcode": "ff1500e0d54a", "Opcodesize": 6, "Mnemonic": "call dword ptr [0x4ad5e000]", "PID": 1336, "TID": 160, "Functionname": "lstrcat", "Dllname": "kernel32.dll", "Status": 1 }
{ "Address": "0x4ad4ef39", "Opcode": "ff153c17d64a", "Opcodesize": 6, "Mnemonic": "call dword ptr [0x4ad6173c]", "PID": 1336, "TID": 160, "Arguments": [ "Arg1", "IN", "LPCTSTR", "0x18fc84", "\"\"" ], "Timesptamp": "00000001.899685", "FunctionName": "GetModuleHandleA", "ModuleName": "kernel32.dll", "Return": "0x4ad00000", "Status": 0 }
{ "Address": "0x4ad4ef40", "Opcode": "ff153817d64a", "Opcodesize": 6, "Mnemonic": "call dword ptr [0x4ad61738]", "PID": 1336, "TID": 160, "Arguments": [ "Arg1", "IN", "HMODULE", "0x18fc84", "0x4ad00000", "Arg2", "OUT", "LPTSTR", "0x18fc88", "0x2b2429", "Arg3", "IN", "DWORD", "0x18fc8c", "0x104" ], "Timesptamp": "00000001.908882", "FunctionName": "GetModuleFileNameA", "ModuleName": "kernel32.dll", "Return": "0x21", "Output1": [ "0x2b2429", "C:\\Users\\lhs\\Exec\\molebox_cmd.exe" ], "Status": 0 }
{ "Address": "0x4ad4ef4f", "Opcode": "ff1500e0d54a", "Opcodesize": 6, "Mnemonic": "call dword ptr [0x4ad5e000]", "PID": 1336, "TID": 160, "Functionname": "lstrcat", "Dllname": "kernel32.dll", "Status": 1 }
{ "Address": "0x4ad4ef5e", "Opcode": "ff1500e0d54a", "Opcodesize": 6, "Mnemonic": "call dword ptr [0x4ad5e000]", "PID": 1336, "TID": 160, "Functionname": "lstrcat", "Dllname": "kernel32.dll", "Status": 1 }
{ "Address": "0x4ad4ef6d", "Opcode": "ff1500e0d54a", "Opcodesize": 6, "Mnemonic": "call dword ptr [0x4ad5e000]", "PID": 1336, "TID": 160, "Functionname": "lstrcat", "Dllname": "kernel32.dll", "Status": 1 }
