{ "Address": "0x4292ea", "Opcode": "ff1518a04300", "Opcodesize": 6, "Mnemonic": "call dword ptr [0x43a018]", "PID": 280, "TID": 1612, "Arguments": [ "Arg1", "IN", "LPCTSTR", "0x18fedc", "\"\"" ], "Timesptamp": "00000000.226158", "FunctionName": "GetModuleHandleA", "ModuleName": "kernel32.dll", "Return": "0x400000", "Status": 0 }
{ "Address": "0x4292fa", "Opcode": "ff1514a04300", "Opcodesize": 6, "Mnemonic": "call dword ptr [0x43a014]", "PID": 280, "TID": 1612, "Arguments": [ "Arg1", "IN", "UINT", "0x18fed8", "0x40", "Arg2", "IN", "SIZE_T", "0x18fedc", "0xd440" ], "Timesptamp": "00000000.236084", "FunctionName": "LocalAlloc", "ModuleName": "kernel32.dll", "Return": "0x4e1768", "Status": 0 }
{ "Address": "0x4293e8", "Opcode": "ff1514a04300", "Opcodesize": 6, "Mnemonic": "call dword ptr [0x43a014]", "PID": 280, "TID": 1612, "Arguments": [ "Arg1", "IN", "UINT", "0x18fed8", "0x40", "Arg2", "IN", "SIZE_T", "0x18fedc", "0x1a4a" ], "Timesptamp": "00000000.257278", "FunctionName": "LocalAlloc", "ModuleName": "kernel32.dll", "Return": "0x4eebb0", "Status": 0 }
{ "Address": "0x429485", "Opcode": "ff150ca04300", "Opcodesize": 6, "Mnemonic": "call dword ptr [0x43a00c]", "PID": 280, "TID": 1612, "Arguments": [ "Arg1", "IN", "HLOCAL", "0x18fedc", "0x4eebb0" ], "Timesptamp": "00000000.267292", "FunctionName": "LocalFree", "ModuleName": "kernel32.dll", "Return": "0x0", "Status": 0 }
{ "Address": "0x429490", "Opcode": "ff1518a04300", "Opcodesize": 6, "Mnemonic": "call dword ptr [0x43a018]", "PID": 280, "TID": 1612, "Arguments": [ "Arg1", "IN", "LPCTSTR", "0x18fedc", "kernel32.dll" ], "Timesptamp": "00000000.275895", "FunctionName": "GetModuleHandleA", "ModuleName": "kernel32.dll", "Return": "0x74f10000", "Status": 0 }
{ "Address": "0x4294b9", "Opcode": "ff1508a04300", "Opcodesize": 6, "Mnemonic": "call dword ptr [0x43a008]", "PID": 280, "TID": 1612, "Arguments": [ "Arg1", "IN", "HMODULE", "0x18fed8", "0x74f10000", "Arg2", "IN", "LPCSTR", "0x18fedc", "FlushInstructionCache" ], "Timesptamp": "00000000.285252", "FunctionName": "GetProcAddress", "ModuleName": "kernel32.dll", "Return": "0x74f24393", "Status": 0 }
{ "Address": "0x4294cd", "Opcode": "ff1508a04300", "Opcodesize": 6, "Mnemonic": "call dword ptr [0x43a008]", "PID": 280, "TID": 1612, "Arguments": [ "Arg1", "IN", "HMODULE", "0x18fed8", "0x74f10000", "Arg2", "IN", "LPCSTR", "0x18fedc", "GetCurrentProcess" ], "Timesptamp": "00000000.304204", "FunctionName": "GetProcAddress", "ModuleName": "kernel32.dll", "Return": "0x74f21809", "Status": 0 }
{ "Address": "0x4294f0", "Opcode": "ff55ec", "Opcodesize": 3, "Mnemonic": "call dword ptr [ebp - 0x14]", "PID": 280, "TID": 1612, "Arguments": [ ], "Timesptamp": "00000000.313570", "FunctionName": "GetCurrentProcess", "ModuleName": "kernel32.dll", "Return": "0xffffffff", "Status": 0 }
{ "Address": "0x4295c6", "Opcode": "ff1514a04300", "Opcodesize": 6, "Mnemonic": "call dword ptr [0x43a014]", "PID": 280, "TID": 1612, "Arguments": [ "Arg1", "IN", "UINT", "0x18fed8", "0x40", "Arg2", "IN", "SIZE_T", "0x18fedc", "0x9354" ], "Timesptamp": "00000000.326588", "FunctionName": "LocalAlloc", "ModuleName": "kernel32.dll", "Return": "0x4eebb0", "Status": 0 }
{ "Address": "0x42966e", "Opcode": "ff1594d64300", "Opcodesize": 6, "Mnemonic": "call dword ptr [0x43d694]", "PID": 280, "TID": 1612, "Arguments": [ "Arg1", "IN", "HANDLE", "0x18fed4", "0xffffffff", "Arg2", "IN", "LPCVOID", "0x18fed8", "0x429b82", "Arg3", "IN", "SIZE_T", "0x18fedc", "0xf67e" ], "Timesptamp": "00000000.337176", "FunctionName": "FlushInstructionCache", "ModuleName": "kernel32.dll", "Return": "TRUE", "Status": 0 }
{ "Address": "0x429678", "Opcode": "ff150ca04300", "Opcodesize": 6, "Mnemonic": "call dword ptr [0x43a00c]", "PID": 280, "TID": 1612, "Arguments": [ "Arg1", "IN", "HLOCAL", "0x18fedc", "0x4eebb0" ], "Timesptamp": "00000000.363529", "FunctionName": "LocalFree", "ModuleName": "kernel32.dll", "Return": "0x0", "Status": 0 }
{ "Address": "0x429682", "Opcode": "ff150ca04300", "Opcodesize": 6, "Mnemonic": "call dword ptr [0x43a00c]", "PID": 280, "TID": 1612, "Arguments": [ "Arg1", "IN", "HLOCAL", "0x18fedc", "0x4e1768" ], "Timesptamp": "00000000.372721", "FunctionName": "LocalFree", "ModuleName": "kernel32.dll", "Return": "0x0", "Status": 0 }
{ "Address": "0x42968d", "Opcode": "ff1504a04300", "Opcodesize": 6, "Mnemonic": "call dword ptr [0x43a004]", "PID": 280, "TID": 1612, "Functionname": "RtlInitializeCriticalSection", "Dllname": "ntdll.dll", "Status": 1 }
{ "Address": "0x42a2db", "Opcode": "ff1518a04300", "Opcodesize": 6, "Mnemonic": "call dword ptr [0x43a018]", "PID": 280, "TID": 1612, "Arguments": [ "Arg1", "IN", "LPCTSTR", "0x18fec0", "kernel32.dll" ], "Timesptamp": "00000000.400873", "FunctionName": "GetModuleHandleA", "ModuleName": "kernel32.dll", "Return": "0x74f10000", "Status": 0 }
{ "Address": "0x42a304", "Opcode": "ff1508a04300", "Opcodesize": 6, "Mnemonic": "call dword ptr [0x43a008]", "PID": 280, "TID": 1612, "Arguments": [ "Arg1", "IN", "HMODULE", "0x18febc", "0x74f10000", "Arg2", "IN", "LPCSTR", "0x18fec0", "CloseHandle" ], "Timesptamp": "00000000.410030", "FunctionName": "GetProcAddress", "ModuleName": "kernel32.dll", "Return": "0x74f21410", "Status": 0 }
{ "Address": "0x42a318", "Opcode": "ff1508a04300", "Opcodesize": 6, "Mnemonic": "call dword ptr [0x43a008]", "PID": 280, "TID": 1612, "Arguments": [ "Arg1", "IN", "HMODULE", "0x18febc", "0x74f10000", "Arg2", "IN", "LPCSTR", "0x18fec0", "CreateFileA" ], "Timesptamp": "00000000.418910", "FunctionName": "GetProcAddress", "ModuleName": "kernel32.dll", "Return": "0x74f253c6", "Status": 0 }
{ "Address": "0x42a32c", "Opcode": "ff1508a04300", "Opcodesize": 6, "Mnemonic": "call dword ptr [0x43a008]", "PID": 280, "TID": 1612, "Arguments": [ "Arg1", "IN", "HMODULE", "0x18febc", "0x74f10000", "Arg2", "IN", "LPCSTR", "0x18fec0", "CreateFileW" ], "Timesptamp": "00000000.427821", "FunctionName": "GetProcAddress", "ModuleName": "kernel32.dll", "Return": "0x74f23f5c", "Status": 0 }
{ "Address": "0x42a340", "Opcode": "ff1508a04300", "Opcodesize": 6, "Mnemonic": "call dword ptr [0x43a008]", "PID": 280, "TID": 1612, "Arguments": [ "Arg1", "IN", "HMODULE", "0x18febc", "0x74f10000", "Arg2", "IN", "LPCSTR", "0x18fec0", "CreateFileMappingA" ], "Timesptamp": "00000000.446215", "FunctionName": "GetProcAddress", "ModuleName": "kernel32.dll", "Return": "0x74f25506", "Status": 0 }
{ "Address": "0x42a354", "Opcode": "ff1508a04300", "Opcodesize": 6, "Mnemonic": "call dword ptr [0x43a008]", "PID": 280, "TID": 1612, "Arguments": [ "Arg1", "IN", "HMODULE", "0x18febc", "0x74f10000", "Arg2", "IN", "LPCSTR", "0x18fec0", "CreateFileMappingW" ], "Timesptamp": "00000000.455529", "FunctionName": "GetProcAddress", "ModuleName": "kernel32.dll", "Return": "0x74f21909", "Status": 0 }
{ "Address": "0x42a368", "Opcode": "ff1508a04300", "Opcodesize": 6, "Mnemonic": "call dword ptr [0x43a008]", "PID": 280, "TID": 1612, "Arguments": [ "Arg1", "IN", "HMODULE", "0x18febc", "0x74f10000", "Arg2", "IN", "LPCSTR", "0x18fec0", "CreateProcessA" ], "Timesptamp": "00000000.464691", "FunctionName": "GetProcAddress", "ModuleName": "kernel32.dll", "Return": "0x74f21072", "Status": 0 }
{ "Address": "0x42a37c", "Opcode": "ff1508a04300", "Opcodesize": 6, "Mnemonic": "call dword ptr [0x43a008]", "PID": 280, "TID": 1612, "Arguments": [ "Arg1", "IN", "HMODULE", "0x18febc", "0x74f10000", "Arg2", "IN", "LPCSTR", "0x18fec0", "DebugBreak" ], "Timesptamp": "00000000.473940", "FunctionName": "GetProcAddress", "ModuleName": "kernel32.dll", "Return": "0x74fa41b5", "Status": 0 }
{ "Address": "0x42a390", "Opcode": "ff1508a04300", "Opcodesize": 6, "Mnemonic": "call dword ptr [0x43a008]", "PID": 280, "TID": 1612, "Arguments": [ "Arg1", "IN", "HMODULE", "0x18febc", "0x74f10000", "Arg2", "IN", "LPCSTR", "0x18fec0", "DeleteFileA" ], "Timesptamp": "00000000.483726", "FunctionName": "GetProcAddress", "ModuleName": "kernel32.dll", "Return": "0x74f25444", "Status": 0 }
{ "Address": "0x42a3a4", "Opcode": "ff1508a04300", "Opcodesize": 6, "Mnemonic": "call dword ptr [0x43a008]", "PID": 280, "TID": 1612, "Arguments": [ "Arg1", "IN", "HMODULE", "0x18febc", "0x74f10000", "Arg2", "IN", "LPCSTR", "0x18fec0", "EnterCriticalSection" ], "Timesptamp": "00000000.493157", "FunctionName": "GetProcAddress", "ModuleName": "kernel32.dll", "Return": "0x770622b0", "Status": 0 }
{ "Address": "0x42a3b8", "Opcode": "ff1508a04300", "Opcodesize": 6, "Mnemonic": "call dword ptr [0x43a008]", "PID": 280, "TID": 1612, "Arguments": [ "Arg1", "IN", "HMODULE", "0x18febc", "0x74f10000", "Arg2", "IN", "LPCSTR", "0x18fec0", "ExitProcess" ], "Timesptamp": "00000000.502789", "FunctionName": "GetProcAddress", "ModuleName": "kernel32.dll", "Return": "0x74f27a10", "Status": 0 }
{ "Address": "0x42a3cc", "Opcode": "ff1508a04300", "Opcodesize": 6, "Mnemonic": "call dword ptr [0x43a008]", "PID": 280, "TID": 1612, "Arguments": [ "Arg1", "IN", "HMODULE", "0x18febc", "0x74f10000", "Arg2", "IN", "LPCSTR", "0x18fec0", "FindClose" ], "Timesptamp": "00000000.512798", "FunctionName": "GetProcAddress", "ModuleName": "kernel32.dll", "Return": "0x74f24442", "Status": 0 }
{ "Address": "0x42a3e0", "Opcode": "ff1508a04300", "Opcodesize": 6, "Mnemonic": "call dword ptr [0x43a008]", "PID": 280, "TID": 1612, "Arguments": [ "Arg1", "IN", "HMODULE", "0x18febc", "0x74f10000", "Arg2", "IN", "LPCSTR", "0x18fec0", "FindFirstFileA" ], "Timesptamp": "00000000.526414", "FunctionName": "GetProcAddress", "ModuleName": "kernel32.dll", "Return": "0x74f2e2ce", "Status": 0 }
{ "Address": "0x42a3f4", "Opcode": "ff1508a04300", "Opcodesize": 6, "Mnemonic": "call dword ptr [0x43a008]", "PID": 280, "TID": 1612, "Arguments": [ "Arg1", "IN", "HMODULE", "0x18febc", "0x74f10000", "Arg2", "IN", "LPCSTR", "0x18fec0", "FindNextFileA" ], "Timesptamp": "00000000.540651", "FunctionName": "GetProcAddress", "ModuleName": "kernel32.dll", "Return": "0x74f4d53e", "Status": 0 }
{ "Address": "0x42a408", "Opcode": "ff1508a04300", "Opcodesize": 6, "Mnemonic": "call dword ptr [0x43a008]", "PID": 280, "TID": 1612, "Arguments": [ "Arg1", "IN", "HMODULE", "0x18febc", "0x74f10000", "Arg2", "IN", "LPCSTR", "0x18fec0", "FlushFileBuffers" ], "Timesptamp": "00000000.551466", "FunctionName": "GetProcAddress", "ModuleName": "kernel32.dll", "Return": "0x74f2469b", "Status": 0 }
{ "Address": "0x42a41c", "Opcode": "ff1508a04300", "Opcodesize": 6, "Mnemonic": "call dword ptr [0x43a008]", "PID": 280, "TID": 1612, "Arguments": [ "Arg1", "IN", "HMODULE", "0x18febc", "0x74f10000", "Arg2", "IN", "LPCSTR", "0x18fec0", "FormatMessageA" ], "Timesptamp": "00000000.566871", "FunctionName": "GetProcAddress", "ModuleName": "kernel32.dll", "Return": "0x74f45fbd", "Status": 0 }
{ "Address": "0x42a430", "Opcode": "ff1508a04300", "Opcodesize": 6, "Mnemonic": "call dword ptr [0x43a008]", "PID": 280, "TID": 1612, "Arguments": [ "Arg1", "IN", "HMODULE", "0x18febc", "0x74f10000", "Arg2", "IN", "LPCSTR", "0x18fec0", "FreeLibrary" ], "Timesptamp": "00000000.591869", "FunctionName": "GetProcAddress", "ModuleName": "kernel32.dll", "Return": "0x74f234c8", "Status": 0 }
{ "Address": "0x42a444", "Opcode": "ff1508a04300", "Opcodesize": 6, "Mnemonic": "call dword ptr [0x43a008]", "PID": 280, "TID": 1612, "Arguments": [ "Arg1", "IN", "HMODULE", "0x18febc", "0x74f10000", "Arg2", "IN", "LPCSTR", "0x18fec0", "GetCurrentProcess" ], "Timesptamp": "00000000.602280", "FunctionName": "GetProcAddress", "ModuleName": "kernel32.dll", "Return": "0x74f21809", "Status": 0 }
{ "Address": "0x42a458", "Opcode": "ff1508a04300", "Opcodesize": 6, "Mnemonic": "call dword ptr [0x43a008]", "PID": 280, "TID": 1612, "Arguments": [ "Arg1", "IN", "HMODULE", "0x18febc", "0x74f10000", "Arg2", "IN", "LPCSTR", "0x18fec0", "GetCurrentProcessId" ], "Timesptamp": "00000000.612864", "FunctionName": "GetProcAddress", "ModuleName": "kernel32.dll", "Return": "0x74f211f8", "Status": 0 }
{ "Address": "0x42a46c", "Opcode": "ff1508a04300", "Opcodesize": 6, "Mnemonic": "call dword ptr [0x43a008]", "PID": 280, "TID": 1612, "Arguments": [ "Arg1", "IN", "HMODULE", "0x18febc", "0x74f10000", "Arg2", "IN", "LPCSTR", "0x18fec0", "GetEnvironmentVariableA" ], "Timesptamp": "00000000.626280", "FunctionName": "GetProcAddress", "ModuleName": "kernel32.dll", "Return": "0x74f233a0", "Status": 0 }
{ "Address": "0x42a480", "Opcode": "ff1508a04300", "Opcodesize": 6, "Mnemonic": "call dword ptr [0x43a008]", "PID": 280, "TID": 1612, "Arguments": [ "Arg1", "IN", "HMODULE", "0x18febc", "0x74f10000", "Arg2", "IN", "LPCSTR", "0x18fec0", "GetExitCodeProcess" ], "Timesptamp": "00000000.637532", "FunctionName": "GetProcAddress", "ModuleName": "kernel32.dll", "Return": "0x74f3174d", "Status": 0 }
{ "Address": "0x42a494", "Opcode": "ff1508a04300", "Opcodesize": 6, "Mnemonic": "call dword ptr [0x43a008]", "PID": 280, "TID": 1612, "Arguments": [ "Arg1", "IN", "HMODULE", "0x18febc", "0x74f10000", "Arg2", "IN", "LPCSTR", "0x18fec0", "GetFileAttributesA" ], "Timesptamp": "00000000.647851", "FunctionName": "GetProcAddress", "ModuleName": "kernel32.dll", "Return": "0x74f25414", "Status": 0 }
{ "Address": "0x42a4a8", "Opcode": "ff1508a04300", "Opcodesize": 6, "Mnemonic": "call dword ptr [0x43a008]", "PID": 280, "TID": 1612, "Arguments": [ "Arg1", "IN", "HMODULE", "0x18febc", "0x74f10000", "Arg2", "IN", "LPCSTR", "0x18fec0", "GetFileAttributesW" ], "Timesptamp": "00000000.657993", "FunctionName": "GetProcAddress", "ModuleName": "kernel32.dll", "Return": "0x74f21b18", "Status": 0 }
{ "Address": "0x42a4bc", "Opcode": "ff1508a04300", "Opcodesize": 6, "Mnemonic": "call dword ptr [0x43a008]", "PID": 280, "TID": 1612, "Arguments": [ "Arg1", "IN", "HMODULE", "0x18febc", "0x74f10000", "Arg2", "IN", "LPCSTR", "0x18fec0", "GetFileInformationByHandle" ], "Timesptamp": "00000000.679981", "FunctionName": "GetProcAddress", "ModuleName": "kernel32.dll", "Return": "0x74f253ae", "Status": 0 }
{ "Address": "0x42a4d0", "Opcode": "ff1508a04300", "Opcodesize": 6, "Mnemonic": "call dword ptr [0x43a008]", "PID": 280, "TID": 1612, "Arguments": [ "Arg1", "IN", "HMODULE", "0x18febc", "0x74f10000", "Arg2", "IN", "LPCSTR", "0x18fec0", "GetFileSize" ], "Timesptamp": "00000000.690651", "FunctionName": "GetProcAddress", "ModuleName": "kernel32.dll", "Return": "0x74f2196e", "Status": 0 }
{ "Address": "0x42a4e4", "Opcode": "ff1508a04300", "Opcodesize": 6, "Mnemonic": "call dword ptr [0x43a008]", "PID": 280, "TID": 1612, "Arguments": [ "Arg1", "IN", "HMODULE", "0x18febc", "0x74f10000", "Arg2", "IN", "LPCSTR", "0x18fec0", "GetFileTime" ], "Timesptamp": "00000000.701427", "FunctionName": "GetProcAddress", "ModuleName": "kernel32.dll", "Return": "0x74f24407", "Status": 0 }
{ "Address": "0x42a4f8", "Opcode": "ff1508a04300", "Opcodesize": 6, "Mnemonic": "call dword ptr [0x43a008]", "PID": 280, "TID": 1612, "Arguments": [ "Arg1", "IN", "HMODULE", "0x18febc", "0x74f10000", "Arg2", "IN", "LPCSTR", "0x18fec0", "GetFullPathNameA" ], "Timesptamp": "00000000.712018", "FunctionName": "GetProcAddress", "ModuleName": "kernel32.dll", "Return": "0x74f2e2c1", "Status": 0 }
{ "Address": "0x42a50c", "Opcode": "ff1508a04300", "Opcodesize": 6, "Mnemonic": "call dword ptr [0x43a008]", "PID": 280, "TID": 1612, "Arguments": [ "Arg1", "IN", "HMODULE", "0x18febc", "0x74f10000", "Arg2", "IN", "LPCSTR", "0x18fec0", "GetFullPathNameW" ], "Timesptamp": "00000000.733052", "FunctionName": "GetProcAddress", "ModuleName": "kernel32.dll", "Return": "0x74f240d4", "Status": 0 }
{ "Address": "0x42a520", "Opcode": "ff1508a04300", "Opcodesize": 6, "Mnemonic": "call dword ptr [0x43a008]", "PID": 280, "TID": 1612, "Arguments": [ "Arg1", "IN", "HMODULE", "0x18febc", "0x74f10000", "Arg2", "IN", "LPCSTR", "0x18fec0", "GetLastError" ], "Timesptamp": "00000000.743648", "FunctionName": "GetProcAddress", "ModuleName": "kernel32.dll", "Return": "0x74f211c0", "Status": 0 }
{ "Address": "0x42a534", "Opcode": "ff1508a04300", "Opcodesize": 6, "Mnemonic": "call dword ptr [0x43a008]", "PID": 280, "TID": 1612, "Arguments": [ "Arg1", "IN", "HMODULE", "0x18febc", "0x74f10000", "Arg2", "IN", "LPCSTR", "0x18fec0", "GetModuleFileNameA" ], "Timesptamp": "00000000.754519", "FunctionName": "GetProcAddress", "ModuleName": "kernel32.dll", "Return": "0x74f214b1", "Status": 0 }
{ "Address": "0x42a548", "Opcode": "ff1508a04300", "Opcodesize": 6, "Mnemonic": "call dword ptr [0x43a008]", "PID": 280, "TID": 1612, "Arguments": [ "Arg1", "IN", "HMODULE", "0x18febc", "0x74f10000", "Arg2", "IN", "LPCSTR", "0x18fec0", "GetModuleHandleA" ], "Timesptamp": "00000000.765652", "FunctionName": "GetProcAddress", "ModuleName": "kernel32.dll", "Return": "0x74f21245", "Status": 0 }
{ "Address": "0x42a55c", "Opcode": "ff1508a04300", "Opcodesize": 6, "Mnemonic": "call dword ptr [0x43a008]", "PID": 280, "TID": 1612, "Arguments": [ "Arg1", "IN", "HMODULE", "0x18febc", "0x74f10000", "Arg2", "IN", "LPCSTR", "0x18fec0", "GetPrivateProfileIntA" ], "Timesptamp": "00000000.776273", "FunctionName": "GetProcAddress", "ModuleName": "kernel32.dll", "Return": "0x74f4cdd7", "Status": 0 }
{ "Address": "0x42a570", "Opcode": "ff1508a04300", "Opcodesize": 6, "Mnemonic": "call dword ptr [0x43a008]", "PID": 280, "TID": 1612, "Arguments": [ "Arg1", "IN", "HMODULE", "0x18febc", "0x74f10000", "Arg2", "IN", "LPCSTR", "0x18fec0", "GetPrivateProfileSectionNamesA" ], "Timesptamp": "00000000.786915", "FunctionName": "GetProcAddress", "ModuleName": "kernel32.dll", "Return": "0x74f9a1c9", "Status": 0 }
{ "Address": "0x42a584", "Opcode": "ff1508a04300", "Opcodesize": 6, "Mnemonic": "call dword ptr [0x43a008]", "PID": 280, "TID": 1612, "Arguments": [ "Arg1", "IN", "HMODULE", "0x18febc", "0x74f10000", "Arg2", "IN", "LPCSTR", "0x18fec0", "GetPrivateProfileStringA" ], "Timesptamp": "00000000.797568", "FunctionName": "GetProcAddress", "ModuleName": "kernel32.dll", "Return": "0x74f3184c", "Status": 0 }
{ "Address": "0x42a598", "Opcode": "ff1508a04300", "Opcodesize": 6, "Mnemonic": "call dword ptr [0x43a008]", "PID": 280, "TID": 1612, "Arguments": [ "Arg1", "IN", "HMODULE", "0x18febc", "0x74f10000", "Arg2", "IN", "LPCSTR", "0x18fec0", "GetProcAddress" ], "Timesptamp": "00000000.808191", "FunctionName": "GetProcAddress", "ModuleName": "kernel32.dll", "Return": "0x74f21222", "Status": 0 }
{ "Address": "0x42a5ac", "Opcode": "ff1508a04300", "Opcodesize": 6, "Mnemonic": "call dword ptr [0x43a008]", "PID": 280, "TID": 1612, "Arguments": [ "Arg1", "IN", "HMODULE", "0x18febc", "0x74f10000", "Arg2", "IN", "LPCSTR", "0x18fec0", "GetSystemTimeAsFileTime" ], "Timesptamp": "00000000.818780", "FunctionName": "GetProcAddress", "ModuleName": "kernel32.dll", "Return": "0x74f23509", "Status": 0 }
{ "Address": "0x42a5c0", "Opcode": "ff1508a04300", "Opcodesize": 6, "Mnemonic": "call dword ptr [0x43a008]", "PID": 280, "TID": 1612, "Arguments": [ "Arg1", "IN", "HMODULE", "0x18febc", "0x74f10000", "Arg2", "IN", "LPCSTR", "0x18fec0", "GetTempFileNameA" ], "Timesptamp": "00000000.829568", "FunctionName": "GetProcAddress", "ModuleName": "kernel32.dll", "Return": "0x74f49d3f", "Status": 0 }
{ "Address": "0x42a5d4", "Opcode": "ff1508a04300", "Opcodesize": 6, "Mnemonic": "call dword ptr [0x43a008]", "PID": 280, "TID": 1612, "Arguments": [ "Arg1", "IN", "HMODULE", "0x18febc", "0x74f10000", "Arg2", "IN", "LPCSTR", "0x18fec0", "GetTempPathA" ], "Timesptamp": "00000000.840165", "FunctionName": "GetProcAddress", "ModuleName": "kernel32.dll", "Return": "0x74f4276c", "Status": 0 }
{ "Address": "0x42a5e8", "Opcode": "ff1508a04300", "Opcodesize": 6, "Mnemonic": "call dword ptr [0x43a008]", "PID": 280, "TID": 1612, "Arguments": [ "Arg1", "IN", "HMODULE", "0x18febc", "0x74f10000", "Arg2", "IN", "LPCSTR", "0x18fec0", "GetVersionExA" ], "Timesptamp": "00000000.850742", "FunctionName": "GetProcAddress", "ModuleName": "kernel32.dll", "Return": "0x74f23519", "Status": 0 }
{ "Address": "0x42a5fc", "Opcode": "ff1508a04300", "Opcodesize": 6, "Mnemonic": "call dword ptr [0x43a008]", "PID": 280, "TID": 1612, "Arguments": [ "Arg1", "IN", "HMODULE", "0x18febc", "0x74f10000", "Arg2", "IN", "LPCSTR", "0x18fec0", "GetTickCount" ], "Timesptamp": "00000000.861605", "FunctionName": "GetProcAddress", "ModuleName": "kernel32.dll", "Return": "0x74f2110c", "Status": 0 }
{ "Address": "0x42a610", "Opcode": "ff1508a04300", "Opcodesize": 6, "Mnemonic": "call dword ptr [0x43a008]", "PID": 280, "TID": 1612, "Arguments": [ "Arg1", "IN", "HMODULE", "0x18febc", "0x74f10000", "Arg2", "IN", "LPCSTR", "0x18fec0", "HeapAlloc" ], "Timesptamp": "00000000.871801", "FunctionName": "GetProcAddress", "ModuleName": "kernel32.dll", "Return": "0x7706e026", "Status": 0 }
{ "Address": "0x42a624", "Opcode": "ff1508a04300", "Opcodesize": 6, "Mnemonic": "call dword ptr [0x43a008]", "PID": 280, "TID": 1612, "Arguments": [ "Arg1", "IN", "HMODULE", "0x18febc", "0x74f10000", "Arg2", "IN", "LPCSTR", "0x18fec0", "HeapFree" ], "Timesptamp": "00000000.882436", "FunctionName": "GetProcAddress", "ModuleName": "kernel32.dll", "Return": "0x74f214c9", "Status": 0 }
{ "Address": "0x42a638", "Opcode": "ff1508a04300", "Opcodesize": 6, "Mnemonic": "call dword ptr [0x43a008]", "PID": 280, "TID": 1612, "Arguments": [ "Arg1", "IN", "HMODULE", "0x18febc", "0x74f10000", "Arg2", "IN", "LPCSTR", "0x18fec0", "HeapCreate" ], "Timesptamp": "00000000.893329", "FunctionName": "GetProcAddress", "ModuleName": "kernel32.dll", "Return": "0x74f24a2d", "Status": 0 }
{ "Address": "0x42a64c", "Opcode": "ff1508a04300", "Opcodesize": 6, "Mnemonic": "call dword ptr [0x43a008]", "PID": 280, "TID": 1612, "Arguments": [ "Arg1", "IN", "HMODULE", "0x18febc", "0x74f10000", "Arg2", "IN", "LPCSTR", "0x18fec0", "InitializeCriticalSection" ], "Timesptamp": "00000000.901976", "FunctionName": "GetProcAddress", "ModuleName": "kernel32.dll", "Return": "0x77072c42", "Status": 0 }
{ "Address": "0x42a660", "Opcode": "ff1508a04300", "Opcodesize": 6, "Mnemonic": "call dword ptr [0x43a008]", "PID": 280, "TID": 1612, "Arguments": [ "Arg1", "IN", "HMODULE", "0x18febc", "0x74f10000", "Arg2", "IN", "LPCSTR", "0x18fec0", "DeleteCriticalSection" ], "Timesptamp": "00000000.912628", "FunctionName": "GetProcAddress", "ModuleName": "kernel32.dll", "Return": "0x770745f5", "Status": 0 }
{ "Address": "0x42a674", "Opcode": "ff1508a04300", "Opcodesize": 6, "Mnemonic": "call dword ptr [0x43a008]", "PID": 280, "TID": 1612, "Arguments": [ "Arg1", "IN", "HMODULE", "0x18febc", "0x74f10000", "Arg2", "IN", "LPCSTR", "0x18fec0", "LeaveCriticalSection" ], "Timesptamp": "00000000.923236", "FunctionName": "GetProcAddress", "ModuleName": "kernel32.dll", "Return": "0x77062270", "Status": 0 }
{ "Address": "0x42a688", "Opcode": "ff1508a04300", "Opcodesize": 6, "Mnemonic": "call dword ptr [0x43a008]", "PID": 280, "TID": 1612, "Arguments": [ "Arg1", "IN", "HMODULE", "0x18febc", "0x74f10000", "Arg2", "IN", "LPCSTR", "0x18fec0", "LoadLibraryA" ], "Timesptamp": "00000000.933866", "FunctionName": "GetProcAddress", "ModuleName": "kernel32.dll", "Return": "0x74f249d7", "Status": 0 }
{ "Address": "0x42a69c", "Opcode": "ff1508a04300", "Opcodesize": 6, "Mnemonic": "call dword ptr [0x43a008]", "PID": 280, "TID": 1612, "Arguments": [ "Arg1", "IN", "HMODULE", "0x18febc", "0x74f10000", "Arg2", "IN", "LPCSTR", "0x18fec0", "LoadLibraryExA" ], "Timesptamp": "00000000.944650", "FunctionName": "GetProcAddress", "ModuleName": "kernel32.dll", "Return": "0x74f24913", "Status": 0 }
{ "Address": "0x42a6b0", "Opcode": "ff1508a04300", "Opcodesize": 6, "Mnemonic": "call dword ptr [0x43a008]", "PID": 280, "TID": 1612, "Arguments": [ "Arg1", "IN", "HMODULE", "0x18febc", "0x74f10000", "Arg2", "IN", "LPCSTR", "0x18fec0", "LocalAlloc" ], "Timesptamp": "00000000.955523", "FunctionName": "GetProcAddress", "ModuleName": "kernel32.dll", "Return": "0x74f2168c", "Status": 0 }
{ "Address": "0x42a6c4", "Opcode": "ff1508a04300", "Opcodesize": 6, "Mnemonic": "call dword ptr [0x43a008]", "PID": 280, "TID": 1612, "Arguments": [ "Arg1", "IN", "HMODULE", "0x18febc", "0x74f10000", "Arg2", "IN", "LPCSTR", "0x18fec0", "LocalFree" ], "Timesptamp": "00000000.966348", "FunctionName": "GetProcAddress", "ModuleName": "kernel32.dll", "Return": "0x74f22d3c", "Status": 0 }
{ "Address": "0x42a6d8", "Opcode": "ff1508a04300", "Opcodesize": 6, "Mnemonic": "call dword ptr [0x43a008]", "PID": 280, "TID": 1612, "Arguments": [ "Arg1", "IN", "HMODULE", "0x18febc", "0x74f10000", "Arg2", "IN", "LPCSTR", "0x18fec0", "LockFile" ], "Timesptamp": "00000000.977158", "FunctionName": "GetProcAddress", "ModuleName": "kernel32.dll", "Return": "0x74f4cf1e", "Status": 0 }
{ "Address": "0x42a6ec", "Opcode": "ff1508a04300", "Opcodesize": 6, "Mnemonic": "call dword ptr [0x43a008]", "PID": 280, "TID": 1612, "Arguments": [ "Arg1", "IN", "HMODULE", "0x18febc", "0x74f10000", "Arg2", "IN", "LPCSTR", "0x18fec0", "MapViewOfFile" ], "Timesptamp": "00000000.987891", "FunctionName": "GetProcAddress", "ModuleName": "kernel32.dll", "Return": "0x74f218f1", "Status": 0 }
{ "Address": "0x42a700", "Opcode": "ff1508a04300", "Opcodesize": 6, "Mnemonic": "call dword ptr [0x43a008]", "PID": 280, "TID": 1612, "Arguments": [ "Arg1", "IN", "HMODULE", "0x18febc", "0x74f10000", "Arg2", "IN", "LPCSTR", "0x18fec0", "MultiByteToWideChar" ], "Timesptamp": "00000000.998701", "FunctionName": "GetProcAddress", "ModuleName": "kernel32.dll", "Return": "0x74f2192e", "Status": 0 }
{ "Address": "0x42a714", "Opcode": "ff1508a04300", "Opcodesize": 6, "Mnemonic": "call dword ptr [0x43a008]", "PID": 280, "TID": 1612, "Arguments": [ "Arg1", "IN", "HMODULE", "0x18febc", "0x74f10000", "Arg2", "IN", "LPCSTR", "0x18fec0", "OpenProcess" ], "Timesptamp": "00000001.009342", "FunctionName": "GetProcAddress", "ModuleName": "kernel32.dll", "Return": "0x74f21986", "Status": 0 }
{ "Address": "0x42a728", "Opcode": "ff1508a04300", "Opcodesize": 6, "Mnemonic": "call dword ptr [0x43a008]", "PID": 280, "TID": 1612, "Arguments": [ "Arg1", "IN", "HMODULE", "0x18febc", "0x74f10000", "Arg2", "IN", "LPCSTR", "0x18fec0", "RaiseException" ], "Timesptamp": "00000001.020195", "FunctionName": "GetProcAddress", "ModuleName": "kernel32.dll", "Return": "0x74f258a6", "Status": 0 }
{ "Address": "0x42a73c", "Opcode": "ff1508a04300", "Opcodesize": 6, "Mnemonic": "call dword ptr [0x43a008]", "PID": 280, "TID": 1612, "Arguments": [ "Arg1", "IN", "HMODULE", "0x18febc", "0x74f10000", "Arg2", "IN", "LPCSTR", "0x18fec0", "ReadFile" ], "Timesptamp": "00000001.030857", "FunctionName": "GetProcAddress", "ModuleName": "kernel32.dll", "Return": "0x74f23ed3", "Status": 0 }
{ "Address": "0x42a750", "Opcode": "ff1508a04300", "Opcodesize": 6, "Mnemonic": "call dword ptr [0x43a008]", "PID": 280, "TID": 1612, "Arguments": [ "Arg1", "IN", "HMODULE", "0x18febc", "0x74f10000", "Arg2", "IN", "LPCSTR", "0x18fec0", "SetEnvironmentVariableA" ], "Timesptamp": "00000001.041506", "FunctionName": "GetProcAddress", "ModuleName": "kernel32.dll", "Return": "0x74f2e331", "Status": 0 }
{ "Address": "0x42a764", "Opcode": "ff1508a04300", "Opcodesize": 6, "Mnemonic": "call dword ptr [0x43a008]", "PID": 280, "TID": 1612, "Arguments": [ "Arg1", "IN", "HMODULE", "0x18febc", "0x74f10000", "Arg2", "IN", "LPCSTR", "0x18fec0", "SetEvent" ], "Timesptamp": "00000001.052163", "FunctionName": "GetProcAddress", "ModuleName": "kernel32.dll", "Return": "0x74f216c5", "Status": 0 }
{ "Address": "0x42a778", "Opcode": "ff1508a04300", "Opcodesize": 6, "Mnemonic": "call dword ptr [0x43a008]", "PID": 280, "TID": 1612, "Arguments": [ "Arg1", "IN", "HMODULE", "0x18febc", "0x74f10000", "Arg2", "IN", "LPCSTR", "0x18fec0", "SetFilePointer" ], "Timesptamp": "00000001.063074", "FunctionName": "GetProcAddress", "ModuleName": "kernel32.dll", "Return": "0x74f217d1", "Status": 0 }
{ "Address": "0x42a78c", "Opcode": "ff1508a04300", "Opcodesize": 6, "Mnemonic": "call dword ptr [0x43a008]", "PID": 280, "TID": 1612, "Arguments": [ "Arg1", "IN", "HMODULE", "0x18febc", "0x74f10000", "Arg2", "IN", "LPCSTR", "0x18fec0", "SetLastError" ], "Timesptamp": "00000001.073963", "FunctionName": "GetProcAddress", "ModuleName": "kernel32.dll", "Return": "0x74f211a9", "Status": 0 }
{ "Address": "0x42a7a0", "Opcode": "ff1508a04300", "Opcodesize": 6, "Mnemonic": "call dword ptr [0x43a008]", "PID": 280, "TID": 1612, "Arguments": [ "Arg1", "IN", "HMODULE", "0x18febc", "0x74f10000", "Arg2", "IN", "LPCSTR", "0x18fec0", "SetUnhandledExceptionFilter" ], "Timesptamp": "00000001.084665", "FunctionName": "GetProcAddress", "ModuleName": "kernel32.dll", "Return": "0x74f287c9", "Status": 0 }
{ "Address": "0x42a7b4", "Opcode": "ff1508a04300", "Opcodesize": 6, "Mnemonic": "call dword ptr [0x43a008]", "PID": 280, "TID": 1612, "Arguments": [ "Arg1", "IN", "HMODULE", "0x18febc", "0x74f10000", "Arg2", "IN", "LPCSTR", "0x18fec0", "Sleep" ], "Timesptamp": "00000001.098824", "FunctionName": "GetProcAddress", "ModuleName": "kernel32.dll", "Return": "0x74f210ff", "Status": 0 }
{ "Address": "0x42a7c8", "Opcode": "ff1508a04300", "Opcodesize": 6, "Mnemonic": "call dword ptr [0x43a008]", "PID": 280, "TID": 1612, "Arguments": [ "Arg1", "IN", "HMODULE", "0x18febc", "0x74f10000", "Arg2", "IN", "LPCSTR", "0x18fec0", "TerminateProcess" ], "Timesptamp": "00000001.109587", "FunctionName": "GetProcAddress", "ModuleName": "kernel32.dll", "Return": "0x74f3d802", "Status": 0 }
{ "Address": "0x42a7dc", "Opcode": "ff1508a04300", "Opcodesize": 6, "Mnemonic": "call dword ptr [0x43a008]", "PID": 280, "TID": 1612, "Arguments": [ "Arg1", "IN", "HMODULE", "0x18febc", "0x74f10000", "Arg2", "IN", "LPCSTR", "0x18fec0", "UnlockFile" ], "Timesptamp": "00000001.120274", "FunctionName": "GetProcAddress", "ModuleName": "kernel32.dll", "Return": "0x74f4cf36", "Status": 0 }
{ "Address": "0x42a7f0", "Opcode": "ff1508a04300", "Opcodesize": 6, "Mnemonic": "call dword ptr [0x43a008]", "PID": 280, "TID": 1612, "Arguments": [ "Arg1", "IN", "HMODULE", "0x18febc", "0x74f10000", "Arg2", "IN", "LPCSTR", "0x18fec0", "UnmapViewOfFile" ], "Timesptamp": "00000001.130962", "FunctionName": "GetProcAddress", "ModuleName": "kernel32.dll", "Return": "0x74f21826", "Status": 0 }
{ "Address": "0x42a804", "Opcode": "ff1508a04300", "Opcodesize": 6, "Mnemonic": "call dword ptr [0x43a008]", "PID": 280, "TID": 1612, "Arguments": [ "Arg1", "IN", "HMODULE", "0x18febc", "0x74f10000", "Arg2", "IN", "LPCSTR", "0x18fec0", "VirtualAlloc" ], "Timesptamp": "00000001.142097", "FunctionName": "GetProcAddress", "ModuleName": "kernel32.dll", "Return": "0x74f21856", "Status": 0 }
{ "Address": "0x42a818", "Opcode": "ff1508a04300", "Opcodesize": 6, "Mnemonic": "call dword ptr [0x43a008]", "PID": 280, "TID": 1612, "Arguments": [ "Arg1", "IN", "HMODULE", "0x18febc", "0x74f10000", "Arg2", "IN", "LPCSTR", "0x18fec0", "VirtualFree" ], "Timesptamp": "00000001.153193", "FunctionName": "GetProcAddress", "ModuleName": "kernel32.dll", "Return": "0x74f2186e", "Status": 0 }
{ "Address": "0x42a82c", "Opcode": "ff1508a04300", "Opcodesize": 6, "Mnemonic": "call dword ptr [0x43a008]", "PID": 280, "TID": 1612, "Arguments": [ "Arg1", "IN", "HMODULE", "0x18febc", "0x74f10000", "Arg2", "IN", "LPCSTR", "0x18fec0", "VirtualProtect" ], "Timesptamp": "00000001.163835", "FunctionName": "GetProcAddress", "ModuleName": "kernel32.dll", "Return": "0x74f2435f", "Status": 0 }
{ "Address": "0x42a840", "Opcode": "ff1508a04300", "Opcodesize": 6, "Mnemonic": "call dword ptr [0x43a008]", "PID": 280, "TID": 1612, "Arguments": [ "Arg1", "IN", "HMODULE", "0x18febc", "0x74f10000", "Arg2", "IN", "LPCSTR", "0x18fec0", "VirtualQuery" ], "Timesptamp": "00000001.174703", "FunctionName": "GetProcAddress", "ModuleName": "kernel32.dll", "Return": "0x74f2445a", "Status": 0 }
{ "Address": "0x42a854", "Opcode": "ff1508a04300", "Opcodesize": 6, "Mnemonic": "call dword ptr [0x43a008]", "PID": 280, "TID": 1612, "Arguments": [ "Arg1", "IN", "HMODULE", "0x18febc", "0x74f10000", "Arg2", "IN", "LPCSTR", "0x18fec0", "WaitForSingleObject" ], "Timesptamp": "00000001.185369", "FunctionName": "GetProcAddress", "ModuleName": "kernel32.dll", "Return": "0x74f21136", "Status": 0 }
{ "Address": "0x42a868", "Opcode": "ff1508a04300", "Opcodesize": 6, "Mnemonic": "call dword ptr [0x43a008]", "PID": 280, "TID": 1612, "Arguments": [ "Arg1", "IN", "HMODULE", "0x18febc", "0x74f10000", "Arg2", "IN", "LPCSTR", "0x18fec0", "WideCharToMultiByte" ], "Timesptamp": "00000001.196003", "FunctionName": "GetProcAddress", "ModuleName": "kernel32.dll", "Return": "0x74f2170d", "Status": 0 }
{ "Address": "0x42a87c", "Opcode": "ff1508a04300", "Opcodesize": 6, "Mnemonic": "call dword ptr [0x43a008]", "PID": 280, "TID": 1612, "Arguments": [ "Arg1", "IN", "HMODULE", "0x18febc", "0x74f10000", "Arg2", "IN", "LPCSTR", "0x18fec0", "WriteFile" ], "Timesptamp": "00000001.202777", "FunctionName": "GetProcAddress", "ModuleName": "kernel32.dll", "Return": "0x74f21282", "Status": 0 }
{ "Address": "0x42a890", "Opcode": "ff1508a04300", "Opcodesize": 6, "Mnemonic": "call dword ptr [0x43a008]", "PID": 280, "TID": 1612, "Arguments": [ "Arg1", "IN", "HMODULE", "0x18febc", "0x74f10000", "Arg2", "IN", "LPCSTR", "0x18fec0", "lstrcmpiA" ], "Timesptamp": "00000001.213566", "FunctionName": "GetProcAddress", "ModuleName": "kernel32.dll", "Return": "0x74f23e8e", "Status": 0 }
{ "Address": "0x42a8a0", "Opcode": "ff1580d74300", "Opcodesize": 6, "Mnemonic": "call dword ptr [0x43d780]", "PID": 280, "TID": 1612, "Arguments": [ "Arg1", "IN", "LPCTSTR", "0x18fec0", "user32.dll" ], "Timesptamp": "00000001.224427", "FunctionName": "LoadLibraryA", "ModuleName": "kernel32.dll", "Return": "0x74d30000", "Status": 0 }
{ "Address": "0x42a8c9", "Opcode": "ff1508a04300", "Opcodesize": 6, "Mnemonic": "call dword ptr [0x43a008]", "PID": 280, "TID": 1612, "Arguments": [ "Arg1", "IN", "HMODULE", "0x18febc", "0x74d30000", "Arg2", "IN", "LPCSTR", "0x18fec0", "ChangeDisplaySettingsA" ], "Timesptamp": "00000001.237546", "FunctionName": "GetProcAddress", "ModuleName": "kernel32.dll", "Return": "0x74da706c", "Status": 0 }
{ "Address": "0x42a8dd", "Opcode": "ff1508a04300", "Opcodesize": 6, "Mnemonic": "call dword ptr [0x43a008]", "PID": 280, "TID": 1612, "Arguments": [ "Arg1", "IN", "HMODULE", "0x18febc", "0x74d30000", "Arg2", "IN", "LPCSTR", "0x18fec0", "CharUpperBuffA" ], "Timesptamp": "00000001.248701", "FunctionName": "GetProcAddress", "ModuleName": "kernel32.dll", "Return": "0x74d4fe47", "Status": 0 }
{ "Address": "0x42a8f1", "Opcode": "ff1508a04300", "Opcodesize": 6, "Mnemonic": "call dword ptr [0x43a008]", "PID": 280, "TID": 1612, "Arguments": [ "Arg1", "IN", "HMODULE", "0x18febc", "0x74d30000", "Arg2", "IN", "LPCSTR", "0x18fec0", "LoadImageA" ], "Timesptamp": "00000001.259116", "FunctionName": "GetProcAddress", "ModuleName": "kernel32.dll", "Return": "0x74d58455", "Status": 0 }
{ "Address": "0x42a905", "Opcode": "ff1508a04300", "Opcodesize": 6, "Mnemonic": "call dword ptr [0x43a008]", "PID": 280, "TID": 1612, "Arguments": [ "Arg1", "IN", "HMODULE", "0x18febc", "0x74d30000", "Arg2", "IN", "LPCSTR", "0x18fec0", "MessageBoxA" ], "Timesptamp": "00000001.270431", "FunctionName": "GetProcAddress", "ModuleName": "kernel32.dll", "Return": "0x74d9fd1e", "Status": 0 }
{ "Address": "0x42a919", "Opcode": "ff1508a04300", "Opcodesize": 6, "Mnemonic": "call dword ptr [0x43a008]", "PID": 280, "TID": 1612, "Arguments": [ "Arg1", "IN", "HMODULE", "0x18febc", "0x74d30000", "Arg2", "IN", "LPCSTR", "0x18fec0", "wsprintfA" ], "Timesptamp": "00000001.281333", "FunctionName": "GetProcAddress", "ModuleName": "kernel32.dll", "Return": "0x74d5ae5f", "Status": 0 }
{ "Address": "0x42a92d", "Opcode": "ff1508a04300", "Opcodesize": 6, "Mnemonic": "call dword ptr [0x43a008]", "PID": 280, "TID": 1612, "Arguments": [ "Arg1", "IN", "HMODULE", "0x18febc", "0x74d30000", "Arg2", "IN", "LPCSTR", "0x18fec0", "wvsprintfA" ], "Timesptamp": "00000001.292291", "FunctionName": "GetProcAddress", "ModuleName": "kernel32.dll", "Return": "0x74d5aad3", "Status": 0 }
{ "Address": "0x42a93d", "Opcode": "ff1580d74300", "Opcodesize": 6, "Mnemonic": "call dword ptr [0x43d780]", "PID": 280, "TID": 1612, "Arguments": [ "Arg1", "IN", "LPCTSTR", "0x18fec0", "gdi32.dll" ], "Timesptamp": "00000001.303124", "FunctionName": "LoadLibraryA", "ModuleName": "kernel32.dll", "Return": "0x76b80000", "Status": 0 }
{ "Address": "0x42a966", "Opcode": "ff1508a04300", "Opcodesize": 6, "Mnemonic": "call dword ptr [0x43a008]", "PID": 280, "TID": 1612, "Arguments": [ "Arg1", "IN", "HMODULE", "0x18febc", "0x76b80000", "Arg2", "IN", "LPCSTR", "0x18fec0", "AddFontResourceA" ], "Timesptamp": "00000001.315427", "FunctionName": "GetProcAddress", "ModuleName": "kernel32.dll", "Return": "0x76bbd7bb", "Status": 0 }
{ "Address": "0x42a97a", "Opcode": "ff1508a04300", "Opcodesize": 6, "Mnemonic": "call dword ptr [0x43a008]", "PID": 280, "TID": 1612, "Arguments": [ "Arg1", "IN", "HMODULE", "0x18febc", "0x76b80000", "Arg2", "IN", "LPCSTR", "0x18fec0", "CreateCompatibleDC" ], "Timesptamp": "00000001.326741", "FunctionName": "GetProcAddress", "ModuleName": "kernel32.dll", "Return": "0x76b954f4", "Status": 0 }
{ "Address": "0x42a98e", "Opcode": "ff1508a04300", "Opcodesize": 6, "Mnemonic": "call dword ptr [0x43a008]", "PID": 280, "TID": 1612, "Arguments": [ "Arg1", "IN", "HMODULE", "0x18febc", "0x76b80000", "Arg2", "IN", "LPCSTR", "0x18fec0", "CreateDIBSection" ], "Timesptamp": "00000001.337837", "FunctionName": "GetProcAddress", "ModuleName": "kernel32.dll", "Return": "0x76b9ac46", "Status": 0 }
{ "Address": "0x42a9a2", "Opcode": "ff1508a04300", "Opcodesize": 6, "Mnemonic": "call dword ptr [0x43a008]", "PID": 280, "TID": 1612, "Arguments": [ "Arg1", "IN", "HMODULE", "0x18febc", "0x76b80000", "Arg2", "IN", "LPCSTR", "0x18fec0", "DeleteDC" ], "Timesptamp": "00000001.348774", "FunctionName": "GetProcAddress", "ModuleName": "kernel32.dll", "Return": "0x76b958b3", "Status": 0 }
{ "Address": "0x42a9b6", "Opcode": "ff1508a04300", "Opcodesize": 6, "Mnemonic": "call dword ptr [0x43a008]", "PID": 280, "TID": 1612, "Arguments": [ "Arg1", "IN", "HMODULE", "0x18febc", "0x76b80000", "Arg2", "IN", "LPCSTR", "0x18fec0", "RemoveFontResourceA" ], "Timesptamp": "00000001.365270", "FunctionName": "GetProcAddress", "ModuleName": "kernel32.dll", "Return": "0x76bbda7f", "Status": 0 }
{ "Address": "0x42a9ca", "Opcode": "ff1508a04300", "Opcodesize": 6, "Mnemonic": "call dword ptr [0x43a008]", "PID": 280, "TID": 1612, "Arguments": [ "Arg1", "IN", "HMODULE", "0x18febc", "0x74d30000", "Arg2", "IN", "LPCSTR", "0x18fec0", "BeginPaint" ], "Timesptamp": "00000001.379020", "FunctionName": "GetProcAddress", "ModuleName": "kernel32.dll", "Return": "0x74d51361", "Status": 0 }
{ "Address": "0x42a9de", "Opcode": "ff1508a04300", "Opcodesize": 6, "Mnemonic": "call dword ptr [0x43a008]", "PID": 280, "TID": 1612, "Arguments": [ "Arg1", "IN", "HMODULE", "0x18febc", "0x74d30000", "Arg2", "IN", "LPCSTR", "0x18fec0", "EndPaint" ], "Timesptamp": "00000001.387600", "FunctionName": "GetProcAddress", "ModuleName": "kernel32.dll", "Return": "0x74d51341", "Status": 0 }
{ "Address": "0x42a9f2", "Opcode": "ff1508a04300", "Opcodesize": 6, "Mnemonic": "call dword ptr [0x43a008]", "PID": 280, "TID": 1612, "Arguments": [ "Arg1", "IN", "HMODULE", "0x18febc", "0x76b80000", "Arg2", "IN", "LPCSTR", "0x18fec0", "GetObjectA" ], "Timesptamp": "00000001.397876", "FunctionName": "GetProcAddress", "ModuleName": "kernel32.dll", "Return": "0x76b985d4", "Status": 0 }
{ "Address": "0x42aa06", "Opcode": "ff1508a04300", "Opcodesize": 6, "Mnemonic": "call dword ptr [0x43a008]", "PID": 280, "TID": 1612, "Arguments": [ "Arg1", "IN", "HMODULE", "0x18febc", "0x76b80000", "Arg2", "IN", "LPCSTR", "0x18fec0", "SelectObject" ], "Timesptamp": "00000001.407241", "FunctionName": "GetProcAddress", "ModuleName": "kernel32.dll", "Return": "0x76b94f70", "Status": 0 }
{ "Address": "0x42aa1a", "Opcode": "ff1508a04300", "Opcodesize": 6, "Mnemonic": "call dword ptr [0x43a008]", "PID": 280, "TID": 1612, "Arguments": [ "Arg1", "IN", "HMODULE", "0x18febc", "0x76b80000", "Arg2", "IN", "LPCSTR", "0x18fec0", "DeleteObject" ], "Timesptamp": "00000001.429352", "FunctionName": "GetProcAddress", "ModuleName": "kernel32.dll", "Return": "0x76b95689", "Status": 0 }
{ "Address": "0x42aa2e", "Opcode": "ff1508a04300", "Opcodesize": 6, "Mnemonic": "call dword ptr [0x43a008]", "PID": 280, "TID": 1612, "Arguments": [ "Arg1", "IN", "HMODULE", "0x18febc", "0x76b80000", "Arg2", "IN", "LPCSTR", "0x18fec0", "BitBlt" ], "Timesptamp": "00000001.439166", "FunctionName": "GetProcAddress", "ModuleName": "kernel32.dll", "Return": "0x76b95ea6", "Status": 0 }
{ "Address": "0x42aa42", "Opcode": "ff1508a04300", "Opcodesize": 6, "Mnemonic": "call dword ptr [0x43a008]", "PID": 280, "TID": 1612, "Arguments": [ "Arg1", "IN", "HMODULE", "0x18febc", "0x74d30000", "Arg2", "IN", "LPCSTR", "0x18fec0", "GetWindowThreadProcessId" ], "Timesptamp": "00000001.449029", "FunctionName": "GetProcAddress", "ModuleName": "kernel32.dll", "Return": "0x74d491b4", "Status": 0 }
{ "Address": "0x42aa56", "Opcode": "ff1508a04300", "Opcodesize": 6, "Mnemonic": "call dword ptr [0x43a008]", "PID": 280, "TID": 1612, "Arguments": [ "Arg1", "IN", "HMODULE", "0x18febc", "0x74d30000", "Arg2", "IN", "LPCSTR", "0x18fec0", "SetActiveWindow" ], "Timesptamp": "00000001.460506", "FunctionName": "GetProcAddress", "ModuleName": "kernel32.dll", "Return": "0x74d53208", "Status": 0 }
{ "Address": "0x42aa6a", "Opcode": "ff1508a04300", "Opcodesize": 6, "Mnemonic": "call dword ptr [0x43a008]", "PID": 280, "TID": 1612, "Arguments": [ "Arg1", "IN", "HMODULE", "0x18febc", "0x74d30000", "Arg2", "IN", "LPCSTR", "0x18fec0", "SetForegroundWindow" ], "Timesptamp": "00000001.472344", "FunctionName": "GetProcAddress", "ModuleName": "kernel32.dll", "Return": "0x74d6f170", "Status": 0 }
{ "Address": "0x42aa7e", "Opcode": "ff1508a04300", "Opcodesize": 6, "Mnemonic": "call dword ptr [0x43a008]", "PID": 280, "TID": 1612, "Arguments": [ "Arg1", "IN", "HMODULE", "0x18febc", "0x74d30000", "Arg2", "IN", "LPCSTR", "0x18fec0", "RegisterClassExA" ], "Timesptamp": "00000001.480761", "FunctionName": "GetProcAddress", "ModuleName": "kernel32.dll", "Return": "0x74d4db98", "Status": 0 }
{ "Address": "0x42aa92", "Opcode": "ff1508a04300", "Opcodesize": 6, "Mnemonic": "call dword ptr [0x43a008]", "PID": 280, "TID": 1612, "Arguments": [ "Arg1", "IN", "HMODULE", "0x18febc", "0x74d30000", "Arg2", "IN", "LPCSTR", "0x18fec0", "GetSystemMetrics" ], "Timesptamp": "00000001.491527", "FunctionName": "GetProcAddress", "ModuleName": "kernel32.dll", "Return": "0x74d47d2f", "Status": 0 }
{ "Address": "0x42aaa6", "Opcode": "ff1508a04300", "Opcodesize": 6, "Mnemonic": "call dword ptr [0x43a008]", "PID": 280, "TID": 1612, "Arguments": [ "Arg1", "IN", "HMODULE", "0x18febc", "0x74d30000", "Arg2", "IN", "LPCSTR", "0x18fec0", "CreateWindowExA" ], "Timesptamp": "00000001.501106", "FunctionName": "GetProcAddress", "ModuleName": "kernel32.dll", "Return": "0x74d4d22e", "Status": 0 }
{ "Address": "0x42aaba", "Opcode": "ff1508a04300", "Opcodesize": 6, "Mnemonic": "call dword ptr [0x43a008]", "PID": 280, "TID": 1612, "Arguments": [ "Arg1", "IN", "HMODULE", "0x18febc", "0x74d30000", "Arg2", "IN", "LPCSTR", "0x18fec0", "GetMessageA" ], "Timesptamp": "00000001.512679", "FunctionName": "GetProcAddress", "ModuleName": "kernel32.dll", "Return": "0x74d47bd3", "Status": 0 }
{ "Address": "0x42aace", "Opcode": "ff1508a04300", "Opcodesize": 6, "Mnemonic": "call dword ptr [0x43a008]", "PID": 280, "TID": 1612, "Arguments": [ "Arg1", "IN", "HMODULE", "0x18febc", "0x74d30000", "Arg2", "IN", "LPCSTR", "0x18fec0", "TranslateMessage" ], "Timesptamp": "00000001.524106", "FunctionName": "GetProcAddress", "ModuleName": "kernel32.dll", "Return": "0x74d47809", "Status": 0 }
{ "Address": "0x42aae2", "Opcode": "ff1508a04300", "Opcodesize": 6, "Mnemonic": "call dword ptr [0x43a008]", "PID": 280, "TID": 1612, "Arguments": [ "Arg1", "IN", "HMODULE", "0x18febc", "0x74d30000", "Arg2", "IN", "LPCSTR", "0x18fec0", "DispatchMessageA" ], "Timesptamp": "00000001.533029", "FunctionName": "GetProcAddress", "ModuleName": "kernel32.dll", "Return": "0x74d47bbb", "Status": 0 }
{ "Address": "0x42aaf6", "Opcode": "ff1508a04300", "Opcodesize": 6, "Mnemonic": "call dword ptr [0x43a008]", "PID": 280, "TID": 1612, "Arguments": [ "Arg1", "IN", "HMODULE", "0x18febc", "0x74d30000", "Arg2", "IN", "LPCSTR", "0x18fec0", "DestroyWindow" ], "Timesptamp": "00000001.542404", "FunctionName": "GetProcAddress", "ModuleName": "kernel32.dll", "Return": "0x74d49a55", "Status": 0 }
{ "Address": "0x42ab0a", "Opcode": "ff1508a04300", "Opcodesize": 6, "Mnemonic": "call dword ptr [0x43a008]", "PID": 280, "TID": 1612, "Arguments": [ "Arg1", "IN", "HMODULE", "0x18febc", "0x74d30000", "Arg2", "IN", "LPCSTR", "0x18fec0", "EnumWindows" ], "Timesptamp": "00000001.553181", "FunctionName": "GetProcAddress", "ModuleName": "kernel32.dll", "Return": "0x74d4d1cf", "Status": 0 }
{ "Address": "0x42ab1e", "Opcode": "ff1508a04300", "Opcodesize": 6, "Mnemonic": "call dword ptr [0x43a008]", "PID": 280, "TID": 1612, "Arguments": [ "Arg1", "IN", "HMODULE", "0x18febc", "0x74d30000", "Arg2", "IN", "LPCSTR", "0x18fec0", "DefWindowProcA" ], "Timesptamp": "00000001.572839", "FunctionName": "GetProcAddress", "ModuleName": "kernel32.dll", "Return": "0x770824e0", "Status": 0 }
{ "Address": "0x42ab32", "Opcode": "ff1508a04300", "Opcodesize": 6, "Mnemonic": "call dword ptr [0x43a008]", "PID": 280, "TID": 1612, "Arguments": [ "Arg1", "IN", "HMODULE", "0x18febc", "0x74d30000", "Arg2", "IN", "LPCSTR", "0x18fec0", "PostMessageA" ], "Timesptamp": "00000001.583903", "FunctionName": "GetProcAddress", "ModuleName": "kernel32.dll", "Return": "0x74d53baa", "Status": 0 }
{ "Address": "0x42ab46", "Opcode": "ff1508a04300", "Opcodesize": 6, "Mnemonic": "call dword ptr [0x43a008]", "PID": 280, "TID": 1612, "Arguments": [ "Arg1", "IN", "HMODULE", "0x18febc", "0x74f10000", "Arg2", "IN", "LPCSTR", "0x18fec0", "CreateThread" ], "Timesptamp": "00000001.594156", "FunctionName": "GetProcAddress", "ModuleName": "kernel32.dll", "Return": "0x74f234d5", "Status": 0 }
{ "Address": "0x433c74", "Opcode": "ff156cd74300", "Opcodesize": 6, "Mnemonic": "call dword ptr [0x43d76c]", "PID": 280, "TID": 1612, "Arguments": [ "Arg1", "IN", "DWORD", "0x18feb4", "0x0", "Arg2", "IN", "SIZE_T", "0x18feb8", "0x10000", "Arg3", "IN", "SIZE_T", "0x18febc", "0x0" ], "Timesptamp": "00000001.610056", "FunctionName": "HeapCreate", "ModuleName": "kernel32.dll", "Return": "0x360000", "Status": 0 }
{ "Address": "0x433c40", "Opcode": "ff1564d74300", "Opcodesize": 6, "Mnemonic": "call dword ptr [0x43d764]", "PID": 280, "TID": 1612, "Functionname": "HeapAlloc", "Dllname": "ntdll.dll", "Status": 1 }
{ "Address": "0x429de2", "Opcode": "ff1518a04300", "Opcodesize": 6, "Mnemonic": "call dword ptr [0x43a018]", "PID": 280, "TID": 1612, "Arguments": [ "Arg1", "IN", "LPCTSTR", "0x18fecc", "kernel32.dll" ], "Timesptamp": "00000001.631194", "FunctionName": "GetModuleHandleA", "ModuleName": "kernel32.dll", "Return": "0x74f10000", "Status": 0 }
{ "Address": "0x429e06", "Opcode": "ff1504a04300", "Opcodesize": 6, "Mnemonic": "call dword ptr [0x43a004]", "PID": 280, "TID": 1612, "Functionname": "InitializeCriticalSection", "Dllname": "ntdll.dll", "Status": 1 }
{ "Address": "0x429e13", "Opcode": "ff1504a04300", "Opcodesize": 6, "Mnemonic": "call dword ptr [0x43a004]", "PID": 280, "TID": 1612, "Functionname": "InitializeCriticalSection", "Dllname": "ntdll.dll", "Status": 1 }
{ "Address": "0x429e20", "Opcode": "ff1504a04300", "Opcodesize": 6, "Mnemonic": "call dword ptr [0x43a004]", "PID": 280, "TID": 1612, "Functionname": "InitializeCriticalSection", "Dllname": "ntdll.dll", "Status": 1 }
{ "Address": "0x429e2d", "Opcode": "ff1504a04300", "Opcodesize": 6, "Mnemonic": "call dword ptr [0x43a004]", "PID": 280, "TID": 1612, "Functionname": "InitializeCriticalSection", "Dllname": "ntdll.dll", "Status": 1 }
{ "Address": "0x4344e6", "Opcode": "ff15b4d74300", "Opcodesize": 6, "Mnemonic": "call dword ptr [0x43d7b4]", "PID": 280, "TID": 1612, "Arguments": [ "Arg1", "IN", "DWORD", "0x18fed4", "0x4344ee" ], "Timesptamp": "00000001.668270", "FunctionName": "SetUnhandledExceptionFilter", "ModuleName": "kernel32.dll", "Return": "0x0", "Status": 0 }
{ "Address": "0x429e69", "Opcode": "ff153cd74300", "Opcodesize": 6, "Mnemonic": "call dword ptr [0x43d73c]", "PID": 280, "TID": 1612, "Arguments": [ "Arg1", "IN", "LPCTSTR", "0x18fe40", "kernel32.dll" ], "Timesptamp": "00000001.680557", "FunctionName": "GetModuleHandleA", "ModuleName": "kernel32.dll", "Return": "0x74f10000", "Status": 0 }
{ "Address": "0x429e92", "Opcode": "ff154cd74300", "Opcodesize": 6, "Mnemonic": "call dword ptr [0x43d74c]", "PID": 280, "TID": 1612, "Arguments": [ "Arg1", "IN", "HMODULE", "0x18fe3c", "0x74f10000", "Arg2", "IN", "LPCSTR", "0x18fe40", "VirtualAlloc" ], "Timesptamp": "00000001.694301", "FunctionName": "GetProcAddress", "ModuleName": "kernel32.dll", "Return": "0x74f21856", "Status": 0 }
{ "Address": "0x429ec0", "Opcode": "ff55f4", "Opcodesize": 3, "Mnemonic": "call dword ptr [ebp - 0xc]", "PID": 280, "TID": 1612, "Arguments": [ "Arg1", "IN", "LPVOID", "0x18fe34", "0x0", "Arg2", "IN", "SIZE_T", "0x18fe38", "0x1000", "Arg3", "IN", "DWORD", "0x18fe3c", "0x1000", "Arg4", "IN", "DWORD", "0x18fe40", "0x4" ], "Timesptamp": "00000001.705523", "FunctionName": "VirtualAlloc", "ModuleName": "kernel32.dll", "Return": "0x2d0000", "Status": 0 }
{ "Address": "0x429ecf", "Opcode": "ff1560d74300", "Opcodesize": 6, "Mnemonic": "call dword ptr [0x43d760]", "PID": 280, "TID": 1612, "Arguments": [ ], "Timesptamp": "00000001.716562", "FunctionName": "GetTickCount", "ModuleName": "kernel32.dll", "Return": "0x525c8", "Status": 0 }
{ "Address": "0x429ee1", "Opcode": "ff55f4", "Opcodesize": 3, "Mnemonic": "call dword ptr [ebp - 0xc]", "PID": 280, "TID": 1612, "Arguments": [ "Arg1", "IN", "LPVOID", "0x18fe34", "0x0", "Arg2", "IN", "SIZE_T", "0x18fe38", "0x25c8", "Arg3", "IN", "DWORD", "0x18fe3c", "0x2000", "Arg4", "IN", "DWORD", "0x18fe40", "0x4" ], "Timesptamp": "00000001.727530", "FunctionName": "VirtualAlloc", "ModuleName": "kernel32.dll", "Return": "0x2e0000", "Status": 0 }
{ "Address": "0x429ef7", "Opcode": "ff55f4", "Opcodesize": 3, "Mnemonic": "call dword ptr [ebp - 0xc]", "PID": 280, "TID": 1612, "Arguments": [ "Arg1", "IN", "LPVOID", "0x18fe34", "0x0", "Arg2", "IN", "SIZE_T", "0x18fe38", "0x1000", "Arg3", "IN", "DWORD", "0x18fe3c", "0x1000", "Arg4", "IN", "DWORD", "0x18fe40", "0x4" ], "Timesptamp": "00000001.740870", "FunctionName": "VirtualAlloc", "ModuleName": "kernel32.dll", "Return": "0x2f0000", "Status": 0 }
{ "Address": "0x4304b2", "Opcode": "ff15e8d64300", "Opcodesize": 6, "Mnemonic": "call dword ptr [0x43d6e8]", "PID": 280, "TID": 1612, "Functionname": "EnterCriticalSection", "Dllname": "ntdll.dll", "Status": 1 }
{ "Address": "0x43052e", "Opcode": "ff1594d64300", "Opcodesize": 6, "Mnemonic": "call dword ptr [0x43d694]", "PID": 280, "TID": 1612, "Arguments": [ "Arg1", "IN", "HANDLE", "0x18fdb8", "0xffffffff", "Arg2", "IN", "LPCVOID", "0x18fdbc", "0x429f2e", "Arg3", "IN", "SIZE_T", "0x18fdc0", "0x2e" ], "Timesptamp": "00000001.763992", "FunctionName": "FlushInstructionCache", "ModuleName": "kernel32.dll", "Return": "TRUE", "Status": 0 }
{ "Address": "0x430547", "Opcode": "ff1578d74300", "Opcodesize": 6, "Mnemonic": "call dword ptr [0x43d778]", "PID": 280, "TID": 1612, "Functionname": "LeaveCriticalSection", "Dllname": "ntdll.dll", "Status": 1 }
{ "Address": "0x433c40", "Opcode": "ff1564d74300", "Opcodesize": 6, "Mnemonic": "call dword ptr [0x43d764]", "PID": 280, "TID": 1612, "Functionname": "HeapAlloc", "Dllname": "ntdll.dll", "Status": 1 }
{ "Address": "0x4304b2", "Opcode": "ff15e8d64300", "Opcodesize": 6, "Mnemonic": "call dword ptr [0x43d6e8]", "PID": 280, "TID": 1612, "Functionname": "EnterCriticalSection", "Dllname": "ntdll.dll", "Status": 1 }
{ "Address": "0x43052e", "Opcode": "ff1594d64300", "Opcodesize": 6, "Mnemonic": "call dword ptr [0x43d694]", "PID": 280, "TID": 1612, "Arguments": [ "Arg1", "IN", "HANDLE", "0x18fdb8", "0xffffffff", "Arg2", "IN", "LPCVOID", "0x18fdbc", "0x429f2e", "Arg3", "IN", "SIZE_T", "0x18fdc0", "0x50" ], "Timesptamp": "00000001.833910", "FunctionName": "FlushInstructionCache", "ModuleName": "kernel32.dll", "Return": "TRUE", "Status": 0 }
{ "Address": "0x430547", "Opcode": "ff1578d74300", "Opcodesize": 6, "Mnemonic": "call dword ptr [0x43d778]", "PID": 280, "TID": 1612, "Functionname": "LeaveCriticalSection", "Dllname": "ntdll.dll", "Status": 1 }
{ "Address": "0x4304b2", "Opcode": "ff15e8d64300", "Opcodesize": 6, "Mnemonic": "call dword ptr [0x43d6e8]", "PID": 280, "TID": 1612, "Functionname": "EnterCriticalSection", "Dllname": "ntdll.dll", "Status": 1 }
{ "Address": "0x43052e", "Opcode": "ff1594d64300", "Opcodesize": 6, "Mnemonic": "call dword ptr [0x43d694]", "PID": 280, "TID": 1612, "Arguments": [ "Arg1", "IN", "HANDLE", "0x18fdb8", "0xffffffff", "Arg2", "IN", "LPCVOID", "0x18fdbc", "0x429f5c", "Arg3", "IN", "SIZE_T", "0x18fdc0", "0xaf" ], "Timesptamp": "00000001.875729", "FunctionName": "FlushInstructionCache", "ModuleName": "kernel32.dll", "Return": "TRUE", "Status": 0 }
{ "Address": "0x430547", "Opcode": "ff1578d74300", "Opcodesize": 6, "Mnemonic": "call dword ptr [0x43d778]", "PID": 280, "TID": 1612, "Functionname": "LeaveCriticalSection", "Dllname": "ntdll.dll", "Status": 1 }
{ "Address": "0x4304b2", "Opcode": "ff15e8d64300", "Opcodesize": 6, "Mnemonic": "call dword ptr [0x43d6e8]", "PID": 280, "TID": 1612, "Functionname": "EnterCriticalSection", "Dllname": "ntdll.dll", "Status": 1 }
{ "Address": "0x43052e", "Opcode": "ff1594d64300", "Opcodesize": 6, "Mnemonic": "call dword ptr [0x43d694]", "PID": 280, "TID": 1612, "Arguments": [ "Arg1", "IN", "HANDLE", "0x18fdb8", "0xffffffff", "Arg2", "IN", "LPCVOID", "0x18fdbc", "0x429f97", "Arg3", "IN", "SIZE_T", "0x18fdc0", "0x1b" ], "Timesptamp": "00000001.912242", "FunctionName": "FlushInstructionCache", "ModuleName": "kernel32.dll", "Return": "TRUE", "Status": 0 }
{ "Address": "0x430547", "Opcode": "ff1578d74300", "Opcodesize": 6, "Mnemonic": "call dword ptr [0x43d778]", "PID": 280, "TID": 1612, "Functionname": "LeaveCriticalSection", "Dllname": "ntdll.dll", "Status": 1 }
{ "Address": "0x4304b2", "Opcode": "ff15e8d64300", "Opcodesize": 6, "Mnemonic": "call dword ptr [0x43d6e8]", "PID": 280, "TID": 1612, "Functionname": "EnterCriticalSection", "Dllname": "ntdll.dll", "Status": 1 }
{ "Address": "0x43052e", "Opcode": "ff1594d64300", "Opcodesize": 6, "Mnemonic": "call dword ptr [0x43d694]", "PID": 280, "TID": 1612, "Arguments": [ "Arg1", "IN", "HANDLE", "0x18fdb8", "0xffffffff", "Arg2", "IN", "LPCVOID", "0x18fdbc", "0x429f97", "Arg3", "IN", "SIZE_T", "0x18fdc0", "0x3c" ], "Timesptamp": "00000001.949572", "FunctionName": "FlushInstructionCache", "ModuleName": "kernel32.dll", "Return": "TRUE", "Status": 0 }
{ "Address": "0x430547", "Opcode": "ff1578d74300", "Opcodesize": 6, "Mnemonic": "call dword ptr [0x43d778]", "PID": 280, "TID": 1612, "Functionname": "LeaveCriticalSection", "Dllname": "ntdll.dll", "Status": 1 }
{ "Address": "0x4304b2", "Opcode": "ff15e8d64300", "Opcodesize": 6, "Mnemonic": "call dword ptr [0x43d6e8]", "PID": 280, "TID": 1612, "Functionname": "EnterCriticalSection", "Dllname": "ntdll.dll", "Status": 1 }
{ "Address": "0x43052e", "Opcode": "ff1594d64300", "Opcodesize": 6, "Mnemonic": "call dword ptr [0x43d694]", "PID": 280, "TID": 1612, "Arguments": [ "Arg1", "IN", "HANDLE", "0x18fdb8", "0xffffffff", "Arg2", "IN", "LPCVOID", "0x18fdbc", "0x429fb2", "Arg3", "IN", "SIZE_T", "0x18fdc0", "0x47" ], "Timesptamp": "00000001.981167", "FunctionName": "FlushInstructionCache", "ModuleName": "kernel32.dll", "Return": "TRUE", "Status": 0 }
{ "Address": "0x430547", "Opcode": "ff1578d74300", "Opcodesize": 6, "Mnemonic": "call dword ptr [0x43d778]", "PID": 280, "TID": 1612, "Functionname": "LeaveCriticalSection", "Dllname": "ntdll.dll", "Status": 1 }
{ "Address": "0x4304b2", "Opcode": "ff15e8d64300", "Opcodesize": 6, "Mnemonic": "call dword ptr [0x43d6e8]", "PID": 280, "TID": 1612, "Functionname": "EnterCriticalSection", "Dllname": "ntdll.dll", "Status": 1 }
{ "Address": "0x43052e", "Opcode": "ff1594d64300", "Opcodesize": 6, "Mnemonic": "call dword ptr [0x43d694]", "PID": 280, "TID": 1612, "Arguments": [ "Arg1", "IN", "HANDLE", "0x18fdb8", "0xffffffff", "Arg2", "IN", "LPCVOID", "0x18fdbc", "0x429fd3", "Arg3", "IN", "SIZE_T", "0x18fdc0", "0x26" ], "Timesptamp": "00000002.011117", "FunctionName": "FlushInstructionCache", "ModuleName": "kernel32.dll", "Return": "TRUE", "Status": 0 }
{ "Address": "0x430547", "Opcode": "ff1578d74300", "Opcodesize": 6, "Mnemonic": "call dword ptr [0x43d778]", "PID": 280, "TID": 1612, "Functionname": "LeaveCriticalSection", "Dllname": "ntdll.dll", "Status": 1 }
{ "Address": "0x4304b2", "Opcode": "ff15e8d64300", "Opcodesize": 6, "Mnemonic": "call dword ptr [0x43d6e8]", "PID": 280, "TID": 1612, "Functionname": "EnterCriticalSection", "Dllname": "ntdll.dll", "Status": 1 }
{ "Address": "0x43052e", "Opcode": "ff1594d64300", "Opcodesize": 6, "Mnemonic": "call dword ptr [0x43d694]", "PID": 280, "TID": 1612, "Arguments": [ "Arg1", "IN", "HANDLE", "0x18fdb8", "0xffffffff", "Arg2", "IN", "LPCVOID", "0x18fdbc", "0x429f7e", "Arg3", "IN", "SIZE_T", "0x18fdc0", "0xb2" ], "Timesptamp": "00000002.052545", "FunctionName": "FlushInstructionCache", "ModuleName": "kernel32.dll", "Return": "TRUE", "Status": 0 }
{ "Address": "0x430547", "Opcode": "ff1578d74300", "Opcodesize": 6, "Mnemonic": "call dword ptr [0x43d778]", "PID": 280, "TID": 1612, "Functionname": "LeaveCriticalSection", "Dllname": "ntdll.dll", "Status": 1 }
{ "Address": "0x433c40", "Opcode": "ff1564d74300", "Opcodesize": 6, "Mnemonic": "call dword ptr [0x43d764]", "PID": 280, "TID": 1612, "Functionname": "HeapAlloc", "Dllname": "ntdll.dll", "Status": 1 }
{ "Address": "0x42ae82", "Opcode": "ff153cd74300", "Opcodesize": 6, "Mnemonic": "call dword ptr [0x43d73c]", "PID": 280, "TID": 1612, "Arguments": [ "Arg1", "IN", "LPCTSTR", "0x18fc84", "\"\"" ], "Timesptamp": "00000002.083737", "FunctionName": "GetModuleHandleA", "ModuleName": "kernel32.dll", "Return": "0x400000", "Status": 0 }
{ "Address": "0x42ae89", "Opcode": "ff1538d74300", "Opcodesize": 6, "Mnemonic": "call dword ptr [0x43d738]", "PID": 280, "TID": 1612, "Arguments": [ "Arg1", "IN", "HMODULE", "0x18fc84", "0x400000", "Arg2", "OUT", "LPTSTR", "0x18fc88", "0x360888", "Arg3", "IN", "DWORD", "0x18fc8c", "0x104" ], "Timesptamp": "00000002.094025", "FunctionName": "GetModuleFileNameA", "ModuleName": "kernel32.dll", "Return": "0x23", "Output1": [ "0x360888", "C:\\Users\\lhs\\Exec\\molebox_whois.exe" ], "Status": 0 }
{ "Address": "0x42aeb1", "Opcode": "ff153cd74300", "Opcodesize": 6, "Mnemonic": "call dword ptr [0x43d73c]", "PID": 280, "TID": 1612, "Arguments": [ "Arg1", "IN", "LPCTSTR", "0x18fc8c", "user32.dll" ], "Timesptamp": "00000002.105009", "FunctionName": "GetModuleHandleA", "ModuleName": "kernel32.dll", "Return": "0x74d30000", "Status": 0 }
{ "Address": "0x42aeda", "Opcode": "ff154cd74300", "Opcodesize": 6, "Mnemonic": "call dword ptr [0x43d74c]", "PID": 280, "TID": 1612, "Arguments": [ "Arg1", "IN", "HMODULE", "0x18fc88", "0x74d30000", "Arg2", "IN", "LPCSTR", "0x18fc8c", "MessageBoxA" ], "Timesptamp": "00000002.116769", "FunctionName": "GetProcAddress", "ModuleName": "kernel32.dll", "Return": "0x74d9fd1e", "Status": 0 }
{ "Address": "0x42af01", "Opcode": "ff1584d74300", "Opcodesize": 6, "Mnemonic": "call dword ptr [0x43d784]", "PID": 280, "TID": 1612, "Arguments": [ "Arg1", "IN", "UINT", "0x18fc88", "0x40", "Arg2", "IN", "SIZE_T", "0x18fc8c", "0x4000" ], "Timesptamp": "00000002.130400", "FunctionName": "LocalAlloc", "ModuleName": "kernel32.dll", "Return": "0x4e23b0", "Status": 0 }
{ "Address": "0x42af13", "Opcode": "ff1500a04300", "Opcodesize": 6, "Mnemonic": "call dword ptr [0x43a000]", "PID": 280, "TID": 1612, "Functionname": "lstrcat", "Dllname": "kernel32.dll", "Status": 1 }
{ "Address": "0x42af39", "Opcode": "ff153cd74300", "Opcodesize": 6, "Mnemonic": "call dword ptr [0x43d73c]", "PID": 280, "TID": 1612, "Arguments": [ "Arg1", "IN", "LPCTSTR", "0x18fc84", "\"\"" ], "Timesptamp": "00000002.151747", "FunctionName": "GetModuleHandleA", "ModuleName": "kernel32.dll", "Return": "0x400000", "Status": 0 }
{ "Address": "0x42af40", "Opcode": "ff1538d74300", "Opcodesize": 6, "Mnemonic": "call dword ptr [0x43d738]", "PID": 280, "TID": 1612, "Arguments": [ "Arg1", "IN", "HMODULE", "0x18fc84", "0x400000", "Arg2", "OUT", "LPTSTR", "0x18fc88", "0x4e23c9", "Arg3", "IN", "DWORD", "0x18fc8c", "0x104" ], "Timesptamp": "00000002.163585", "FunctionName": "GetModuleFileNameA", "ModuleName": "kernel32.dll", "Return": "0x23", "Output1": [ "0x4e23c9", "C:\\Users\\lhs\\Exec\\molebox_whois.exe" ], "Status": 0 }
{ "Address": "0x42af4f", "Opcode": "ff1500a04300", "Opcodesize": 6, "Mnemonic": "call dword ptr [0x43a000]", "PID": 280, "TID": 1612, "Functionname": "lstrcat", "Dllname": "kernel32.dll", "Status": 1 }
{ "Address": "0x42af5e", "Opcode": "ff1500a04300", "Opcodesize": 6, "Mnemonic": "call dword ptr [0x43a000]", "PID": 280, "TID": 1612, "Functionname": "lstrcat", "Dllname": "kernel32.dll", "Status": 1 }
{ "Address": "0x42af6d", "Opcode": "ff1500a04300", "Opcodesize": 6, "Mnemonic": "call dword ptr [0x43a000]", "PID": 280, "TID": 1612, "Functionname": "lstrcat", "Dllname": "kernel32.dll", "Status": 1 }
