{ "Address": "0x17187b", "Opcode": "ff152c111700", "Opcodesize": 6, "Mnemonic": "call dword ptr [0x17112c]", "PID": 280, "TID": 1612, "Arguments": [ "Arg1", "OUT", "LPFILETIME", "0x28f82c", "0x28f844" ], "Timesptamp": "00000000.419066", "FunctionName": "GetSystemTimeAsFileTime", "ModuleName": "kernel32.dll", "Return": "0x1daddab", "Output1": { "field1": [ "0x28f844", "0xcb41eb60" ], "field2": [ "0x28f848", "0x1daddab" ] }, "Status": 0 }
{ "Address": "0x171887", "Opcode": "ff1530111700", "Opcodesize": 6, "Mnemonic": "call dword ptr [0x171130]", "PID": 280, "TID": 1612, "Arguments": [ ], "Timesptamp": "00000000.428177", "FunctionName": "GetCurrentProcessId", "ModuleName": "kernel32.dll", "Return": "0x118", "Status": 0 }
{ "Address": "0x17188f", "Opcode": "ff1534111700", "Opcodesize": 6, "Mnemonic": "call dword ptr [0x171134]", "PID": 280, "TID": 1612, "Arguments": [ ], "Timesptamp": "00000000.436278", "FunctionName": "GetCurrentThreadId", "ModuleName": "kernel32.dll", "Return": "0x64c", "Status": 0 }
{ "Address": "0x171897", "Opcode": "ff15d8101700", "Opcodesize": 6, "Mnemonic": "call dword ptr [0x1710d8]", "PID": 280, "TID": 1612, "Arguments": [ ], "Timesptamp": "00000000.445061", "FunctionName": "GetTickCount", "ModuleName": "kernel32.dll", "Return": "0x520f7", "Status": 0 }
{ "Address": "0x1718a3", "Opcode": "ff1538111700", "Opcodesize": 6, "Mnemonic": "call dword ptr [0x171138]", "PID": 280, "TID": 1612, "Arguments": [ "Arg1", "OUT", "LARGE_INTEGER*", "0x28f82c", "0x28f83c" ], "Timesptamp": "00000000.453957", "FunctionName": "QueryPerformanceCounter", "ModuleName": "kernel32.dll", "Return": "TRUE", "Output1": { "field1": [ "0x28f83c", "0xf28b0ca1" ], "field2": [ "0x28f840", "0x5" ], "field3": [ "0x28f844", "0x1daddabcb41eb60" ] }, "Status": 0 }
{ "Address": "0x1721b2", "Opcode": "ff1540111700", "Opcodesize": 6, "Mnemonic": "call dword ptr [0x171140]", "PID": 280, "TID": 1612, "Functionname": "InterlockedCompareExchange", "Dllname": "kernel32.dll", "Status": 1 }
{ "Address": "0x172db7", "Opcode": "ff1548111700", "Opcodesize": 6, "Mnemonic": "call dword ptr [0x171148]", "PID": 280, "TID": 1612, "Arguments": [ "Arg1", "IN", "LPCTSTR", "0x28f7f8", "\"\"" ], "Timesptamp": "00000000.471656", "FunctionName": "GetModuleHandleA", "ModuleName": "kernel32.dll", "Return": "0x170000", "Status": 0 }
{ "Address": "0x172304", "Opcode": "ff1598111700", "Opcodesize": 6, "Mnemonic": "call dword ptr [0x171198]", "PID": 280, "TID": 1612, "Arguments": [ ], "Timesptamp": "00000000.488171", "FunctionName": "__p__fmode", "ModuleName": "msvcrt.dll", "Return": "0x762331f4", "Status": 0 }
{ "Address": "0x172312", "Opcode": "ff159c111700", "Opcodesize": 6, "Mnemonic": "call dword ptr [0x17119c]", "PID": 280, "TID": 1612, "Arguments": [ ], "Timesptamp": "00000000.497458", "FunctionName": "__p__commode", "ModuleName": "msvcrt.dll", "Return": "0x762331fc", "Status": 0 }
{ "Address": "0x17234d", "Opcode": "ff1588111700", "Opcodesize": 6, "Mnemonic": "call dword ptr [0x171188]", "PID": 280, "TID": 1612, "Functionname": "_controlfp", "Dllname": "msvcrt.dll", "Status": 1 }
{ "Address": "0x1717e7", "Opcode": "ff1544111700", "Opcodesize": 6, "Mnemonic": "call dword ptr [0x171144]", "PID": 280, "TID": 1612, "Arguments": [ "Arg1", "IN", "DWORD", "0x28f804", "0x17ffe6" ], "Timesptamp": "00000000.515202", "FunctionName": "SetUnhandledExceptionFilter", "ModuleName": "kernel32.dll", "Return": "0x0", "Status": 0 }
{ "Address": "0x17220b", "Opcode": "e8e5f5ffff", "Opcodesize": 5, "Mnemonic": "call 0x1717f5", "PID": 280, "TID": 1612, "Functionname": "_initterm", "Dllname": "msvcrt.dll", "Status": 1 }
{ "Address": "0x172223", "Opcode": "ff153c111700", "Opcodesize": 6, "Mnemonic": "call dword ptr [0x17113c]", "PID": 280, "TID": 1612, "Functionname": "InterlockedExchange", "Dllname": "kernel32.dll", "Status": 1 }
{ "Address": "0x171fab", "Opcode": "ff15ac101700", "Opcodesize": 6, "Mnemonic": "call dword ptr [0x1710ac]", "PID": 280, "TID": 1612, "Arguments": [ "Arg1", "IN", "HANDLE", "0x28f7d4", "0x0", "Arg2", "IN", "HEAP_INFORMATION_CLASS", "0x28f7d8", "0x1", "Arg3", "IN", "PVOID", "0x28f7dc", "0x0", "Arg4", "IN", "SIZE_T", "0x28f7e0", "0x0" ], "Timesptamp": "00000000.541246", "FunctionName": "HeapSetInformation", "ModuleName": "kernel32.dll", "Return": "TRUE", "Status": 0 }
{ "Address": "0x171fcf", "Opcode": "ff15a4101700", "Opcodesize": 6, "Mnemonic": "call dword ptr [0x1710a4]", "PID": 280, "TID": 1612, "Functionname": "GetConsoleOutputCP", "Dllname": "kernel32.dll", "Status": 1 }
{ "Address": "0x171fdd", "Opcode": "ff15a0101700", "Opcodesize": 6, "Mnemonic": "call dword ptr [0x1710a0]", "PID": 280, "TID": 1612, "Arguments": [ "Arg1", "IN", "UINT", "0x28f7dc", "0x352", "Arg2", "OUT", "LPCPINFO", "0x28f7e0", "0x189080" ], "Timesptamp": "00000000.559656", "FunctionName": "GetCPInfo", "ModuleName": "kernel32.dll", "Return": "TRUE", "Output1": { "field1": [ "0x189080", "0x1" ], "field2": [ "0x189084", "0x3f" ], "field3": [ "0x189088", "0x0" ] }, "Status": 0 }
{ "Address": "0x171fe4", "Opcode": "ff159c101700", "Opcodesize": 6, "Mnemonic": "call dword ptr [0x17109c]", "PID": 280, "TID": 1612, "Functionname": "SetThreadUILanguage", "Dllname": "kernel32.dll", "Status": 1 }
{ "Address": "0x171ffa", "Opcode": "e8d8f7ffff", "Opcodesize": 5, "Mnemonic": "call 0x1717d7", "PID": 280, "TID": 1612, "Functionname": "sprintf_s", "Dllname": "msvcrt.dll", "Status": 1 }
{ "Address": "0x172007", "Opcode": "ff1504121700", "Opcodesize": 6, "Mnemonic": "call dword ptr [0x171204]", "PID": 280, "TID": 1612, "Functionname": "setlocale", "Dllname": "msvcrt.dll", "Status": 1 }
{ "Address": "0x172017", "Opcode": "ffd6", "Opcodesize": 2, "Mnemonic": "call esi", "PID": 280, "TID": 1612, "Arguments": [ "Arg1", "IN", "DWORD", "0x28f7e0", "0xfffffff5" ], "Timesptamp": "00000000.619158", "FunctionName": "GetStdHandle", "ModuleName": "kernel32.dll", "Return": "0x7", "Status": 0 }
{ "Address": "0x172029", "Opcode": "ffd6", "Opcodesize": 2, "Mnemonic": "call esi", "PID": 280, "TID": 1612, "Arguments": [ "Arg1", "IN", "DWORD", "0x28f7e0", "0xfffffff4" ], "Timesptamp": "00000000.628549", "FunctionName": "GetStdHandle", "ModuleName": "kernel32.dll", "Return": "0xb", "Status": 0 }
{ "Address": "0x17203d", "Opcode": "ff1594101700", "Opcodesize": 6, "Mnemonic": "call dword ptr [0x171094]", "PID": 280, "TID": 1612, "Arguments": [ ], "Timesptamp": "00000000.637759", "FunctionName": "GetCommandLineW", "ModuleName": "kernel32.dll", "Return": "\\Users\\lhs\\Exec\\net1.exe ", "Status": 0 }
{ "Address": "0x172cae", "Opcode": "ff15fc101700", "Opcodesize": 6, "Mnemonic": "call dword ptr [0x1710fc]", "PID": 280, "TID": 1612, "Arguments": [ "Arg1", "IN", "HMODULE", "0x28f5a8", "0x0", "Arg2", "OUT", "LPWSTR", "0x28f5ac", "0x28f5c8", "Arg3", "IN", "DWORD", "0x28f5b0", "0x104" ], "Timesptamp": "00000000.647347", "FunctionName": "GetModuleFileNameW", "ModuleName": "kernel32.dll", "Return": "0x1a", "Output1": [ "0x28f5c8", "C:\\Users\\lhs\\Exec\\net1.exe" ], "Status": 0 }
{ "Address": "0x172cfe", "Opcode": "ff15a4131700", "Opcodesize": 6, "Mnemonic": "call dword ptr [0x1713a4]", "PID": 280, "TID": 1612, "Arguments": [ "Arg1", "IN", "PVOID", "0x28f5a8", "0x3f0000", "Arg2", "IN", "ULONG", "0x28f5ac", "0x0", "Arg3", "IN", "SIZE_T", "0x28f5b0", "0x36" ], "Timesptamp": "00000000.655686", "FunctionName": "RtlAllocateHeap", "ModuleName": "ntdll.dll", "Return": "0x4038a8", "Status": 0 }
{ "Address": "0x17212d", "Opcode": "e8e7fcffff", "Opcodesize": 5, "Mnemonic": "call 0x171e19", "PID": 280, "TID": 1612, "Functionname": "NetApiBufferAllocate", "Dllname": "netutils.dll", "Status": 1 }
{ "Address": "0x17212d", "Opcode": "e8e7fcffff", "Opcodesize": 5, "Mnemonic": "call 0x171e19", "PID": 280, "TID": 1612, "Functionname": "NetApiBufferAllocate", "Dllname": "netutils.dll", "Status": 1 }
{ "Address": "0x1720e9", "Opcode": "ff1510121700", "Opcodesize": 6, "Mnemonic": "call dword ptr [0x171210]", "PID": 280, "TID": 1612, "Arguments": [ "Arg1", "IN", "FILE*", "0x28f7dc", "0x76232900" ], "Timesptamp": "00000000.681751", "FunctionName": "_fileno", "ModuleName": "msvcrt.dll", "Return": "0x0", "Status": 0 }
{ "Address": "0x1720f1", "Opcode": "ff1514121700", "Opcodesize": 6, "Mnemonic": "call dword ptr [0x171214]", "PID": 280, "TID": 1612, "Functionname": "_setmode", "Dllname": "msvcrt.dll", "Status": 1 }
{ "Address": "0x181d97", "Opcode": "ff1504121700", "Opcodesize": 6, "Mnemonic": "call dword ptr [0x171204]", "PID": 280, "TID": 1612, "Functionname": "setlocale", "Dllname": "msvcrt.dll", "Status": 1 }
{ "Address": "0x181da0", "Opcode": "ff159c101700", "Opcodesize": 6, "Mnemonic": "call dword ptr [0x17109c]", "PID": 280, "TID": 1612, "Functionname": "SetThreadUILanguage", "Dllname": "kernel32.dll", "Status": 1 }
{ "Address": "0x181bde", "Opcode": "e8e9fbfeff", "Opcodesize": 5, "Mnemonic": "call 0x1717cc", "PID": 280, "TID": 1612, "Arguments": [ "Arg1", "IN", "VOID*", "0x28f2b8", "0x28f2cc", "Arg2", "IN", "DWORD", "0x28f2bc", "0xf", "Arg3", "IN", "WCHAR*", "0x28f2c0", "neth.dll" ], "Timesptamp": "00000000.738211", "FunctionName": "wcscpy_s", "ModuleName": "msvcrt.dll", "Return": "0x0", "Status": 0 }
{ "Address": "0x181bea", "Opcode": "ff15e0101700", "Opcodesize": 6, "Mnemonic": "call dword ptr [0x1710e0]", "PID": 280, "TID": 1612, "Arguments": [ "Arg1", "IN", "LPCWSTR", "0x28f2c0", "neth.dll" ], "Timesptamp": "00000000.747989", "FunctionName": "LoadLibraryW", "ModuleName": "kernel32.dll", "Return": "0x73f00000", "Status": 0 }
{ "Address": "0x181c1f", "Opcode": "ff1508111700", "Opcodesize": 6, "Mnemonic": "call dword ptr [0x171108]", "PID": 280, "TID": 1612, "Functionname": "FormatMessageW", "Dllname": "kernel32.dll", "Status": 1 }
{ "Address": "0x181e80", "Opcode": "ffd6", "Opcodesize": 2, "Mnemonic": "call esi", "PID": 280, "TID": 1612, "Functionname": "wcstok", "Dllname": "msvcrt.dll", "Status": 1 }
{ "Address": "0x181ead", "Opcode": "ffd6", "Opcodesize": 2, "Mnemonic": "call esi", "PID": 280, "TID": 1612, "Functionname": "wcstok", "Dllname": "msvcrt.dll", "Status": 1 }
{ "Address": "0x181ead", "Opcode": "ffd6", "Opcodesize": 2, "Mnemonic": "call esi", "PID": 280, "TID": 1612, "Functionname": "wcstok", "Dllname": "msvcrt.dll", "Status": 1 }
{ "Address": "0x181ead", "Opcode": "ffd6", "Opcodesize": 2, "Mnemonic": "call esi", "PID": 280, "TID": 1612, "Functionname": "wcstok", "Dllname": "msvcrt.dll", "Status": 1 }
{ "Address": "0x181ead", "Opcode": "ffd6", "Opcodesize": 2, "Mnemonic": "call esi", "PID": 280, "TID": 1612, "Functionname": "wcstok", "Dllname": "msvcrt.dll", "Status": 1 }
{ "Address": "0x181ead", "Opcode": "ffd6", "Opcodesize": 2, "Mnemonic": "call esi", "PID": 280, "TID": 1612, "Functionname": "wcstok", "Dllname": "msvcrt.dll", "Status": 1 }
{ "Address": "0x181ead", "Opcode": "ffd6", "Opcodesize": 2, "Mnemonic": "call esi", "PID": 280, "TID": 1612, "Functionname": "wcstok", "Dllname": "msvcrt.dll", "Status": 1 }
{ "Address": "0x181ead", "Opcode": "ffd6", "Opcodesize": 2, "Mnemonic": "call esi", "PID": 280, "TID": 1612, "Functionname": "wcstok", "Dllname": "msvcrt.dll", "Status": 1 }
{ "Address": "0x181ead", "Opcode": "ffd6", "Opcodesize": 2, "Mnemonic": "call esi", "PID": 280, "TID": 1612, "Functionname": "wcstok", "Dllname": "msvcrt.dll", "Status": 1 }
{ "Address": "0x181ead", "Opcode": "ffd6", "Opcodesize": 2, "Mnemonic": "call esi", "PID": 280, "TID": 1612, "Functionname": "wcstok", "Dllname": "msvcrt.dll", "Status": 1 }
{ "Address": "0x181ead", "Opcode": "ffd6", "Opcodesize": 2, "Mnemonic": "call esi", "PID": 280, "TID": 1612, "Functionname": "wcstok", "Dllname": "msvcrt.dll", "Status": 1 }
{ "Address": "0x181e5f", "Opcode": "ffd6", "Opcodesize": 2, "Mnemonic": "call esi", "PID": 280, "TID": 1612, "Functionname": "wcstok", "Dllname": "msvcrt.dll", "Status": 1 }
{ "Address": "0x1819ac", "Opcode": "ff151c121700", "Opcodesize": 6, "Mnemonic": "call dword ptr [0x17121c]", "PID": 280, "TID": 1612, "Functionname": "wcsspn", "Dllname": "msvcrt.dll", "Status": 1 }
{ "Address": "0x181e72", "Opcode": "ffd6", "Opcodesize": 2, "Mnemonic": "call esi", "PID": 280, "TID": 1612, "Functionname": "wcstok", "Dllname": "msvcrt.dll", "Status": 1 }
{ "Address": "0x181e5f", "Opcode": "ffd6", "Opcodesize": 2, "Mnemonic": "call esi", "PID": 280, "TID": 1612, "Functionname": "wcstok", "Dllname": "msvcrt.dll", "Status": 1 }
{ "Address": "0x1819ac", "Opcode": "ff151c121700", "Opcodesize": 6, "Mnemonic": "call dword ptr [0x17121c]", "PID": 280, "TID": 1612, "Functionname": "wcsspn", "Dllname": "msvcrt.dll", "Status": 1 }
{ "Address": "0x181e72", "Opcode": "ffd6", "Opcodesize": 2, "Mnemonic": "call esi", "PID": 280, "TID": 1612, "Functionname": "wcstok", "Dllname": "msvcrt.dll", "Status": 1 }
{ "Address": "0x181e5f", "Opcode": "ffd6", "Opcodesize": 2, "Mnemonic": "call esi", "PID": 280, "TID": 1612, "Functionname": "wcstok", "Dllname": "msvcrt.dll", "Status": 1 }
{ "Address": "0x1819ac", "Opcode": "ff151c121700", "Opcodesize": 6, "Mnemonic": "call dword ptr [0x17121c]", "PID": 280, "TID": 1612, "Functionname": "wcsspn", "Dllname": "msvcrt.dll", "Status": 1 }
{ "Address": "0x181e72", "Opcode": "ffd6", "Opcodesize": 2, "Mnemonic": "call esi", "PID": 280, "TID": 1612, "Functionname": "wcstok", "Dllname": "msvcrt.dll", "Status": 1 }
{ "Address": "0x181e5f", "Opcode": "ffd6", "Opcodesize": 2, "Mnemonic": "call esi", "PID": 280, "TID": 1612, "Functionname": "wcstok", "Dllname": "msvcrt.dll", "Status": 1 }
{ "Address": "0x1819ac", "Opcode": "ff151c121700", "Opcodesize": 6, "Mnemonic": "call dword ptr [0x17121c]", "PID": 280, "TID": 1612, "Functionname": "wcsspn", "Dllname": "msvcrt.dll", "Status": 1 }
{ "Address": "0x181e72", "Opcode": "ffd6", "Opcodesize": 2, "Mnemonic": "call esi", "PID": 280, "TID": 1612, "Functionname": "wcstok", "Dllname": "msvcrt.dll", "Status": 1 }
{ "Address": "0x181e5f", "Opcode": "ffd6", "Opcodesize": 2, "Mnemonic": "call esi", "PID": 280, "TID": 1612, "Functionname": "wcstok", "Dllname": "msvcrt.dll", "Status": 1 }
{ "Address": "0x1819ac", "Opcode": "ff151c121700", "Opcodesize": 6, "Mnemonic": "call dword ptr [0x17121c]", "PID": 280, "TID": 1612, "Functionname": "wcsspn", "Dllname": "msvcrt.dll", "Status": 1 }
{ "Address": "0x181e72", "Opcode": "ffd6", "Opcodesize": 2, "Mnemonic": "call esi", "PID": 280, "TID": 1612, "Functionname": "wcstok", "Dllname": "msvcrt.dll", "Status": 1 }
{ "Address": "0x181e5f", "Opcode": "ffd6", "Opcodesize": 2, "Mnemonic": "call esi", "PID": 280, "TID": 1612, "Functionname": "wcstok", "Dllname": "msvcrt.dll", "Status": 1 }
{ "Address": "0x1819ac", "Opcode": "ff151c121700", "Opcodesize": 6, "Mnemonic": "call dword ptr [0x17121c]", "PID": 280, "TID": 1612, "Functionname": "wcsspn", "Dllname": "msvcrt.dll", "Status": 1 }
{ "Address": "0x181e72", "Opcode": "ffd6", "Opcodesize": 2, "Mnemonic": "call esi", "PID": 280, "TID": 1612, "Functionname": "wcstok", "Dllname": "msvcrt.dll", "Status": 1 }
{ "Address": "0x181e5f", "Opcode": "ffd6", "Opcodesize": 2, "Mnemonic": "call esi", "PID": 280, "TID": 1612, "Functionname": "wcstok", "Dllname": "msvcrt.dll", "Status": 1 }
{ "Address": "0x1819ac", "Opcode": "ff151c121700", "Opcodesize": 6, "Mnemonic": "call dword ptr [0x17121c]", "PID": 280, "TID": 1612, "Functionname": "wcsspn", "Dllname": "msvcrt.dll", "Status": 1 }
{ "Address": "0x181e72", "Opcode": "ffd6", "Opcodesize": 2, "Mnemonic": "call esi", "PID": 280, "TID": 1612, "Functionname": "wcstok", "Dllname": "msvcrt.dll", "Status": 1 }
{ "Address": "0x181e5f", "Opcode": "ffd6", "Opcodesize": 2, "Mnemonic": "call esi", "PID": 280, "TID": 1612, "Functionname": "wcstok", "Dllname": "msvcrt.dll", "Status": 1 }
{ "Address": "0x1819ac", "Opcode": "ff151c121700", "Opcodesize": 6, "Mnemonic": "call dword ptr [0x17121c]", "PID": 280, "TID": 1612, "Functionname": "wcsspn", "Dllname": "msvcrt.dll", "Status": 1 }
{ "Address": "0x181e72", "Opcode": "ffd6", "Opcodesize": 2, "Mnemonic": "call esi", "PID": 280, "TID": 1612, "Functionname": "wcstok", "Dllname": "msvcrt.dll", "Status": 1 }
{ "Address": "0x181e5f", "Opcode": "ffd6", "Opcodesize": 2, "Mnemonic": "call esi", "PID": 280, "TID": 1612, "Functionname": "wcstok", "Dllname": "msvcrt.dll", "Status": 1 }
{ "Address": "0x1819ac", "Opcode": "ff151c121700", "Opcodesize": 6, "Mnemonic": "call dword ptr [0x17121c]", "PID": 280, "TID": 1612, "Functionname": "wcsspn", "Dllname": "msvcrt.dll", "Status": 1 }
{ "Address": "0x181e72", "Opcode": "ffd6", "Opcodesize": 2, "Mnemonic": "call esi", "PID": 280, "TID": 1612, "Functionname": "wcstok", "Dllname": "msvcrt.dll", "Status": 1 }
{ "Address": "0x181c1f", "Opcode": "ff1508111700", "Opcodesize": 6, "Mnemonic": "call dword ptr [0x171108]", "PID": 280, "TID": 1612, "Functionname": "FormatMessageW", "Dllname": "kernel32.dll", "Status": 1 }
{ "Address": "0x182006", "Opcode": "ffd6", "Opcodesize": 2, "Mnemonic": "call esi", "PID": 280, "TID": 1612, "Functionname": "wcstok", "Dllname": "msvcrt.dll", "Status": 1 }
{ "Address": "0x182024", "Opcode": "ffd6", "Opcodesize": 2, "Mnemonic": "call esi", "PID": 280, "TID": 1612, "Functionname": "wcstok", "Dllname": "msvcrt.dll", "Status": 1 }
{ "Address": "0x182024", "Opcode": "ffd6", "Opcodesize": 2, "Mnemonic": "call esi", "PID": 280, "TID": 1612, "Functionname": "wcstok", "Dllname": "msvcrt.dll", "Status": 1 }
{ "Address": "0x182024", "Opcode": "ffd6", "Opcodesize": 2, "Mnemonic": "call esi", "PID": 280, "TID": 1612, "Functionname": "wcstok", "Dllname": "msvcrt.dll", "Status": 1 }
{ "Address": "0x182024", "Opcode": "ffd6", "Opcodesize": 2, "Mnemonic": "call esi", "PID": 280, "TID": 1612, "Functionname": "wcstok", "Dllname": "msvcrt.dll", "Status": 1 }
{ "Address": "0x171e81", "Opcode": "e846f9ffff", "Opcodesize": 5, "Mnemonic": "call 0x1717cc", "PID": 280, "TID": 1612, "Arguments": [ "Arg1", "IN", "VOID*", "0x28f230", "0x18a4e8", "Arg2", "IN", "DWORD", "0x28f234", "0x104", "Arg3", "IN", "WCHAR*", "0x28f238", "NETMSG" ], "Timesptamp": "00000001.215207", "FunctionName": "wcscpy_s", "ModuleName": "msvcrt.dll", "Return": "0x0", "Status": 0 }
{ "Address": "0x171e8a", "Opcode": "ff15e0101700", "Opcodesize": 6, "Mnemonic": "call dword ptr [0x1710e0]", "PID": 280, "TID": 1612, "Arguments": [ "Arg1", "IN", "LPCWSTR", "0x28f238", "NETMSG" ], "Timesptamp": "00000001.225302", "FunctionName": "LoadLibraryW", "ModuleName": "kernel32.dll", "Return": "0x73e80000", "Status": 0 }
{ "Address": "0x171f4d", "Opcode": "ffd6", "Opcodesize": 2, "Mnemonic": "call esi", "PID": 280, "TID": 1612, "Functionname": "FormatMessageW", "Dllname": "kernel32.dll", "Status": 1 }
{ "Address": "0x171d7f", "Opcode": "ff151c111700", "Opcodesize": 6, "Mnemonic": "call dword ptr [0x17111c]", "PID": 280, "TID": 1612, "Arguments": [ "Arg1", "IN", "HANDLE", "0x28f284", "0xb" ], "Timesptamp": "00000001.262290", "FunctionName": "GetFileType", "ModuleName": "kernel32.dll", "Return": "0x2", "Status": 0 }
{ "Address": "0x171d96", "Opcode": "ff1510111700", "Opcodesize": 6, "Mnemonic": "call dword ptr [0x171110]", "PID": 280, "TID": 1612, "Functionname": "GetConsoleMode", "Dllname": "kernel32.dll", "Status": 1 }
{ "Address": "0x171d7f", "Opcode": "ff151c111700", "Opcodesize": 6, "Mnemonic": "call dword ptr [0x17111c]", "PID": 280, "TID": 1612, "Arguments": [ "Arg1", "IN", "HANDLE", "0x28f284", "0xb" ], "Timesptamp": "00000001.298256", "FunctionName": "GetFileType", "ModuleName": "kernel32.dll", "Return": "0x2", "Status": 0 }
{ "Address": "0x171d96", "Opcode": "ff1510111700", "Opcodesize": 6, "Mnemonic": "call dword ptr [0x171110]", "PID": 280, "TID": 1612, "Functionname": "GetConsoleMode", "Dllname": "kernel32.dll", "Status": 1 }
{ "Address": "0x1820c6", "Opcode": "e801f7feff", "Opcodesize": 5, "Mnemonic": "call 0x1717cc", "PID": 280, "TID": 1612, "Arguments": [ "Arg1", "IN", "VOID*", "0x28f2f0", "0x28f360", "Arg2", "IN", "DWORD", "0x28f2f4", "0x200", "Arg3", "IN", "WCHAR*", "0x28f2f8", "NET" ], "Timesptamp": "00000001.328941", "FunctionName": "wcscpy_s", "ModuleName": "msvcrt.dll", "Return": "0x0", "Status": 0 }
{ "Address": "0x181c1f", "Opcode": "ff1508111700", "Opcodesize": 6, "Mnemonic": "call dword ptr [0x171108]", "PID": 280, "TID": 1612, "Functionname": "FormatMessageW", "Dllname": "kernel32.dll", "Status": 1 }
{ "Address": "0x181cf0", "Opcode": "ff1508121700", "Opcodesize": 6, "Mnemonic": "call dword ptr [0x171208]", "PID": 280, "TID": 1612, "Arguments": [ "Arg1", "IN", "WCHAR*", "0x28f2d0", "NET", "Arg2", "IN", "WCHAR*", "0x28f2d4", "NET ACCOUNTS..[\/FORCELOGOFF:{minutes | NO}] [\/MINPWLEN:dur.e]..              [\/MAXPWAGE:{jours | UNLIMITED}] [\/MINPWAGE:jours]..              [\/UNIQUEPW:nombre] [\/DOMAIN]....", "Arg3", "IN", "SIZE_T", "0x28f2d8", "0x3" ], "Timesptamp": "00000001.356321", "FunctionName": "_wcsnicmp", "ModuleName": "msvcrt.dll", "Return": "0x0", "Status": 0 }
{ "Address": "0x181d09", "Opcode": "ffd6", "Opcodesize": 2, "Mnemonic": "call esi", "PID": 280, "TID": 1612, "Arguments": [ "Arg1", "IN", "HLOCAL", "0x28f2d8", "0x4054c8" ], "Timesptamp": "00000001.367588", "FunctionName": "LocalFree", "ModuleName": "kernel32.dll", "Return": "0x0", "Status": 0 }
{ "Address": "0x181c1f", "Opcode": "ff1508111700", "Opcodesize": 6, "Mnemonic": "call dword ptr [0x171108]", "PID": 280, "TID": 1612, "Functionname": "FormatMessageW", "Dllname": "kernel32.dll", "Status": 1 }
{ "Address": "0x181cf0", "Opcode": "ff1508121700", "Opcodesize": 6, "Mnemonic": "call dword ptr [0x171208]", "PID": 280, "TID": 1612, "Arguments": [ "Arg1", "IN", "WCHAR*", "0x28f2d0", "NET", "Arg2", "IN", "WCHAR*", "0x28f2d4", "NET COMPUTER..\\\\nom_ordinateur {\/ADD | \/DEL}....", "Arg3", "IN", "SIZE_T", "0x28f2d8", "0x3" ], "Timesptamp": "00000001.393896", "FunctionName": "_wcsnicmp", "ModuleName": "msvcrt.dll", "Return": "0x0", "Status": 0 }
{ "Address": "0x181d09", "Opcode": "ffd6", "Opcodesize": 2, "Mnemonic": "call esi", "PID": 280, "TID": 1612, "Arguments": [ "Arg1", "IN", "HLOCAL", "0x28f2d8", "0x403bd8" ], "Timesptamp": "00000001.403606", "FunctionName": "LocalFree", "ModuleName": "kernel32.dll", "Return": "0x0", "Status": 0 }
{ "Address": "0x181c1f", "Opcode": "ff1508111700", "Opcodesize": 6, "Mnemonic": "call dword ptr [0x171108]", "PID": 280, "TID": 1612, "Functionname": "FormatMessageW", "Dllname": "kernel32.dll", "Status": 1 }
{ "Address": "0x181cf0", "Opcode": "ff1508121700", "Opcodesize": 6, "Mnemonic": "call dword ptr [0x171208]", "PID": 280, "TID": 1612, "Arguments": [ "Arg1", "IN", "WCHAR*", "0x28f2d0", "NET", "Arg2", "IN", "WCHAR*", "0x28f2d4", "NET CONFIG SERVER..[\/AUTODISCONNECT:d.lai]..                  [\/SRVCOMMENT:\"texte\"]..                  [\/HIDDEN:{YES | NO}]....", "Arg3", "IN", "SIZE_T", "0x28f2d8", "0x3" ], "Timesptamp": "00000001.423600", "FunctionName": "_wcsnicmp", "ModuleName": "msvcrt.dll", "Return": "0x0", "Status": 0 }
{ "Address": "0x181d09", "Opcode": "ffd6", "Opcodesize": 2, "Mnemonic": "call esi", "PID": 280, "TID": 1612, "Arguments": [ "Arg1", "IN", "HLOCAL", "0x28f2d8", "0x4054c8" ], "Timesptamp": "00000001.435416", "FunctionName": "LocalFree", "ModuleName": "kernel32.dll", "Return": "0x0", "Status": 0 }
{ "Address": "0x181c1f", "Opcode": "ff1508111700", "Opcodesize": 6, "Mnemonic": "call dword ptr [0x171108]", "PID": 280, "TID": 1612, "Functionname": "FormatMessageW", "Dllname": "kernel32.dll", "Status": 1 }
{ "Address": "0x181cf0", "Opcode": "ff1508121700", "Opcodesize": 6, "Mnemonic": "call dword ptr [0x171208]", "PID": 280, "TID": 1612, "Arguments": [ "Arg1", "IN", "WCHAR*", "0x28f2d0", "NET", "Arg2", "IN", "WCHAR*", "0x28f2d4", "NET CONFIG..[SERVER | WORKSTATION]....", "Arg3", "IN", "SIZE_T", "0x28f2d8", "0x3" ], "Timesptamp": "00000001.455818", "FunctionName": "_wcsnicmp", "ModuleName": "msvcrt.dll", "Return": "0x0", "Status": 0 }
{ "Address": "0x181d09", "Opcode": "ffd6", "Opcodesize": 2, "Mnemonic": "call esi", "PID": 280, "TID": 1612, "Arguments": [ "Arg1", "IN", "HLOCAL", "0x28f2d8", "0x403bd8" ], "Timesptamp": "00000001.466281", "FunctionName": "LocalFree", "ModuleName": "kernel32.dll", "Return": "0x0", "Status": 0 }
{ "Address": "0x181c1f", "Opcode": "ff1508111700", "Opcodesize": 6, "Mnemonic": "call dword ptr [0x171108]", "PID": 280, "TID": 1612, "Functionname": "FormatMessageW", "Dllname": "kernel32.dll", "Status": 1 }
{ "Address": "0x181cf0", "Opcode": "ff1508121700", "Opcodesize": 6, "Mnemonic": "call dword ptr [0x171208]", "PID": 280, "TID": 1612, "Arguments": [ "Arg1", "IN", "WCHAR*", "0x28f2d0", "NET", "Arg2", "IN", "WCHAR*", "0x28f2d4", "NET CONTINUE..service....", "Arg3", "IN", "SIZE_T", "0x28f2d8", "0x3" ], "Timesptamp": "00000001.489439", "FunctionName": "_wcsnicmp", "ModuleName": "msvcrt.dll", "Return": "0x0", "Status": 0 }
{ "Address": "0x181d09", "Opcode": "ffd6", "Opcodesize": 2, "Mnemonic": "call esi", "PID": 280, "TID": 1612, "Arguments": [ "Arg1", "IN", "HLOCAL", "0x28f2d8", "0x403bd8" ], "Timesptamp": "00000001.498866", "FunctionName": "LocalFree", "ModuleName": "kernel32.dll", "Return": "0x0", "Status": 0 }
{ "Address": "0x181c1f", "Opcode": "ff1508111700", "Opcodesize": 6, "Mnemonic": "call dword ptr [0x171108]", "PID": 280, "TID": 1612, "Functionname": "FormatMessageW", "Dllname": "kernel32.dll", "Status": 1 }
{ "Address": "0x181cf0", "Opcode": "ff1508121700", "Opcodesize": 6, "Mnemonic": "call dword ptr [0x171208]", "PID": 280, "TID": 1612, "Arguments": [ "Arg1", "IN", "WCHAR*", "0x28f2d0", "NET", "Arg2", "IN", "WCHAR*", "0x28f2d4", "NET FILE..[id [\/CLOSE]]....", "Arg3", "IN", "SIZE_T", "0x28f2d8", "0x3" ], "Timesptamp": "00000001.522516", "FunctionName": "_wcsnicmp", "ModuleName": "msvcrt.dll", "Return": "0x0", "Status": 0 }
{ "Address": "0x181d09", "Opcode": "ffd6", "Opcodesize": 2, "Mnemonic": "call esi", "PID": 280, "TID": 1612, "Arguments": [ "Arg1", "IN", "HLOCAL", "0x28f2d8", "0x403bd8" ], "Timesptamp": "00000001.534135", "FunctionName": "LocalFree", "ModuleName": "kernel32.dll", "Return": "0x0", "Status": 0 }
{ "Address": "0x181c1f", "Opcode": "ff1508111700", "Opcodesize": 6, "Mnemonic": "call dword ptr [0x171108]", "PID": 280, "TID": 1612, "Functionname": "FormatMessageW", "Dllname": "kernel32.dll", "Status": 1 }
{ "Address": "0x181cf0", "Opcode": "ff1508121700", "Opcodesize": 6, "Mnemonic": "call dword ptr [0x171208]", "PID": 280, "TID": 1612, "Arguments": [ "Arg1", "IN", "WCHAR*", "0x28f2d0", "NET", "Arg2", "IN", "WCHAR*", "0x28f2d4", "NET GROUP..[nom_groupe [\/COMMENT:\"texte\"]] [\/DOMAIN]..             nom_groupe {\/ADD [\/COMMENT:\"texte\"] | \/DELETE}  [\/DOMAIN]..             nom_groupe nom_utilisateur [...] {\/ADD | \/DELETE} [\/DOMAIN]....", "Arg3", "IN", "SIZE_T", "0x28f2d8", "0x3" ], "Timesptamp": "00000001.555919", "FunctionName": "_wcsnicmp", "ModuleName": "msvcrt.dll", "Return": "0x0", "Status": 0 }
{ "Address": "0x181d09", "Opcode": "ffd6", "Opcodesize": 2, "Mnemonic": "call esi", "PID": 280, "TID": 1612, "Arguments": [ "Arg1", "IN", "HLOCAL", "0x28f2d8", "0x4054c8" ], "Timesptamp": "00000001.567906", "FunctionName": "LocalFree", "ModuleName": "kernel32.dll", "Return": "0x0", "Status": 0 }
{ "Address": "0x181c1f", "Opcode": "ff1508111700", "Opcodesize": 6, "Mnemonic": "call dword ptr [0x171108]", "PID": 280, "TID": 1612, "Functionname": "FormatMessageW", "Dllname": "kernel32.dll", "Status": 1 }
{ "Address": "0x181cf0", "Opcode": "ff1508121700", "Opcodesize": 6, "Mnemonic": "call dword ptr [0x171208]", "PID": 280, "TID": 1612, "Arguments": [ "Arg1", "IN", "WCHAR*", "0x28f2d0", "NET", "Arg2", "IN", "WCHAR*", "0x28f2d4", "NET HELP..commande ..     -.ou.-..NET commande \/HELP....", "Arg3", "IN", "SIZE_T", "0x28f2d8", "0x3" ], "Timesptamp": "00000001.588919", "FunctionName": "_wcsnicmp", "ModuleName": "msvcrt.dll", "Return": "0x0", "Status": 0 }
{ "Address": "0x181d09", "Opcode": "ffd6", "Opcodesize": 2, "Mnemonic": "call esi", "PID": 280, "TID": 1612, "Arguments": [ "Arg1", "IN", "HLOCAL", "0x28f2d8", "0x403bd8" ], "Timesptamp": "00000001.602222", "FunctionName": "LocalFree", "ModuleName": "kernel32.dll", "Return": "0x0", "Status": 0 }
{ "Address": "0x181c1f", "Opcode": "ff1508111700", "Opcodesize": 6, "Mnemonic": "call dword ptr [0x171108]", "PID": 280, "TID": 1612, "Functionname": "FormatMessageW", "Dllname": "kernel32.dll", "Status": 1 }
{ "Address": "0x181cf0", "Opcode": "ff1508121700", "Opcodesize": 6, "Mnemonic": "call dword ptr [0x171208]", "PID": 280, "TID": 1612, "Arguments": [ "Arg1", "IN", "WCHAR*", "0x28f2d0", "NET", "Arg2", "IN", "WCHAR*", "0x28f2d4", "NET HELPMSG..n._message....", "Arg3", "IN", "SIZE_T", "0x28f2d8", "0x3" ], "Timesptamp": "00000001.623572", "FunctionName": "_wcsnicmp", "ModuleName": "msvcrt.dll", "Return": "0x0", "Status": 0 }
{ "Address": "0x181d09", "Opcode": "ffd6", "Opcodesize": 2, "Mnemonic": "call esi", "PID": 280, "TID": 1612, "Arguments": [ "Arg1", "IN", "HLOCAL", "0x28f2d8", "0x403bd8" ], "Timesptamp": "00000001.633281", "FunctionName": "LocalFree", "ModuleName": "kernel32.dll", "Return": "0x0", "Status": 0 }
{ "Address": "0x181c1f", "Opcode": "ff1508111700", "Opcodesize": 6, "Mnemonic": "call dword ptr [0x171108]", "PID": 280, "TID": 1612, "Functionname": "FormatMessageW", "Dllname": "kernel32.dll", "Status": 1 }
{ "Address": "0x181cf0", "Opcode": "ff1508121700", "Opcodesize": 6, "Mnemonic": "call dword ptr [0x171208]", "PID": 280, "TID": 1612, "Arguments": [ "Arg1", "IN", "WCHAR*", "0x28f2d0", "NET", "Arg2", "IN", "WCHAR*", "0x28f2d4", "NET LOCALGROUP..[nom_groupe [\/COMMENT:\"texte\"]] [\/DOMAIN]..              nom_groupe {\/ADD [\/COMMENT:\"texte\"] | \/DELETE}  [\/DOMAIN]..              nom_groupe nom [...] {\/ADD | \/DELETE} [\/DOMAIN]....", "Arg3", "IN", "SIZE_T", "0x28f2d8", "0x3" ], "Timesptamp": "00000001.656143", "FunctionName": "_wcsnicmp", "ModuleName": "msvcrt.dll", "Return": "0x0", "Status": 0 }
{ "Address": "0x181d09", "Opcode": "ffd6", "Opcodesize": 2, "Mnemonic": "call esi", "PID": 280, "TID": 1612, "Arguments": [ "Arg1", "IN", "HLOCAL", "0x28f2d8", "0x4054c8" ], "Timesptamp": "00000001.665185", "FunctionName": "LocalFree", "ModuleName": "kernel32.dll", "Return": "0x0", "Status": 0 }
{ "Address": "0x181c1f", "Opcode": "ff1508111700", "Opcodesize": 6, "Mnemonic": "call dword ptr [0x171108]", "PID": 280, "TID": 1612, "Functionname": "FormatMessageW", "Dllname": "kernel32.dll", "Status": 1 }
{ "Address": "0x181cf0", "Opcode": "ff1508121700", "Opcodesize": 6, "Mnemonic": "call dword ptr [0x171208]", "PID": 280, "TID": 1612, "Arguments": [ "Arg1", "IN", "WCHAR*", "0x28f2d0", "NET", "Arg2", "IN", "WCHAR*", "0x28f2d4", "NET PAUSE..service....", "Arg3", "IN", "SIZE_T", "0x28f2d8", "0x3" ], "Timesptamp": "00000001.685983", "FunctionName": "_wcsnicmp", "ModuleName": "msvcrt.dll", "Return": "0x0", "Status": 0 }
{ "Address": "0x181d09", "Opcode": "ffd6", "Opcodesize": 2, "Mnemonic": "call esi", "PID": 280, "TID": 1612, "Arguments": [ "Arg1", "IN", "HLOCAL", "0x28f2d8", "0x403bd8" ], "Timesptamp": "00000001.697121", "FunctionName": "LocalFree", "ModuleName": "kernel32.dll", "Return": "0x0", "Status": 0 }
{ "Address": "0x181c1f", "Opcode": "ff1508111700", "Opcodesize": 6, "Mnemonic": "call dword ptr [0x171108]", "PID": 280, "TID": 1612, "Functionname": "FormatMessageW", "Dllname": "kernel32.dll", "Status": 1 }
{ "Address": "0x181cf0", "Opcode": "ff1508121700", "Opcodesize": 6, "Mnemonic": "call dword ptr [0x171208]", "PID": 280, "TID": 1612, "Arguments": [ "Arg1", "IN", "WCHAR*", "0x28f2d0", "NET", "Arg2", "IN", "WCHAR*", "0x28f2d4", "NET SESSION..[\\\\nom_ordinateur] [\/DELETE] [\/LIST]....", "Arg3", "IN", "SIZE_T", "0x28f2d8", "0x3" ], "Timesptamp": "00000001.717813", "FunctionName": "_wcsnicmp", "ModuleName": "msvcrt.dll", "Return": "0x0", "Status": 0 }
{ "Address": "0x181d09", "Opcode": "ffd6", "Opcodesize": 2, "Mnemonic": "call esi", "PID": 280, "TID": 1612, "Arguments": [ "Arg1", "IN", "HLOCAL", "0x28f2d8", "0x403bd8" ], "Timesptamp": "00000001.730421", "FunctionName": "LocalFree", "ModuleName": "kernel32.dll", "Return": "0x0", "Status": 0 }
{ "Address": "0x181c1f", "Opcode": "ff1508111700", "Opcodesize": 6, "Mnemonic": "call dword ptr [0x171108]", "PID": 280, "TID": 1612, "Functionname": "FormatMessageW", "Dllname": "kernel32.dll", "Status": 1 }
{ "Address": "0x181cf0", "Opcode": "ff1508121700", "Opcodesize": 6, "Mnemonic": "call dword ptr [0x171208]", "PID": 280, "TID": 1612, "Arguments": [ "Arg1", "IN", "WCHAR*", "0x28f2d0", "NET", "Arg2", "IN", "WCHAR*", "0x28f2d4", "NET SHARE..nom_partage..          nom_partage=lecteur:chemin..                      [\/GRANT:utilisateur,[READ | CHANGE | FULL]]..                      [\/USERS:nombre | \/UNLIMITED]..                      [\/REMARK:\"texte\"]..                      [\/CACHE:Manual | Documents| Programs | BranchCache | None]..          nom_partage [\/USERS:nombre | \/UNLIMITED]..                      [\/REMARK:\"texte\"]..                      [\/CACHE:Manual | Documents | Programs | None]..          {nom_partage | nom_p.riph.rique | le", "Arg3", "IN", "SIZE_T", "0x28f2d8", "0x3" ], "Timesptamp": "00000001.766385", "FunctionName": "_wcsnicmp", "ModuleName": "msvcrt.dll", "Return": "0x0", "Status": 0 }
{ "Address": "0x181d09", "Opcode": "ffd6", "Opcodesize": 2, "Mnemonic": "call esi", "PID": 280, "TID": 1612, "Arguments": [ "Arg1", "IN", "HLOCAL", "0x28f2d8", "0x4054c8" ], "Timesptamp": "00000001.781009", "FunctionName": "LocalFree", "ModuleName": "kernel32.dll", "Return": "0x0", "Status": 0 }
{ "Address": "0x181c1f", "Opcode": "ff1508111700", "Opcodesize": 6, "Mnemonic": "call dword ptr [0x171108]", "PID": 280, "TID": 1612, "Functionname": "FormatMessageW", "Dllname": "kernel32.dll", "Status": 1 }
{ "Address": "0x181cf0", "Opcode": "ff1508121700", "Opcodesize": 6, "Mnemonic": "call dword ptr [0x171208]", "PID": 280, "TID": 1612, "Arguments": [ "Arg1", "IN", "WCHAR*", "0x28f2d0", "NET", "Arg2", "IN", "WCHAR*", "0x28f2d4", "NET START BROWSER..", "Arg3", "IN", "SIZE_T", "0x28f2d8", "0x3" ], "Timesptamp": "00000001.819808", "FunctionName": "_wcsnicmp", "ModuleName": "msvcrt.dll", "Return": "0x0", "Status": 0 }
{ "Address": "0x181d09", "Opcode": "ffd6", "Opcodesize": 2, "Mnemonic": "call esi", "PID": 280, "TID": 1612, "Arguments": [ "Arg1", "IN", "HLOCAL", "0x28f2d8", "0x403bd8" ], "Timesptamp": "00000001.831854", "FunctionName": "LocalFree", "ModuleName": "kernel32.dll", "Return": "0x0", "Status": 0 }
{ "Address": "0x181c1f", "Opcode": "ff1508111700", "Opcodesize": 6, "Mnemonic": "call dword ptr [0x171108]", "PID": 280, "TID": 1612, "Functionname": "FormatMessageW", "Dllname": "kernel32.dll", "Status": 1 }
{ "Address": "0x181cf0", "Opcode": "ff1508121700", "Opcodesize": 6, "Mnemonic": "call dword ptr [0x171208]", "PID": 280, "TID": 1612, "Arguments": [ "Arg1", "IN", "WCHAR*", "0x28f2d0", "NET", "Arg2", "IN", "WCHAR*", "0x28f2d4", "NET START CLIPBOOK..", "Arg3", "IN", "SIZE_T", "0x28f2d8", "0x3" ], "Timesptamp": "00000001.854257", "FunctionName": "_wcsnicmp", "ModuleName": "msvcrt.dll", "Return": "0x0", "Status": 0 }
{ "Address": "0x181d09", "Opcode": "ffd6", "Opcodesize": 2, "Mnemonic": "call esi", "PID": 280, "TID": 1612, "Arguments": [ "Arg1", "IN", "HLOCAL", "0x28f2d8", "0x403bd8" ], "Timesptamp": "00000001.865538", "FunctionName": "LocalFree", "ModuleName": "kernel32.dll", "Return": "0x0", "Status": 0 }
{ "Address": "0x181c1f", "Opcode": "ff1508111700", "Opcodesize": 6, "Mnemonic": "call dword ptr [0x171108]", "PID": 280, "TID": 1612, "Functionname": "FormatMessageW", "Dllname": "kernel32.dll", "Status": 1 }
{ "Address": "0x181cf0", "Opcode": "ff1508121700", "Opcodesize": 6, "Mnemonic": "call dword ptr [0x171208]", "PID": 280, "TID": 1612, "Arguments": [ "Arg1", "IN", "WCHAR*", "0x28f2d0", "NET", "Arg2", "IN", "WCHAR*", "0x28f2d4", "NET START EVENTLOG..", "Arg3", "IN", "SIZE_T", "0x28f2d8", "0x3" ], "Timesptamp": "00000001.886852", "FunctionName": "_wcsnicmp", "ModuleName": "msvcrt.dll", "Return": "0x0", "Status": 0 }
{ "Address": "0x181d09", "Opcode": "ffd6", "Opcodesize": 2, "Mnemonic": "call esi", "PID": 280, "TID": 1612, "Arguments": [ "Arg1", "IN", "HLOCAL", "0x28f2d8", "0x403bd8" ], "Timesptamp": "00000001.898238", "FunctionName": "LocalFree", "ModuleName": "kernel32.dll", "Return": "0x0", "Status": 0 }
{ "Address": "0x181c1f", "Opcode": "ff1508111700", "Opcodesize": 6, "Mnemonic": "call dword ptr [0x171108]", "PID": 280, "TID": 1612, "Functionname": "FormatMessageW", "Dllname": "kernel32.dll", "Status": 1 }
{ "Address": "0x181cf0", "Opcode": "ff1508121700", "Opcodesize": 6, "Mnemonic": "call dword ptr [0x171208]", "PID": 280, "TID": 1612, "Arguments": [ "Arg1", "IN", "WCHAR*", "0x28f2d0", "NET", "Arg2", "IN", "WCHAR*", "0x28f2d4", "NET START MESSENGER..", "Arg3", "IN", "SIZE_T", "0x28f2d8", "0x3" ], "Timesptamp": "00000001.918562", "FunctionName": "_wcsnicmp", "ModuleName": "msvcrt.dll", "Return": "0x0", "Status": 0 }
{ "Address": "0x181d09", "Opcode": "ffd6", "Opcodesize": 2, "Mnemonic": "call esi", "PID": 280, "TID": 1612, "Arguments": [ "Arg1", "IN", "HLOCAL", "0x28f2d8", "0x403bd8" ], "Timesptamp": "00000001.928405", "FunctionName": "LocalFree", "ModuleName": "kernel32.dll", "Return": "0x0", "Status": 0 }
{ "Address": "0x181c1f", "Opcode": "ff1508111700", "Opcodesize": 6, "Mnemonic": "call dword ptr [0x171108]", "PID": 280, "TID": 1612, "Functionname": "FormatMessageW", "Dllname": "kernel32.dll", "Status": 1 }
{ "Address": "0x181cf0", "Opcode": "ff1508121700", "Opcodesize": 6, "Mnemonic": "call dword ptr [0x171208]", "PID": 280, "TID": 1612, "Arguments": [ "Arg1", "IN", "WCHAR*", "0x28f2d0", "NET", "Arg2", "IN", "WCHAR*", "0x28f2d4", "NET START NET LOGON..", "Arg3", "IN", "SIZE_T", "0x28f2d8", "0x3" ], "Timesptamp": "00000001.948343", "FunctionName": "_wcsnicmp", "ModuleName": "msvcrt.dll", "Return": "0x0", "Status": 0 }
{ "Address": "0x181d09", "Opcode": "ffd6", "Opcodesize": 2, "Mnemonic": "call esi", "PID": 280, "TID": 1612, "Arguments": [ "Arg1", "IN", "HLOCAL", "0x28f2d8", "0x403bd8" ], "Timesptamp": "00000001.958712", "FunctionName": "LocalFree", "ModuleName": "kernel32.dll", "Return": "0x0", "Status": 0 }
{ "Address": "0x181c1f", "Opcode": "ff1508111700", "Opcodesize": 6, "Mnemonic": "call dword ptr [0x171108]", "PID": 280, "TID": 1612, "Functionname": "FormatMessageW", "Dllname": "kernel32.dll", "Status": 1 }
{ "Address": "0x181cf0", "Opcode": "ff1508121700", "Opcodesize": 6, "Mnemonic": "call dword ptr [0x171208]", "PID": 280, "TID": 1612, "Arguments": [ "Arg1", "IN", "WCHAR*", "0x28f2d0", "NET", "Arg2", "IN", "WCHAR*", "0x28f2d4", "NET START RPCLOCATOR..", "Arg3", "IN", "SIZE_T", "0x28f2d8", "0x3" ], "Timesptamp": "00000001.978856", "FunctionName": "_wcsnicmp", "ModuleName": "msvcrt.dll", "Return": "0x0", "Status": 0 }
{ "Address": "0x181d09", "Opcode": "ffd6", "Opcodesize": 2, "Mnemonic": "call esi", "PID": 280, "TID": 1612, "Arguments": [ "Arg1", "IN", "HLOCAL", "0x28f2d8", "0x403bd8" ], "Timesptamp": "00000001.989496", "FunctionName": "LocalFree", "ModuleName": "kernel32.dll", "Return": "0x0", "Status": 0 }
{ "Address": "0x181c1f", "Opcode": "ff1508111700", "Opcodesize": 6, "Mnemonic": "call dword ptr [0x171108]", "PID": 280, "TID": 1612, "Functionname": "FormatMessageW", "Dllname": "kernel32.dll", "Status": 1 }
{ "Address": "0x181cf0", "Opcode": "ff1508121700", "Opcodesize": 6, "Mnemonic": "call dword ptr [0x171208]", "PID": 280, "TID": 1612, "Arguments": [ "Arg1", "IN", "WCHAR*", "0x28f2d0", "NET", "Arg2", "IN", "WCHAR*", "0x28f2d4", "NET START RPCSS..", "Arg3", "IN", "SIZE_T", "0x28f2d8", "0x3" ], "Timesptamp": "00000002.011587", "FunctionName": "_wcsnicmp", "ModuleName": "msvcrt.dll", "Return": "0x0", "Status": 0 }
{ "Address": "0x181d09", "Opcode": "ffd6", "Opcodesize": 2, "Mnemonic": "call esi", "PID": 280, "TID": 1612, "Arguments": [ "Arg1", "IN", "HLOCAL", "0x28f2d8", "0x403bd8" ], "Timesptamp": "00000002.023180", "FunctionName": "LocalFree", "ModuleName": "kernel32.dll", "Return": "0x0", "Status": 0 }
{ "Address": "0x181c1f", "Opcode": "ff1508111700", "Opcodesize": 6, "Mnemonic": "call dword ptr [0x171108]", "PID": 280, "TID": 1612, "Functionname": "FormatMessageW", "Dllname": "kernel32.dll", "Status": 1 }
{ "Address": "0x181cf0", "Opcode": "ff1508121700", "Opcodesize": 6, "Mnemonic": "call dword ptr [0x171208]", "PID": 280, "TID": 1612, "Arguments": [ "Arg1", "IN", "WCHAR*", "0x28f2d0", "NET", "Arg2", "IN", "WCHAR*", "0x28f2d4", "NET START SCHEDULE..", "Arg3", "IN", "SIZE_T", "0x28f2d8", "0x3" ], "Timesptamp": "00000002.042631", "FunctionName": "_wcsnicmp", "ModuleName": "msvcrt.dll", "Return": "0x0", "Status": 0 }
{ "Address": "0x181d09", "Opcode": "ffd6", "Opcodesize": 2, "Mnemonic": "call esi", "PID": 280, "TID": 1612, "Arguments": [ "Arg1", "IN", "HLOCAL", "0x28f2d8", "0x403bd8" ], "Timesptamp": "00000002.052544", "FunctionName": "LocalFree", "ModuleName": "kernel32.dll", "Return": "0x0", "Status": 0 }
{ "Address": "0x181c1f", "Opcode": "ff1508111700", "Opcodesize": 6, "Mnemonic": "call dword ptr [0x171108]", "PID": 280, "TID": 1612, "Functionname": "FormatMessageW", "Dllname": "kernel32.dll", "Status": 1 }
{ "Address": "0x181cf0", "Opcode": "ff1508121700", "Opcodesize": 6, "Mnemonic": "call dword ptr [0x171208]", "PID": 280, "TID": 1612, "Arguments": [ "Arg1", "IN", "WCHAR*", "0x28f2d0", "NET", "Arg2", "IN", "WCHAR*", "0x28f2d4", "NET START SERVER..", "Arg3", "IN", "SIZE_T", "0x28f2d8", "0x3" ], "Timesptamp": "00000002.074607", "FunctionName": "_wcsnicmp", "ModuleName": "msvcrt.dll", "Return": "0x0", "Status": 0 }
{ "Address": "0x181d09", "Opcode": "ffd6", "Opcodesize": 2, "Mnemonic": "call esi", "PID": 280, "TID": 1612, "Arguments": [ "Arg1", "IN", "HLOCAL", "0x28f2d8", "0x403bd8" ], "Timesptamp": "00000002.084478", "FunctionName": "LocalFree", "ModuleName": "kernel32.dll", "Return": "0x0", "Status": 0 }
{ "Address": "0x181c1f", "Opcode": "ff1508111700", "Opcodesize": 6, "Mnemonic": "call dword ptr [0x171108]", "PID": 280, "TID": 1612, "Functionname": "FormatMessageW", "Dllname": "kernel32.dll", "Status": 1 }
{ "Address": "0x181cf0", "Opcode": "ff1508121700", "Opcodesize": 6, "Mnemonic": "call dword ptr [0x171208]", "PID": 280, "TID": 1612, "Arguments": [ "Arg1", "IN", "WCHAR*", "0x28f2d0", "NET", "Arg2", "IN", "WCHAR*", "0x28f2d4", "NET START UPS..", "Arg3", "IN", "SIZE_T", "0x28f2d8", "0x3" ], "Timesptamp": "00000002.144672", "FunctionName": "_wcsnicmp", "ModuleName": "msvcrt.dll", "Return": "0x0", "Status": 0 }
{ "Address": "0x181d09", "Opcode": "ffd6", "Opcodesize": 2, "Mnemonic": "call esi", "PID": 280, "TID": 1612, "Arguments": [ "Arg1", "IN", "HLOCAL", "0x28f2d8", "0x403bd8" ], "Timesptamp": "00000002.155822", "FunctionName": "LocalFree", "ModuleName": "kernel32.dll", "Return": "0x0", "Status": 0 }
{ "Address": "0x181c1f", "Opcode": "ff1508111700", "Opcodesize": 6, "Mnemonic": "call dword ptr [0x171108]", "PID": 280, "TID": 1612, "Functionname": "FormatMessageW", "Dllname": "kernel32.dll", "Status": 1 }
{ "Address": "0x181cf0", "Opcode": "ff1508121700", "Opcodesize": 6, "Mnemonic": "call dword ptr [0x171208]", "PID": 280, "TID": 1612, "Arguments": [ "Arg1", "IN", "WCHAR*", "0x28f2d0", "NET", "Arg2", "IN", "WCHAR*", "0x28f2d4", "NET START WORKSTATION..", "Arg3", "IN", "SIZE_T", "0x28f2d8", "0x3" ], "Timesptamp": "00000002.178300", "FunctionName": "_wcsnicmp", "ModuleName": "msvcrt.dll", "Return": "0x0", "Status": 0 }
{ "Address": "0x181d09", "Opcode": "ffd6", "Opcodesize": 2, "Mnemonic": "call esi", "PID": 280, "TID": 1612, "Arguments": [ "Arg1", "IN", "HLOCAL", "0x28f2d8", "0x403bd8" ], "Timesptamp": "00000002.189281", "FunctionName": "LocalFree", "ModuleName": "kernel32.dll", "Return": "0x0", "Status": 0 }
{ "Address": "0x181c1f", "Opcode": "ff1508111700", "Opcodesize": 6, "Mnemonic": "call dword ptr [0x171108]", "PID": 280, "TID": 1612, "Functionname": "FormatMessageW", "Dllname": "kernel32.dll", "Status": 1 }
{ "Address": "0x181cf0", "Opcode": "ff1508121700", "Opcodesize": 6, "Mnemonic": "call dword ptr [0x171208]", "PID": 280, "TID": 1612, "Arguments": [ "Arg1", "IN", "WCHAR*", "0x28f2d0", "NET", "Arg2", "IN", "WCHAR*", "0x28f2d4", "NET START..[service]....", "Arg3", "IN", "SIZE_T", "0x28f2d8", "0x3" ], "Timesptamp": "00000002.208817", "FunctionName": "_wcsnicmp", "ModuleName": "msvcrt.dll", "Return": "0x0", "Status": 0 }
{ "Address": "0x181d09", "Opcode": "ffd6", "Opcodesize": 2, "Mnemonic": "call esi", "PID": 280, "TID": 1612, "Arguments": [ "Arg1", "IN", "HLOCAL", "0x28f2d8", "0x403bd8" ], "Timesptamp": "00000002.217931", "FunctionName": "LocalFree", "ModuleName": "kernel32.dll", "Return": "0x0", "Status": 0 }
{ "Address": "0x181c1f", "Opcode": "ff1508111700", "Opcodesize": 6, "Mnemonic": "call dword ptr [0x171108]", "PID": 280, "TID": 1612, "Functionname": "FormatMessageW", "Dllname": "kernel32.dll", "Status": 1 }
{ "Address": "0x181cf0", "Opcode": "ff1508121700", "Opcodesize": 6, "Mnemonic": "call dword ptr [0x171208]", "PID": 280, "TID": 1612, "Arguments": [ "Arg1", "IN", "WCHAR*", "0x28f2d0", "NET", "Arg2", "IN", "WCHAR*", "0x28f2d4", "NET STATISTICS..[WORKSTATION | SERVER]....", "Arg3", "IN", "SIZE_T", "0x28f2d8", "0x3" ], "Timesptamp": "00000002.237868", "FunctionName": "_wcsnicmp", "ModuleName": "msvcrt.dll", "Return": "0x0", "Status": 0 }
{ "Address": "0x181d09", "Opcode": "ffd6", "Opcodesize": 2, "Mnemonic": "call esi", "PID": 280, "TID": 1612, "Arguments": [ "Arg1", "IN", "HLOCAL", "0x28f2d8", "0x403bd8" ], "Timesptamp": "00000002.246469", "FunctionName": "LocalFree", "ModuleName": "kernel32.dll", "Return": "0x0", "Status": 0 }
{ "Address": "0x181c1f", "Opcode": "ff1508111700", "Opcodesize": 6, "Mnemonic": "call dword ptr [0x171108]", "PID": 280, "TID": 1612, "Functionname": "FormatMessageW", "Dllname": "kernel32.dll", "Status": 1 }
{ "Address": "0x181cf0", "Opcode": "ff1508121700", "Opcodesize": 6, "Mnemonic": "call dword ptr [0x171208]", "PID": 280, "TID": 1612, "Arguments": [ "Arg1", "IN", "WCHAR*", "0x28f2d0", "NET", "Arg2", "IN", "WCHAR*", "0x28f2d4", "NET STOP..service....", "Arg3", "IN", "SIZE_T", "0x28f2d8", "0x3" ], "Timesptamp": "00000002.265980", "FunctionName": "_wcsnicmp", "ModuleName": "msvcrt.dll", "Return": "0x0", "Status": 0 }
{ "Address": "0x181d09", "Opcode": "ffd6", "Opcodesize": 2, "Mnemonic": "call esi", "PID": 280, "TID": 1612, "Arguments": [ "Arg1", "IN", "HLOCAL", "0x28f2d8", "0x403bd8" ], "Timesptamp": "00000002.277545", "FunctionName": "LocalFree", "ModuleName": "kernel32.dll", "Return": "0x0", "Status": 0 }
{ "Address": "0x181c1f", "Opcode": "ff1508111700", "Opcodesize": 6, "Mnemonic": "call dword ptr [0x171108]", "PID": 280, "TID": 1612, "Functionname": "FormatMessageW", "Dllname": "kernel32.dll", "Status": 1 }
{ "Address": "0x181cf0", "Opcode": "ff1508121700", "Opcodesize": 6, "Mnemonic": "call dword ptr [0x171208]", "PID": 280, "TID": 1612, "Arguments": [ "Arg1", "IN", "WCHAR*", "0x28f2d0", "NET", "Arg2", "IN", "WCHAR*", "0x28f2d4", "NET TIME....[\\\\NomOrdinateur | \/DOMAIN[:NomDomaine] | \/RTSDOMAIN[:NomDomaine]] [\/SET]....", "Arg3", "IN", "SIZE_T", "0x28f2d8", "0x3" ], "Timesptamp": "00000002.297384", "FunctionName": "_wcsnicmp", "ModuleName": "msvcrt.dll", "Return": "0x0", "Status": 0 }
{ "Address": "0x181d09", "Opcode": "ffd6", "Opcodesize": 2, "Mnemonic": "call esi", "PID": 280, "TID": 1612, "Arguments": [ "Arg1", "IN", "HLOCAL", "0x28f2d8", "0x4054c8" ], "Timesptamp": "00000002.307311", "FunctionName": "LocalFree", "ModuleName": "kernel32.dll", "Return": "0x0", "Status": 0 }
{ "Address": "0x181c1f", "Opcode": "ff1508111700", "Opcodesize": 6, "Mnemonic": "call dword ptr [0x171108]", "PID": 280, "TID": 1612, "Functionname": "FormatMessageW", "Dllname": "kernel32.dll", "Status": 1 }
{ "Address": "0x181cf0", "Opcode": "ff1508121700", "Opcodesize": 6, "Mnemonic": "call dword ptr [0x171208]", "PID": 280, "TID": 1612, "Arguments": [ "Arg1", "IN", "WCHAR*", "0x28f2d0", "NET", "Arg2", "IN", "WCHAR*", "0x28f2d4", "NET USE..[nom_p.riph.rique | *] [\\\\nom_ordinateur\\nom_partage[\\volume] [mot_passe | *]]..        [\/USER:[nom_domaine\\]nom_utilisateur]..        [\/USER:[nom_domaine_avec_point\\]nom_utilisateur]   ..        [\/USER:[nom_utilisateur@nom_domaine_avec_point]      ..        [\/SMARTCARD]..        [\/SAVECRED]..        [[\/DELETE] | [\/PERSISTENT:{YES | NO}]]....NET USE {nom_p.riph.rique | *} [mot_passe | *] \/HOME....NET USE [\/PERSISTENT:{YES | NO}]....", "Arg3", "IN", "SIZE_T", "0x28f2d8", "0x3" ], "Timesptamp": "00000002.329179", "FunctionName": "_wcsnicmp", "ModuleName": "msvcrt.dll", "Return": "0x0", "Status": 0 }
{ "Address": "0x181d09", "Opcode": "ffd6", "Opcodesize": 2, "Mnemonic": "call esi", "PID": 280, "TID": 1612, "Arguments": [ "Arg1", "IN", "HLOCAL", "0x28f2d8", "0x4054c8" ], "Timesptamp": "00000002.338963", "FunctionName": "LocalFree", "ModuleName": "kernel32.dll", "Return": "0x0", "Status": 0 }
{ "Address": "0x181c1f", "Opcode": "ff1508111700", "Opcodesize": 6, "Mnemonic": "call dword ptr [0x171108]", "PID": 280, "TID": 1612, "Functionname": "FormatMessageW", "Dllname": "kernel32.dll", "Status": 1 }
{ "Address": "0x181cf0", "Opcode": "ff1508121700", "Opcodesize": 6, "Mnemonic": "call dword ptr [0x171208]", "PID": 280, "TID": 1612, "Arguments": [ "Arg1", "IN", "WCHAR*", "0x28f2d0", "NET", "Arg2", "IN", "WCHAR*", "0x28f2d4", "NET USER..[nom_utilisateur [mot_passe | *] [options]] [\/DOMAIN]..         nom_utilisateur {mot_passe | *} \/ADD [options] [\/DOMAIN]..         nom_utilisateur [\/DELETE] [\/DOMAIN]..         nom_utilisateur [\/TIMES:{heures | ALL}]....", "Arg3", "IN", "SIZE_T", "0x28f2d8", "0x3" ], "Timesptamp": "00000002.359127", "FunctionName": "_wcsnicmp", "ModuleName": "msvcrt.dll", "Return": "0x0", "Status": 0 }
{ "Address": "0x181d09", "Opcode": "ffd6", "Opcodesize": 2, "Mnemonic": "call esi", "PID": 280, "TID": 1612, "Arguments": [ "Arg1", "IN", "HLOCAL", "0x28f2d8", "0x4054c8" ], "Timesptamp": "00000002.370907", "FunctionName": "LocalFree", "ModuleName": "kernel32.dll", "Return": "0x0", "Status": 0 }
{ "Address": "0x181c1f", "Opcode": "ff1508111700", "Opcodesize": 6, "Mnemonic": "call dword ptr [0x171108]", "PID": 280, "TID": 1612, "Functionname": "FormatMessageW", "Dllname": "kernel32.dll", "Status": 1 }
{ "Address": "0x181cf0", "Opcode": "ff1508121700", "Opcodesize": 6, "Mnemonic": "call dword ptr [0x171208]", "PID": 280, "TID": 1612, "Arguments": [ "Arg1", "IN", "WCHAR*", "0x28f2d0", "NET", "Arg2", "IN", "WCHAR*", "0x28f2d4", "NET VIEW..[\\\\NomOrdinateur [\/CACHE] | [\/ALL] | \/DOMAIN[:NomDomaine]]....", "Arg3", "IN", "SIZE_T", "0x28f2d8", "0x3" ], "Timesptamp": "00000002.390606", "FunctionName": "_wcsnicmp", "ModuleName": "msvcrt.dll", "Return": "0x0", "Status": 0 }
{ "Address": "0x181d09", "Opcode": "ffd6", "Opcodesize": 2, "Mnemonic": "call esi", "PID": 280, "TID": 1612, "Arguments": [ "Arg1", "IN", "HLOCAL", "0x28f2d8", "0x4054c8" ], "Timesptamp": "00000002.401814", "FunctionName": "LocalFree", "ModuleName": "kernel32.dll", "Return": "0x0", "Status": 0 }
{ "Address": "0x181c1f", "Opcode": "ff1508111700", "Opcodesize": 6, "Mnemonic": "call dword ptr [0x171108]", "PID": 280, "TID": 1612, "Functionname": "FormatMessageW", "Dllname": "kernel32.dll", "Status": 1 }
{ "Address": "0x181cf0", "Opcode": "ff1508121700", "Opcodesize": 6, "Mnemonic": "call dword ptr [0x171208]", "PID": 280, "TID": 1612, "Arguments": [ "Arg1", "IN", "WCHAR*", "0x28f2d0", "NET", "Arg2", "IN", "WCHAR*", "0x28f2d4", "NET..    [ ACCOUNTS | COMPUTER | CONFIG | CONTINUE | FILE | GROUP | HELP |..      HELPMSG | LOCALGROUP | PAUSE | SESSION | SHARE | START |..      STATISTICS | STOP | TIME | USE | USER | VIEW ]..", "Arg3", "IN", "SIZE_T", "0x28f2d8", "0x3" ], "Timesptamp": "00000002.423197", "FunctionName": "_wcsnicmp", "ModuleName": "msvcrt.dll", "Return": "0x0", "Status": 0 }
{ "Address": "0x181aee", "Opcode": "ff151c111700", "Opcodesize": 6, "Mnemonic": "call dword ptr [0x17111c]", "PID": 280, "TID": 1612, "Arguments": [ "Arg1", "IN", "HANDLE", "0x28f2b8", "0xb" ], "Timesptamp": "00000002.432629", "FunctionName": "GetFileType", "ModuleName": "kernel32.dll", "Return": "0x2", "Status": 0 }
{ "Address": "0x181b02", "Opcode": "ff1510111700", "Opcodesize": 6, "Mnemonic": "call dword ptr [0x171110]", "PID": 280, "TID": 1612, "Functionname": "GetConsoleMode", "Dllname": "kernel32.dll", "Status": 1 }
{ "Address": "0x172b6f", "Opcode": "36e84cecffff", "Opcodesize": 6, "Mnemonic": "call 0x1717c1", "PID": 280, "TID": 1612, "Arguments": [ "Arg1", "IN", "PVOID", "0x28f274", "0x18d340", "Arg2", "IN", "INT", "0x28f278", "0x0", "Arg3", "IN", "SIZE_T", "0x28f27c", "0x2000" ], "Timesptamp": "00000002.468991", "FunctionName": "memset", "ModuleName": "msvcrt.dll", "Return": "0x18d340", "Status": 0 }
{ "Address": "0x172b86", "Opcode": "e8a6f2ffff", "Opcodesize": 5, "Mnemonic": "call 0x171e31", "PID": 280, "TID": 1612, "Functionname": "NetApiBufferFree", "Dllname": "netutils.dll", "Status": 1 }
{ "Address": "0x172b6f", "Opcode": "36e84cecffff", "Opcodesize": 6, "Mnemonic": "call 0x1717c1", "PID": 280, "TID": 1612, "Arguments": [ "Arg1", "IN", "PVOID", "0x28f274", "0x18c340", "Arg2", "IN", "INT", "0x28f278", "0x0", "Arg3", "IN", "SIZE_T", "0x28f27c", "0x1000" ], "Timesptamp": "00000002.489693", "FunctionName": "memset", "ModuleName": "msvcrt.dll", "Return": "0x18c340", "Status": 0 }
{ "Address": "0x172b86", "Opcode": "e8a6f2ffff", "Opcodesize": 5, "Mnemonic": "call 0x171e31", "PID": 280, "TID": 1612, "Functionname": "NetApiBufferFree", "Dllname": "netutils.dll", "Status": 1 }
{ "Address": "0x172bd7", "Opcode": "ff1594101700", "Opcodesize": 6, "Mnemonic": "call dword ptr [0x171094]", "PID": 280, "TID": 1612, "Arguments": [ ], "Timesptamp": "00000002.507362", "FunctionName": "GetCommandLineW", "ModuleName": "kernel32.dll", "Return": "\\Users\\lhs\\Exec\\net1.exe ", "Status": 0 }
{ "Address": "0x172b4f", "Opcode": "ff15fc111700", "Opcodesize": 6, "Mnemonic": "call dword ptr [0x1711fc]", "PID": 280, "TID": 1612, "Arguments": [ "Arg1", "IN", "INT", "0x28f288", "0x1" ], "Timesptamp": "00000002.515987", "FunctionName": "exit", "ModuleName": "msvcrt.dll" }
