{ "Address": "0xc93c6e", "Opcode": "ff15a810c900", "Opcodesize": 6, "Mnemonic": "call dword ptr [0xc910a8]", "PID": 1712, "TID": 264, "Arguments": [ "Arg1", "OUT", "LPFILETIME", "0x2afbb4", "0x2afbcc" ], "Timesptamp": "00000000.316899", "FunctionName": "GetSystemTimeAsFileTime", "ModuleName": "kernel32.dll", "Return": "0x1daddab", "Output1": { "field1": [ "0x2afbcc", "0xcb2a1da0" ], "field2": [ "0x2afbd0", "0x1daddab" ] }, "Status": 0 }
{ "Address": "0xc93c7a", "Opcode": "ff15a410c900", "Opcodesize": 6, "Mnemonic": "call dword ptr [0xc910a4]", "PID": 1712, "TID": 264, "Arguments": [ ], "Timesptamp": "00000000.325728", "FunctionName": "GetCurrentProcessId", "ModuleName": "kernel32.dll", "Return": "0x6b0", "Status": 0 }
{ "Address": "0xc93c82", "Opcode": "ff154810c900", "Opcodesize": 6, "Mnemonic": "call dword ptr [0xc91048]", "PID": 1712, "TID": 264, "Arguments": [ ], "Timesptamp": "00000000.358375", "FunctionName": "GetCurrentThreadId", "ModuleName": "kernel32.dll", "Return": "0x108", "Status": 0 }
{ "Address": "0xc93c8a", "Opcode": "ff159c10c900", "Opcodesize": 6, "Mnemonic": "call dword ptr [0xc9109c]", "PID": 1712, "TID": 264, "Arguments": [ ], "Timesptamp": "00000000.367958", "FunctionName": "GetTickCount", "ModuleName": "kernel32.dll", "Return": "0x5206b", "Status": 0 }
{ "Address": "0xc93c96", "Opcode": "ff159810c900", "Opcodesize": 6, "Mnemonic": "call dword ptr [0xc91098]", "PID": 1712, "TID": 264, "Arguments": [ "Arg1", "OUT", "LARGE_INTEGER*", "0x2afbb4", "0x2afbc4" ], "Timesptamp": "00000000.377333", "FunctionName": "QueryPerformanceCounter", "ModuleName": "kernel32.dll", "Return": "TRUE", "Output1": { "field1": [ "0x2afbc4", "0xf1efb974" ], "field2": [ "0x2afbc8", "0x5" ], "field3": [ "0x2afbcc", "0x1daddabcb2a1da0" ] }, "Status": 0 }
{ "Address": "0xc9368f", "Opcode": "ff158c10c900", "Opcodesize": 6, "Mnemonic": "call dword ptr [0xc9108c]", "PID": 1712, "TID": 264, "Functionname": "InterlockedCompareExchange", "Dllname": "kernel32.dll", "Status": 1 }
{ "Address": "0xc93bff", "Opcode": "ff159410c900", "Opcodesize": 6, "Mnemonic": "call dword ptr [0xc91094]", "PID": 1712, "TID": 264, "Arguments": [ "Arg1", "IN", "LPCTSTR", "0x2afb80", "\"\"" ], "Timesptamp": "00000000.409093", "FunctionName": "GetModuleHandleA", "ModuleName": "kernel32.dll", "Return": "0xc90000", "Status": 0 }
{ "Address": "0xc9385a", "Opcode": "ff15ec10c900", "Opcodesize": 6, "Mnemonic": "call dword ptr [0xc910ec]", "PID": 1712, "TID": 264, "Arguments": [ ], "Timesptamp": "00000000.427862", "FunctionName": "__p__fmode", "ModuleName": "msvcrt.dll", "Return": "0x762331f4", "Status": 0 }
{ "Address": "0xc93868", "Opcode": "ff15e810c900", "Opcodesize": 6, "Mnemonic": "call dword ptr [0xc910e8]", "PID": 1712, "TID": 264, "Arguments": [ ], "Timesptamp": "00000000.437187", "FunctionName": "__p__commode", "ModuleName": "msvcrt.dll", "Return": "0x762331fc", "Status": 0 }
{ "Address": "0xc93ad6", "Opcode": "ff154011c900", "Opcodesize": 6, "Mnemonic": "call dword ptr [0xc91140]", "PID": 1712, "TID": 264, "Functionname": "_controlfp", "Dllname": "msvcrt.dll", "Status": 1 }
{ "Address": "0xc9390e", "Opcode": "ff159010c900", "Opcodesize": 6, "Mnemonic": "call dword ptr [0xc91090]", "PID": 1712, "TID": 264, "Arguments": [ "Arg1", "IN", "DWORD", "0x2afb8c", "0xc938c1" ], "Timesptamp": "00000000.453843", "FunctionName": "SetUnhandledExceptionFilter", "ModuleName": "kernel32.dll", "Return": "0x0", "Status": 0 }
{ "Address": "0xc93716", "Opcode": "e80f030000", "Opcodesize": 5, "Mnemonic": "call 0xc93a2a", "PID": 1712, "TID": 264, "Functionname": "_initterm", "Dllname": "msvcrt.dll", "Status": 1 }
{ "Address": "0xc93656", "Opcode": "ff151411c900", "Opcodesize": 6, "Mnemonic": "call dword ptr [0xc91114]", "PID": 1712, "TID": 264, "Functionname": "__getmainargs", "Dllname": "msvcrt.dll", "Status": 1 }
{ "Address": "0xc93b08", "Opcode": "ff153011c900", "Opcodesize": 6, "Mnemonic": "call dword ptr [0xc91130]", "PID": 1712, "TID": 264, "Functionname": "_onexit", "Dllname": "msvcrt.dll", "Status": 1 }
{ "Address": "0xc9372e", "Opcode": "ff158410c900", "Opcodesize": 6, "Mnemonic": "call dword ptr [0xc91084]", "PID": 1712, "TID": 264, "Functionname": "InterlockedExchange", "Dllname": "kernel32.dll", "Status": 1 }
{ "Address": "0xc93531", "Opcode": "ff157c10c900", "Opcodesize": 6, "Mnemonic": "call dword ptr [0xc9107c]", "PID": 1712, "TID": 264, "Arguments": [ "Arg1", "IN", "HANDLE", "0x2afb58", "0x0", "Arg2", "IN", "HEAP_INFORMATION_CLASS", "0x2afb5c", "0x1", "Arg3", "IN", "PVOID", "0x2afb60", "0x0", "Arg4", "IN", "SIZE_T", "0x2afb64", "0x0" ], "Timesptamp": "00000000.533866", "FunctionName": "HeapSetInformation", "ModuleName": "kernel32.dll", "Return": "TRUE", "Status": 0 }
{ "Address": "0xc93edb", "Opcode": "ff15c010c900", "Opcodesize": 6, "Mnemonic": "call dword ptr [0xc910c0]", "PID": 1712, "TID": 264, "Functionname": "RtlEnterCriticalSection", "Dllname": "ntdll.dll", "Status": 1 }
{ "Address": "0xc9491c", "Opcode": "ffd6", "Opcodesize": 2, "Mnemonic": "call esi", "PID": 1712, "TID": 264, "Functionname": "ExpandEnvironmentStringsW", "Dllname": "kernel32.dll", "Status": 1 }
{ "Address": "0xc9492a", "Opcode": "ff156c10c900", "Opcodesize": 6, "Mnemonic": "call dword ptr [0xc9106c]", "PID": 1712, "TID": 264, "Arguments": [ ], "Timesptamp": "00000000.565738", "FunctionName": "GetProcessHeap", "ModuleName": "kernel32.dll", "Return": "0x5b0000", "Status": 0 }
{ "Address": "0xc94931", "Opcode": "ff156010c900", "Opcodesize": 6, "Mnemonic": "call dword ptr [0xc91060]", "PID": 1712, "TID": 264, "Arguments": [ "Arg1", "IN", "PVOID", "0x2afb28", "0x5b0000", "Arg2", "IN", "ULONG", "0x2afb2c", "0x8", "Arg3", "IN", "SIZE_T", "0x2afb30", "0x3c" ], "Timesptamp": "00000000.575935", "FunctionName": "RtlAllocateHeap", "ModuleName": "ntdll.dll", "Return": "0x5c0c60", "Status": 0 }
{ "Address": "0xc94942", "Opcode": "ffd6", "Opcodesize": 2, "Mnemonic": "call esi", "PID": 1712, "TID": 264, "Functionname": "ExpandEnvironmentStringsW", "Dllname": "kernel32.dll", "Status": 1 }
{ "Address": "0xc9433e", "Opcode": "ffd6", "Opcodesize": 2, "Mnemonic": "call esi", "PID": 1712, "TID": 264, "Arguments": [ "Arg1", "IN", "LPCWSTR", "0x2afa98", "C:\\Windows\\Panther\\UnattendGC", "Arg2", "IN", "DWORD", "0x2afa9c", "0x0", "Arg3", "OUT", "LPWSTR*", "0x2afaa0", "0x0", "Arg4", "IN", "LPWSTR*" ], "Timesptamp": "00000000.601612", "FunctionName": "GetFullPathNameW", "ModuleName": "kernel32.dll", "Return": "0x1e", "Status": 0 }
{ "Address": "0xc9434c", "Opcode": "ff156c10c900", "Opcodesize": 6, "Mnemonic": "call dword ptr [0xc9106c]", "PID": 1712, "TID": 264, "Arguments": [ ], "Timesptamp": "00000000.617393", "FunctionName": "GetProcessHeap", "ModuleName": "kernel32.dll", "Return": "0x5b0000", "Status": 0 }
{ "Address": "0xc94353", "Opcode": "ff156010c900", "Opcodesize": 6, "Mnemonic": "call dword ptr [0xc91060]", "PID": 1712, "TID": 264, "Arguments": [ "Arg1", "IN", "PVOID", "0x2afa9c", "0x5b0000", "Arg2", "IN", "ULONG", "0x2afaa0", "0x8", "Arg3", "IN", "SIZE_T", "0x2afaa4", "0x3c" ], "Timesptamp": "00000000.626864", "FunctionName": "RtlAllocateHeap", "ModuleName": "ntdll.dll", "Return": "0x5c0ca8", "Status": 0 }
{ "Address": "0xc94366", "Opcode": "ffd6", "Opcodesize": 2, "Mnemonic": "call esi", "PID": 1712, "TID": 264, "Arguments": [ "Arg1", "IN", "LPCWSTR", "0x2afa98", "C:\\Windows\\Panther\\UnattendGC", "Arg2", "IN", "DWORD", "0x2afa9c", "0x1e", "Arg3", "OUT", "LPWSTR*", "0x2afaa0", "0x5c0ca8", "Arg4", "IN", "LPWSTR*" ], "Timesptamp": "00000000.638599", "FunctionName": "GetFullPathNameW", "ModuleName": "kernel32.dll", "Return": "0x1d", "Output1": [ "0x5c0ca8", "C:\\Windows\\Panther\\UnattendGC" ], "Status": 0 }
{ "Address": "0xc94d38", "Opcode": "ff155411c900", "Opcodesize": 6, "Mnemonic": "call dword ptr [0xc91154]", "PID": 1712, "TID": 264, "Arguments": [ "Arg1", "IN", "PVOID", "0x2afaac", "0x5b0000", "Arg2", "IN", "ULONG", "0x2afab0", "0x8", "Arg3", "IN", "SIZE_T", "0x2afab4", "0x3c" ], "Timesptamp": "00000000.658697", "FunctionName": "RtlAllocateHeap", "ModuleName": "ntdll.dll", "Return": "0x5c0cf0", "Status": 0 }
{ "Address": "0xc946cd", "Opcode": "ff156c10c900", "Opcodesize": 6, "Mnemonic": "call dword ptr [0xc9106c]", "PID": 1712, "TID": 264, "Arguments": [ ], "Timesptamp": "00000000.668660", "FunctionName": "GetProcessHeap", "ModuleName": "kernel32.dll", "Return": "0x5b0000", "Status": 0 }
{ "Address": "0xc94c73", "Opcode": "ff150011c900", "Opcodesize": 6, "Mnemonic": "call dword ptr [0xc91100]", "PID": 1712, "TID": 264, "Arguments": [ "Arg1", "IN", "WCHAR*", "0x2afa8c", "C:\\Windows\\Panther\\UnattendGC", "Arg2", "IN", "WCHAR*", "0x2afa90", "\\\\", "Arg3", "IN", "SIZE_T", "0x2afa94", "0x2" ], "Timesptamp": "00000000.701849", "FunctionName": "_wcsnicmp", "ModuleName": "msvcrt.dll", "Return": "0x7", "Status": 0 }
{ "Address": "0xc947b1", "Opcode": "ff15fc10c900", "Opcodesize": 6, "Mnemonic": "call dword ptr [0xc910fc]", "PID": 1712, "TID": 264, "Arguments": [ "Arg1", "IN", "WCHAR_T*", "0x2afb0c", "indows\\Panther\\UnattendGC", "Arg2", "IN", "WCHAR_T", "0x2afb10", "\\" ], "Timesptamp": "00000000.711565", "FunctionName": "wcschr", "ModuleName": "msvcrt.dll", "Return": "\\Panther\\UnattendGC", "Status": 0 }
{ "Address": "0xc9433e", "Opcode": "ffd6", "Opcodesize": 2, "Mnemonic": "call esi", "PID": 1712, "TID": 264, "Arguments": [ "Arg1", "IN", "LPCWSTR", "0x2afa7c", "C:\\Windows", "Arg2", "IN", "DWORD", "0x2afa80", "0x0", "Arg3", "OUT", "LPWSTR*", "0x2afa84", "0x0", "Arg4", "IN", "LPWSTR*" ], "Timesptamp": "00000000.720657", "FunctionName": "GetFullPathNameW", "ModuleName": "kernel32.dll", "Return": "0xb", "Status": 0 }
{ "Address": "0xc9434c", "Opcode": "ff156c10c900", "Opcodesize": 6, "Mnemonic": "call dword ptr [0xc9106c]", "PID": 1712, "TID": 264, "Arguments": [ ], "Timesptamp": "00000000.729261", "FunctionName": "GetProcessHeap", "ModuleName": "kernel32.dll", "Return": "0x5b0000", "Status": 0 }
{ "Address": "0xc94353", "Opcode": "ff156010c900", "Opcodesize": 6, "Mnemonic": "call dword ptr [0xc91060]", "PID": 1712, "TID": 264, "Arguments": [ "Arg1", "IN", "PVOID", "0x2afa80", "0x5b0000", "Arg2", "IN", "ULONG", "0x2afa84", "0x8", "Arg3", "IN", "SIZE_T", "0x2afa88", "0x16" ], "Timesptamp": "00000000.738170", "FunctionName": "RtlAllocateHeap", "ModuleName": "ntdll.dll", "Return": "0x5bea50", "Status": 0 }
{ "Address": "0xc94366", "Opcode": "ffd6", "Opcodesize": 2, "Mnemonic": "call esi", "PID": 1712, "TID": 264, "Arguments": [ "Arg1", "IN", "LPCWSTR", "0x2afa7c", "C:\\Windows", "Arg2", "IN", "DWORD", "0x2afa80", "0xb", "Arg3", "OUT", "LPWSTR*", "0x2afa84", "0x5bea50", "Arg4", "IN", "LPWSTR*" ], "Timesptamp": "00000000.746242", "FunctionName": "GetFullPathNameW", "ModuleName": "kernel32.dll", "Return": "0xa", "Output1": [ "0x5bea50", "C:\\Windows" ], "Status": 0 }
{ "Address": "0xc94d38", "Opcode": "ff155411c900", "Opcodesize": 6, "Mnemonic": "call dword ptr [0xc91154]", "PID": 1712, "TID": 264, "Arguments": [ "Arg1", "IN", "PVOID", "0x2afa90", "0x5b0000", "Arg2", "IN", "ULONG", "0x2afa94", "0x8", "Arg3", "IN", "SIZE_T", "0x2afa98", "0x16" ], "Timesptamp": "00000000.764539", "FunctionName": "RtlAllocateHeap", "ModuleName": "ntdll.dll", "Return": "0x5be7d8", "Status": 0 }
{ "Address": "0xc946cd", "Opcode": "ff156c10c900", "Opcodesize": 6, "Mnemonic": "call dword ptr [0xc9106c]", "PID": 1712, "TID": 264, "Arguments": [ ], "Timesptamp": "00000000.772494", "FunctionName": "GetProcessHeap", "ModuleName": "kernel32.dll", "Return": "0x5b0000", "Status": 0 }
{ "Address": "0xc946d4", "Opcode": "ff157010c900", "Opcodesize": 6, "Mnemonic": "call dword ptr [0xc91070]", "PID": 1712, "TID": 264, "Functionname": "HeapFree", "Dllname": "kernel32.dll", "Status": 1 }
{ "Address": "0xc94e59", "Opcode": "ff154410c900", "Opcodesize": 6, "Mnemonic": "call dword ptr [0xc91044]", "PID": 1712, "TID": 264, "Arguments": [ "Arg1", "IN", "LPCWSTR", "0x2afaf8", "C:\\Windows" ], "Timesptamp": "00000000.798048", "FunctionName": "GetFileAttributesW", "ModuleName": "kernel32.dll", "Return": "0x10", "Status": 0 }
{ "Address": "0xc94e89", "Opcode": "ff156c10c900", "Opcodesize": 6, "Mnemonic": "call dword ptr [0xc9106c]", "PID": 1712, "TID": 264, "Arguments": [ ], "Timesptamp": "00000000.813016", "FunctionName": "GetProcessHeap", "ModuleName": "kernel32.dll", "Return": "0x5b0000", "Status": 0 }
{ "Address": "0xc94e90", "Opcode": "ff157010c900", "Opcodesize": 6, "Mnemonic": "call dword ptr [0xc91070]", "PID": 1712, "TID": 264, "Functionname": "HeapFree", "Dllname": "kernel32.dll", "Status": 1 }
{ "Address": "0xc947b1", "Opcode": "ff15fc10c900", "Opcodesize": 6, "Mnemonic": "call dword ptr [0xc910fc]", "PID": 1712, "TID": 264, "Arguments": [ "Arg1", "IN", "WCHAR_T*", "0x2afb0c", "Panther\\UnattendGC", "Arg2", "IN", "WCHAR_T", "0x2afb10", "\\" ], "Timesptamp": "00000000.840295", "FunctionName": "wcschr", "ModuleName": "msvcrt.dll", "Return": "\\UnattendGC", "Status": 0 }
{ "Address": "0xc9433e", "Opcode": "ffd6", "Opcodesize": 2, "Mnemonic": "call esi", "PID": 1712, "TID": 264, "Arguments": [ "Arg1", "IN", "LPCWSTR", "0x2afa7c", "C:\\Windows\\Panther", "Arg2", "IN", "DWORD", "0x2afa80", "0x0", "Arg3", "OUT", "LPWSTR*", "0x2afa84", "0x0", "Arg4", "IN", "LPWSTR*" ], "Timesptamp": "00000000.849629", "FunctionName": "GetFullPathNameW", "ModuleName": "kernel32.dll", "Return": "0x13", "Status": 0 }
{ "Address": "0xc9434c", "Opcode": "ff156c10c900", "Opcodesize": 6, "Mnemonic": "call dword ptr [0xc9106c]", "PID": 1712, "TID": 264, "Arguments": [ ], "Timesptamp": "00000000.859274", "FunctionName": "GetProcessHeap", "ModuleName": "kernel32.dll", "Return": "0x5b0000", "Status": 0 }
{ "Address": "0xc94353", "Opcode": "ff156010c900", "Opcodesize": 6, "Mnemonic": "call dword ptr [0xc91060]", "PID": 1712, "TID": 264, "Arguments": [ "Arg1", "IN", "PVOID", "0x2afa80", "0x5b0000", "Arg2", "IN", "ULONG", "0x2afa84", "0x8", "Arg3", "IN", "SIZE_T", "0x2afa88", "0x26" ], "Timesptamp": "00000000.869249", "FunctionName": "RtlAllocateHeap", "ModuleName": "ntdll.dll", "Return": "0x5c0ca8", "Status": 0 }
{ "Address": "0xc94366", "Opcode": "ffd6", "Opcodesize": 2, "Mnemonic": "call esi", "PID": 1712, "TID": 264, "Arguments": [ "Arg1", "IN", "LPCWSTR", "0x2afa7c", "C:\\Windows\\Panther", "Arg2", "IN", "DWORD", "0x2afa80", "0x13", "Arg3", "OUT", "LPWSTR*", "0x2afa84", "0x5c0ca8", "Arg4", "IN", "LPWSTR*" ], "Timesptamp": "00000000.879097", "FunctionName": "GetFullPathNameW", "ModuleName": "kernel32.dll", "Return": "0x12", "Output1": [ "0x5c0ca8", "C:\\Windows\\Panther" ], "Status": 0 }
{ "Address": "0xc94d38", "Opcode": "ff155411c900", "Opcodesize": 6, "Mnemonic": "call dword ptr [0xc91154]", "PID": 1712, "TID": 264, "Arguments": [ "Arg1", "IN", "PVOID", "0x2afa90", "0x5b0000", "Arg2", "IN", "ULONG", "0x2afa94", "0x8", "Arg3", "IN", "SIZE_T", "0x2afa98", "0x26" ], "Timesptamp": "00000000.902167", "FunctionName": "RtlAllocateHeap", "ModuleName": "ntdll.dll", "Return": "0x5c0d38", "Status": 0 }
{ "Address": "0xc946cd", "Opcode": "ff156c10c900", "Opcodesize": 6, "Mnemonic": "call dword ptr [0xc9106c]", "PID": 1712, "TID": 264, "Arguments": [ ], "Timesptamp": "00000000.912069", "FunctionName": "GetProcessHeap", "ModuleName": "kernel32.dll", "Return": "0x5b0000", "Status": 0 }
{ "Address": "0xc946d4", "Opcode": "ff157010c900", "Opcodesize": 6, "Mnemonic": "call dword ptr [0xc91070]", "PID": 1712, "TID": 264, "Functionname": "HeapFree", "Dllname": "kernel32.dll", "Status": 1 }
{ "Address": "0xc94e59", "Opcode": "ff154410c900", "Opcodesize": 6, "Mnemonic": "call dword ptr [0xc91044]", "PID": 1712, "TID": 264, "Arguments": [ "Arg1", "IN", "LPCWSTR", "0x2afaf8", "C:\\Windows\\Panther" ], "Timesptamp": "00000000.937965", "FunctionName": "GetFileAttributesW", "ModuleName": "kernel32.dll", "Return": "0x10", "Status": 0 }
{ "Address": "0xc94e89", "Opcode": "ff156c10c900", "Opcodesize": 6, "Mnemonic": "call dword ptr [0xc9106c]", "PID": 1712, "TID": 264, "Arguments": [ ], "Timesptamp": "00000000.947966", "FunctionName": "GetProcessHeap", "ModuleName": "kernel32.dll", "Return": "0x5b0000", "Status": 0 }
{ "Address": "0xc94e90", "Opcode": "ff157010c900", "Opcodesize": 6, "Mnemonic": "call dword ptr [0xc91070]", "PID": 1712, "TID": 264, "Functionname": "HeapFree", "Dllname": "kernel32.dll", "Status": 1 }
{ "Address": "0xc947b1", "Opcode": "ff15fc10c900", "Opcodesize": 6, "Mnemonic": "call dword ptr [0xc910fc]", "PID": 1712, "TID": 264, "Arguments": [ "Arg1", "IN", "WCHAR_T*", "0x2afb0c", "UnattendGC", "Arg2", "IN", "WCHAR_T", "0x2afb10", "\\" ], "Timesptamp": "00000000.973745", "FunctionName": "wcschr", "ModuleName": "msvcrt.dll", "Status": 0 }
{ "Address": "0xc9433e", "Opcode": "ffd6", "Opcodesize": 2, "Mnemonic": "call esi", "PID": 1712, "TID": 264, "Arguments": [ "Arg1", "IN", "LPCWSTR", "0x2afa7c", "C:\\Windows\\Panther\\UnattendGC", "Arg2", "IN", "DWORD", "0x2afa80", "0x0", "Arg3", "OUT", "LPWSTR*", "0x2afa84", "0x0", "Arg4", "IN", "LPWSTR*" ], "Timesptamp": "00000000.978724", "FunctionName": "GetFullPathNameW", "ModuleName": "kernel32.dll", "Return": "0x1e", "Status": 0 }
{ "Address": "0xc9434c", "Opcode": "ff156c10c900", "Opcodesize": 6, "Mnemonic": "call dword ptr [0xc9106c]", "PID": 1712, "TID": 264, "Arguments": [ ], "Timesptamp": "00000000.986933", "FunctionName": "GetProcessHeap", "ModuleName": "kernel32.dll", "Return": "0x5b0000", "Status": 0 }
{ "Address": "0xc94353", "Opcode": "ff156010c900", "Opcodesize": 6, "Mnemonic": "call dword ptr [0xc91060]", "PID": 1712, "TID": 264, "Arguments": [ "Arg1", "IN", "PVOID", "0x2afa80", "0x5b0000", "Arg2", "IN", "ULONG", "0x2afa84", "0x8", "Arg3", "IN", "SIZE_T", "0x2afa88", "0x3c" ], "Timesptamp": "00000000.995020", "FunctionName": "RtlAllocateHeap", "ModuleName": "ntdll.dll", "Return": "0x5c0ca8", "Status": 0 }
{ "Address": "0xc94366", "Opcode": "ffd6", "Opcodesize": 2, "Mnemonic": "call esi", "PID": 1712, "TID": 264, "Arguments": [ "Arg1", "IN", "LPCWSTR", "0x2afa7c", "C:\\Windows\\Panther\\UnattendGC", "Arg2", "IN", "DWORD", "0x2afa80", "0x1e", "Arg3", "OUT", "LPWSTR*", "0x2afa84", "0x5c0ca8", "Arg4", "IN", "LPWSTR*" ], "Timesptamp": "00000001.004113", "FunctionName": "GetFullPathNameW", "ModuleName": "kernel32.dll", "Return": "0x1d", "Output1": [ "0x5c0ca8", "C:\\Windows\\Panther\\UnattendGC" ], "Status": 0 }
{ "Address": "0xc94d38", "Opcode": "ff155411c900", "Opcodesize": 6, "Mnemonic": "call dword ptr [0xc91154]", "PID": 1712, "TID": 264, "Arguments": [ "Arg1", "IN", "PVOID", "0x2afa90", "0x5b0000", "Arg2", "IN", "ULONG", "0x2afa94", "0x8", "Arg3", "IN", "SIZE_T", "0x2afa98", "0x3c" ], "Timesptamp": "00000001.020400", "FunctionName": "RtlAllocateHeap", "ModuleName": "ntdll.dll", "Return": "0x5c0d38", "Status": 0 }
{ "Address": "0xc946cd", "Opcode": "ff156c10c900", "Opcodesize": 6, "Mnemonic": "call dword ptr [0xc9106c]", "PID": 1712, "TID": 264, "Arguments": [ ], "Timesptamp": "00000001.029238", "FunctionName": "GetProcessHeap", "ModuleName": "kernel32.dll", "Return": "0x5b0000", "Status": 0 }
{ "Address": "0xc946d4", "Opcode": "ff157010c900", "Opcodesize": 6, "Mnemonic": "call dword ptr [0xc91070]", "PID": 1712, "TID": 264, "Functionname": "HeapFree", "Dllname": "kernel32.dll", "Status": 1 }
{ "Address": "0xc94e59", "Opcode": "ff154410c900", "Opcodesize": 6, "Mnemonic": "call dword ptr [0xc91044]", "PID": 1712, "TID": 264, "Arguments": [ "Arg1", "IN", "LPCWSTR", "0x2afaf8", "C:\\Windows\\Panther\\UnattendGC" ], "Timesptamp": "00000001.053402", "FunctionName": "GetFileAttributesW", "ModuleName": "kernel32.dll", "Return": "0x10", "Status": 0 }
{ "Address": "0xc94e89", "Opcode": "ff156c10c900", "Opcodesize": 6, "Mnemonic": "call dword ptr [0xc9106c]", "PID": 1712, "TID": 264, "Arguments": [ ], "Timesptamp": "00000001.067294", "FunctionName": "GetProcessHeap", "ModuleName": "kernel32.dll", "Return": "0x5b0000", "Status": 0 }
{ "Address": "0xc94e90", "Opcode": "ff157010c900", "Opcodesize": 6, "Mnemonic": "call dword ptr [0xc91070]", "PID": 1712, "TID": 264, "Functionname": "HeapFree", "Dllname": "kernel32.dll", "Status": 1 }
{ "Address": "0xc94849", "Opcode": "ff156c10c900", "Opcodesize": 6, "Mnemonic": "call dword ptr [0xc9106c]", "PID": 1712, "TID": 264, "Arguments": [ ], "Timesptamp": "00000001.093467", "FunctionName": "GetProcessHeap", "ModuleName": "kernel32.dll", "Return": "0x5b0000", "Status": 0 }
{ "Address": "0xc94850", "Opcode": "ff157010c900", "Opcodesize": 6, "Mnemonic": "call dword ptr [0xc91070]", "PID": 1712, "TID": 264, "Functionname": "HeapFree", "Dllname": "kernel32.dll", "Status": 1 }
{ "Address": "0xc93f1e", "Opcode": "ff156410c900", "Opcodesize": 6, "Mnemonic": "call dword ptr [0xc91064]", "PID": 1712, "TID": 264, "Arguments": [ "Arg1", "IN", "LPCWSTR", "0x2afb48", "wdscore.dll" ], "Timesptamp": "00000001.119409", "FunctionName": "LoadLibraryW", "ModuleName": "kernel32.dll", "Return": "0x743a0000", "Status": 0 }
{ "Address": "0xc93dfd", "Opcode": "ffd6", "Opcodesize": 2, "Mnemonic": "call esi", "PID": 1712, "TID": 264, "Arguments": [ "Arg1", "IN", "HMODULE", "0x2afb3c", "0x743a0000", "Arg2", "IN", "LPCSTR", "0x2afb40", "WdsSetupLogInit" ], "Timesptamp": "00000001.223646", "FunctionName": "GetProcAddress", "ModuleName": "kernel32.dll", "Return": "0x743b949c", "Status": 0 }
{ "Address": "0xc93e17", "Opcode": "ffd6", "Opcodesize": 2, "Mnemonic": "call esi", "PID": 1712, "TID": 264, "Arguments": [ "Arg1", "IN", "HMODULE", "0x2afb3c", "0x743a0000", "Arg2", "IN", "LPCSTR", "0x2afb40", "WdsSetupLogDestroy" ], "Timesptamp": "00000001.236571", "FunctionName": "GetProcAddress", "ModuleName": "kernel32.dll", "Return": "0x743b8a7b", "Status": 0 }
{ "Address": "0xc93e2d", "Opcode": "ffd6", "Opcodesize": 2, "Mnemonic": "call esi", "PID": 1712, "TID": 264, "Arguments": [ "Arg1", "IN", "HMODULE", "0x2afb3c", "0x743a0000", "Arg2", "IN", "LPCSTR", "0x2afb40", "WdsSetupLogMessageA" ], "Timesptamp": "00000001.247913", "FunctionName": "GetProcAddress", "ModuleName": "kernel32.dll", "Return": "0x743b8b2c", "Status": 0 }
{ "Address": "0xc93e43", "Opcode": "ffd6", "Opcodesize": 2, "Mnemonic": "call esi", "PID": 1712, "TID": 264, "Arguments": [ "Arg1", "IN", "HMODULE", "0x2afb3c", "0x743a0000", "Arg2", "IN", "LPCSTR", "0x2afb40", "WdsSetupLogMessageW" ], "Timesptamp": "00000001.260969", "FunctionName": "GetProcAddress", "ModuleName": "kernel32.dll", "Return": "0x743b8094", "Status": 0 }
{ "Address": "0xc93e59", "Opcode": "ffd6", "Opcodesize": 2, "Mnemonic": "call esi", "PID": 1712, "TID": 264, "Arguments": [ "Arg1", "IN", "HMODULE", "0x2afb3c", "0x743a0000", "Arg2", "IN", "LPCSTR", "0x2afb40", "ConstructPartialMsgVA" ], "Timesptamp": "00000001.272426", "FunctionName": "GetProcAddress", "ModuleName": "kernel32.dll", "Return": "0x743b7bf8", "Status": 0 }
{ "Address": "0xc93e6f", "Opcode": "ffd6", "Opcodesize": 2, "Mnemonic": "call esi", "PID": 1712, "TID": 264, "Arguments": [ "Arg1", "IN", "HMODULE", "0x2afb3c", "0x743a0000", "Arg2", "IN", "LPCSTR", "0x2afb40", "ConstructPartialMsgVW" ], "Timesptamp": "00000001.286533", "FunctionName": "GetProcAddress", "ModuleName": "kernel32.dll", "Return": "0x743b7cc0", "Status": 0 }
{ "Address": "0xc93e85", "Opcode": "ffd6", "Opcodesize": 2, "Mnemonic": "call esi", "PID": 1712, "TID": 264, "Arguments": [ "Arg1", "IN", "HMODULE", "0x2afb3c", "0x743a0000", "Arg2", "IN", "LPCSTR", "0x2afb40", "CurrentIP" ], "Timesptamp": "00000001.293739", "FunctionName": "GetProcAddress", "ModuleName": "kernel32.dll", "Return": "0x743b70e9", "Status": 0 }
{ "Address": "0xc93f8a", "Opcode": "ff156c10c900", "Opcodesize": 6, "Mnemonic": "call dword ptr [0xc9106c]", "PID": 1712, "TID": 264, "Arguments": [ ], "Timesptamp": "00000001.385880", "FunctionName": "GetProcessHeap", "ModuleName": "kernel32.dll", "Return": "0x5b0000", "Status": 0 }
{ "Address": "0xc93f91", "Opcode": "ff157010c900", "Opcodesize": 6, "Mnemonic": "call dword ptr [0xc91070]", "PID": 1712, "TID": 264, "Functionname": "HeapFree", "Dllname": "kernel32.dll", "Status": 1 }
{ "Address": "0xc93f99", "Opcode": "ff15a010c900", "Opcodesize": 6, "Mnemonic": "call dword ptr [0xc910a0]", "PID": 1712, "TID": 264, "Functionname": "RtlLeaveCriticalSection", "Dllname": "ntdll.dll", "Status": 1 }
{ "Address": "0xc92bb0", "Opcode": "ffd3", "Opcodesize": 2, "Mnemonic": "call ebx", "PID": 1712, "TID": 264, "Arguments": [ "Arg1", "IN", "SIZE_T", "0x2afb0c", "0x1" ], "Timesptamp": "00000001.444002", "FunctionName": "malloc", "ModuleName": "msvcrt.dll", "Return": "0x37e098", "Status": 0 }
{ "Address": "0xc92bb8", "Opcode": "ffd3", "Opcodesize": 2, "Mnemonic": "call ebx", "PID": 1712, "TID": 264, "Arguments": [ "Arg1", "IN", "SIZE_T", "0x2afb08", "0x1" ], "Timesptamp": "00000001.451544", "FunctionName": "malloc", "ModuleName": "msvcrt.dll", "Return": "0x37e0a8", "Status": 0 }
{ "Address": "0xc9332d", "Opcode": "ff152411c900", "Opcodesize": 6, "Mnemonic": "call dword ptr [0xc91124]", "PID": 1712, "TID": 264, "Arguments": [ "Arg1", "IN", "SIZE_T", "0x2afb1c", "0x1" ], "Timesptamp": "00000001.511437", "FunctionName": "malloc", "ModuleName": "msvcrt.dll", "Return": "0x37e0a8", "Status": 0 }
{ "Address": "0xc93fb4", "Opcode": "ff15c010c900", "Opcodesize": 6, "Mnemonic": "call dword ptr [0xc910c0]", "PID": 1712, "TID": 264, "Arguments": [ "Arg1", "IN", "VOID*", "0x2afb1c", "0x37e0a8" ], "Timesptamp": "00000001.528651", "FunctionName": "free", "ModuleName": "msvcrt.dll", "Functionname": "RtlEnterCriticalSection", "Dllname": "ntdll.dll", "Status": 1 }
{ "Address": "0xc93feb", "Opcode": "ffd0", "Opcodesize": 2, "Mnemonic": "call eax", "PID": 1712, "TID": 264, "Functionname": "WdsSetupLogDestroy", "Dllname": "wdscore.dll", "Status": 1 }
{ "Address": "0xc93ff3", "Opcode": "ff156810c900", "Opcodesize": 6, "Mnemonic": "call dword ptr [0xc91068]", "PID": 1712, "TID": 264, "Arguments": [ "Arg1", "IN", "HMODULE", "0x2afb58", "0x743a0000" ], "Timesptamp": "00000001.613197", "FunctionName": "FreeLibrary", "ModuleName": "kernel32.dll", "Return": "TRUE", "Status": 0 }
{ "Address": "0xc9400c", "Opcode": "ff15a010c900", "Opcodesize": 6, "Mnemonic": "call dword ptr [0xc910a0]", "PID": 1712, "TID": 264, "Functionname": "RtlLeaveCriticalSection", "Dllname": "ntdll.dll", "Status": 1 }
{ "Address": "0xc9377d", "Opcode": "ff15f810c900", "Opcodesize": 6, "Mnemonic": "call dword ptr [0xc910f8]", "PID": 1712, "TID": 264, "Arguments": [ "Arg1", "IN", "INT", "0x2afba4", "0x0" ], "Timesptamp": "00000001.641080", "FunctionName": "exit", "ModuleName": "msvcrt.dll" }
