{ "Address": "0x412134", "Opcode": "ff501c", "Opcodesize": 3, "Mnemonic": "call dword ptr [eax + 0x1c]", "PID": 1712, "TID": 1768, "Arguments": [ "Arg1", "IN", "UINT", "0x18ff52", "0x0", "Arg2", "IN", "SIZE_T", "0x18ff56", "0xbc70" ], "Timesptamp": "00000000.404515", "FunctionName": "GlobalAlloc", "ModuleName": "kernel32.dll", "Return": "0x545768", "Status": 0 }
{ "Address": "0x412173", "Opcode": "ffd3", "Opcodesize": 2, "Mnemonic": "call ebx", "PID": 1712, "TID": 1768, "Arguments": [ "Arg1", "IN", "LPVOID", "0x5513a4", "0x400780", "Arg2", "IN", "SIZE_T", "0x5513a8", "0x880", "Arg3", "IN", "DWORD", "0x5513ac", "0x4", "Arg4", "OUT", "PDWORD", "0x5513b0", "0x41373c" ], "Timesptamp": "00000000.439293", "FunctionName": "VirtualProtect", "ModuleName": "kernel32.dll", "Return": "TRUE", "Output1": [ "0x41373c", "0x2" ], "Status": 0 }
{ "Address": "0x412188", "Opcode": "ffd3", "Opcodesize": 2, "Mnemonic": "call ebx", "PID": 1712, "TID": 1768, "Arguments": [ "Arg1", "IN", "LPVOID", "0x5513bc", "0x400780", "Arg2", "IN", "SIZE_T", "0x5513c0", "0x880", "Arg3", "IN", "DWORD", "0x5513c4", "0x2", "Arg4", "OUT", "PDWORD", "0x5513c8", "0x41373c" ], "Timesptamp": "00000000.453431", "FunctionName": "VirtualProtect", "ModuleName": "kernel32.dll", "Return": "TRUE", "Output1": [ "0x41373c", "0x4" ], "Status": 0 }
{ "Address": "0x407342", "Opcode": "ff9590070000", "Opcodesize": 6, "Mnemonic": "call dword ptr [ebp + 0x790]", "PID": 1712, "TID": 1768, "Arguments": [ "Arg1", "IN", "LPCTSTR", "0x18ff4e", "KERNEL32.dll" ], "Timesptamp": "00000000.507129", "FunctionName": "LoadLibraryA", "ModuleName": "kernel32.dll", "Return": "0x74f10000", "Status": 0 }
{ "Address": "0x4073be", "Opcode": "ff9594070000", "Opcodesize": 6, "Mnemonic": "call dword ptr [ebp + 0x794]", "PID": 1712, "TID": 1768, "Arguments": [ "Arg1", "IN", "HMODULE", "0x18ff2a", "0x74f10000", "Arg2", "IN", "LPCSTR", "0x18ff2e", "WaitForSingleObject" ], "Timesptamp": "00000000.525749", "FunctionName": "GetProcAddress", "ModuleName": "kernel32.dll", "Return": "0x74f21136", "Status": 0 }
{ "Address": "0x4073be", "Opcode": "ff9594070000", "Opcodesize": 6, "Mnemonic": "call dword ptr [ebp + 0x794]", "PID": 1712, "TID": 1768, "Arguments": [ "Arg1", "IN", "HMODULE", "0x18ff2a", "0x74f10000", "Arg2", "IN", "LPCSTR", "0x18ff2e", "SetEvent" ], "Timesptamp": "00000000.539143", "FunctionName": "GetProcAddress", "ModuleName": "kernel32.dll", "Return": "0x74f216c5", "Status": 0 }
{ "Address": "0x4073be", "Opcode": "ff9594070000", "Opcodesize": 6, "Mnemonic": "call dword ptr [ebp + 0x794]", "PID": 1712, "TID": 1768, "Arguments": [ "Arg1", "IN", "HMODULE", "0x18ff2a", "0x74f10000", "Arg2", "IN", "LPCSTR", "0x18ff2e", "CreateEventA" ], "Timesptamp": "00000000.553130", "FunctionName": "GetProcAddress", "ModuleName": "kernel32.dll", "Return": "0x74f2328c", "Status": 0 }
{ "Address": "0x4073be", "Opcode": "ff9594070000", "Opcodesize": 6, "Mnemonic": "call dword ptr [ebp + 0x794]", "PID": 1712, "TID": 1768, "Arguments": [ "Arg1", "IN", "HMODULE", "0x18ff2a", "0x74f10000", "Arg2", "IN", "LPCSTR", "0x18ff2e", "SetThreadPriority" ], "Timesptamp": "00000000.568385", "FunctionName": "GetProcAddress", "ModuleName": "kernel32.dll", "Return": "0x74f232bb", "Status": 0 }
{ "Address": "0x4073be", "Opcode": "ff9594070000", "Opcodesize": 6, "Mnemonic": "call dword ptr [ebp + 0x794]", "PID": 1712, "TID": 1768, "Arguments": [ "Arg1", "IN", "HMODULE", "0x18ff2a", "0x74f10000", "Arg2", "IN", "LPCSTR", "0x18ff2e", "CloseHandle" ], "Timesptamp": "00000000.581718", "FunctionName": "GetProcAddress", "ModuleName": "kernel32.dll", "Return": "0x74f21410", "Status": 0 }
{ "Address": "0x4073be", "Opcode": "ff9594070000", "Opcodesize": 6, "Mnemonic": "call dword ptr [ebp + 0x794]", "PID": 1712, "TID": 1768, "Arguments": [ "Arg1", "IN", "HMODULE", "0x18ff2a", "0x74f10000", "Arg2", "IN", "LPCSTR", "0x18ff2e", "ResumeThread" ], "Timesptamp": "00000000.595092", "FunctionName": "GetProcAddress", "ModuleName": "kernel32.dll", "Return": "0x74f243ef", "Status": 0 }
{ "Address": "0x4073be", "Opcode": "ff9594070000", "Opcodesize": 6, "Mnemonic": "call dword ptr [ebp + 0x794]", "PID": 1712, "TID": 1768, "Arguments": [ "Arg1", "IN", "HMODULE", "0x18ff2a", "0x74f10000", "Arg2", "IN", "LPCSTR", "0x18ff2e", "CreateFileA" ], "Timesptamp": "00000000.625026", "FunctionName": "GetProcAddress", "ModuleName": "kernel32.dll", "Return": "0x74f253c6", "Status": 0 }
{ "Address": "0x4073be", "Opcode": "ff9594070000", "Opcodesize": 6, "Mnemonic": "call dword ptr [ebp + 0x794]", "PID": 1712, "TID": 1768, "Arguments": [ "Arg1", "IN", "HMODULE", "0x18ff2a", "0x74f10000", "Arg2", "IN", "LPCSTR", "0x18ff2e", "GetFileSize" ], "Timesptamp": "00000000.638456", "FunctionName": "GetProcAddress", "ModuleName": "kernel32.dll", "Return": "0x74f2196e", "Status": 0 }
{ "Address": "0x4073be", "Opcode": "ff9594070000", "Opcodesize": 6, "Mnemonic": "call dword ptr [ebp + 0x794]", "PID": 1712, "TID": 1768, "Arguments": [ "Arg1", "IN", "HMODULE", "0x18ff2a", "0x74f10000", "Arg2", "IN", "LPCSTR", "0x18ff2e", "lstrcpynA" ], "Timesptamp": "00000000.675367", "FunctionName": "GetProcAddress", "ModuleName": "kernel32.dll", "Return": "0x74f3192a", "Status": 0 }
{ "Address": "0x4073be", "Opcode": "ff9594070000", "Opcodesize": 6, "Mnemonic": "call dword ptr [ebp + 0x794]", "PID": 1712, "TID": 1768, "Arguments": [ "Arg1", "IN", "HMODULE", "0x18ff2a", "0x74f10000", "Arg2", "IN", "LPCSTR", "0x18ff2e", "GlobalLock" ], "Timesptamp": "00000000.688873", "FunctionName": "GetProcAddress", "ModuleName": "kernel32.dll", "Return": "0x74f3d0a7", "Status": 0 }
{ "Address": "0x4073be", "Opcode": "ff9594070000", "Opcodesize": 6, "Mnemonic": "call dword ptr [ebp + 0x794]", "PID": 1712, "TID": 1768, "Arguments": [ "Arg1", "IN", "HMODULE", "0x18ff2a", "0x74f10000", "Arg2", "IN", "LPCSTR", "0x18ff2e", "GetTimeFormatA" ], "Timesptamp": "00000000.702891", "FunctionName": "GetProcAddress", "ModuleName": "kernel32.dll", "Return": "0x74f4a842", "Status": 0 }
{ "Address": "0x4073be", "Opcode": "ff9594070000", "Opcodesize": 6, "Mnemonic": "call dword ptr [ebp + 0x794]", "PID": 1712, "TID": 1768, "Arguments": [ "Arg1", "IN", "HMODULE", "0x18ff2a", "0x74f10000", "Arg2", "IN", "LPCSTR", "0x18ff2e", "FormatMessageA" ], "Timesptamp": "00000000.716382", "FunctionName": "GetProcAddress", "ModuleName": "kernel32.dll", "Return": "0x74f45fbd", "Status": 0 }
{ "Address": "0x4073be", "Opcode": "ff9594070000", "Opcodesize": 6, "Mnemonic": "call dword ptr [ebp + 0x794]", "PID": 1712, "TID": 1768, "Arguments": [ "Arg1", "IN", "HMODULE", "0x18ff2a", "0x74f10000", "Arg2", "IN", "LPCSTR", "0x18ff2e", "GetDateFormatA" ], "Timesptamp": "00000000.730234", "FunctionName": "GetProcAddress", "ModuleName": "kernel32.dll", "Return": "0x74f4a959", "Status": 0 }
{ "Address": "0x4073be", "Opcode": "ff9594070000", "Opcodesize": 6, "Mnemonic": "call dword ptr [ebp + 0x794]", "PID": 1712, "TID": 1768, "Arguments": [ "Arg1", "IN", "HMODULE", "0x18ff2a", "0x74f10000", "Arg2", "IN", "LPCSTR", "0x18ff2e", "WriteFile" ], "Timesptamp": "00000000.743726", "FunctionName": "GetProcAddress", "ModuleName": "kernel32.dll", "Return": "0x74f21282", "Status": 0 }
{ "Address": "0x4073be", "Opcode": "ff9594070000", "Opcodesize": 6, "Mnemonic": "call dword ptr [ebp + 0x794]", "PID": 1712, "TID": 1768, "Arguments": [ "Arg1", "IN", "HMODULE", "0x18ff2a", "0x74f10000", "Arg2", "IN", "LPCSTR", "0x18ff2e", "lstrlenA" ], "Timesptamp": "00000000.757122", "FunctionName": "GetProcAddress", "ModuleName": "kernel32.dll", "Return": "0x74f25a4b", "Status": 0 }
{ "Address": "0x4073be", "Opcode": "ff9594070000", "Opcodesize": 6, "Mnemonic": "call dword ptr [ebp + 0x794]", "PID": 1712, "TID": 1768, "Arguments": [ "Arg1", "IN", "HMODULE", "0x18ff2a", "0x74f10000", "Arg2", "IN", "LPCSTR", "0x18ff2e", "GlobalAlloc" ], "Timesptamp": "00000000.770652", "FunctionName": "GetProcAddress", "ModuleName": "kernel32.dll", "Return": "0x74f2588e", "Status": 0 }
{ "Address": "0x4073be", "Opcode": "ff9594070000", "Opcodesize": 6, "Mnemonic": "call dword ptr [ebp + 0x794]", "PID": 1712, "TID": 1768, "Arguments": [ "Arg1", "IN", "HMODULE", "0x18ff2a", "0x74f10000", "Arg2", "IN", "LPCSTR", "0x18ff2e", "GetFileAttributesA" ], "Timesptamp": "00000000.784396", "FunctionName": "GetProcAddress", "ModuleName": "kernel32.dll", "Return": "0x74f25414", "Status": 0 }
{ "Address": "0x4073be", "Opcode": "ff9594070000", "Opcodesize": 6, "Mnemonic": "call dword ptr [ebp + 0x794]", "PID": 1712, "TID": 1768, "Arguments": [ "Arg1", "IN", "HMODULE", "0x18ff2a", "0x74f10000", "Arg2", "IN", "LPCSTR", "0x18ff2e", "FileTimeToSystemTime" ], "Timesptamp": "00000000.798117", "FunctionName": "GetProcAddress", "ModuleName": "kernel32.dll", "Return": "0x74f2542c", "Status": 0 }
{ "Address": "0x4073be", "Opcode": "ff9594070000", "Opcodesize": 6, "Mnemonic": "call dword ptr [ebp + 0x794]", "PID": 1712, "TID": 1768, "Arguments": [ "Arg1", "IN", "HMODULE", "0x18ff2a", "0x74f10000", "Arg2", "IN", "LPCSTR", "0x18ff2e", "ReadFile" ], "Timesptamp": "00000000.811529", "FunctionName": "GetProcAddress", "ModuleName": "kernel32.dll", "Return": "0x74f23ed3", "Status": 0 }
{ "Address": "0x4073be", "Opcode": "ff9594070000", "Opcodesize": 6, "Mnemonic": "call dword ptr [ebp + 0x794]", "PID": 1712, "TID": 1768, "Arguments": [ "Arg1", "IN", "HMODULE", "0x18ff2a", "0x74f10000", "Arg2", "IN", "LPCSTR", "0x18ff2e", "GlobalUnlock" ], "Timesptamp": "00000000.824937", "FunctionName": "GetProcAddress", "ModuleName": "kernel32.dll", "Return": "0x74f3cfdf", "Status": 0 }
{ "Address": "0x4073be", "Opcode": "ff9594070000", "Opcodesize": 6, "Mnemonic": "call dword ptr [ebp + 0x794]", "PID": 1712, "TID": 1768, "Arguments": [ "Arg1", "IN", "HMODULE", "0x18ff2a", "0x74f10000", "Arg2", "IN", "LPCSTR", "0x18ff2e", "FindFirstFileA" ], "Timesptamp": "00000000.838367", "FunctionName": "GetProcAddress", "ModuleName": "kernel32.dll", "Return": "0x74f2e2ce", "Status": 0 }
{ "Address": "0x4073be", "Opcode": "ff9594070000", "Opcodesize": 6, "Mnemonic": "call dword ptr [ebp + 0x794]", "PID": 1712, "TID": 1768, "Arguments": [ "Arg1", "IN", "HMODULE", "0x18ff2a", "0x74f10000", "Arg2", "IN", "LPCSTR", "0x18ff2e", "GetLastError" ], "Timesptamp": "00000000.851765", "FunctionName": "GetProcAddress", "ModuleName": "kernel32.dll", "Return": "0x74f211c0", "Status": 0 }
{ "Address": "0x4073be", "Opcode": "ff9594070000", "Opcodesize": 6, "Mnemonic": "call dword ptr [ebp + 0x794]", "PID": 1712, "TID": 1768, "Arguments": [ "Arg1", "IN", "HMODULE", "0x18ff2a", "0x74f10000", "Arg2", "IN", "LPCSTR", "0x18ff2e", "FindClose" ], "Timesptamp": "00000000.865642", "FunctionName": "GetProcAddress", "ModuleName": "kernel32.dll", "Return": "0x74f24442", "Status": 0 }
{ "Address": "0x4073be", "Opcode": "ff9594070000", "Opcodesize": 6, "Mnemonic": "call dword ptr [ebp + 0x794]", "PID": 1712, "TID": 1768, "Arguments": [ "Arg1", "IN", "HMODULE", "0x18ff2a", "0x74f10000", "Arg2", "IN", "LPCSTR", "0x18ff2e", "FindNextFileA" ], "Timesptamp": "00000000.879442", "FunctionName": "GetProcAddress", "ModuleName": "kernel32.dll", "Return": "0x74f4d53e", "Status": 0 }
{ "Address": "0x4073be", "Opcode": "ff9594070000", "Opcodesize": 6, "Mnemonic": "call dword ptr [ebp + 0x794]", "PID": 1712, "TID": 1768, "Arguments": [ "Arg1", "IN", "HMODULE", "0x18ff2a", "0x74f10000", "Arg2", "IN", "LPCSTR", "0x18ff2e", "GetCurrentDirectoryA" ], "Timesptamp": "00000000.892976", "FunctionName": "GetProcAddress", "ModuleName": "kernel32.dll", "Return": "0x74f4d4f6", "Status": 0 }
{ "Address": "0x4073be", "Opcode": "ff9594070000", "Opcodesize": 6, "Mnemonic": "call dword ptr [ebp + 0x794]", "PID": 1712, "TID": 1768, "Arguments": [ "Arg1", "IN", "HMODULE", "0x18ff2a", "0x74f10000", "Arg2", "IN", "LPCSTR", "0x18ff2e", "GetFileTime" ], "Timesptamp": "00000000.906959", "FunctionName": "GetProcAddress", "ModuleName": "kernel32.dll", "Return": "0x74f24407", "Status": 0 }
{ "Address": "0x4073be", "Opcode": "ff9594070000", "Opcodesize": 6, "Mnemonic": "call dword ptr [ebp + 0x794]", "PID": 1712, "TID": 1768, "Arguments": [ "Arg1", "IN", "HMODULE", "0x18ff2a", "0x74f10000", "Arg2", "IN", "LPCSTR", "0x18ff2e", "FileTimeToLocalFileTime" ], "Timesptamp": "00000000.920825", "FunctionName": "GetProcAddress", "ModuleName": "kernel32.dll", "Return": "0x74f2e29e", "Status": 0 }
{ "Address": "0x4073be", "Opcode": "ff9594070000", "Opcodesize": 6, "Mnemonic": "call dword ptr [ebp + 0x794]", "PID": 1712, "TID": 1768, "Arguments": [ "Arg1", "IN", "HMODULE", "0x18ff2a", "0x74f10000", "Arg2", "IN", "LPCSTR", "0x18ff2e", "LocalFree" ], "Timesptamp": "00000000.934832", "FunctionName": "GetProcAddress", "ModuleName": "kernel32.dll", "Return": "0x74f22d3c", "Status": 0 }
{ "Address": "0x4073be", "Opcode": "ff9594070000", "Opcodesize": 6, "Mnemonic": "call dword ptr [ebp + 0x794]", "PID": 1712, "TID": 1768, "Arguments": [ "Arg1", "IN", "HMODULE", "0x18ff2a", "0x74f10000", "Arg2", "IN", "LPCSTR", "0x18ff2e", "GetModuleHandleA" ], "Timesptamp": "00000000.948234", "FunctionName": "GetProcAddress", "ModuleName": "kernel32.dll", "Return": "0x74f21245", "Status": 0 }
{ "Address": "0x4073be", "Opcode": "ff9594070000", "Opcodesize": 6, "Mnemonic": "call dword ptr [ebp + 0x794]", "PID": 1712, "TID": 1768, "Arguments": [ "Arg1", "IN", "HMODULE", "0x18ff2a", "0x74f10000", "Arg2", "IN", "LPCSTR", "0x18ff2e", "GetUserDefaultLangID" ], "Timesptamp": "00000000.961789", "FunctionName": "GetProcAddress", "ModuleName": "kernel32.dll", "Return": "0x74f3d5fd", "Status": 0 }
{ "Address": "0x4073be", "Opcode": "ff9594070000", "Opcodesize": 6, "Mnemonic": "call dword ptr [ebp + 0x794]", "PID": 1712, "TID": 1768, "Arguments": [ "Arg1", "IN", "HMODULE", "0x18ff2a", "0x74f10000", "Arg2", "IN", "LPCSTR", "0x18ff2e", "lstrcmpA" ], "Timesptamp": "00000000.975603", "FunctionName": "GetProcAddress", "ModuleName": "kernel32.dll", "Return": "0x74f3eceb", "Status": 0 }
{ "Address": "0x4073be", "Opcode": "ff9594070000", "Opcodesize": 6, "Mnemonic": "call dword ptr [ebp + 0x794]", "PID": 1712, "TID": 1768, "Arguments": [ "Arg1", "IN", "HMODULE", "0x18ff2a", "0x74f10000", "Arg2", "IN", "LPCSTR", "0x18ff2e", "GetStartupInfoA" ], "Timesptamp": "00000000.989819", "FunctionName": "GetProcAddress", "ModuleName": "kernel32.dll", "Return": "0x74f20e00", "Status": 0 }
{ "Address": "0x407342", "Opcode": "ff9590070000", "Opcodesize": 6, "Mnemonic": "call dword ptr [ebp + 0x790]", "PID": 1712, "TID": 1768, "Arguments": [ "Arg1", "IN", "LPCTSTR", "0x18ff4e", "USER32.dll" ], "Timesptamp": "00000001.003289", "FunctionName": "LoadLibraryA", "ModuleName": "kernel32.dll", "Return": "0x74d30000", "Status": 0 }
{ "Address": "0x4073be", "Opcode": "ff9594070000", "Opcodesize": 6, "Mnemonic": "call dword ptr [ebp + 0x794]", "PID": 1712, "TID": 1768, "Arguments": [ "Arg1", "IN", "HMODULE", "0x18ff2a", "0x74d30000", "Arg2", "IN", "LPCSTR", "0x18ff2e", "EnableWindow" ], "Timesptamp": "00000001.019327", "FunctionName": "GetProcAddress", "ModuleName": "kernel32.dll", "Return": "0x74d52da4", "Status": 0 }
{ "Address": "0x4073be", "Opcode": "ff9594070000", "Opcodesize": 6, "Mnemonic": "call dword ptr [ebp + 0x794]", "PID": 1712, "TID": 1768, "Arguments": [ "Arg1", "IN", "HMODULE", "0x18ff2a", "0x74d30000", "Arg2", "IN", "LPCSTR", "0x18ff2e", "RegisterClassA" ], "Timesptamp": "00000001.032638", "FunctionName": "GetProcAddress", "ModuleName": "kernel32.dll", "Return": "0x74d5434b", "Status": 0 }
{ "Address": "0x4073be", "Opcode": "ff9594070000", "Opcodesize": 6, "Mnemonic": "call dword ptr [ebp + 0x794]", "PID": 1712, "TID": 1768, "Arguments": [ "Arg1", "IN", "HMODULE", "0x18ff2a", "0x74d30000", "Arg2", "IN", "LPCSTR", "0x18ff2e", "CloseClipboard" ], "Timesptamp": "00000001.046461", "FunctionName": "GetProcAddress", "ModuleName": "kernel32.dll", "Return": "0x74d58e8d", "Status": 0 }
{ "Address": "0x4073be", "Opcode": "ff9594070000", "Opcodesize": 6, "Mnemonic": "call dword ptr [ebp + 0x794]", "PID": 1712, "TID": 1768, "Arguments": [ "Arg1", "IN", "HMODULE", "0x18ff2a", "0x74d30000", "Arg2", "IN", "LPCSTR", "0x18ff2e", "GetFocus" ], "Timesptamp": "00000001.062098", "FunctionName": "GetProcAddress", "ModuleName": "kernel32.dll", "Return": "0x74d50dee", "Status": 0 }
{ "Address": "0x4073be", "Opcode": "ff9594070000", "Opcodesize": 6, "Mnemonic": "call dword ptr [ebp + 0x794]", "PID": 1712, "TID": 1768, "Arguments": [ "Arg1", "IN", "HMODULE", "0x18ff2a", "0x74d30000", "Arg2", "IN", "LPCSTR", "0x18ff2e", "LoadIconA" ], "Timesptamp": "00000001.075674", "FunctionName": "GetProcAddress", "ModuleName": "kernel32.dll", "Return": "0x74d4dafb", "Status": 0 }
{ "Address": "0x4073be", "Opcode": "ff9594070000", "Opcodesize": 6, "Mnemonic": "call dword ptr [ebp + 0x794]", "PID": 1712, "TID": 1768, "Arguments": [ "Arg1", "IN", "HMODULE", "0x18ff2a", "0x74d30000", "Arg2", "IN", "LPCSTR", "0x18ff2e", "wsprintfA" ], "Timesptamp": "00000001.089307", "FunctionName": "GetProcAddress", "ModuleName": "kernel32.dll", "Return": "0x74d5ae5f", "Status": 0 }
{ "Address": "0x4073be", "Opcode": "ff9594070000", "Opcodesize": 6, "Mnemonic": "call dword ptr [ebp + 0x794]", "PID": 1712, "TID": 1768, "Arguments": [ "Arg1", "IN", "HMODULE", "0x18ff2a", "0x74d30000", "Arg2", "IN", "LPCSTR", "0x18ff2e", "SetFocus" ], "Timesptamp": "00000001.103143", "FunctionName": "GetProcAddress", "ModuleName": "kernel32.dll", "Return": "0x74d52175", "Status": 0 }
{ "Address": "0x4073be", "Opcode": "ff9594070000", "Opcodesize": 6, "Mnemonic": "call dword ptr [ebp + 0x794]", "PID": 1712, "TID": 1768, "Arguments": [ "Arg1", "IN", "HMODULE", "0x18ff2a", "0x74d30000", "Arg2", "IN", "LPCSTR", "0x18ff2e", "SetDlgItemTextA" ], "Timesptamp": "00000001.116627", "FunctionName": "GetProcAddress", "ModuleName": "kernel32.dll", "Return": "0x74d5c4d6", "Status": 0 }
{ "Address": "0x4073be", "Opcode": "ff9594070000", "Opcodesize": 6, "Mnemonic": "call dword ptr [ebp + 0x794]", "PID": 1712, "TID": 1768, "Arguments": [ "Arg1", "IN", "HMODULE", "0x18ff2a", "0x74d30000", "Arg2", "IN", "LPCSTR", "0x18ff2e", "UnregisterClassA" ], "Timesptamp": "00000001.130580", "FunctionName": "GetProcAddress", "ModuleName": "kernel32.dll", "Return": "0x74d4dced", "Status": 0 }
{ "Address": "0x4073be", "Opcode": "ff9594070000", "Opcodesize": 6, "Mnemonic": "call dword ptr [ebp + 0x794]", "PID": 1712, "TID": 1768, "Arguments": [ "Arg1", "IN", "HMODULE", "0x18ff2a", "0x74d30000", "Arg2", "IN", "LPCSTR", "0x18ff2e", "EmptyClipboard" ], "Timesptamp": "00000001.144119", "FunctionName": "GetProcAddress", "ModuleName": "kernel32.dll", "Return": "0x74da7cb9", "Status": 0 }
{ "Address": "0x4073be", "Opcode": "ff9594070000", "Opcodesize": 6, "Mnemonic": "call dword ptr [ebp + 0x794]", "PID": 1712, "TID": 1768, "Arguments": [ "Arg1", "IN", "HMODULE", "0x18ff2a", "0x74d30000", "Arg2", "IN", "LPCSTR", "0x18ff2e", "GetDlgItem" ], "Timesptamp": "00000001.157709", "FunctionName": "GetProcAddress", "ModuleName": "kernel32.dll", "Return": "0x74d6f1ba", "Status": 0 }
{ "Address": "0x4073be", "Opcode": "ff9594070000", "Opcodesize": 6, "Mnemonic": "call dword ptr [ebp + 0x794]", "PID": 1712, "TID": 1768, "Arguments": [ "Arg1", "IN", "HMODULE", "0x18ff2a", "0x74d30000", "Arg2", "IN", "LPCSTR", "0x18ff2e", "EndDialog" ], "Timesptamp": "00000001.171695", "FunctionName": "GetProcAddress", "ModuleName": "kernel32.dll", "Return": "0x74d6b99c", "Status": 0 }
{ "Address": "0x4073be", "Opcode": "ff9594070000", "Opcodesize": 6, "Mnemonic": "call dword ptr [ebp + 0x794]", "PID": 1712, "TID": 1768, "Arguments": [ "Arg1", "IN", "HMODULE", "0x18ff2a", "0x74d30000", "Arg2", "IN", "LPCSTR", "0x18ff2e", "CheckDlgButton" ], "Timesptamp": "00000001.185240", "FunctionName": "GetProcAddress", "ModuleName": "kernel32.dll", "Return": "0x74d6be9a", "Status": 0 }
{ "Address": "0x4073be", "Opcode": "ff9594070000", "Opcodesize": 6, "Mnemonic": "call dword ptr [ebp + 0x794]", "PID": 1712, "TID": 1768, "Arguments": [ "Arg1", "IN", "HMODULE", "0x18ff2a", "0x74d30000", "Arg2", "IN", "LPCSTR", "0x18ff2e", "IsDlgButtonChecked" ], "Timesptamp": "00000001.198715", "FunctionName": "GetProcAddress", "ModuleName": "kernel32.dll", "Return": "0x74d6c0a6", "Status": 0 }
{ "Address": "0x4073be", "Opcode": "ff9594070000", "Opcodesize": 6, "Mnemonic": "call dword ptr [ebp + 0x794]", "PID": 1712, "TID": 1768, "Arguments": [ "Arg1", "IN", "HMODULE", "0x18ff2a", "0x74d30000", "Arg2", "IN", "LPCSTR", "0x18ff2e", "GetClassInfoA" ], "Timesptamp": "00000001.212605", "FunctionName": "GetProcAddress", "ModuleName": "kernel32.dll", "Return": "0x74d56ade", "Status": 0 }
{ "Address": "0x4073be", "Opcode": "ff9594070000", "Opcodesize": 6, "Mnemonic": "call dword ptr [ebp + 0x794]", "PID": 1712, "TID": 1768, "Arguments": [ "Arg1", "IN", "HMODULE", "0x18ff2a", "0x74d30000", "Arg2", "IN", "LPCSTR", "0x18ff2e", "PostMessageA" ], "Timesptamp": "00000001.226099", "FunctionName": "GetProcAddress", "ModuleName": "kernel32.dll", "Return": "0x74d53baa", "Status": 0 }
{ "Address": "0x4073be", "Opcode": "ff9594070000", "Opcodesize": 6, "Mnemonic": "call dword ptr [ebp + 0x794]", "PID": 1712, "TID": 1768, "Arguments": [ "Arg1", "IN", "HMODULE", "0x18ff2a", "0x74d30000", "Arg2", "IN", "LPCSTR", "0x18ff2e", "OpenClipboard" ], "Timesptamp": "00000001.245058", "FunctionName": "GetProcAddress", "ModuleName": "kernel32.dll", "Return": "0x74d58ecb", "Status": 0 }
{ "Address": "0x4073be", "Opcode": "ff9594070000", "Opcodesize": 6, "Mnemonic": "call dword ptr [ebp + 0x794]", "PID": 1712, "TID": 1768, "Arguments": [ "Arg1", "IN", "HMODULE", "0x18ff2a", "0x74d30000", "Arg2", "IN", "LPCSTR", "0x18ff2e", "SetWindowTextA" ], "Timesptamp": "00000001.264545", "FunctionName": "GetProcAddress", "ModuleName": "kernel32.dll", "Return": "0x74d57aee", "Status": 0 }
{ "Address": "0x4073be", "Opcode": "ff9594070000", "Opcodesize": 6, "Mnemonic": "call dword ptr [ebp + 0x794]", "PID": 1712, "TID": 1768, "Arguments": [ "Arg1", "IN", "HMODULE", "0x18ff2a", "0x74d30000", "Arg2", "IN", "LPCSTR", "0x18ff2e", "DialogBoxParamA" ], "Timesptamp": "00000001.277909", "FunctionName": "GetProcAddress", "ModuleName": "kernel32.dll", "Return": "0x74d8cb0c", "Status": 0 }
{ "Address": "0x4073be", "Opcode": "ff9594070000", "Opcodesize": 6, "Mnemonic": "call dword ptr [ebp + 0x794]", "PID": 1712, "TID": 1768, "Arguments": [ "Arg1", "IN", "HMODULE", "0x18ff2a", "0x74d30000", "Arg2", "IN", "LPCSTR", "0x18ff2e", "SetClipboardData" ], "Timesptamp": "00000001.291879", "FunctionName": "GetProcAddress", "ModuleName": "kernel32.dll", "Return": "0x74d88e57", "Status": 0 }
{ "Address": "0x4073be", "Opcode": "ff9594070000", "Opcodesize": 6, "Mnemonic": "call dword ptr [ebp + 0x794]", "PID": 1712, "TID": 1768, "Arguments": [ "Arg1", "IN", "HMODULE", "0x18ff2a", "0x74d30000", "Arg2", "IN", "LPCSTR", "0x18ff2e", "SendMessageA" ], "Timesptamp": "00000001.302316", "FunctionName": "GetProcAddress", "ModuleName": "kernel32.dll", "Return": "0x74d5612e", "Status": 0 }
{ "Address": "0x407342", "Opcode": "ff9590070000", "Opcodesize": 6, "Mnemonic": "call dword ptr [ebp + 0x790]", "PID": 1712, "TID": 1768, "Arguments": [ "Arg1", "IN", "LPCTSTR", "0x18ff4e", "comdlg32.dll" ], "Timesptamp": "00000001.326664", "FunctionName": "LoadLibraryA", "ModuleName": "kernel32.dll", "Return": "0x75f60000", "Status": 0 }
{ "Address": "0x4073be", "Opcode": "ff9594070000", "Opcodesize": 6, "Mnemonic": "call dword ptr [ebp + 0x794]", "PID": 1712, "TID": 1768, "Arguments": [ "Arg1", "IN", "HMODULE", "0x18ff2a", "0x75f60000", "Arg2", "IN", "LPCSTR", "0x18ff2e", "GetSaveFileNameA" ], "Timesptamp": "00000001.342073", "FunctionName": "GetProcAddress", "ModuleName": "kernel32.dll", "Return": "0x75f9a353", "Status": 0 }
{ "Address": "0x4073be", "Opcode": "ff9594070000", "Opcodesize": 6, "Mnemonic": "call dword ptr [ebp + 0x794]", "PID": 1712, "TID": 1768, "Arguments": [ "Arg1", "IN", "HMODULE", "0x18ff2a", "0x75f60000", "Arg2", "IN", "LPCSTR", "0x18ff2e", "GetOpenFileNameA" ], "Timesptamp": "00000001.358255", "FunctionName": "GetProcAddress", "ModuleName": "kernel32.dll", "Return": "0x75f9a2a9", "Status": 0 }
{ "Address": "0x407342", "Opcode": "ff9590070000", "Opcodesize": 6, "Mnemonic": "call dword ptr [ebp + 0x790]", "PID": 1712, "TID": 1768, "Arguments": [ "Arg1", "IN", "LPCTSTR", "0x18ff4e", "SHELL32.dll" ], "Timesptamp": "00000001.372297", "FunctionName": "LoadLibraryA", "ModuleName": "kernel32.dll", "Return": "0x75020000", "Status": 0 }
{ "Address": "0x4073be", "Opcode": "ff9594070000", "Opcodesize": 6, "Mnemonic": "call dword ptr [ebp + 0x794]", "PID": 1712, "TID": 1768, "Arguments": [ "Arg1", "IN", "HMODULE", "0x18ff2a", "0x75020000", "Arg2", "IN", "LPCSTR", "0x18ff2e", "DragAcceptFiles" ], "Timesptamp": "00000001.388425", "FunctionName": "GetProcAddress", "ModuleName": "kernel32.dll", "Return": "0x75141bf1", "Status": 0 }
{ "Address": "0x4073be", "Opcode": "ff9594070000", "Opcodesize": 6, "Mnemonic": "call dword ptr [ebp + 0x794]", "PID": 1712, "TID": 1768, "Arguments": [ "Arg1", "IN", "HMODULE", "0x18ff2a", "0x75020000", "Arg2", "IN", "LPCSTR", "0x18ff2e", "DragQueryFileA" ], "Timesptamp": "00000001.402989", "FunctionName": "GetProcAddress", "ModuleName": "kernel32.dll", "Return": "0x752350b1", "Status": 0 }
{ "Address": "0x407342", "Opcode": "ff9590070000", "Opcodesize": 6, "Mnemonic": "call dword ptr [ebp + 0x790]", "PID": 1712, "TID": 1768, "Arguments": [ "Arg1", "IN", "LPCTSTR", "0x18ff4e", "MSVCRT.dll" ], "Timesptamp": "00000001.417447", "FunctionName": "LoadLibraryA", "ModuleName": "kernel32.dll", "Return": "0x76190000", "Status": 0 }
{ "Address": "0x4073be", "Opcode": "ff9594070000", "Opcodesize": 6, "Mnemonic": "call dword ptr [ebp + 0x794]", "PID": 1712, "TID": 1768, "Arguments": [ "Arg1", "IN", "HMODULE", "0x18ff2a", "0x76190000", "Arg2", "IN", "LPCSTR", "0x18ff2e", "_makepath" ], "Timesptamp": "00000001.488543", "FunctionName": "GetProcAddress", "ModuleName": "kernel32.dll", "Return": "0x761f6d76", "Status": 0 }
{ "Address": "0x4073be", "Opcode": "ff9594070000", "Opcodesize": 6, "Mnemonic": "call dword ptr [ebp + 0x794]", "PID": 1712, "TID": 1768, "Arguments": [ "Arg1", "IN", "HMODULE", "0x18ff2a", "0x76190000", "Arg2", "IN", "LPCSTR", "0x18ff2e", "_controlfp" ], "Timesptamp": "00000001.502765", "FunctionName": "GetProcAddress", "ModuleName": "kernel32.dll", "Return": "0x7619e1e1", "Status": 0 }
{ "Address": "0x4073be", "Opcode": "ff9594070000", "Opcodesize": 6, "Mnemonic": "call dword ptr [ebp + 0x794]", "PID": 1712, "TID": 1768, "Arguments": [ "Arg1", "IN", "HMODULE", "0x18ff2a", "0x76190000", "Arg2", "IN", "LPCSTR", "0x18ff2e", "_except_handler3" ], "Timesptamp": "00000001.516351", "FunctionName": "GetProcAddress", "ModuleName": "kernel32.dll", "Return": "0x761bd770", "Status": 0 }
{ "Address": "0x4073be", "Opcode": "ff9594070000", "Opcodesize": 6, "Mnemonic": "call dword ptr [ebp + 0x794]", "PID": 1712, "TID": 1768, "Arguments": [ "Arg1", "IN", "HMODULE", "0x18ff2a", "0x76190000", "Arg2", "IN", "LPCSTR", "0x18ff2e", "__set_app_type" ], "Timesptamp": "00000001.531342", "FunctionName": "GetProcAddress", "ModuleName": "kernel32.dll", "Return": "0x761a2804", "Status": 0 }
{ "Address": "0x4073be", "Opcode": "ff9594070000", "Opcodesize": 6, "Mnemonic": "call dword ptr [ebp + 0x794]", "PID": 1712, "TID": 1768, "Arguments": [ "Arg1", "IN", "HMODULE", "0x18ff2a", "0x76190000", "Arg2", "IN", "LPCSTR", "0x18ff2e", "__p__fmode" ], "Timesptamp": "00000001.545499", "FunctionName": "GetProcAddress", "ModuleName": "kernel32.dll", "Return": "0x761a27ce", "Status": 0 }
{ "Address": "0x4073be", "Opcode": "ff9594070000", "Opcodesize": 6, "Mnemonic": "call dword ptr [ebp + 0x794]", "PID": 1712, "TID": 1768, "Arguments": [ "Arg1", "IN", "HMODULE", "0x18ff2a", "0x76190000", "Arg2", "IN", "LPCSTR", "0x18ff2e", "__p__commode" ], "Timesptamp": "00000001.559330", "FunctionName": "GetProcAddress", "ModuleName": "kernel32.dll", "Return": "0x761a27c3", "Status": 0 }
{ "Address": "0x4073be", "Opcode": "ff9594070000", "Opcodesize": 6, "Mnemonic": "call dword ptr [ebp + 0x794]", "PID": 1712, "TID": 1768, "Arguments": [ "Arg1", "IN", "HMODULE", "0x18ff2a", "0x76190000", "Arg2", "IN", "LPCSTR", "0x18ff2e", "_adjust_fdiv" ], "Timesptamp": "00000001.574317", "FunctionName": "GetProcAddress", "ModuleName": "kernel32.dll", "Return": "0x762332ec", "Status": 0 }
{ "Address": "0x4073be", "Opcode": "ff9594070000", "Opcodesize": 6, "Mnemonic": "call dword ptr [ebp + 0x794]", "PID": 1712, "TID": 1768, "Arguments": [ "Arg1", "IN", "HMODULE", "0x18ff2a", "0x76190000", "Arg2", "IN", "LPCSTR", "0x18ff2e", "__setusermatherr" ], "Timesptamp": "00000001.588468", "FunctionName": "GetProcAddress", "ModuleName": "kernel32.dll", "Return": "0x762277ad", "Status": 0 }
{ "Address": "0x4073be", "Opcode": "ff9594070000", "Opcodesize": 6, "Mnemonic": "call dword ptr [ebp + 0x794]", "PID": 1712, "TID": 1768, "Arguments": [ "Arg1", "IN", "HMODULE", "0x18ff2a", "0x76190000", "Arg2", "IN", "LPCSTR", "0x18ff2e", "_initterm" ], "Timesptamp": "00000001.601991", "FunctionName": "GetProcAddress", "ModuleName": "kernel32.dll", "Return": "0x7619c151", "Status": 0 }
{ "Address": "0x4073be", "Opcode": "ff9594070000", "Opcodesize": 6, "Mnemonic": "call dword ptr [ebp + 0x794]", "PID": 1712, "TID": 1768, "Arguments": [ "Arg1", "IN", "HMODULE", "0x18ff2a", "0x76190000", "Arg2", "IN", "LPCSTR", "0x18ff2e", "__getmainargs" ], "Timesptamp": "00000001.615669", "FunctionName": "GetProcAddress", "ModuleName": "kernel32.dll", "Return": "0x761a2bc0", "Status": 0 }
{ "Address": "0x4073be", "Opcode": "ff9594070000", "Opcodesize": 6, "Mnemonic": "call dword ptr [ebp + 0x794]", "PID": 1712, "TID": 1768, "Arguments": [ "Arg1", "IN", "HMODULE", "0x18ff2a", "0x76190000", "Arg2", "IN", "LPCSTR", "0x18ff2e", "_acmdln" ], "Timesptamp": "00000001.631049", "FunctionName": "GetProcAddress", "ModuleName": "kernel32.dll", "Return": "0x762304d8", "Status": 0 }
{ "Address": "0x4073be", "Opcode": "ff9594070000", "Opcodesize": 6, "Mnemonic": "call dword ptr [ebp + 0x794]", "PID": 1712, "TID": 1768, "Arguments": [ "Arg1", "IN", "HMODULE", "0x18ff2a", "0x76190000", "Arg2", "IN", "LPCSTR", "0x18ff2e", "exit" ], "Timesptamp": "00000001.644798", "FunctionName": "GetProcAddress", "ModuleName": "kernel32.dll", "Return": "0x761a36aa", "Status": 0 }
{ "Address": "0x4073be", "Opcode": "ff9594070000", "Opcodesize": 6, "Mnemonic": "call dword ptr [ebp + 0x794]", "PID": 1712, "TID": 1768, "Arguments": [ "Arg1", "IN", "HMODULE", "0x18ff2a", "0x76190000", "Arg2", "IN", "LPCSTR", "0x18ff2e", "_XcptFilter" ], "Timesptamp": "00000001.658334", "FunctionName": "GetProcAddress", "ModuleName": "kernel32.dll", "Return": "0x761bdc75", "Status": 0 }
{ "Address": "0x4073be", "Opcode": "ff9594070000", "Opcodesize": 6, "Mnemonic": "call dword ptr [ebp + 0x794]", "PID": 1712, "TID": 1768, "Arguments": [ "Arg1", "IN", "HMODULE", "0x18ff2a", "0x76190000", "Arg2", "IN", "LPCSTR", "0x18ff2e", "_exit" ], "Timesptamp": "00000001.673985", "FunctionName": "GetProcAddress", "ModuleName": "kernel32.dll", "Return": "0x761fb2c0", "Status": 0 }
{ "Address": "0x4073be", "Opcode": "ff9594070000", "Opcodesize": 6, "Mnemonic": "call dword ptr [ebp + 0x794]", "PID": 1712, "TID": 1768, "Arguments": [ "Arg1", "IN", "HMODULE", "0x18ff2a", "0x76190000", "Arg2", "IN", "LPCSTR", "0x18ff2e", "_onexit" ], "Timesptamp": "00000001.687746", "FunctionName": "GetProcAddress", "ModuleName": "kernel32.dll", "Return": "0x761a112d", "Status": 0 }
{ "Address": "0x4073be", "Opcode": "ff9594070000", "Opcodesize": 6, "Mnemonic": "call dword ptr [ebp + 0x794]", "PID": 1712, "TID": 1768, "Arguments": [ "Arg1", "IN", "HMODULE", "0x18ff2a", "0x76190000", "Arg2", "IN", "LPCSTR", "0x18ff2e", "__dllonexit" ], "Timesptamp": "00000001.712016", "FunctionName": "GetProcAddress", "ModuleName": "kernel32.dll", "Return": "0x7619f509", "Status": 0 }
{ "Address": "0x4073be", "Opcode": "ff9594070000", "Opcodesize": 6, "Mnemonic": "call dword ptr [ebp + 0x794]", "PID": 1712, "TID": 1768, "Arguments": [ "Arg1", "IN", "HMODULE", "0x18ff2a", "0x76190000", "Arg2", "IN", "LPCSTR", "0x18ff2e", "_splitpath" ], "Timesptamp": "00000001.728544", "FunctionName": "GetProcAddress", "ModuleName": "kernel32.dll", "Return": "0x761bed9c", "Status": 0 }
{ "Address": "0x4073be", "Opcode": "ff9594070000", "Opcodesize": 6, "Mnemonic": "call dword ptr [ebp + 0x794]", "PID": 1712, "TID": 1768, "Arguments": [ "Arg1", "IN", "HMODULE", "0x18ff2a", "0x76190000", "Arg2", "IN", "LPCSTR", "0x18ff2e", "_vsnprintf" ], "Timesptamp": "00000001.746144", "FunctionName": "GetProcAddress", "ModuleName": "kernel32.dll", "Return": "0x7619d1a8", "Status": 0 }
{ "Address": "0x4073be", "Opcode": "ff9594070000", "Opcodesize": 6, "Mnemonic": "call dword ptr [ebp + 0x794]", "PID": 1712, "TID": 1768, "Arguments": [ "Arg1", "IN", "HMODULE", "0x18ff2a", "0x76190000", "Arg2", "IN", "LPCSTR", "0x18ff2e", "_snprintf" ], "Timesptamp": "00000001.764054", "FunctionName": "GetProcAddress", "ModuleName": "kernel32.dll", "Return": "0x761bfa7c", "Status": 0 }
{ "Address": "0x4073be", "Opcode": "ff9594070000", "Opcodesize": 6, "Mnemonic": "call dword ptr [ebp + 0x794]", "PID": 1712, "TID": 1768, "Arguments": [ "Arg1", "IN", "HMODULE", "0x18ff2a", "0x76190000", "Arg2", "IN", "LPCSTR", "0x18ff2e", "_beginthreadex" ], "Timesptamp": "00000001.781860", "FunctionName": "GetProcAddress", "ModuleName": "kernel32.dll", "Return": "0x761a132e", "Status": 0 }
{ "Address": "0x4073be", "Opcode": "ff9594070000", "Opcodesize": 6, "Mnemonic": "call dword ptr [ebp + 0x794]", "PID": 1712, "TID": 1768, "Arguments": [ "Arg1", "IN", "HMODULE", "0x18ff2a", "0x76190000", "Arg2", "IN", "LPCSTR", "0x18ff2e", "??2@YAPAXI@Z" ], "Timesptamp": "00000001.802416", "FunctionName": "GetProcAddress", "ModuleName": "kernel32.dll", "Return": "0x7619b0c9", "Status": 0 }
{ "Address": "0x4073be", "Opcode": "ff9594070000", "Opcodesize": 6, "Mnemonic": "call dword ptr [ebp + 0x794]", "PID": 1712, "TID": 1768, "Arguments": [ "Arg1", "IN", "HMODULE", "0x18ff2a", "0x76190000", "Arg2", "IN", "LPCSTR", "0x18ff2e", "memmove" ], "Timesptamp": "00000001.819242", "FunctionName": "GetProcAddress", "ModuleName": "kernel32.dll", "Return": "0x76199e5a", "Status": 0 }
{ "Address": "0x4073be", "Opcode": "ff9594070000", "Opcodesize": 6, "Mnemonic": "call dword ptr [ebp + 0x794]", "PID": 1712, "TID": 1768, "Arguments": [ "Arg1", "IN", "HMODULE", "0x18ff2a", "0x76190000", "Arg2", "IN", "LPCSTR", "0x18ff2e", "??3@YAXPAX@Z" ], "Timesptamp": "00000001.832925", "FunctionName": "GetProcAddress", "ModuleName": "kernel32.dll", "Return": "0x7619b0b9", "Status": 0 }
{ "Address": "0x407342", "Opcode": "ff9590070000", "Opcodesize": 6, "Mnemonic": "call dword ptr [ebp + 0x790]", "PID": 1712, "TID": 1768, "Arguments": [ "Arg1", "IN", "LPCTSTR", "0x18ff4e", "SHLWAPI.dll" ], "Timesptamp": "00000001.846623", "FunctionName": "LoadLibraryA", "ModuleName": "kernel32.dll", "Return": "0x75c70000", "Status": 0 }
{ "Address": "0x4073be", "Opcode": "ff9594070000", "Opcodesize": 6, "Mnemonic": "call dword ptr [ebp + 0x794]", "PID": 1712, "TID": 1768, "Arguments": [ "Arg1", "IN", "HMODULE", "0x18ff2a", "0x75c70000", "Arg2", "IN", "LPCSTR", "0x18ff2e", "PathAddBackslashA" ], "Timesptamp": "00000001.864608", "FunctionName": "GetProcAddress", "ModuleName": "kernel32.dll", "Return": "0x75c7cf33", "Status": 0 }
{ "Address": "0x407342", "Opcode": "ff9590070000", "Opcodesize": 6, "Mnemonic": "call dword ptr [ebp + 0x790]", "PID": 1712, "TID": 1768, "Arguments": [ "Arg1", "IN", "LPCTSTR", "0x18ff4e", "COMCTL32.dll" ], "Timesptamp": "00000001.878260", "FunctionName": "LoadLibraryA", "ModuleName": "kernel32.dll", "Return": "0x73d40000", "Status": 0 }
{ "Address": "0x4073be", "Opcode": "ff9594070000", "Opcodesize": 6, "Mnemonic": "call dword ptr [ebp + 0x794]", "PID": 1712, "TID": 1768, "Arguments": [ "Arg1", "IN", "HMODULE", "0x18ff2a", "0x73d40000", "Arg2", "IN", "LPCSTR", "0x18ff2e", "InitCommonControlsEx" ], "Timesptamp": "00000001.893913", "FunctionName": "GetProcAddress", "ModuleName": "kernel32.dll", "Return": "0x73d609ce", "Status": 0 }
{ "Address": "0x407342", "Opcode": "ff9590070000", "Opcodesize": 6, "Mnemonic": "call dword ptr [ebp + 0x790]", "PID": 1712, "TID": 1768, "Arguments": [ "Arg1", "IN", "LPCTSTR", "0x18ff4e", "VERSION.dll" ], "Timesptamp": "00000001.909178", "FunctionName": "LoadLibraryA", "ModuleName": "kernel32.dll", "Return": "0x743d0000", "Status": 0 }
{ "Address": "0x4073be", "Opcode": "ff9594070000", "Opcodesize": 6, "Mnemonic": "call dword ptr [ebp + 0x794]", "PID": 1712, "TID": 1768, "Arguments": [ "Arg1", "IN", "HMODULE", "0x18ff2a", "0x743d0000", "Arg2", "IN", "LPCSTR", "0x18ff2e", "VerQueryValueA" ], "Timesptamp": "00000001.924460", "FunctionName": "GetProcAddress", "ModuleName": "kernel32.dll", "Return": "0x743d1b72", "Status": 0 }
{ "Address": "0x4073be", "Opcode": "ff9594070000", "Opcodesize": 6, "Mnemonic": "call dword ptr [ebp + 0x794]", "PID": 1712, "TID": 1768, "Arguments": [ "Arg1", "IN", "HMODULE", "0x18ff2a", "0x743d0000", "Arg2", "IN", "LPCSTR", "0x18ff2e", "GetFileVersionInfoSizeA" ], "Timesptamp": "00000001.938168", "FunctionName": "GetProcAddress", "ModuleName": "kernel32.dll", "Return": "0x743d1c9c", "Status": 0 }
{ "Address": "0x4073be", "Opcode": "ff9594070000", "Opcodesize": 6, "Mnemonic": "call dword ptr [ebp + 0x794]", "PID": 1712, "TID": 1768, "Arguments": [ "Arg1", "IN", "HMODULE", "0x18ff2a", "0x743d0000", "Arg2", "IN", "LPCSTR", "0x18ff2e", "GetFileVersionInfoA" ], "Timesptamp": "00000001.952685", "FunctionName": "GetProcAddress", "ModuleName": "kernel32.dll", "Return": "0x743d1ced", "Status": 0 }
{ "Address": "0x40536e", "Opcode": "ff159c604000", "Opcodesize": 6, "Mnemonic": "call dword ptr [0x40609c]", "PID": 1712, "TID": 1768, "Arguments": [ ], "Timesptamp": "00000001.987237", "FunctionName": "__p__fmode", "ModuleName": "msvcrt.dll", "Return": "0x762331f4", "Status": 0 }
{ "Address": "0x40537c", "Opcode": "ff15a0604000", "Opcodesize": 6, "Mnemonic": "call dword ptr [0x4060a0]", "PID": 1712, "TID": 1768, "Arguments": [ ], "Timesptamp": "00000002.002831", "FunctionName": "__p__commode", "ModuleName": "msvcrt.dll", "Return": "0x762331fc", "Status": 0 }
{ "Address": "0x4054a6", "Opcode": "e81b000000", "Opcodesize": 5, "Mnemonic": "call 0x4054c6", "PID": 1712, "TID": 1768, "Functionname": "_controlfp", "Dllname": "msvcrt.dll", "Status": 1 }
{ "Address": "0x4053be", "Opcode": "e8d3000000", "Opcodesize": 5, "Mnemonic": "call 0x405496", "PID": 1712, "TID": 1768, "Functionname": "_initterm", "Dllname": "msvcrt.dll", "Status": 1 }
{ "Address": "0x4053e1", "Opcode": "ff15b0604000", "Opcodesize": 6, "Mnemonic": "call dword ptr [0x4060b0]", "PID": 1712, "TID": 1768, "Functionname": "__getmainargs", "Dllname": "msvcrt.dll", "Status": 1 }
{ "Address": "0x4053f1", "Opcode": "e8a0000000", "Opcodesize": 5, "Mnemonic": "call 0x405496", "PID": 1712, "TID": 1768, "Functionname": "_initterm", "Dllname": "msvcrt.dll", "Status": 1 }
{ "Address": "0x4052fb", "Opcode": "ff15c4604000", "Opcodesize": 6, "Mnemonic": "call dword ptr [0x4060c4]", "PID": 1712, "TID": 1768, "Functionname": "_onexit", "Dllname": "msvcrt.dll", "Status": 1 }
{ "Address": "0x405618", "Opcode": "ff1510604000", "Opcodesize": 6, "Mnemonic": "call dword ptr [0x406010]", "PID": 1712, "TID": 1768, "Arguments": [ "Arg1", "IN", "LPSECURITY_ATTRIBUTES", "0x18fec0", "0x0", "Arg2", "IN", "BOOL", "0x18fec4", "TRUE", "Arg3", "IN", "BOOL", "0x18fec8", "FALSE", "Arg4", "IN", "LPCSTR", "0x18fecc", "\"\"" ], "Timesptamp": "00000002.111618", "FunctionName": "CreateEventA", "ModuleName": "kernel32.dll", "Return": "0x90", "Status": 0 }
{ "Address": "0x4052fb", "Opcode": "ff15c4604000", "Opcodesize": 6, "Mnemonic": "call dword ptr [0x4060c4]", "PID": 1712, "TID": 1768, "Functionname": "_onexit", "Dllname": "msvcrt.dll", "Status": 1 }
{ "Address": "0x405430", "Opcode": "ff1584604000", "Opcodesize": 6, "Mnemonic": "call dword ptr [0x406084]", "PID": 1712, "TID": 1768, "Arguments": [ "Arg1", "OUT", "LPSTARTUPINFOA", "0x18ff00", "0x18ff2c" ], "Timesptamp": "00000002.162349", "FunctionName": "GetStartupInfoA", "ModuleName": "kernel32.dll", "Return": "0x18ff2c", "Output1": { "field1": [ "0x18ff2c", "0x44" ], "field2": [ "0x18ff30", "" ], "field3": [ "0x18ff34", "winsta0\\default" ], "field4": [ "0x18ff38", "C:\\Users\\lhs\\Exec\\petite_Hash.exe" ], "field5": [ "0x18ff3c", "0x0" ], "field6": [ "0x18ff40", "0x0" ], "field7": [ "0x18ff44", "0x0" ], "field8": [ "0x18ff48", "0x0" ], "field9": [ "0x18ff4c", "0x0" ], "field10": [ "0x18ff50", "0x0" ], "field11": [ "0x18ff54", "0x0" ], "field12": [ "0x18ff58", "0x1" ], "field13": [ "0x18ff5c", "0x7" ], "field14": [ "0x18ff5e", "0x0" ], "field15": [ "0x18ff60", "0x0" ], "field16": [ "0x18ff61", "0xff000000" ], "field17": [ "0x18ff65", "0xffffffff" ], "field18": [ "0x18ff69", "0xffffffff" ] }, "Status": 0 }
{ "Address": "0x405454", "Opcode": "ff1578604000", "Opcodesize": 6, "Mnemonic": "call dword ptr [0x406078]", "PID": 1712, "TID": 1768, "Arguments": [ "Arg1", "IN", "LPCTSTR", "0x18fef4", "\"\"" ], "Timesptamp": "00000002.178550", "FunctionName": "GetModuleHandleA", "ModuleName": "kernel32.dll", "Return": "0x400000", "Status": 0 }
{ "Address": "0x40140e", "Opcode": "ff1538614000", "Opcodesize": 6, "Mnemonic": "call dword ptr [0x406138]", "PID": 1712, "TID": 1768, "Functionname": "GetClassInfoA", "Dllname": "user32.dll", "Status": 1 }
{ "Address": "0x401420", "Opcode": "ff1510614000", "Opcodesize": 6, "Mnemonic": "call dword ptr [0x406110]", "PID": 1712, "TID": 1768, "Functionname": "LoadIconA", "Dllname": "user32.dll", "Status": 1 }
{ "Address": "0x401437", "Opcode": "ff1504614000", "Opcodesize": 6, "Mnemonic": "call dword ptr [0x406104]", "PID": 1712, "TID": 1768, "Functionname": "RegisterClassA", "Dllname": "user32.dll", "Status": 1 }
{ "Address": "0x401563", "Opcode": "ff1548604000", "Opcodesize": 6, "Mnemonic": "call dword ptr [0x406048]", "PID": 1712, "TID": 1768, "Arguments": [ "Arg1", "IN", "LPCSTR", "0x18fcc0", "" ], "Timesptamp": "00000002.298421", "FunctionName": "GetFileAttributesA", "ModuleName": "kernel32.dll", "Return": "0xffffffff", "Status": 0 }
{ "Address": "0x4013b7", "Opcode": "ff1548614000", "Opcodesize": 6, "Mnemonic": "call dword ptr [0x406148]", "PID": 1712, "TID": 1768, "Functionname": "DialogBoxParamA", "Dllname": "user32.dll", "Status": 1 }
{ "Address": "0x401607", "Opcode": "ff1544614000", "Opcodesize": 6, "Mnemonic": "call dword ptr [0x406144]", "PID": 1712, "TID": 1768, "Functionname": "SetWindowTextA", "Dllname": "user32.dll", "Status": 1 }
{ "Address": "0x40161f", "Opcode": "ffd7", "Opcodesize": 2, "Mnemonic": "call edi", "PID": 1712, "TID": 1768, "Functionname": "GetDlgItem", "Dllname": "user32.dll", "Status": 1 }
{ "Address": "0x40162c", "Opcode": "ffd7", "Opcodesize": 2, "Mnemonic": "call edi", "PID": 1712, "TID": 1768, "Functionname": "GetDlgItem", "Dllname": "user32.dll", "Status": 1 }
{ "Address": "0x401639", "Opcode": "ffd7", "Opcodesize": 2, "Mnemonic": "call edi", "PID": 1712, "TID": 1768, "Functionname": "GetDlgItem", "Dllname": "user32.dll", "Status": 1 }
{ "Address": "0x401646", "Opcode": "ffd7", "Opcodesize": 2, "Mnemonic": "call edi", "PID": 1712, "TID": 1768, "Functionname": "GetDlgItem", "Dllname": "user32.dll", "Status": 1 }
{ "Address": "0x40165b", "Opcode": "ffd7", "Opcodesize": 2, "Mnemonic": "call edi", "PID": 1712, "TID": 1768, "Functionname": "CheckDlgButton", "Dllname": "user32.dll", "Status": 1 }
{ "Address": "0x401665", "Opcode": "ffd7", "Opcodesize": 2, "Mnemonic": "call edi", "PID": 1712, "TID": 1768, "Functionname": "CheckDlgButton", "Dllname": "user32.dll", "Status": 1 }
{ "Address": "0x40166f", "Opcode": "ffd7", "Opcodesize": 2, "Mnemonic": "call edi", "PID": 1712, "TID": 1768, "Functionname": "CheckDlgButton", "Dllname": "user32.dll", "Status": 1 }
{ "Address": "0x401679", "Opcode": "ffd7", "Opcodesize": 2, "Mnemonic": "call edi", "PID": 1712, "TID": 1768, "Functionname": "CheckDlgButton", "Dllname": "user32.dll", "Status": 1 }
{ "Address": "0x401683", "Opcode": "ffd7", "Opcodesize": 2, "Mnemonic": "call edi", "PID": 1712, "TID": 1768, "Functionname": "CheckDlgButton", "Dllname": "user32.dll", "Status": 1 }
{ "Address": "0x401698", "Opcode": "ff153c614000", "Opcodesize": 6, "Mnemonic": "call dword ptr [0x40613c]", "PID": 1712, "TID": 1768, "Arguments": [ "Arg1", "IN", "HWND", "0x18f740", "0x3014e", "Arg2", "IN", "UINT", "0x18f744", "0x401", "Arg3", "IN", "WPARAM", "0x18f748", "0x0", "Arg4", "IN", "LPARAM", "0x18f74c", "0x0" ], "Timesptamp": "00000003.515601", "FunctionName": "PostMessageA", "ModuleName": "user32.dll", "Return": "TRUE", "Status": 0 }
{ "Address": "0x401bc7", "Opcode": "ff15d8604000", "Opcodesize": 6, "Mnemonic": "call dword ptr [0x4060d8]", "PID": 1712, "TID": 1768, "Functionname": "_beginthreadex", "Dllname": "msvcrt.dll", "Status": 1 }
{ "Address": "0x401be9", "Opcode": "ff1514604000", "Opcodesize": 6, "Mnemonic": "call dword ptr [0x406014]", "PID": 1712, "TID": 1768, "Arguments": [ "Arg1", "IN", "HANDLE", "0x18f798", "0x10c", "Arg2", "IN", "INT", "0x18f79c", "0x0" ], "Timesptamp": "00000003.815372", "FunctionName": "SetThreadPriority", "ModuleName": "kernel32.dll", "Return": "TRUE", "Status": 0 }
{ "Address": "0x401bf5", "Opcode": "ff151c604000", "Opcodesize": 6, "Mnemonic": "call dword ptr [0x40601c]", "PID": 1712, "TID": 1768, "Arguments": [ "Arg1", "IN", "HANDLE", "0x18f79c", "0x10c" ], "Timesptamp": "00000003.835475", "FunctionName": "ResumeThread", "ModuleName": "kernel32.dll", "Return": "0x1", "Status": 0 }
{ "Address": "0x4012ea", "Opcode": "ff150c604000", "Opcodesize": 6, "Mnemonic": "call dword ptr [0x40600c]", "PID": 1712, "TID": 1892, "Arguments": [ "Arg1", "IN", "HANDLE", "0x1ecff40", "0x90" ], "Timesptamp": "00000003.876572", "FunctionName": "SetEvent", "ModuleName": "kernel32.dll", "Return": "0x0", "Status": 0 }
{ "Return": "TRUE", "Status": 0 }
{ "Address": "0x401c59", "Opcode": "ffd7", "Opcodesize": 2, "Mnemonic": "call edi", "PID": 1712, "TID": 1892, "Arguments": [ "Arg1", "IN", "HWND", "0x1ecff1c", "0x3014e", "Arg2", "IN", "UINT", "0x1ecff20", "0x402", "Arg3", "IN", "WPARAM", "0x1ecff24", "0x1", "Arg4", "IN", "LPARAM", "0x1ecff28", "0x0" ], "Timesptamp": "00000003.921445", "FunctionName": "PostMessageA", "ModuleName": "user32.dll", "Return": "TRUE", "Status": 0 }
{ "Address": "0x401d26", "Opcode": "ffd3", "Opcodesize": 2, "Mnemonic": "call ebx", "PID": 1712, "TID": 1892, "Arguments": [ "Arg1", "IN", "HWND", "0x1ecf9b8", "0x10162", "Arg2", "IN", "UINT", "0x1ecf9bc", "0x402", "Arg3", "IN", "WPARAM", "0x1ecf9c0", "0x0", "Arg4", "IN", "LPARAM", "0x1ecf9c4", "0x0" ], "Timesptamp": "00000003.942450", "FunctionName": "PostMessageA", "ModuleName": "user32.dll", "Return": "TRUE", "Status": 0 }
{ "Address": "0x401d3f", "Opcode": "ffd3", "Opcodesize": 2, "Mnemonic": "call ebx", "PID": 1712, "TID": 1892, "Arguments": [ "Arg1", "IN", "HWND", "0x1ecf9b8", "0x10162", "Arg2", "IN", "UINT", "0x1ecf9bc", "0x401", "Arg3", "IN", "WPARAM", "0x1ecf9c0", "0x0", "Arg4", "IN", "LPARAM", "0x1ecf9c4", "0x0" ], "Timesptamp": "00000003.962344", "FunctionName": "PostMessageA", "ModuleName": "user32.dll", "Return": "TRUE", "Status": 0 }
{ "Address": "0x401d51", "Opcode": "ffd3", "Opcodesize": 2, "Mnemonic": "call ebx", "PID": 1712, "TID": 1892, "Arguments": [ "Arg1", "IN", "HWND", "0x1ecf9b8", "0x10162", "Arg2", "IN", "UINT", "0x1ecf9bc", "0x404", "Arg3", "IN", "WPARAM", "0x1ecf9c0", "0x1", "Arg4", "IN", "LPARAM", "0x1ecf9c4", "0x0" ], "Timesptamp": "00000003.982706", "FunctionName": "PostMessageA", "ModuleName": "user32.dll", "Return": "TRUE", "Status": 0 }
{ "Address": "0x401b67", "Opcode": "ff1528614000", "Opcodesize": 6, "Mnemonic": "call dword ptr [0x406128]", "PID": 1712, "TID": 1768, "Functionname": "GetDlgItem", "Dllname": "user32.dll", "Status": 1 }
{ "Address": "0x401c71", "Opcode": "ffd7", "Opcodesize": 2, "Mnemonic": "call edi", "PID": 1712, "TID": 1892, "Arguments": [ "Arg1", "IN", "HWND", "0x1ecff1c", "0x3014e", "Arg2", "IN", "UINT", "0x1ecff20", "0x402", "Arg3", "IN", "WPARAM", "0x1ecff24", "0x0", "Arg4", "IN", "LPARAM", "0x1ecff28", "0x0" ], "Timesptamp": "00000004.134992", "FunctionName": "PostMessageA", "ModuleName": "user32.dll", "Return": "TRUE", "Status": 0 }
{ "Address": "0x401b76", "Opcode": "ffd3", "Opcodesize": 2, "Mnemonic": "call ebx", "PID": 1712, "TID": 1768, "Functionname": "EnableWindow", "Dllname": "user32.dll", "Status": 1 }
{ "Address": "0x401b67", "Opcode": "ff1528614000", "Opcodesize": 6, "Mnemonic": "call dword ptr [0x406128]", "PID": 1712, "TID": 1768, "Functionname": "GetDlgItem", "Dllname": "user32.dll", "Status": 1 }
{ "Address": "0x401b76", "Opcode": "ffd3", "Opcodesize": 2, "Mnemonic": "call ebx", "PID": 1712, "TID": 1768, "Functionname": "EnableWindow", "Dllname": "user32.dll", "Status": 1 }
{ "Address": "0x401b67", "Opcode": "ff1528614000", "Opcodesize": 6, "Mnemonic": "call dword ptr [0x406128]", "PID": 1712, "TID": 1768, "Functionname": "GetDlgItem", "Dllname": "user32.dll", "Status": 1 }
{ "Address": "0x401b76", "Opcode": "ffd3", "Opcodesize": 2, "Mnemonic": "call ebx", "PID": 1712, "TID": 1768, "Functionname": "EnableWindow", "Dllname": "user32.dll", "Status": 1 }
{ "Address": "0x401b67", "Opcode": "ff1528614000", "Opcodesize": 6, "Mnemonic": "call dword ptr [0x406128]", "PID": 1712, "TID": 1768, "Functionname": "GetDlgItem", "Dllname": "user32.dll", "Status": 1 }
{ "Address": "0x401b76", "Opcode": "ffd3", "Opcodesize": 2, "Mnemonic": "call ebx", "PID": 1712, "TID": 1768, "Functionname": "EnableWindow", "Dllname": "user32.dll", "Status": 1 }
{ "Address": "0x401b67", "Opcode": "ff1528614000", "Opcodesize": 6, "Mnemonic": "call dword ptr [0x406128]", "PID": 1712, "TID": 1768, "Functionname": "GetDlgItem", "Dllname": "user32.dll", "Status": 1 }
{ "Address": "0x401b76", "Opcode": "ffd3", "Opcodesize": 2, "Mnemonic": "call ebx", "PID": 1712, "TID": 1768, "Functionname": "EnableWindow", "Dllname": "user32.dll", "Status": 1 }
{ "Address": "0x401b67", "Opcode": "ff1528614000", "Opcodesize": 6, "Mnemonic": "call dword ptr [0x406128]", "PID": 1712, "TID": 1768, "Functionname": "GetDlgItem", "Dllname": "user32.dll", "Status": 1 }
{ "Address": "0x401b76", "Opcode": "ffd3", "Opcodesize": 2, "Mnemonic": "call ebx", "PID": 1712, "TID": 1768, "Functionname": "EnableWindow", "Dllname": "user32.dll", "Status": 1 }
{ "Address": "0x401b67", "Opcode": "ff1528614000", "Opcodesize": 6, "Mnemonic": "call dword ptr [0x406128]", "PID": 1712, "TID": 1768, "Functionname": "GetDlgItem", "Dllname": "user32.dll", "Status": 1 }
{ "Address": "0x401b76", "Opcode": "ffd3", "Opcodesize": 2, "Mnemonic": "call ebx", "PID": 1712, "TID": 1768, "Functionname": "EnableWindow", "Dllname": "user32.dll", "Status": 1 }
{ "Address": "0x401b67", "Opcode": "ff1528614000", "Opcodesize": 6, "Mnemonic": "call dword ptr [0x406128]", "PID": 1712, "TID": 1768, "Functionname": "GetDlgItem", "Dllname": "user32.dll", "Status": 1 }
{ "Address": "0x401b76", "Opcode": "ffd3", "Opcodesize": 2, "Mnemonic": "call ebx", "PID": 1712, "TID": 1768, "Functionname": "EnableWindow", "Dllname": "user32.dll", "Status": 1 }
{ "Address": "0x401b67", "Opcode": "ff1528614000", "Opcodesize": 6, "Mnemonic": "call dword ptr [0x406128]", "PID": 1712, "TID": 1768, "Functionname": "GetDlgItem", "Dllname": "user32.dll", "Status": 1 }
{ "Address": "0x401b76", "Opcode": "ffd3", "Opcodesize": 2, "Mnemonic": "call ebx", "PID": 1712, "TID": 1768, "Functionname": "EnableWindow", "Dllname": "user32.dll", "Status": 1 }
{ "Address": "0x401b85", "Opcode": "ffd3", "Opcodesize": 2, "Mnemonic": "call ebx", "PID": 1712, "TID": 1768, "Functionname": "EnableWindow", "Dllname": "user32.dll", "Status": 1 }
{ "Address": "0x401b67", "Opcode": "ff1528614000", "Opcodesize": 6, "Mnemonic": "call dword ptr [0x406128]", "PID": 1712, "TID": 1768, "Functionname": "GetDlgItem", "Dllname": "user32.dll", "Status": 1 }
{ "Address": "0x401b76", "Opcode": "ffd3", "Opcodesize": 2, "Mnemonic": "call ebx", "PID": 1712, "TID": 1768, "Functionname": "EnableWindow", "Dllname": "user32.dll", "Status": 1 }
{ "Address": "0x401b67", "Opcode": "ff1528614000", "Opcodesize": 6, "Mnemonic": "call dword ptr [0x406128]", "PID": 1712, "TID": 1768, "Functionname": "GetDlgItem", "Dllname": "user32.dll", "Status": 1 }
{ "Address": "0x401b76", "Opcode": "ffd3", "Opcodesize": 2, "Mnemonic": "call ebx", "PID": 1712, "TID": 1768, "Functionname": "EnableWindow", "Dllname": "user32.dll", "Status": 1 }
{ "Address": "0x401b67", "Opcode": "ff1528614000", "Opcodesize": 6, "Mnemonic": "call dword ptr [0x406128]", "PID": 1712, "TID": 1768, "Functionname": "GetDlgItem", "Dllname": "user32.dll", "Status": 1 }
{ "Address": "0x401b76", "Opcode": "ffd3", "Opcodesize": 2, "Mnemonic": "call ebx", "PID": 1712, "TID": 1768, "Functionname": "EnableWindow", "Dllname": "user32.dll", "Status": 1 }
{ "Address": "0x401b67", "Opcode": "ff1528614000", "Opcodesize": 6, "Mnemonic": "call dword ptr [0x406128]", "PID": 1712, "TID": 1768, "Functionname": "GetDlgItem", "Dllname": "user32.dll", "Status": 1 }
{ "Address": "0x401b76", "Opcode": "ffd3", "Opcodesize": 2, "Mnemonic": "call ebx", "PID": 1712, "TID": 1768, "Functionname": "EnableWindow", "Dllname": "user32.dll", "Status": 1 }
{ "Address": "0x401b67", "Opcode": "ff1528614000", "Opcodesize": 6, "Mnemonic": "call dword ptr [0x406128]", "PID": 1712, "TID": 1768, "Functionname": "GetDlgItem", "Dllname": "user32.dll", "Status": 1 }
{ "Address": "0x401b76", "Opcode": "ffd3", "Opcodesize": 2, "Mnemonic": "call ebx", "PID": 1712, "TID": 1768, "Functionname": "EnableWindow", "Dllname": "user32.dll", "Status": 1 }
{ "Address": "0x401b67", "Opcode": "ff1528614000", "Opcodesize": 6, "Mnemonic": "call dword ptr [0x406128]", "PID": 1712, "TID": 1768, "Functionname": "GetDlgItem", "Dllname": "user32.dll", "Status": 1 }
{ "Address": "0x401b76", "Opcode": "ffd3", "Opcodesize": 2, "Mnemonic": "call ebx", "PID": 1712, "TID": 1768, "Functionname": "EnableWindow", "Dllname": "user32.dll", "Status": 1 }
{ "Address": "0x401b67", "Opcode": "ff1528614000", "Opcodesize": 6, "Mnemonic": "call dword ptr [0x406128]", "PID": 1712, "TID": 1768, "Functionname": "GetDlgItem", "Dllname": "user32.dll", "Status": 1 }
{ "Address": "0x401b76", "Opcode": "ffd3", "Opcodesize": 2, "Mnemonic": "call ebx", "PID": 1712, "TID": 1768, "Functionname": "EnableWindow", "Dllname": "user32.dll", "Status": 1 }
{ "Address": "0x401b67", "Opcode": "ff1528614000", "Opcodesize": 6, "Mnemonic": "call dword ptr [0x406128]", "PID": 1712, "TID": 1768, "Functionname": "GetDlgItem", "Dllname": "user32.dll", "Status": 1 }
{ "Address": "0x401b76", "Opcode": "ffd3", "Opcodesize": 2, "Mnemonic": "call ebx", "PID": 1712, "TID": 1768, "Functionname": "EnableWindow", "Dllname": "user32.dll", "Status": 1 }
{ "Address": "0x401b67", "Opcode": "ff1528614000", "Opcodesize": 6, "Mnemonic": "call dword ptr [0x406128]", "PID": 1712, "TID": 1768, "Functionname": "GetDlgItem", "Dllname": "user32.dll", "Status": 1 }
{ "Address": "0x401b76", "Opcode": "ffd3", "Opcodesize": 2, "Mnemonic": "call ebx", "PID": 1712, "TID": 1768, "Functionname": "EnableWindow", "Dllname": "user32.dll", "Status": 1 }
{ "Address": "0x401b85", "Opcode": "ffd3", "Opcodesize": 2, "Mnemonic": "call ebx", "PID": 1712, "TID": 1768, "Functionname": "EnableWindow", "Dllname": "user32.dll", "Status": 1 }
