{ "Address": "0x416134", "Opcode": "ff501c", "Opcodesize": 3, "Mnemonic": "call dword ptr [eax + 0x1c]", "PID": 280, "TID": 1612, "Arguments": [ "Arg1", "IN", "UINT", "0x28ff52", "0x0", "Arg2", "IN", "SIZE_T", "0x28ff56", "0xbc70" ], "Timesptamp": "00000000.292829", "FunctionName": "GlobalAlloc", "ModuleName": "kernel32.dll", "Return": "0x5012e0", "Status": 0 }
{ "Address": "0x416173", "Opcode": "ffd3", "Opcodesize": 2, "Mnemonic": "call ebx", "PID": 280, "TID": 1612, "Arguments": [ "Arg1", "IN", "LPVOID", "0x50cf1c", "0x400780", "Arg2", "IN", "SIZE_T", "0x50cf20", "0x880", "Arg3", "IN", "DWORD", "0x50cf24", "0x4", "Arg4", "OUT", "PDWORD", "0x50cf28", "0x41771c" ], "Timesptamp": "00000000.305420", "FunctionName": "VirtualProtect", "ModuleName": "kernel32.dll", "Return": "TRUE", "Output1": [ "0x41771c", "0x2" ], "Status": 0 }
{ "Address": "0x416188", "Opcode": "ffd3", "Opcodesize": 2, "Mnemonic": "call ebx", "PID": 280, "TID": 1612, "Arguments": [ "Arg1", "IN", "LPVOID", "0x50cf34", "0x400780", "Arg2", "IN", "SIZE_T", "0x50cf38", "0x880", "Arg3", "IN", "DWORD", "0x50cf3c", "0x2", "Arg4", "OUT", "PDWORD", "0x50cf40", "0x41771c" ], "Timesptamp": "00000000.318063", "FunctionName": "VirtualProtect", "ModuleName": "kernel32.dll", "Return": "TRUE", "Output1": [ "0x41771c", "0x4" ], "Status": 0 }
{ "Address": "0x40d17e", "Opcode": "ff9590070000", "Opcodesize": 6, "Mnemonic": "call dword ptr [ebp + 0x790]", "PID": 280, "TID": 1612, "Arguments": [ "Arg1", "IN", "LPCTSTR", "0x28ff4e", "KERNEL32.dll" ], "Timesptamp": "00000000.415226", "FunctionName": "LoadLibraryA", "ModuleName": "kernel32.dll", "Return": "0x74f10000", "Status": 0 }
{ "Address": "0x40d1fa", "Opcode": "ff9594070000", "Opcodesize": 6, "Mnemonic": "call dword ptr [ebp + 0x794]", "PID": 280, "TID": 1612, "Arguments": [ "Arg1", "IN", "HMODULE", "0x28ff2a", "0x74f10000", "Arg2", "IN", "LPCSTR", "0x28ff2e", "DeleteCriticalSection" ], "Timesptamp": "00000000.429654", "FunctionName": "GetProcAddress", "ModuleName": "kernel32.dll", "Return": "0x770745f5", "Status": 0 }
{ "Address": "0x40d1fa", "Opcode": "ff9594070000", "Opcodesize": 6, "Mnemonic": "call dword ptr [ebp + 0x794]", "PID": 280, "TID": 1612, "Arguments": [ "Arg1", "IN", "HMODULE", "0x28ff2a", "0x74f10000", "Arg2", "IN", "LPCSTR", "0x28ff2e", "EnterCriticalSection" ], "Timesptamp": "00000000.442339", "FunctionName": "GetProcAddress", "ModuleName": "kernel32.dll", "Return": "0x770622b0", "Status": 0 }
{ "Address": "0x40d1fa", "Opcode": "ff9594070000", "Opcodesize": 6, "Mnemonic": "call dword ptr [ebp + 0x794]", "PID": 280, "TID": 1612, "Arguments": [ "Arg1", "IN", "HMODULE", "0x28ff2a", "0x74f10000", "Arg2", "IN", "LPCSTR", "0x28ff2e", "ExitProcess" ], "Timesptamp": "00000000.453839", "FunctionName": "GetProcAddress", "ModuleName": "kernel32.dll", "Return": "0x74f27a10", "Status": 0 }
{ "Address": "0x40d1fa", "Opcode": "ff9594070000", "Opcodesize": 6, "Mnemonic": "call dword ptr [ebp + 0x794]", "PID": 280, "TID": 1612, "Arguments": [ "Arg1", "IN", "HMODULE", "0x28ff2a", "0x74f10000", "Arg2", "IN", "LPCSTR", "0x28ff2e", "FreeLibrary" ], "Timesptamp": "00000000.465103", "FunctionName": "GetProcAddress", "ModuleName": "kernel32.dll", "Return": "0x74f234c8", "Status": 0 }
{ "Address": "0x40d1fa", "Opcode": "ff9594070000", "Opcodesize": 6, "Mnemonic": "call dword ptr [ebp + 0x794]", "PID": 280, "TID": 1612, "Arguments": [ "Arg1", "IN", "HMODULE", "0x28ff2a", "0x74f10000", "Arg2", "IN", "LPCSTR", "0x28ff2e", "GetCommandLineA" ], "Timesptamp": "00000000.476354", "FunctionName": "GetProcAddress", "ModuleName": "kernel32.dll", "Return": "0x74f251a1", "Status": 0 }
{ "Address": "0x40d1fa", "Opcode": "ff9594070000", "Opcodesize": 6, "Mnemonic": "call dword ptr [ebp + 0x794]", "PID": 280, "TID": 1612, "Arguments": [ "Arg1", "IN", "HMODULE", "0x28ff2a", "0x74f10000", "Arg2", "IN", "LPCSTR", "0x28ff2e", "GetLastError" ], "Timesptamp": "00000000.488946", "FunctionName": "GetProcAddress", "ModuleName": "kernel32.dll", "Return": "0x74f211c0", "Status": 0 }
{ "Address": "0x40d1fa", "Opcode": "ff9594070000", "Opcodesize": 6, "Mnemonic": "call dword ptr [ebp + 0x794]", "PID": 280, "TID": 1612, "Arguments": [ "Arg1", "IN", "HMODULE", "0x28ff2a", "0x74f10000", "Arg2", "IN", "LPCSTR", "0x28ff2e", "GetModuleHandleA" ], "Timesptamp": "00000000.500799", "FunctionName": "GetProcAddress", "ModuleName": "kernel32.dll", "Return": "0x74f21245", "Status": 0 }
{ "Address": "0x40d1fa", "Opcode": "ff9594070000", "Opcodesize": 6, "Mnemonic": "call dword ptr [ebp + 0x794]", "PID": 280, "TID": 1612, "Arguments": [ "Arg1", "IN", "HMODULE", "0x28ff2a", "0x74f10000", "Arg2", "IN", "LPCSTR", "0x28ff2e", "GetProcAddress" ], "Timesptamp": "00000000.512800", "FunctionName": "GetProcAddress", "ModuleName": "kernel32.dll", "Return": "0x74f21222", "Status": 0 }
{ "Address": "0x40d1fa", "Opcode": "ff9594070000", "Opcodesize": 6, "Mnemonic": "call dword ptr [ebp + 0x794]", "PID": 280, "TID": 1612, "Arguments": [ "Arg1", "IN", "HMODULE", "0x28ff2a", "0x74f10000", "Arg2", "IN", "LPCSTR", "0x28ff2e", "InitializeCriticalSection" ], "Timesptamp": "00000000.524216", "FunctionName": "GetProcAddress", "ModuleName": "kernel32.dll", "Return": "0x77072c42", "Status": 0 }
{ "Address": "0x40d1fa", "Opcode": "ff9594070000", "Opcodesize": 6, "Mnemonic": "call dword ptr [ebp + 0x794]", "PID": 280, "TID": 1612, "Arguments": [ "Arg1", "IN", "HMODULE", "0x28ff2a", "0x74f10000", "Arg2", "IN", "LPCSTR", "0x28ff2e", "LeaveCriticalSection" ], "Timesptamp": "00000000.535994", "FunctionName": "GetProcAddress", "ModuleName": "kernel32.dll", "Return": "0x77062270", "Status": 0 }
{ "Address": "0x40d1fa", "Opcode": "ff9594070000", "Opcodesize": 6, "Mnemonic": "call dword ptr [ebp + 0x794]", "PID": 280, "TID": 1612, "Arguments": [ "Arg1", "IN", "HMODULE", "0x28ff2a", "0x74f10000", "Arg2", "IN", "LPCSTR", "0x28ff2e", "LoadLibraryA" ], "Timesptamp": "00000000.547410", "FunctionName": "GetProcAddress", "ModuleName": "kernel32.dll", "Return": "0x74f249d7", "Status": 0 }
{ "Address": "0x40d1fa", "Opcode": "ff9594070000", "Opcodesize": 6, "Mnemonic": "call dword ptr [ebp + 0x794]", "PID": 280, "TID": 1612, "Arguments": [ "Arg1", "IN", "HMODULE", "0x28ff2a", "0x74f10000", "Arg2", "IN", "LPCSTR", "0x28ff2e", "SetConsoleTitleA" ], "Timesptamp": "00000000.558799", "FunctionName": "GetProcAddress", "ModuleName": "kernel32.dll", "Return": "0x74fc6800", "Status": 0 }
{ "Address": "0x40d1fa", "Opcode": "ff9594070000", "Opcodesize": 6, "Mnemonic": "call dword ptr [ebp + 0x794]", "PID": 280, "TID": 1612, "Arguments": [ "Arg1", "IN", "HMODULE", "0x28ff2a", "0x74f10000", "Arg2", "IN", "LPCSTR", "0x28ff2e", "SetFileApisToOEM" ], "Timesptamp": "00000000.570113", "FunctionName": "GetProcAddress", "ModuleName": "kernel32.dll", "Return": "0x74fa44f9", "Status": 0 }
{ "Address": "0x40d1fa", "Opcode": "ff9594070000", "Opcodesize": 6, "Mnemonic": "call dword ptr [ebp + 0x794]", "PID": 280, "TID": 1612, "Arguments": [ "Arg1", "IN", "HMODULE", "0x28ff2a", "0x74f10000", "Arg2", "IN", "LPCSTR", "0x28ff2e", "SetUnhandledExceptionFilter" ], "Timesptamp": "00000000.588491", "FunctionName": "GetProcAddress", "ModuleName": "kernel32.dll", "Return": "0x74f287c9", "Status": 0 }
{ "Address": "0x40d1fa", "Opcode": "ff9594070000", "Opcodesize": 6, "Mnemonic": "call dword ptr [ebp + 0x794]", "PID": 280, "TID": 1612, "Arguments": [ "Arg1", "IN", "HMODULE", "0x28ff2a", "0x74f10000", "Arg2", "IN", "LPCSTR", "0x28ff2e", "TlsGetValue" ], "Timesptamp": "00000000.600428", "FunctionName": "GetProcAddress", "ModuleName": "kernel32.dll", "Return": "0x74f211e0", "Status": 0 }
{ "Address": "0x40d1fa", "Opcode": "ff9594070000", "Opcodesize": 6, "Mnemonic": "call dword ptr [ebp + 0x794]", "PID": 280, "TID": 1612, "Arguments": [ "Arg1", "IN", "HMODULE", "0x28ff2a", "0x74f10000", "Arg2", "IN", "LPCSTR", "0x28ff2e", "VirtualProtect" ], "Timesptamp": "00000000.611755", "FunctionName": "GetProcAddress", "ModuleName": "kernel32.dll", "Return": "0x74f2435f", "Status": 0 }
{ "Address": "0x40d1fa", "Opcode": "ff9594070000", "Opcodesize": 6, "Mnemonic": "call dword ptr [ebp + 0x794]", "PID": 280, "TID": 1612, "Arguments": [ "Arg1", "IN", "HMODULE", "0x28ff2a", "0x74f10000", "Arg2", "IN", "LPCSTR", "0x28ff2e", "VirtualQuery" ], "Timesptamp": "00000000.639267", "FunctionName": "GetProcAddress", "ModuleName": "kernel32.dll", "Return": "0x74f2445a", "Status": 0 }
{ "Address": "0x40d17e", "Opcode": "ff9590070000", "Opcodesize": 6, "Mnemonic": "call dword ptr [ebp + 0x790]", "PID": 280, "TID": 1612, "Arguments": [ "Arg1", "IN", "LPCTSTR", "0x28ff4e", "msvcrt.dll" ], "Timesptamp": "00000000.651161", "FunctionName": "LoadLibraryA", "ModuleName": "kernel32.dll", "Return": "0x76190000", "Status": 0 }
{ "Address": "0x40d1fa", "Opcode": "ff9594070000", "Opcodesize": 6, "Mnemonic": "call dword ptr [ebp + 0x794]", "PID": 280, "TID": 1612, "Arguments": [ "Arg1", "IN", "HMODULE", "0x28ff2a", "0x76190000", "Arg2", "IN", "LPCSTR", "0x28ff2e", "_close" ], "Timesptamp": "00000000.664033", "FunctionName": "GetProcAddress", "ModuleName": "kernel32.dll", "Return": "0x761a3ae2", "Status": 0 }
{ "Address": "0x40d1fa", "Opcode": "ff9594070000", "Opcodesize": 6, "Mnemonic": "call dword ptr [ebp + 0x794]", "PID": 280, "TID": 1612, "Arguments": [ "Arg1", "IN", "HMODULE", "0x28ff2a", "0x76190000", "Arg2", "IN", "LPCSTR", "0x28ff2e", "_fstat" ], "Timesptamp": "00000000.679419", "FunctionName": "GetProcAddress", "ModuleName": "kernel32.dll", "Return": "0x761b0e3b", "Status": 0 }
{ "Address": "0x40d1fa", "Opcode": "ff9594070000", "Opcodesize": 6, "Mnemonic": "call dword ptr [ebp + 0x794]", "PID": 280, "TID": 1612, "Arguments": [ "Arg1", "IN", "HMODULE", "0x28ff2a", "0x76190000", "Arg2", "IN", "LPCSTR", "0x28ff2e", "_open" ], "Timesptamp": "00000000.690946", "FunctionName": "GetProcAddress", "ModuleName": "kernel32.dll", "Return": "0x761b7e48", "Status": 0 }
{ "Address": "0x40d1fa", "Opcode": "ff9594070000", "Opcodesize": 6, "Mnemonic": "call dword ptr [ebp + 0x794]", "PID": 280, "TID": 1612, "Arguments": [ "Arg1", "IN", "HMODULE", "0x28ff2a", "0x76190000", "Arg2", "IN", "LPCSTR", "0x28ff2e", "_strlwr" ], "Timesptamp": "00000000.702703", "FunctionName": "GetProcAddress", "ModuleName": "kernel32.dll", "Return": "0x761aca0b", "Status": 0 }
{ "Address": "0x40d1fa", "Opcode": "ff9594070000", "Opcodesize": 6, "Mnemonic": "call dword ptr [ebp + 0x794]", "PID": 280, "TID": 1612, "Arguments": [ "Arg1", "IN", "HMODULE", "0x28ff2a", "0x76190000", "Arg2", "IN", "LPCSTR", "0x28ff2e", "_unlink" ], "Timesptamp": "00000000.729861", "FunctionName": "GetProcAddress", "ModuleName": "kernel32.dll", "Return": "0x761b2069", "Status": 0 }
{ "Address": "0x40d17e", "Opcode": "ff9590070000", "Opcodesize": 6, "Mnemonic": "call dword ptr [ebp + 0x790]", "PID": 280, "TID": 1612, "Arguments": [ "Arg1", "IN", "LPCTSTR", "0x28ff4e", "msvcrt.dll" ], "Timesptamp": "00000000.741407", "FunctionName": "LoadLibraryA", "ModuleName": "kernel32.dll", "Return": "0x76190000", "Status": 0 }
{ "Address": "0x40d1fa", "Opcode": "ff9594070000", "Opcodesize": 6, "Mnemonic": "call dword ptr [ebp + 0x794]", "PID": 280, "TID": 1612, "Arguments": [ "Arg1", "IN", "HMODULE", "0x28ff2a", "0x76190000", "Arg2", "IN", "LPCSTR", "0x28ff2e", "__getmainargs" ], "Timesptamp": "00000000.754537", "FunctionName": "GetProcAddress", "ModuleName": "kernel32.dll", "Return": "0x761a2bc0", "Status": 0 }
{ "Address": "0x40d1fa", "Opcode": "ff9594070000", "Opcodesize": 6, "Mnemonic": "call dword ptr [ebp + 0x794]", "PID": 280, "TID": 1612, "Arguments": [ "Arg1", "IN", "HMODULE", "0x28ff2a", "0x76190000", "Arg2", "IN", "LPCSTR", "0x28ff2e", "__p__environ" ], "Timesptamp": "00000000.778316", "FunctionName": "GetProcAddress", "ModuleName": "kernel32.dll", "Return": "0x761ae6cf", "Status": 0 }
{ "Address": "0x40d1fa", "Opcode": "ff9594070000", "Opcodesize": 6, "Mnemonic": "call dword ptr [ebp + 0x794]", "PID": 280, "TID": 1612, "Arguments": [ "Arg1", "IN", "HMODULE", "0x28ff2a", "0x76190000", "Arg2", "IN", "LPCSTR", "0x28ff2e", "__p__fmode" ], "Timesptamp": "00000000.789663", "FunctionName": "GetProcAddress", "ModuleName": "kernel32.dll", "Return": "0x761a27ce", "Status": 0 }
{ "Address": "0x40d1fa", "Opcode": "ff9594070000", "Opcodesize": 6, "Mnemonic": "call dword ptr [ebp + 0x794]", "PID": 280, "TID": 1612, "Arguments": [ "Arg1", "IN", "HMODULE", "0x28ff2a", "0x76190000", "Arg2", "IN", "LPCSTR", "0x28ff2e", "__set_app_type" ], "Timesptamp": "00000000.801801", "FunctionName": "GetProcAddress", "ModuleName": "kernel32.dll", "Return": "0x761a2804", "Status": 0 }
{ "Address": "0x40d1fa", "Opcode": "ff9594070000", "Opcodesize": 6, "Mnemonic": "call dword ptr [ebp + 0x794]", "PID": 280, "TID": 1612, "Arguments": [ "Arg1", "IN", "HMODULE", "0x28ff2a", "0x76190000", "Arg2", "IN", "LPCSTR", "0x28ff2e", "_assert" ], "Timesptamp": "00000000.813834", "FunctionName": "GetProcAddress", "ModuleName": "kernel32.dll", "Return": "0x761f6163", "Status": 0 }
{ "Address": "0x40d1fa", "Opcode": "ff9594070000", "Opcodesize": 6, "Mnemonic": "call dword ptr [ebp + 0x794]", "PID": 280, "TID": 1612, "Arguments": [ "Arg1", "IN", "HMODULE", "0x28ff2a", "0x76190000", "Arg2", "IN", "LPCSTR", "0x28ff2e", "_cexit" ], "Timesptamp": "00000000.825550", "FunctionName": "GetProcAddress", "ModuleName": "kernel32.dll", "Return": "0x761a37d4", "Status": 0 }
{ "Address": "0x40d1fa", "Opcode": "ff9594070000", "Opcodesize": 6, "Mnemonic": "call dword ptr [ebp + 0x794]", "PID": 280, "TID": 1612, "Arguments": [ "Arg1", "IN", "HMODULE", "0x28ff2a", "0x76190000", "Arg2", "IN", "LPCSTR", "0x28ff2e", "_chsize" ], "Timesptamp": "00000000.836880", "FunctionName": "GetProcAddress", "ModuleName": "kernel32.dll", "Return": "0x761ee9b9", "Status": 0 }
{ "Address": "0x40d1fa", "Opcode": "ff9594070000", "Opcodesize": 6, "Mnemonic": "call dword ptr [ebp + 0x794]", "PID": 280, "TID": 1612, "Arguments": [ "Arg1", "IN", "HMODULE", "0x28ff2a", "0x76190000", "Arg2", "IN", "LPCSTR", "0x28ff2e", "_eof" ], "Timesptamp": "00000000.848218", "FunctionName": "GetProcAddress", "ModuleName": "kernel32.dll", "Return": "0x761eedcf", "Status": 0 }
{ "Address": "0x40d1fa", "Opcode": "ff9594070000", "Opcodesize": 6, "Mnemonic": "call dword ptr [ebp + 0x794]", "PID": 280, "TID": 1612, "Arguments": [ "Arg1", "IN", "HMODULE", "0x28ff2a", "0x76190000", "Arg2", "IN", "LPCSTR", "0x28ff2e", "_errno" ], "Timesptamp": "00000000.859825", "FunctionName": "GetProcAddress", "ModuleName": "kernel32.dll", "Return": "0x7619a5b8", "Status": 0 }
{ "Address": "0x40d1fa", "Opcode": "ff9594070000", "Opcodesize": 6, "Mnemonic": "call dword ptr [ebp + 0x794]", "PID": 280, "TID": 1612, "Arguments": [ "Arg1", "IN", "HMODULE", "0x28ff2a", "0x76190000", "Arg2", "IN", "LPCSTR", "0x28ff2e", "_fullpath" ], "Timesptamp": "00000000.871356", "FunctionName": "GetProcAddress", "ModuleName": "kernel32.dll", "Return": "0x761a94de", "Status": 0 }
{ "Address": "0x40d1fa", "Opcode": "ff9594070000", "Opcodesize": 6, "Mnemonic": "call dword ptr [ebp + 0x794]", "PID": 280, "TID": 1612, "Arguments": [ "Arg1", "IN", "HMODULE", "0x28ff2a", "0x76190000", "Arg2", "IN", "LPCSTR", "0x28ff2e", "_futime" ], "Timesptamp": "00000000.882772", "FunctionName": "GetProcAddress", "ModuleName": "kernel32.dll", "Return": "0x76212515", "Status": 0 }
{ "Address": "0x40d1fa", "Opcode": "ff9594070000", "Opcodesize": 6, "Mnemonic": "call dword ptr [ebp + 0x794]", "PID": 280, "TID": 1612, "Arguments": [ "Arg1", "IN", "HMODULE", "0x28ff2a", "0x76190000", "Arg2", "IN", "LPCSTR", "0x28ff2e", "_iob" ], "Timesptamp": "00000000.894522", "FunctionName": "GetProcAddress", "ModuleName": "kernel32.dll", "Return": "0x76232900", "Status": 0 }
{ "Address": "0x40d1fa", "Opcode": "ff9594070000", "Opcodesize": 6, "Mnemonic": "call dword ptr [ebp + 0x794]", "PID": 280, "TID": 1612, "Arguments": [ "Arg1", "IN", "HMODULE", "0x28ff2a", "0x76190000", "Arg2", "IN", "LPCSTR", "0x28ff2e", "_lseek" ], "Timesptamp": "00000000.905964", "FunctionName": "GetProcAddress", "ModuleName": "kernel32.dll", "Return": "0x761a4a6c", "Status": 0 }
{ "Address": "0x40d1fa", "Opcode": "ff9594070000", "Opcodesize": 6, "Mnemonic": "call dword ptr [ebp + 0x794]", "PID": 280, "TID": 1612, "Arguments": [ "Arg1", "IN", "HMODULE", "0x28ff2a", "0x76190000", "Arg2", "IN", "LPCSTR", "0x28ff2e", "_makepath" ], "Timesptamp": "00000000.917332", "FunctionName": "GetProcAddress", "ModuleName": "kernel32.dll", "Return": "0x761f6d76", "Status": 0 }
{ "Address": "0x40d1fa", "Opcode": "ff9594070000", "Opcodesize": 6, "Mnemonic": "call dword ptr [ebp + 0x794]", "PID": 280, "TID": 1612, "Arguments": [ "Arg1", "IN", "HMODULE", "0x28ff2a", "0x76190000", "Arg2", "IN", "LPCSTR", "0x28ff2e", "_mkdir" ], "Timesptamp": "00000000.928741", "FunctionName": "GetProcAddress", "ModuleName": "kernel32.dll", "Return": "0x761e3ed2", "Status": 0 }
{ "Address": "0x40d1fa", "Opcode": "ff9594070000", "Opcodesize": 6, "Mnemonic": "call dword ptr [ebp + 0x794]", "PID": 280, "TID": 1612, "Arguments": [ "Arg1", "IN", "HMODULE", "0x28ff2a", "0x76190000", "Arg2", "IN", "LPCSTR", "0x28ff2e", "_onexit" ], "Timesptamp": "00000000.940122", "FunctionName": "GetProcAddress", "ModuleName": "kernel32.dll", "Return": "0x761a112d", "Status": 0 }
{ "Address": "0x40d1fa", "Opcode": "ff9594070000", "Opcodesize": 6, "Mnemonic": "call dword ptr [ebp + 0x794]", "PID": 280, "TID": 1612, "Arguments": [ "Arg1", "IN", "HMODULE", "0x28ff2a", "0x76190000", "Arg2", "IN", "LPCSTR", "0x28ff2e", "_read" ], "Timesptamp": "00000000.952046", "FunctionName": "GetProcAddress", "ModuleName": "kernel32.dll", "Return": "0x761ac245", "Status": 0 }
{ "Address": "0x40d1fa", "Opcode": "ff9594070000", "Opcodesize": 6, "Mnemonic": "call dword ptr [ebp + 0x794]", "PID": 280, "TID": 1612, "Arguments": [ "Arg1", "IN", "HMODULE", "0x28ff2a", "0x76190000", "Arg2", "IN", "LPCSTR", "0x28ff2e", "_setmode" ], "Timesptamp": "00000000.963633", "FunctionName": "GetProcAddress", "ModuleName": "kernel32.dll", "Return": "0x761acc73", "Status": 0 }
{ "Address": "0x40d1fa", "Opcode": "ff9594070000", "Opcodesize": 6, "Mnemonic": "call dword ptr [ebp + 0x794]", "PID": 280, "TID": 1612, "Arguments": [ "Arg1", "IN", "HMODULE", "0x28ff2a", "0x76190000", "Arg2", "IN", "LPCSTR", "0x28ff2e", "_splitpath" ], "Timesptamp": "00000000.975022", "FunctionName": "GetProcAddress", "ModuleName": "kernel32.dll", "Return": "0x761bed9c", "Status": 0 }
{ "Address": "0x40d1fa", "Opcode": "ff9594070000", "Opcodesize": 6, "Mnemonic": "call dword ptr [ebp + 0x794]", "PID": 280, "TID": 1612, "Arguments": [ "Arg1", "IN", "HMODULE", "0x28ff2a", "0x76190000", "Arg2", "IN", "LPCSTR", "0x28ff2e", "_stat" ], "Timesptamp": "00000000.986430", "FunctionName": "GetProcAddress", "ModuleName": "kernel32.dll", "Return": "0x761a9857", "Status": 0 }
{ "Address": "0x40d1fa", "Opcode": "ff9594070000", "Opcodesize": 6, "Mnemonic": "call dword ptr [ebp + 0x794]", "PID": 280, "TID": 1612, "Arguments": [ "Arg1", "IN", "HMODULE", "0x28ff2a", "0x76190000", "Arg2", "IN", "LPCSTR", "0x28ff2e", "_winmajor" ], "Timesptamp": "00000001.003785", "FunctionName": "GetProcAddress", "ModuleName": "kernel32.dll", "Return": "0x7623003c", "Status": 0 }
{ "Address": "0x40d1fa", "Opcode": "ff9594070000", "Opcodesize": 6, "Mnemonic": "call dword ptr [ebp + 0x794]", "PID": 280, "TID": 1612, "Arguments": [ "Arg1", "IN", "HMODULE", "0x28ff2a", "0x76190000", "Arg2", "IN", "LPCSTR", "0x28ff2e", "_write" ], "Timesptamp": "00000001.015421", "FunctionName": "GetProcAddress", "ModuleName": "kernel32.dll", "Return": "0x761a4078", "Status": 0 }
{ "Address": "0x40d1fa", "Opcode": "ff9594070000", "Opcodesize": 6, "Mnemonic": "call dword ptr [ebp + 0x794]", "PID": 280, "TID": 1612, "Arguments": [ "Arg1", "IN", "HMODULE", "0x28ff2a", "0x76190000", "Arg2", "IN", "LPCSTR", "0x28ff2e", "abort" ], "Timesptamp": "00000001.030793", "FunctionName": "GetProcAddress", "ModuleName": "kernel32.dll", "Return": "0x761f8e53", "Status": 0 }
{ "Address": "0x40d1fa", "Opcode": "ff9594070000", "Opcodesize": 6, "Mnemonic": "call dword ptr [ebp + 0x794]", "PID": 280, "TID": 1612, "Arguments": [ "Arg1", "IN", "HMODULE", "0x28ff2a", "0x76190000", "Arg2", "IN", "LPCSTR", "0x28ff2e", "atexit" ], "Timesptamp": "00000001.042074", "FunctionName": "GetProcAddress", "ModuleName": "kernel32.dll", "Return": "0x761f5baf", "Status": 0 }
{ "Address": "0x40d1fa", "Opcode": "ff9594070000", "Opcodesize": 6, "Mnemonic": "call dword ptr [ebp + 0x794]", "PID": 280, "TID": 1612, "Arguments": [ "Arg1", "IN", "HMODULE", "0x28ff2a", "0x76190000", "Arg2", "IN", "LPCSTR", "0x28ff2e", "atoi" ], "Timesptamp": "00000001.053476", "FunctionName": "GetProcAddress", "ModuleName": "kernel32.dll", "Return": "0x7619dbe0", "Status": 0 }
{ "Address": "0x40d1fa", "Opcode": "ff9594070000", "Opcodesize": 6, "Mnemonic": "call dword ptr [ebp + 0x794]", "PID": 280, "TID": 1612, "Arguments": [ "Arg1", "IN", "HMODULE", "0x28ff2a", "0x76190000", "Arg2", "IN", "LPCSTR", "0x28ff2e", "calloc" ], "Timesptamp": "00000001.065026", "FunctionName": "GetProcAddress", "ModuleName": "kernel32.dll", "Return": "0x7619c456", "Status": 0 }
{ "Address": "0x40d1fa", "Opcode": "ff9594070000", "Opcodesize": 6, "Mnemonic": "call dword ptr [ebp + 0x794]", "PID": 280, "TID": 1612, "Arguments": [ "Arg1", "IN", "HMODULE", "0x28ff2a", "0x76190000", "Arg2", "IN", "LPCSTR", "0x28ff2e", "exit" ], "Timesptamp": "00000001.092928", "FunctionName": "GetProcAddress", "ModuleName": "kernel32.dll", "Return": "0x761a36aa", "Status": 0 }
{ "Address": "0x40d1fa", "Opcode": "ff9594070000", "Opcodesize": 6, "Mnemonic": "call dword ptr [ebp + 0x794]", "PID": 280, "TID": 1612, "Arguments": [ "Arg1", "IN", "HMODULE", "0x28ff2a", "0x76190000", "Arg2", "IN", "LPCSTR", "0x28ff2e", "fclose" ], "Timesptamp": "00000001.104789", "FunctionName": "GetProcAddress", "ModuleName": "kernel32.dll", "Return": "0x761a3d79", "Status": 0 }
{ "Address": "0x40d1fa", "Opcode": "ff9594070000", "Opcodesize": 6, "Mnemonic": "call dword ptr [ebp + 0x794]", "PID": 280, "TID": 1612, "Arguments": [ "Arg1", "IN", "HMODULE", "0x28ff2a", "0x76190000", "Arg2", "IN", "LPCSTR", "0x28ff2e", "fflush" ], "Timesptamp": "00000001.116261", "FunctionName": "GetProcAddress", "ModuleName": "kernel32.dll", "Return": "0x761a4142", "Status": 0 }
{ "Address": "0x40d1fa", "Opcode": "ff9594070000", "Opcodesize": 6, "Mnemonic": "call dword ptr [ebp + 0x794]", "PID": 280, "TID": 1612, "Arguments": [ "Arg1", "IN", "HMODULE", "0x28ff2a", "0x76190000", "Arg2", "IN", "LPCSTR", "0x28ff2e", "fgets" ], "Timesptamp": "00000001.127766", "FunctionName": "GetProcAddress", "ModuleName": "kernel32.dll", "Return": "0x761b4589", "Status": 0 }
{ "Address": "0x40d1fa", "Opcode": "ff9594070000", "Opcodesize": 6, "Mnemonic": "call dword ptr [ebp + 0x794]", "PID": 280, "TID": 1612, "Arguments": [ "Arg1", "IN", "HMODULE", "0x28ff2a", "0x76190000", "Arg2", "IN", "LPCSTR", "0x28ff2e", "fopen" ], "Timesptamp": "00000001.143259", "FunctionName": "GetProcAddress", "ModuleName": "kernel32.dll", "Return": "0x761ab2c4", "Status": 0 }
{ "Address": "0x40d1fa", "Opcode": "ff9594070000", "Opcodesize": 6, "Mnemonic": "call dword ptr [ebp + 0x794]", "PID": 280, "TID": 1612, "Arguments": [ "Arg1", "IN", "HMODULE", "0x28ff2a", "0x76190000", "Arg2", "IN", "LPCSTR", "0x28ff2e", "fprintf" ], "Timesptamp": "00000001.155516", "FunctionName": "GetProcAddress", "ModuleName": "kernel32.dll", "Return": "0x761a3e00", "Status": 0 }
{ "Address": "0x40d1fa", "Opcode": "ff9594070000", "Opcodesize": 6, "Mnemonic": "call dword ptr [ebp + 0x794]", "PID": 280, "TID": 1612, "Arguments": [ "Arg1", "IN", "HMODULE", "0x28ff2a", "0x76190000", "Arg2", "IN", "LPCSTR", "0x28ff2e", "fputc" ], "Timesptamp": "00000001.167339", "FunctionName": "GetProcAddress", "ModuleName": "kernel32.dll", "Return": "0x762087c3", "Status": 0 }
{ "Address": "0x40d1fa", "Opcode": "ff9594070000", "Opcodesize": 6, "Mnemonic": "call dword ptr [ebp + 0x794]", "PID": 280, "TID": 1612, "Arguments": [ "Arg1", "IN", "HMODULE", "0x28ff2a", "0x76190000", "Arg2", "IN", "LPCSTR", "0x28ff2e", "free" ], "Timesptamp": "00000001.178761", "FunctionName": "GetProcAddress", "ModuleName": "kernel32.dll", "Return": "0x76199894", "Status": 0 }
{ "Address": "0x40d1fa", "Opcode": "ff9594070000", "Opcodesize": 6, "Mnemonic": "call dword ptr [ebp + 0x794]", "PID": 280, "TID": 1612, "Arguments": [ "Arg1", "IN", "HMODULE", "0x28ff2a", "0x76190000", "Arg2", "IN", "LPCSTR", "0x28ff2e", "fwrite" ], "Timesptamp": "00000001.193963", "FunctionName": "GetProcAddress", "ModuleName": "kernel32.dll", "Return": "0x761a76ac", "Status": 0 }
{ "Address": "0x40d1fa", "Opcode": "ff9594070000", "Opcodesize": 6, "Mnemonic": "call dword ptr [ebp + 0x794]", "PID": 280, "TID": 1612, "Arguments": [ "Arg1", "IN", "HMODULE", "0x28ff2a", "0x76190000", "Arg2", "IN", "LPCSTR", "0x28ff2e", "getenv" ], "Timesptamp": "00000001.205780", "FunctionName": "GetProcAddress", "ModuleName": "kernel32.dll", "Return": "0x761aa419", "Status": 0 }
{ "Address": "0x40d1fa", "Opcode": "ff9594070000", "Opcodesize": 6, "Mnemonic": "call dword ptr [ebp + 0x794]", "PID": 280, "TID": 1612, "Arguments": [ "Arg1", "IN", "HMODULE", "0x28ff2a", "0x76190000", "Arg2", "IN", "LPCSTR", "0x28ff2e", "malloc" ], "Timesptamp": "00000001.217237", "FunctionName": "GetProcAddress", "ModuleName": "kernel32.dll", "Return": "0x76199cee", "Status": 0 }
{ "Address": "0x40d1fa", "Opcode": "ff9594070000", "Opcodesize": 6, "Mnemonic": "call dword ptr [ebp + 0x794]", "PID": 280, "TID": 1612, "Arguments": [ "Arg1", "IN", "HMODULE", "0x28ff2a", "0x76190000", "Arg2", "IN", "LPCSTR", "0x28ff2e", "memchr" ], "Timesptamp": "00000001.233918", "FunctionName": "GetProcAddress", "ModuleName": "kernel32.dll", "Return": "0x761ae134", "Status": 0 }
{ "Address": "0x40d1fa", "Opcode": "ff9594070000", "Opcodesize": 6, "Mnemonic": "call dword ptr [ebp + 0x794]", "PID": 280, "TID": 1612, "Arguments": [ "Arg1", "IN", "HMODULE", "0x28ff2a", "0x76190000", "Arg2", "IN", "LPCSTR", "0x28ff2e", "memcpy" ], "Timesptamp": "00000001.246156", "FunctionName": "GetProcAddress", "ModuleName": "kernel32.dll", "Return": "0x76199910", "Status": 0 }
{ "Address": "0x40d1fa", "Opcode": "ff9594070000", "Opcodesize": 6, "Mnemonic": "call dword ptr [ebp + 0x794]", "PID": 280, "TID": 1612, "Arguments": [ "Arg1", "IN", "HMODULE", "0x28ff2a", "0x76190000", "Arg2", "IN", "LPCSTR", "0x28ff2e", "memset" ], "Timesptamp": "00000001.257601", "FunctionName": "GetProcAddress", "ModuleName": "kernel32.dll", "Return": "0x76199790", "Status": 0 }
{ "Address": "0x40d1fa", "Opcode": "ff9594070000", "Opcodesize": 6, "Mnemonic": "call dword ptr [ebp + 0x794]", "PID": 280, "TID": 1612, "Arguments": [ "Arg1", "IN", "HMODULE", "0x28ff2a", "0x76190000", "Arg2", "IN", "LPCSTR", "0x28ff2e", "printf" ], "Timesptamp": "00000001.269612", "FunctionName": "GetProcAddress", "ModuleName": "kernel32.dll", "Return": "0x761ac5b9", "Status": 0 }
{ "Address": "0x40d1fa", "Opcode": "ff9594070000", "Opcodesize": 6, "Mnemonic": "call dword ptr [ebp + 0x794]", "PID": 280, "TID": 1612, "Arguments": [ "Arg1", "IN", "HMODULE", "0x28ff2a", "0x76190000", "Arg2", "IN", "LPCSTR", "0x28ff2e", "putchar" ], "Timesptamp": "00000001.285465", "FunctionName": "GetProcAddress", "ModuleName": "kernel32.dll", "Return": "0x762056ef", "Status": 0 }
{ "Address": "0x40d1fa", "Opcode": "ff9594070000", "Opcodesize": 6, "Mnemonic": "call dword ptr [ebp + 0x794]", "PID": 280, "TID": 1612, "Arguments": [ "Arg1", "IN", "HMODULE", "0x28ff2a", "0x76190000", "Arg2", "IN", "LPCSTR", "0x28ff2e", "puts" ], "Timesptamp": "00000001.297446", "FunctionName": "GetProcAddress", "ModuleName": "kernel32.dll", "Return": "0x76208d04", "Status": 0 }
{ "Address": "0x40d1fa", "Opcode": "ff9594070000", "Opcodesize": 6, "Mnemonic": "call dword ptr [ebp + 0x794]", "PID": 280, "TID": 1612, "Arguments": [ "Arg1", "IN", "HMODULE", "0x28ff2a", "0x76190000", "Arg2", "IN", "LPCSTR", "0x28ff2e", "rename" ], "Timesptamp": "00000001.309313", "FunctionName": "GetProcAddress", "ModuleName": "kernel32.dll", "Return": "0x761e555f", "Status": 0 }
{ "Address": "0x40d1fa", "Opcode": "ff9594070000", "Opcodesize": 6, "Mnemonic": "call dword ptr [ebp + 0x794]", "PID": 280, "TID": 1612, "Arguments": [ "Arg1", "IN", "HMODULE", "0x28ff2a", "0x76190000", "Arg2", "IN", "LPCSTR", "0x28ff2e", "signal" ], "Timesptamp": "00000001.324144", "FunctionName": "GetProcAddress", "ModuleName": "kernel32.dll", "Return": "0x761b823c", "Status": 0 }
{ "Address": "0x40d1fa", "Opcode": "ff9594070000", "Opcodesize": 6, "Mnemonic": "call dword ptr [ebp + 0x794]", "PID": 280, "TID": 1612, "Arguments": [ "Arg1", "IN", "HMODULE", "0x28ff2a", "0x76190000", "Arg2", "IN", "LPCSTR", "0x28ff2e", "sprintf" ], "Timesptamp": "00000001.336336", "FunctionName": "GetProcAddress", "ModuleName": "kernel32.dll", "Return": "0x761ad354", "Status": 0 }
{ "Address": "0x40d1fa", "Opcode": "ff9594070000", "Opcodesize": 6, "Mnemonic": "call dword ptr [ebp + 0x794]", "PID": 280, "TID": 1612, "Arguments": [ "Arg1", "IN", "HMODULE", "0x28ff2a", "0x76190000", "Arg2", "IN", "LPCSTR", "0x28ff2e", "strcmp" ], "Timesptamp": "00000001.347821", "FunctionName": "GetProcAddress", "ModuleName": "kernel32.dll", "Return": "0x761a8b11", "Status": 0 }
{ "Address": "0x40d1fa", "Opcode": "ff9594070000", "Opcodesize": 6, "Mnemonic": "call dword ptr [ebp + 0x794]", "PID": 280, "TID": 1612, "Arguments": [ "Arg1", "IN", "HMODULE", "0x28ff2a", "0x76190000", "Arg2", "IN", "LPCSTR", "0x28ff2e", "strcpy" ], "Timesptamp": "00000001.359281", "FunctionName": "GetProcAddress", "ModuleName": "kernel32.dll", "Return": "0x761a8d6e", "Status": 0 }
{ "Address": "0x40d1fa", "Opcode": "ff9594070000", "Opcodesize": 6, "Mnemonic": "call dword ptr [ebp + 0x794]", "PID": 280, "TID": 1612, "Arguments": [ "Arg1", "IN", "HMODULE", "0x28ff2a", "0x76190000", "Arg2", "IN", "LPCSTR", "0x28ff2e", "strerror" ], "Timesptamp": "00000001.373831", "FunctionName": "GetProcAddress", "ModuleName": "kernel32.dll", "Return": "0x761b7a18", "Status": 0 }
{ "Address": "0x40d1fa", "Opcode": "ff9594070000", "Opcodesize": 6, "Mnemonic": "call dword ptr [ebp + 0x794]", "PID": 280, "TID": 1612, "Arguments": [ "Arg1", "IN", "HMODULE", "0x28ff2a", "0x76190000", "Arg2", "IN", "LPCSTR", "0x28ff2e", "strncmp" ], "Timesptamp": "00000001.386935", "FunctionName": "GetProcAddress", "ModuleName": "kernel32.dll", "Return": "0x7619b443", "Status": 0 }
{ "Address": "0x40d1fa", "Opcode": "ff9594070000", "Opcodesize": 6, "Mnemonic": "call dword ptr [ebp + 0x794]", "PID": 280, "TID": 1612, "Arguments": [ "Arg1", "IN", "HMODULE", "0x28ff2a", "0x76190000", "Arg2", "IN", "LPCSTR", "0x28ff2e", "strncpy" ], "Timesptamp": "00000001.398387", "FunctionName": "GetProcAddress", "ModuleName": "kernel32.dll", "Return": "0x761a08a9", "Status": 0 }
{ "Address": "0x40d1fa", "Opcode": "ff9594070000", "Opcodesize": 6, "Mnemonic": "call dword ptr [ebp + 0x794]", "PID": 280, "TID": 1612, "Arguments": [ "Arg1", "IN", "HMODULE", "0x28ff2a", "0x76190000", "Arg2", "IN", "LPCSTR", "0x28ff2e", "strtok" ], "Timesptamp": "00000001.417923", "FunctionName": "GetProcAddress", "ModuleName": "kernel32.dll", "Return": "0x7619df1f", "Status": 0 }
{ "Address": "0x40d1fa", "Opcode": "ff9594070000", "Opcodesize": 6, "Mnemonic": "call dword ptr [ebp + 0x794]", "PID": 280, "TID": 1612, "Arguments": [ "Arg1", "IN", "HMODULE", "0x28ff2a", "0x76190000", "Arg2", "IN", "LPCSTR", "0x28ff2e", "time" ], "Timesptamp": "00000001.429890", "FunctionName": "GetProcAddress", "ModuleName": "kernel32.dll", "Return": "0x7619f708", "Status": 0 }
{ "Address": "0x40d1fa", "Opcode": "ff9594070000", "Opcodesize": 6, "Mnemonic": "call dword ptr [ebp + 0x794]", "PID": 280, "TID": 1612, "Arguments": [ "Arg1", "IN", "HMODULE", "0x28ff2a", "0x76190000", "Arg2", "IN", "LPCSTR", "0x28ff2e", "toupper" ], "Timesptamp": "00000001.441405", "FunctionName": "GetProcAddress", "ModuleName": "kernel32.dll", "Return": "0x7619f7fa", "Status": 0 }
{ "Address": "0x40d1fa", "Opcode": "ff9594070000", "Opcodesize": 6, "Mnemonic": "call dword ptr [ebp + 0x794]", "PID": 280, "TID": 1612, "Arguments": [ "Arg1", "IN", "HMODULE", "0x28ff2a", "0x76190000", "Arg2", "IN", "LPCSTR", "0x28ff2e", "vfprintf" ], "Timesptamp": "00000001.453076", "FunctionName": "GetProcAddress", "ModuleName": "kernel32.dll", "Return": "0x76207408", "Status": 0 }
{ "Address": "0x40d1fa", "Opcode": "ff9594070000", "Opcodesize": 6, "Mnemonic": "call dword ptr [ebp + 0x794]", "PID": 280, "TID": 1612, "Arguments": [ "Arg1", "IN", "HMODULE", "0x28ff2a", "0x76190000", "Arg2", "IN", "LPCSTR", "0x28ff2e", "vprintf" ], "Timesptamp": "00000001.481035", "FunctionName": "GetProcAddress", "ModuleName": "kernel32.dll", "Return": "0x76207591", "Status": 0 }
{ "Address": "0x40d17e", "Opcode": "ff9590070000", "Opcodesize": 6, "Mnemonic": "call dword ptr [ebp + 0x790]", "PID": 280, "TID": 1612, "Arguments": [ "Arg1", "IN", "LPCTSTR", "0x28ff4e", "USER32.dll" ], "Timesptamp": "00000001.495430", "FunctionName": "LoadLibraryA", "ModuleName": "kernel32.dll", "Return": "0x74d30000", "Status": 0 }
{ "Address": "0x40d1fa", "Opcode": "ff9594070000", "Opcodesize": 6, "Mnemonic": "call dword ptr [ebp + 0x794]", "PID": 280, "TID": 1612, "Arguments": [ "Arg1", "IN", "HMODULE", "0x28ff2a", "0x74d30000", "Arg2", "IN", "LPCSTR", "0x28ff2e", "CharToOemA" ], "Timesptamp": "00000001.511562", "FunctionName": "GetProcAddress", "ModuleName": "kernel32.dll", "Return": "0x74d54fee", "Status": 0 }
{ "Address": "0x401053", "Opcode": "e858be0000", "Opcodesize": 5, "Mnemonic": "call 0x40ceb0", "PID": 280, "TID": 1612, "Arguments": [ "Arg1", "IN", "DWORD", "0x28ff30", "0x401180" ], "Timesptamp": "00000001.551297", "FunctionName": "SetUnhandledExceptionFilter", "ModuleName": "kernel32.dll", "Return": "0x0", "Status": 0 }
{ "Address": "0x401092", "Opcode": "e879bc0000", "Opcodesize": 5, "Mnemonic": "call 0x40cd10", "PID": 280, "TID": 1612, "Functionname": "__getmainargs", "Dllname": "msvcrt.dll", "Status": 1 }
{ "Address": "0x4010a0", "Opcode": "e873bc0000", "Opcodesize": 5, "Mnemonic": "call 0x40cd18", "PID": 280, "TID": 1612, "Arguments": [ ], "Timesptamp": "00000001.604341", "FunctionName": "__p__fmode", "ModuleName": "msvcrt.dll", "Return": "0x762331f4", "Status": 0 }
{ "Address": "0x4012fd", "Opcode": "e8bebb0000", "Opcodesize": 5, "Mnemonic": "call 0x40cec0", "PID": 280, "TID": 1612, "Arguments": [ "Arg1", "IN", "LPCTSTR", "0x28fed0", "libgcc_s_dw2-1.dll" ], "Timesptamp": "00000001.615890", "FunctionName": "GetModuleHandleA", "ModuleName": "kernel32.dll", "Return": "0x0", "Status": 0 }
{ "Address": "0x4010ba", "Opcode": "e861bc0000", "Opcodesize": 5, "Mnemonic": "call 0x40cd20", "PID": 280, "TID": 1612, "Functionname": "__p__environ", "Dllname": "msvcrt.dll", "Status": 1 }
{ "Address": "0x404283", "Opcode": "e8508c0000", "Opcodesize": 5, "Mnemonic": "call 0x40ced8", "PID": 280, "TID": 1612, "Functionname": "SetConsoleTitleA", "Dllname": "kernel32.dll", "Status": 1 }
{ "Address": "0x4042e5", "Opcode": "e86e8a0000", "Opcodesize": 5, "Mnemonic": "call 0x40cd58", "PID": 280, "TID": 1612, "Arguments": [ "Arg1", "IN", "CHAR*", "0x28fec0", "Illegal command line" ], "Timesptamp": "00000001.731137", "FunctionName": "printf", "ModuleName": "msvcrt.dll", "Return": "0x14", "Status": 0 }
{ "Address": "0x401389", "Opcode": "e832bb0000", "Opcodesize": 5, "Mnemonic": "call 0x40cec0", "PID": 280, "TID": 1612, "Arguments": [ "Arg1", "IN", "LPCTSTR", "0x28fecc", "libgcc_s_dw2-1.dll" ], "Timesptamp": "00000001.780299", "FunctionName": "GetModuleHandleA", "ModuleName": "kernel32.dll", "Return": "0x0", "Status": 0 }
{ "Address": "0x4010e5", "Opcode": "e8cebd0000", "Opcodesize": 5, "Mnemonic": "call 0x40ceb8", "PID": 280, "TID": 1612, "Arguments": [ "Arg1", "IN", "UINT", "0x28ff30", "0x1" ], "Timesptamp": "00000001.809058", "FunctionName": "ExitProcess", "ModuleName": "kernel32.dll" }
