{ "Address": "0x4e1134", "Opcode": "ff501c", "Opcodesize": 3, "Mnemonic": "call dword ptr [eax + 0x1c]", "PID": 1908, "TID": 1628, "Arguments": [ "Arg1", "IN", "UINT", "0x8eff52", "0x0", "Arg2", "IN", "SIZE_T", "0x8eff56", "0xbc70" ], "Timesptamp": "00000000.350354", "FunctionName": "GlobalAlloc", "ModuleName": "kernel32.dll", "Return": "0x2b1770", "Status": 0 }
{ "Address": "0x4e1173", "Opcode": "ffd3", "Opcodesize": 2, "Mnemonic": "call ebx", "PID": 1908, "TID": 1628, "Arguments": [ "Arg1", "IN", "LPVOID", "0x2bd3ac", "0x400780", "Arg2", "IN", "SIZE_T", "0x2bd3b0", "0x880", "Arg3", "IN", "DWORD", "0x2bd3b4", "0x4", "Arg4", "OUT", "PDWORD", "0x2bd3b8", "0x4e2790" ], "Timesptamp": "00000000.362726", "FunctionName": "VirtualProtect", "ModuleName": "kernel32.dll", "Return": "TRUE", "Output1": [ "0x4e2790", "0x2" ], "Status": 0 }
{ "Address": "0x4e1188", "Opcode": "ffd3", "Opcodesize": 2, "Mnemonic": "call ebx", "PID": 1908, "TID": 1628, "Arguments": [ "Arg1", "IN", "LPVOID", "0x2bd3c4", "0x400780", "Arg2", "IN", "SIZE_T", "0x2bd3c8", "0x880", "Arg3", "IN", "DWORD", "0x2bd3cc", "0x2", "Arg4", "OUT", "PDWORD", "0x2bd3d0", "0x4e2790" ], "Timesptamp": "00000000.374953", "FunctionName": "VirtualProtect", "ModuleName": "kernel32.dll", "Return": "TRUE", "Output1": [ "0x4e2790", "0x4" ], "Status": 0 }
{ "Address": "0x450742", "Opcode": "ff9590070000", "Opcodesize": 6, "Mnemonic": "call dword ptr [ebp + 0x790]", "PID": 1908, "TID": 1628, "Arguments": [ "Arg1", "IN", "LPCTSTR", "0x8eff4e", "KERNEL32.DLL" ], "Timesptamp": "00000000.510908", "FunctionName": "LoadLibraryA", "ModuleName": "kernel32.dll", "Return": "0x74f10000", "Status": 0 }
{ "Address": "0x450742", "Opcode": "ff9590070000", "Opcodesize": 6, "Mnemonic": "call dword ptr [ebp + 0x790]", "PID": 1908, "TID": 1628, "Arguments": [ "Arg1", "IN", "LPCTSTR", "0x8eff4e", "WSOCK32.dll" ], "Timesptamp": "00000000.556959", "FunctionName": "LoadLibraryA", "ModuleName": "kernel32.dll", "Return": "0x73f80000", "Status": 0 }
{ "Address": "0x450742", "Opcode": "ff9590070000", "Opcodesize": 6, "Mnemonic": "call dword ptr [ebp + 0x790]", "PID": 1908, "TID": 1628, "Arguments": [ "Arg1", "IN", "LPCTSTR", "0x8eff4e", "WINMM.dll" ], "Timesptamp": "00000000.632409", "FunctionName": "LoadLibraryA", "ModuleName": "kernel32.dll", "Return": "0x743a0000", "Status": 0 }
{ "Address": "0x450742", "Opcode": "ff9590070000", "Opcodesize": 6, "Mnemonic": "call dword ptr [ebp + 0x790]", "PID": 1908, "TID": 1628, "Arguments": [ "Arg1", "IN", "LPCTSTR", "0x8eff4e", "VERSION.dll" ], "Timesptamp": "00000000.693741", "FunctionName": "LoadLibraryA", "ModuleName": "kernel32.dll", "Return": "0x74390000", "Status": 0 }
{ "Address": "0x450742", "Opcode": "ff9590070000", "Opcodesize": 6, "Mnemonic": "call dword ptr [ebp + 0x790]", "PID": 1908, "TID": 1628, "Arguments": [ "Arg1", "IN", "LPCTSTR", "0x8eff4e", "COMCTL32.dll" ], "Timesptamp": "00000000.725696", "FunctionName": "LoadLibraryA", "ModuleName": "kernel32.dll", "Return": "0x741f0000", "Status": 0 }
{ "Address": "0x450742", "Opcode": "ff9590070000", "Opcodesize": 6, "Mnemonic": "call dword ptr [ebp + 0x790]", "PID": 1908, "TID": 1628, "Arguments": [ "Arg1", "IN", "LPCTSTR", "0x8eff4e", "PSAPI.DLL" ], "Timesptamp": "00000000.887509", "FunctionName": "LoadLibraryA", "ModuleName": "kernel32.dll", "Return": "0x75cf0000", "Status": 0 }
{ "Address": "0x450742", "Opcode": "ff9590070000", "Opcodesize": 6, "Mnemonic": "call dword ptr [ebp + 0x790]", "PID": 1908, "TID": 1628, "Arguments": [ "Arg1", "IN", "LPCTSTR", "0x8eff4e", "USER32.dll" ], "Timesptamp": "00000000.913902", "FunctionName": "LoadLibraryA", "ModuleName": "kernel32.dll", "Return": "0x74d30000", "Status": 0 }
{ "Address": "0x450742", "Opcode": "ff9590070000", "Opcodesize": 6, "Mnemonic": "call dword ptr [ebp + 0x790]", "PID": 1908, "TID": 1628, "Arguments": [ "Arg1", "IN", "LPCTSTR", "0x8eff4e", "GDI32.dll" ], "Timesptamp": "00000000.931373", "FunctionName": "LoadLibraryA", "ModuleName": "kernel32.dll", "Return": "0x76b80000", "Status": 0 }
{ "Address": "0x450742", "Opcode": "ff9590070000", "Opcodesize": 6, "Mnemonic": "call dword ptr [ebp + 0x790]", "PID": 1908, "TID": 1628, "Arguments": [ "Arg1", "IN", "LPCTSTR", "0x8eff4e", "COMDLG32.dll" ], "Timesptamp": "00000000.948593", "FunctionName": "LoadLibraryA", "ModuleName": "kernel32.dll", "Return": "0x75f60000", "Status": 0 }
{ "Address": "0x450742", "Opcode": "ff9590070000", "Opcodesize": 6, "Mnemonic": "call dword ptr [ebp + 0x790]", "PID": 1908, "TID": 1628, "Arguments": [ "Arg1", "IN", "LPCTSTR", "0x8eff4e", "ADVAPI32.dll" ], "Timesptamp": "00000000.996971", "FunctionName": "LoadLibraryA", "ModuleName": "kernel32.dll", "Return": "0x74c00000", "Status": 0 }
{ "Address": "0x450742", "Opcode": "ff9590070000", "Opcodesize": 6, "Mnemonic": "call dword ptr [ebp + 0x790]", "PID": 1908, "TID": 1628, "Arguments": [ "Arg1", "IN", "LPCTSTR", "0x8eff4e", "SHELL32.dll" ], "Timesptamp": "00000001.015197", "FunctionName": "LoadLibraryA", "ModuleName": "kernel32.dll", "Return": "0x75020000", "Status": 0 }
{ "Address": "0x450742", "Opcode": "ff9590070000", "Opcodesize": 6, "Mnemonic": "call dword ptr [ebp + 0x790]", "PID": 1908, "TID": 1628, "Arguments": [ "Arg1", "IN", "LPCTSTR", "0x8eff4e", "ole32.dll" ], "Timesptamp": "00000001.033792", "FunctionName": "LoadLibraryA", "ModuleName": "kernel32.dll" }
