{ "Address": "0x8ca134", "Opcode": "ff501c", "Opcodesize": 3, "Mnemonic": "call dword ptr [eax + 0x1c]", "PID": 1108, "TID": 1968, "Arguments": [ "Arg1", "IN", "UINT", "0x28ff52", "0x0", "Arg2", "IN", "SIZE_T", "0x28ff56", "0xbc70" ], "Timesptamp": "00000000.363093", "FunctionName": "GlobalAlloc", "ModuleName": "kernel32.dll", "Return": "0xc84488", "Status": 0 }
{ "Address": "0x8ca173", "Opcode": "ffd3", "Opcodesize": 2, "Mnemonic": "call ebx", "PID": 1108, "TID": 1968, "Arguments": [ "Arg1", "IN", "LPVOID", "0xc900c4", "0x400780", "Arg2", "IN", "SIZE_T", "0xc900c8", "0x880", "Arg3", "IN", "DWORD", "0xc900cc", "0x4", "Arg4", "OUT", "PDWORD", "0xc900d0", "0x8cb720" ], "Timesptamp": "00000000.379537", "FunctionName": "VirtualProtect", "ModuleName": "kernel32.dll", "Return": "TRUE", "Output1": [ "0x8cb720", "0x2" ], "Status": 0 }
{ "Address": "0x8ca188", "Opcode": "ffd3", "Opcodesize": 2, "Mnemonic": "call ebx", "PID": 1108, "TID": 1968, "Arguments": [ "Arg1", "IN", "LPVOID", "0xc900dc", "0x400780", "Arg2", "IN", "SIZE_T", "0xc900e0", "0x880", "Arg3", "IN", "DWORD", "0xc900e4", "0x2", "Arg4", "OUT", "PDWORD", "0xc900e8", "0x8cb720" ], "Timesptamp": "00000000.392398", "FunctionName": "VirtualProtect", "ModuleName": "kernel32.dll", "Return": "TRUE", "Output1": [ "0x8cb720", "0x4" ], "Status": 0 }
{ "Address": "0x70c3ca", "Opcode": "ff9590070000", "Opcodesize": 6, "Mnemonic": "call dword ptr [ebp + 0x790]", "PID": 1108, "TID": 1968, "Arguments": [ "Arg1", "IN", "LPCTSTR", "0x28ff4e", "ADVAPI32.dll" ], "Timesptamp": "00000000.810558", "FunctionName": "LoadLibraryA", "ModuleName": "kernel32.dll", "Return": "0x74c00000", "Status": 0 }
{ "Address": "0x70c446", "Opcode": "ff9594070000", "Opcodesize": 6, "Mnemonic": "call dword ptr [ebp + 0x794]", "PID": 1108, "TID": 1968, "Arguments": [ "Arg1", "IN", "HMODULE", "0x28ff2a", "0x74c00000", "Arg2", "IN", "LPCSTR", "0x28ff2e", "CryptAcquireContextA" ], "Timesptamp": "00000000.874677", "FunctionName": "GetProcAddress", "ModuleName": "kernel32.dll", "Return": "0x74c091dd", "Status": 0 }
{ "Address": "0x70c446", "Opcode": "ff9594070000", "Opcodesize": 6, "Mnemonic": "call dword ptr [ebp + 0x794]", "PID": 1108, "TID": 1968, "Arguments": [ "Arg1", "IN", "HMODULE", "0x28ff2a", "0x74c00000", "Arg2", "IN", "LPCSTR", "0x28ff2e", "CryptGenRandom" ], "Timesptamp": "00000000.931680", "FunctionName": "GetProcAddress", "ModuleName": "kernel32.dll", "Return": "0x74c0dfc8", "Status": 0 }
{ "Address": "0x70c446", "Opcode": "ff9594070000", "Opcodesize": 6, "Mnemonic": "call dword ptr [ebp + 0x794]", "PID": 1108, "TID": 1968, "Arguments": [ "Arg1", "IN", "HMODULE", "0x28ff2a", "0x74c00000", "Arg2", "IN", "LPCSTR", "0x28ff2e", "CryptReleaseContext" ], "Timesptamp": "00000000.998899", "FunctionName": "GetProcAddress", "ModuleName": "kernel32.dll", "Return": "0x74c0e124", "Status": 0 }
{ "Address": "0x70c3ca", "Opcode": "ff9590070000", "Opcodesize": 6, "Mnemonic": "call dword ptr [ebp + 0x790]", "PID": 1108, "TID": 1968, "Arguments": [ "Arg1", "IN", "LPCTSTR", "0x28ff4e", "KERNEL32.dll" ], "Timesptamp": "00000001.021942", "FunctionName": "LoadLibraryA", "ModuleName": "kernel32.dll", "Return": "0x74f10000", "Status": 0 }
{ "Address": "0x70c446", "Opcode": "ff9594070000", "Opcodesize": 6, "Mnemonic": "call dword ptr [ebp + 0x794]", "PID": 1108, "TID": 1968, "Arguments": [ "Arg1", "IN", "HMODULE", "0x28ff2a", "0x74f10000", "Arg2", "IN", "LPCSTR", "0x28ff2e", "CloseHandle" ], "Timesptamp": "00000001.046239", "FunctionName": "GetProcAddress", "ModuleName": "kernel32.dll", "Return": "0x74f21410", "Status": 0 }
{ "Address": "0x70c446", "Opcode": "ff9594070000", "Opcodesize": 6, "Mnemonic": "call dword ptr [ebp + 0x794]", "PID": 1108, "TID": 1968, "Arguments": [ "Arg1", "IN", "HMODULE", "0x28ff2a", "0x74f10000", "Arg2", "IN", "LPCSTR", "0x28ff2e", "CreateEventA" ], "Timesptamp": "00000001.069138", "FunctionName": "GetProcAddress", "ModuleName": "kernel32.dll", "Return": "0x74f2328c", "Status": 0 }
{ "Address": "0x70c446", "Opcode": "ff9594070000", "Opcodesize": 6, "Mnemonic": "call dword ptr [ebp + 0x794]", "PID": 1108, "TID": 1968, "Arguments": [ "Arg1", "IN", "HMODULE", "0x28ff2a", "0x74f10000", "Arg2", "IN", "LPCSTR", "0x28ff2e", "CreateSemaphoreA" ], "Timesptamp": "00000001.099493", "FunctionName": "GetProcAddress", "ModuleName": "kernel32.dll", "Return": "0x74f4d172", "Status": 0 }
{ "Address": "0x70c446", "Opcode": "ff9594070000", "Opcodesize": 6, "Mnemonic": "call dword ptr [ebp + 0x794]", "PID": 1108, "TID": 1968, "Arguments": [ "Arg1", "IN", "HMODULE", "0x28ff2a", "0x74f10000", "Arg2", "IN", "LPCSTR", "0x28ff2e", "CreateSemaphoreW" ], "Timesptamp": "00000001.122699", "FunctionName": "GetProcAddress", "ModuleName": "kernel32.dll", "Return": "0x74f3ca5a", "Status": 0 }
{ "Address": "0x70c446", "Opcode": "ff9594070000", "Opcodesize": 6, "Mnemonic": "call dword ptr [ebp + 0x794]", "PID": 1108, "TID": 1968, "Arguments": [ "Arg1", "IN", "HMODULE", "0x28ff2a", "0x74f10000", "Arg2", "IN", "LPCSTR", "0x28ff2e", "DeleteCriticalSection" ], "Timesptamp": "00000001.145420", "FunctionName": "GetProcAddress", "ModuleName": "kernel32.dll", "Return": "0x770745f5", "Status": 0 }
{ "Address": "0x70c446", "Opcode": "ff9594070000", "Opcodesize": 6, "Mnemonic": "call dword ptr [ebp + 0x794]", "PID": 1108, "TID": 1968, "Arguments": [ "Arg1", "IN", "HMODULE", "0x28ff2a", "0x74f10000", "Arg2", "IN", "LPCSTR", "0x28ff2e", "EnterCriticalSection" ], "Timesptamp": "00000001.168136", "FunctionName": "GetProcAddress", "ModuleName": "kernel32.dll", "Return": "0x770622b0", "Status": 0 }
{ "Address": "0x70c446", "Opcode": "ff9594070000", "Opcodesize": 6, "Mnemonic": "call dword ptr [ebp + 0x794]", "PID": 1108, "TID": 1968, "Arguments": [ "Arg1", "IN", "HMODULE", "0x28ff2a", "0x74f10000", "Arg2", "IN", "LPCSTR", "0x28ff2e", "FreeLibrary" ], "Timesptamp": "00000001.196224", "FunctionName": "GetProcAddress", "ModuleName": "kernel32.dll", "Return": "0x74f234c8", "Status": 0 }
{ "Address": "0x70c446", "Opcode": "ff9594070000", "Opcodesize": 6, "Mnemonic": "call dword ptr [ebp + 0x794]", "PID": 1108, "TID": 1968, "Arguments": [ "Arg1", "IN", "HMODULE", "0x28ff2a", "0x74f10000", "Arg2", "IN", "LPCSTR", "0x28ff2e", "GetCommandLineW" ], "Timesptamp": "00000001.219193", "FunctionName": "GetProcAddress", "ModuleName": "kernel32.dll", "Return": "0x74f25223", "Status": 0 }
{ "Address": "0x70c446", "Opcode": "ff9594070000", "Opcodesize": 6, "Mnemonic": "call dword ptr [ebp + 0x794]", "PID": 1108, "TID": 1968, "Arguments": [ "Arg1", "IN", "HMODULE", "0x28ff2a", "0x74f10000", "Arg2", "IN", "LPCSTR", "0x28ff2e", "GetConsoleScreenBufferInfo" ], "Timesptamp": "00000001.242010", "FunctionName": "GetProcAddress", "ModuleName": "kernel32.dll", "Return": "0x74f4bafd", "Status": 0 }
{ "Address": "0x70c446", "Opcode": "ff9594070000", "Opcodesize": 6, "Mnemonic": "call dword ptr [ebp + 0x794]", "PID": 1108, "TID": 1968, "Arguments": [ "Arg1", "IN", "HMODULE", "0x28ff2a", "0x74f10000", "Arg2", "IN", "LPCSTR", "0x28ff2e", "GetCurrentProcess" ], "Timesptamp": "00000001.265014", "FunctionName": "GetProcAddress", "ModuleName": "kernel32.dll", "Return": "0x74f21809", "Status": 0 }
{ "Address": "0x70c446", "Opcode": "ff9594070000", "Opcodesize": 6, "Mnemonic": "call dword ptr [ebp + 0x794]", "PID": 1108, "TID": 1968, "Arguments": [ "Arg1", "IN", "HMODULE", "0x28ff2a", "0x74f10000", "Arg2", "IN", "LPCSTR", "0x28ff2e", "GetCurrentProcessId" ], "Timesptamp": "00000001.287779", "FunctionName": "GetProcAddress", "ModuleName": "kernel32.dll", "Return": "0x74f211f8", "Status": 0 }
{ "Address": "0x70c446", "Opcode": "ff9594070000", "Opcodesize": 6, "Mnemonic": "call dword ptr [ebp + 0x794]", "PID": 1108, "TID": 1968, "Arguments": [ "Arg1", "IN", "HMODULE", "0x28ff2a", "0x74f10000", "Arg2", "IN", "LPCSTR", "0x28ff2e", "GetCurrentThreadId" ], "Timesptamp": "00000001.310566", "FunctionName": "GetProcAddress", "ModuleName": "kernel32.dll", "Return": "0x74f21450", "Status": 0 }
{ "Address": "0x70c446", "Opcode": "ff9594070000", "Opcodesize": 6, "Mnemonic": "call dword ptr [ebp + 0x794]", "PID": 1108, "TID": 1968, "Arguments": [ "Arg1", "IN", "HMODULE", "0x28ff2a", "0x74f10000", "Arg2", "IN", "LPCSTR", "0x28ff2e", "GetLastError" ], "Timesptamp": "00000001.333501", "FunctionName": "GetProcAddress", "ModuleName": "kernel32.dll", "Return": "0x74f211c0", "Status": 0 }
{ "Address": "0x70c446", "Opcode": "ff9594070000", "Opcodesize": 6, "Mnemonic": "call dword ptr [ebp + 0x794]", "PID": 1108, "TID": 1968, "Arguments": [ "Arg1", "IN", "HMODULE", "0x28ff2a", "0x74f10000", "Arg2", "IN", "LPCSTR", "0x28ff2e", "GetModuleFileNameW" ], "Timesptamp": "00000001.356289", "FunctionName": "GetProcAddress", "ModuleName": "kernel32.dll", "Return": "0x74f24950", "Status": 0 }
{ "Address": "0x70c446", "Opcode": "ff9594070000", "Opcodesize": 6, "Mnemonic": "call dword ptr [ebp + 0x794]", "PID": 1108, "TID": 1968, "Arguments": [ "Arg1", "IN", "HMODULE", "0x28ff2a", "0x74f10000", "Arg2", "IN", "LPCSTR", "0x28ff2e", "GetModuleHandleA" ], "Timesptamp": "00000001.379046", "FunctionName": "GetProcAddress", "ModuleName": "kernel32.dll", "Return": "0x74f21245", "Status": 0 }
{ "Address": "0x70c446", "Opcode": "ff9594070000", "Opcodesize": 6, "Mnemonic": "call dword ptr [ebp + 0x794]", "PID": 1108, "TID": 1968, "Arguments": [ "Arg1", "IN", "HMODULE", "0x28ff2a", "0x74f10000", "Arg2", "IN", "LPCSTR", "0x28ff2e", "GetModuleHandleW" ], "Timesptamp": "00000001.402166", "FunctionName": "GetProcAddress", "ModuleName": "kernel32.dll", "Return": "0x74f234b0", "Status": 0 }
{ "Address": "0x70c446", "Opcode": "ff9594070000", "Opcodesize": 6, "Mnemonic": "call dword ptr [ebp + 0x794]", "PID": 1108, "TID": 1968, "Arguments": [ "Arg1", "IN", "HMODULE", "0x28ff2a", "0x74f10000", "Arg2", "IN", "LPCSTR", "0x28ff2e", "GetProcAddress" ], "Timesptamp": "00000001.425059", "FunctionName": "GetProcAddress", "ModuleName": "kernel32.dll", "Return": "0x74f21222", "Status": 0 }
{ "Address": "0x70c446", "Opcode": "ff9594070000", "Opcodesize": 6, "Mnemonic": "call dword ptr [ebp + 0x794]", "PID": 1108, "TID": 1968, "Arguments": [ "Arg1", "IN", "HMODULE", "0x28ff2a", "0x74f10000", "Arg2", "IN", "LPCSTR", "0x28ff2e", "GetProcessAffinityMask" ], "Timesptamp": "00000001.448086", "FunctionName": "GetProcAddress", "ModuleName": "kernel32.dll", "Return": "0x74f2a871", "Status": 0 }
{ "Address": "0x70c446", "Opcode": "ff9594070000", "Opcodesize": 6, "Mnemonic": "call dword ptr [ebp + 0x794]", "PID": 1108, "TID": 1968, "Arguments": [ "Arg1", "IN", "HMODULE", "0x28ff2a", "0x74f10000", "Arg2", "IN", "LPCSTR", "0x28ff2e", "GetStartupInfoA" ], "Timesptamp": "00000001.470882", "FunctionName": "GetProcAddress", "ModuleName": "kernel32.dll", "Return": "0x74f20e00", "Status": 0 }
{ "Address": "0x70c446", "Opcode": "ff9594070000", "Opcodesize": 6, "Mnemonic": "call dword ptr [ebp + 0x794]", "PID": 1108, "TID": 1968, "Arguments": [ "Arg1", "IN", "HMODULE", "0x28ff2a", "0x74f10000", "Arg2", "IN", "LPCSTR", "0x28ff2e", "GetStdHandle" ], "Timesptamp": "00000001.493653", "FunctionName": "GetProcAddress", "ModuleName": "kernel32.dll", "Return": "0x74f251b3", "Status": 0 }
{ "Address": "0x70c446", "Opcode": "ff9594070000", "Opcodesize": 6, "Mnemonic": "call dword ptr [ebp + 0x794]", "PID": 1108, "TID": 1968, "Arguments": [ "Arg1", "IN", "HMODULE", "0x28ff2a", "0x74f10000", "Arg2", "IN", "LPCSTR", "0x28ff2e", "GetSystemTimeAsFileTime" ], "Timesptamp": "00000001.516594", "FunctionName": "GetProcAddress", "ModuleName": "kernel32.dll", "Return": "0x74f23509", "Status": 0 }
{ "Address": "0x70c446", "Opcode": "ff9594070000", "Opcodesize": 6, "Mnemonic": "call dword ptr [ebp + 0x794]", "PID": 1108, "TID": 1968, "Arguments": [ "Arg1", "IN", "HMODULE", "0x28ff2a", "0x74f10000", "Arg2", "IN", "LPCSTR", "0x28ff2e", "GetTickCount" ], "Timesptamp": "00000001.539984", "FunctionName": "GetProcAddress", "ModuleName": "kernel32.dll", "Return": "0x74f2110c", "Status": 0 }
{ "Address": "0x70c446", "Opcode": "ff9594070000", "Opcodesize": 6, "Mnemonic": "call dword ptr [ebp + 0x794]", "PID": 1108, "TID": 1968, "Arguments": [ "Arg1", "IN", "HMODULE", "0x28ff2a", "0x74f10000", "Arg2", "IN", "LPCSTR", "0x28ff2e", "GetTimeZoneInformation" ], "Timesptamp": "00000001.562738", "FunctionName": "GetProcAddress", "ModuleName": "kernel32.dll", "Return": "0x74f2465a", "Status": 0 }
{ "Address": "0x70c446", "Opcode": "ff9594070000", "Opcodesize": 6, "Mnemonic": "call dword ptr [ebp + 0x794]", "PID": 1108, "TID": 1968, "Arguments": [ "Arg1", "IN", "HMODULE", "0x28ff2a", "0x74f10000", "Arg2", "IN", "LPCSTR", "0x28ff2e", "InitializeCriticalSection" ], "Timesptamp": "00000001.585518", "FunctionName": "GetProcAddress", "ModuleName": "kernel32.dll", "Return": "0x77072c42", "Status": 0 }
{ "Address": "0x70c446", "Opcode": "ff9594070000", "Opcodesize": 6, "Mnemonic": "call dword ptr [ebp + 0x794]", "PID": 1108, "TID": 1968, "Arguments": [ "Arg1", "IN", "HMODULE", "0x28ff2a", "0x74f10000", "Arg2", "IN", "LPCSTR", "0x28ff2e", "IsDBCSLeadByteEx" ], "Timesptamp": "00000001.608480", "FunctionName": "GetProcAddress", "ModuleName": "kernel32.dll", "Return": "0x74f4cf4e", "Status": 0 }
{ "Address": "0x70c446", "Opcode": "ff9594070000", "Opcodesize": 6, "Mnemonic": "call dword ptr [ebp + 0x794]", "PID": 1108, "TID": 1968, "Arguments": [ "Arg1", "IN", "HMODULE", "0x28ff2a", "0x74f10000", "Arg2", "IN", "LPCSTR", "0x28ff2e", "LeaveCriticalSection" ], "Timesptamp": "00000001.631584", "FunctionName": "GetProcAddress", "ModuleName": "kernel32.dll", "Return": "0x77062270", "Status": 0 }
{ "Address": "0x70c446", "Opcode": "ff9594070000", "Opcodesize": 6, "Mnemonic": "call dword ptr [ebp + 0x794]", "PID": 1108, "TID": 1968, "Arguments": [ "Arg1", "IN", "HMODULE", "0x28ff2a", "0x74f10000", "Arg2", "IN", "LPCSTR", "0x28ff2e", "LoadLibraryA" ], "Timesptamp": "00000001.654352", "FunctionName": "GetProcAddress", "ModuleName": "kernel32.dll", "Return": "0x74f249d7", "Status": 0 }
{ "Address": "0x70c446", "Opcode": "ff9594070000", "Opcodesize": 6, "Mnemonic": "call dword ptr [ebp + 0x794]", "PID": 1108, "TID": 1968, "Arguments": [ "Arg1", "IN", "HMODULE", "0x28ff2a", "0x74f10000", "Arg2", "IN", "LPCSTR", "0x28ff2e", "LocalFree" ], "Timesptamp": "00000001.677814", "FunctionName": "GetProcAddress", "ModuleName": "kernel32.dll", "Return": "0x74f22d3c", "Status": 0 }
{ "Address": "0x70c446", "Opcode": "ff9594070000", "Opcodesize": 6, "Mnemonic": "call dword ptr [ebp + 0x794]", "PID": 1108, "TID": 1968, "Arguments": [ "Arg1", "IN", "HMODULE", "0x28ff2a", "0x74f10000", "Arg2", "IN", "LPCSTR", "0x28ff2e", "MoveFileExA" ], "Timesptamp": "00000001.700649", "FunctionName": "GetProcAddress", "ModuleName": "kernel32.dll", "Return": "0x74f4ccc1", "Status": 0 }
{ "Address": "0x70c446", "Opcode": "ff9594070000", "Opcodesize": 6, "Mnemonic": "call dword ptr [ebp + 0x794]", "PID": 1108, "TID": 1968, "Arguments": [ "Arg1", "IN", "HMODULE", "0x28ff2a", "0x74f10000", "Arg2", "IN", "LPCSTR", "0x28ff2e", "MoveFileExW" ], "Timesptamp": "00000001.723514", "FunctionName": "GetProcAddress", "ModuleName": "kernel32.dll", "Return": "0x74f39b2d", "Status": 0 }
{ "Address": "0x70c446", "Opcode": "ff9594070000", "Opcodesize": 6, "Mnemonic": "call dword ptr [ebp + 0x794]", "PID": 1108, "TID": 1968, "Arguments": [ "Arg1", "IN", "HMODULE", "0x28ff2a", "0x74f10000", "Arg2", "IN", "LPCSTR", "0x28ff2e", "MultiByteToWideChar" ], "Timesptamp": "00000001.748761", "FunctionName": "GetProcAddress", "ModuleName": "kernel32.dll", "Return": "0x74f2192e", "Status": 0 }
{ "Address": "0x70c446", "Opcode": "ff9594070000", "Opcodesize": 6, "Mnemonic": "call dword ptr [ebp + 0x794]", "PID": 1108, "TID": 1968, "Arguments": [ "Arg1", "IN", "HMODULE", "0x28ff2a", "0x74f10000", "Arg2", "IN", "LPCSTR", "0x28ff2e", "QueryPerformanceCounter" ], "Timesptamp": "00000001.788506", "FunctionName": "GetProcAddress", "ModuleName": "kernel32.dll", "Return": "0x74f21725", "Status": 0 }
{ "Address": "0x70c446", "Opcode": "ff9594070000", "Opcodesize": 6, "Mnemonic": "call dword ptr [ebp + 0x794]", "PID": 1108, "TID": 1968, "Arguments": [ "Arg1", "IN", "HMODULE", "0x28ff2a", "0x74f10000", "Arg2", "IN", "LPCSTR", "0x28ff2e", "ReleaseSemaphore" ], "Timesptamp": "00000001.811306", "FunctionName": "GetProcAddress", "ModuleName": "kernel32.dll", "Return": "0x74f3d3ab", "Status": 0 }
{ "Address": "0x70c446", "Opcode": "ff9594070000", "Opcodesize": 6, "Mnemonic": "call dword ptr [ebp + 0x794]", "PID": 1108, "TID": 1968, "Arguments": [ "Arg1", "IN", "HMODULE", "0x28ff2a", "0x74f10000", "Arg2", "IN", "LPCSTR", "0x28ff2e", "ResetEvent" ], "Timesptamp": "00000001.842909", "FunctionName": "GetProcAddress", "ModuleName": "kernel32.dll", "Return": "0x74f216dd", "Status": 0 }
{ "Address": "0x70c446", "Opcode": "ff9594070000", "Opcodesize": 6, "Mnemonic": "call dword ptr [ebp + 0x794]", "PID": 1108, "TID": 1968, "Arguments": [ "Arg1", "IN", "HMODULE", "0x28ff2a", "0x74f10000", "Arg2", "IN", "LPCSTR", "0x28ff2e", "SetConsoleTextAttribute" ], "Timesptamp": "00000001.869043", "FunctionName": "GetProcAddress", "ModuleName": "kernel32.dll", "Return": "0x74f47b03", "Status": 0 }
{ "Address": "0x70c446", "Opcode": "ff9594070000", "Opcodesize": 6, "Mnemonic": "call dword ptr [ebp + 0x794]", "PID": 1108, "TID": 1968, "Arguments": [ "Arg1", "IN", "HMODULE", "0x28ff2a", "0x74f10000", "Arg2", "IN", "LPCSTR", "0x28ff2e", "SetEvent" ], "Timesptamp": "00000001.894509", "FunctionName": "GetProcAddress", "ModuleName": "kernel32.dll", "Return": "0x74f216c5", "Status": 0 }
{ "Address": "0x70c446", "Opcode": "ff9594070000", "Opcodesize": 6, "Mnemonic": "call dword ptr [ebp + 0x794]", "PID": 1108, "TID": 1968, "Arguments": [ "Arg1", "IN", "HMODULE", "0x28ff2a", "0x74f10000", "Arg2", "IN", "LPCSTR", "0x28ff2e", "SetLastError" ], "Timesptamp": "00000001.918441", "FunctionName": "GetProcAddress", "ModuleName": "kernel32.dll", "Return": "0x74f211a9", "Status": 0 }
{ "Address": "0x70c446", "Opcode": "ff9594070000", "Opcodesize": 6, "Mnemonic": "call dword ptr [ebp + 0x794]", "PID": 1108, "TID": 1968, "Arguments": [ "Arg1", "IN", "HMODULE", "0x28ff2a", "0x74f10000", "Arg2", "IN", "LPCSTR", "0x28ff2e", "SetUnhandledExceptionFilter" ], "Timesptamp": "00000001.941578", "FunctionName": "GetProcAddress", "ModuleName": "kernel32.dll", "Return": "0x74f287c9", "Status": 0 }
{ "Address": "0x70c446", "Opcode": "ff9594070000", "Opcodesize": 6, "Mnemonic": "call dword ptr [ebp + 0x794]", "PID": 1108, "TID": 1968, "Arguments": [ "Arg1", "IN", "HMODULE", "0x28ff2a", "0x74f10000", "Arg2", "IN", "LPCSTR", "0x28ff2e", "Sleep" ], "Timesptamp": "00000001.964393", "FunctionName": "GetProcAddress", "ModuleName": "kernel32.dll", "Return": "0x74f210ff", "Status": 0 }
{ "Address": "0x70c446", "Opcode": "ff9594070000", "Opcodesize": 6, "Mnemonic": "call dword ptr [ebp + 0x794]", "PID": 1108, "TID": 1968, "Arguments": [ "Arg1", "IN", "HMODULE", "0x28ff2a", "0x74f10000", "Arg2", "IN", "LPCSTR", "0x28ff2e", "TerminateProcess" ], "Timesptamp": "00000001.987584", "FunctionName": "GetProcAddress", "ModuleName": "kernel32.dll", "Return": "0x74f3d802", "Status": 0 }
{ "Address": "0x70c446", "Opcode": "ff9594070000", "Opcodesize": 6, "Mnemonic": "call dword ptr [ebp + 0x794]", "PID": 1108, "TID": 1968, "Arguments": [ "Arg1", "IN", "HMODULE", "0x28ff2a", "0x74f10000", "Arg2", "IN", "LPCSTR", "0x28ff2e", "TlsAlloc" ], "Timesptamp": "00000002.010527", "FunctionName": "GetProcAddress", "ModuleName": "kernel32.dll", "Return": "0x74f249ad", "Status": 0 }
{ "Address": "0x70c446", "Opcode": "ff9594070000", "Opcodesize": 6, "Mnemonic": "call dword ptr [ebp + 0x794]", "PID": 1108, "TID": 1968, "Arguments": [ "Arg1", "IN", "HMODULE", "0x28ff2a", "0x74f10000", "Arg2", "IN", "LPCSTR", "0x28ff2e", "TlsFree" ], "Timesptamp": "00000002.033507", "FunctionName": "GetProcAddress", "ModuleName": "kernel32.dll", "Return": "0x74f23587", "Status": 0 }
{ "Address": "0x70c446", "Opcode": "ff9594070000", "Opcodesize": 6, "Mnemonic": "call dword ptr [ebp + 0x794]", "PID": 1108, "TID": 1968, "Arguments": [ "Arg1", "IN", "HMODULE", "0x28ff2a", "0x74f10000", "Arg2", "IN", "LPCSTR", "0x28ff2e", "TlsGetValue" ], "Timesptamp": "00000002.057014", "FunctionName": "GetProcAddress", "ModuleName": "kernel32.dll", "Return": "0x74f211e0", "Status": 0 }
{ "Address": "0x70c446", "Opcode": "ff9594070000", "Opcodesize": 6, "Mnemonic": "call dword ptr [ebp + 0x794]", "PID": 1108, "TID": 1968, "Arguments": [ "Arg1", "IN", "HMODULE", "0x28ff2a", "0x74f10000", "Arg2", "IN", "LPCSTR", "0x28ff2e", "TlsSetValue" ], "Timesptamp": "00000002.079829", "FunctionName": "GetProcAddress", "ModuleName": "kernel32.dll", "Return": "0x74f214fb", "Status": 0 }
{ "Address": "0x70c446", "Opcode": "ff9594070000", "Opcodesize": 6, "Mnemonic": "call dword ptr [ebp + 0x794]", "PID": 1108, "TID": 1968, "Arguments": [ "Arg1", "IN", "HMODULE", "0x28ff2a", "0x74f10000", "Arg2", "IN", "LPCSTR", "0x28ff2e", "UnhandledExceptionFilter" ], "Timesptamp": "00000002.102795", "FunctionName": "GetProcAddress", "ModuleName": "kernel32.dll", "Return": "0x74f4772f", "Status": 0 }
{ "Address": "0x70c446", "Opcode": "ff9594070000", "Opcodesize": 6, "Mnemonic": "call dword ptr [ebp + 0x794]", "PID": 1108, "TID": 1968, "Arguments": [ "Arg1", "IN", "HMODULE", "0x28ff2a", "0x74f10000", "Arg2", "IN", "LPCSTR", "0x28ff2e", "VirtualProtect" ], "Timesptamp": "00000002.125601", "FunctionName": "GetProcAddress", "ModuleName": "kernel32.dll", "Return": "0x74f2435f", "Status": 0 }
{ "Address": "0x70c446", "Opcode": "ff9594070000", "Opcodesize": 6, "Mnemonic": "call dword ptr [ebp + 0x794]", "PID": 1108, "TID": 1968, "Arguments": [ "Arg1", "IN", "HMODULE", "0x28ff2a", "0x74f10000", "Arg2", "IN", "LPCSTR", "0x28ff2e", "VirtualQuery" ], "Timesptamp": "00000002.156620", "FunctionName": "GetProcAddress", "ModuleName": "kernel32.dll", "Return": "0x74f2445a", "Status": 0 }
{ "Address": "0x70c446", "Opcode": "ff9594070000", "Opcodesize": 6, "Mnemonic": "call dword ptr [ebp + 0x794]", "PID": 1108, "TID": 1968, "Arguments": [ "Arg1", "IN", "HMODULE", "0x28ff2a", "0x74f10000", "Arg2", "IN", "LPCSTR", "0x28ff2e", "WaitForSingleObject" ], "Timesptamp": "00000002.180868", "FunctionName": "GetProcAddress", "ModuleName": "kernel32.dll", "Return": "0x74f21136", "Status": 0 }
{ "Address": "0x70c446", "Opcode": "ff9594070000", "Opcodesize": 6, "Mnemonic": "call dword ptr [ebp + 0x794]", "PID": 1108, "TID": 1968, "Arguments": [ "Arg1", "IN", "HMODULE", "0x28ff2a", "0x74f10000", "Arg2", "IN", "LPCSTR", "0x28ff2e", "WideCharToMultiByte" ], "Timesptamp": "00000002.204672", "FunctionName": "GetProcAddress", "ModuleName": "kernel32.dll", "Return": "0x74f2170d", "Status": 0 }
{ "Address": "0x70c3ca", "Opcode": "ff9590070000", "Opcodesize": 6, "Mnemonic": "call dword ptr [ebp + 0x790]", "PID": 1108, "TID": 1968, "Arguments": [ "Arg1", "IN", "LPCTSTR", "0x28ff4e", "msvcrt.dll" ], "Timesptamp": "00000002.226672", "FunctionName": "LoadLibraryA", "ModuleName": "kernel32.dll", "Return": "0x76190000", "Status": 0 }
{ "Address": "0x70c446", "Opcode": "ff9594070000", "Opcodesize": 6, "Mnemonic": "call dword ptr [ebp + 0x794]", "PID": 1108, "TID": 1968, "Arguments": [ "Arg1", "IN", "HMODULE", "0x28ff2a", "0x76190000", "Arg2", "IN", "LPCSTR", "0x28ff2e", "__dllonexit" ], "Timesptamp": "00000002.247506", "FunctionName": "GetProcAddress", "ModuleName": "kernel32.dll", "Return": "0x7619f509", "Status": 0 }
{ "Address": "0x70c446", "Opcode": "ff9594070000", "Opcodesize": 6, "Mnemonic": "call dword ptr [ebp + 0x794]", "PID": 1108, "TID": 1968, "Arguments": [ "Arg1", "IN", "HMODULE", "0x28ff2a", "0x76190000", "Arg2", "IN", "LPCSTR", "0x28ff2e", "__getmainargs" ], "Timesptamp": "00000002.266186", "FunctionName": "GetProcAddress", "ModuleName": "kernel32.dll", "Return": "0x761a2bc0", "Status": 0 }
{ "Address": "0x70c446", "Opcode": "ff9594070000", "Opcodesize": 6, "Mnemonic": "call dword ptr [ebp + 0x794]", "PID": 1108, "TID": 1968, "Arguments": [ "Arg1", "IN", "HMODULE", "0x28ff2a", "0x76190000", "Arg2", "IN", "LPCSTR", "0x28ff2e", "__initenv" ], "Timesptamp": "00000002.284435", "FunctionName": "GetProcAddress", "ModuleName": "kernel32.dll", "Return": "0x762304e8", "Status": 0 }
{ "Address": "0x70c446", "Opcode": "ff9594070000", "Opcodesize": 6, "Mnemonic": "call dword ptr [ebp + 0x794]", "PID": 1108, "TID": 1968, "Arguments": [ "Arg1", "IN", "HMODULE", "0x28ff2a", "0x76190000", "Arg2", "IN", "LPCSTR", "0x28ff2e", "__lconv_init" ], "Timesptamp": "00000002.302739", "FunctionName": "GetProcAddress", "ModuleName": "kernel32.dll", "Return": "0x761f5ed1", "Status": 0 }
{ "Address": "0x70c446", "Opcode": "ff9594070000", "Opcodesize": 6, "Mnemonic": "call dword ptr [ebp + 0x794]", "PID": 1108, "TID": 1968, "Arguments": [ "Arg1", "IN", "HMODULE", "0x28ff2a", "0x76190000", "Arg2", "IN", "LPCSTR", "0x28ff2e", "__mb_cur_max" ], "Timesptamp": "00000002.320642", "FunctionName": "GetProcAddress", "ModuleName": "kernel32.dll", "Return": "0x76233148", "Status": 0 }
{ "Address": "0x70c446", "Opcode": "ff9594070000", "Opcodesize": 6, "Mnemonic": "call dword ptr [ebp + 0x794]", "PID": 1108, "TID": 1968, "Arguments": [ "Arg1", "IN", "HMODULE", "0x28ff2a", "0x76190000", "Arg2", "IN", "LPCSTR", "0x28ff2e", "__set_app_type" ], "Timesptamp": "00000002.338878", "FunctionName": "GetProcAddress", "ModuleName": "kernel32.dll", "Return": "0x761a2804", "Status": 0 }
{ "Address": "0x70c446", "Opcode": "ff9594070000", "Opcodesize": 6, "Mnemonic": "call dword ptr [ebp + 0x794]", "PID": 1108, "TID": 1968, "Arguments": [ "Arg1", "IN", "HMODULE", "0x28ff2a", "0x76190000", "Arg2", "IN", "LPCSTR", "0x28ff2e", "__setusermatherr" ], "Timesptamp": "00000002.353605", "FunctionName": "GetProcAddress", "ModuleName": "kernel32.dll", "Return": "0x762277ad", "Status": 0 }
{ "Address": "0x70c446", "Opcode": "ff9594070000", "Opcodesize": 6, "Mnemonic": "call dword ptr [ebp + 0x794]", "PID": 1108, "TID": 1968, "Arguments": [ "Arg1", "IN", "HMODULE", "0x28ff2a", "0x76190000", "Arg2", "IN", "LPCSTR", "0x28ff2e", "_access" ], "Timesptamp": "00000002.372061", "FunctionName": "GetProcAddress", "ModuleName": "kernel32.dll", "Return": "0x761aa7ed", "Status": 0 }
{ "Address": "0x70c446", "Opcode": "ff9594070000", "Opcodesize": 6, "Mnemonic": "call dword ptr [ebp + 0x794]", "PID": 1108, "TID": 1968, "Arguments": [ "Arg1", "IN", "HMODULE", "0x28ff2a", "0x76190000", "Arg2", "IN", "LPCSTR", "0x28ff2e", "_acmdln" ], "Timesptamp": "00000002.389993", "FunctionName": "GetProcAddress", "ModuleName": "kernel32.dll", "Return": "0x762304d8", "Status": 0 }
{ "Address": "0x70c446", "Opcode": "ff9594070000", "Opcodesize": 6, "Mnemonic": "call dword ptr [ebp + 0x794]", "PID": 1108, "TID": 1968, "Arguments": [ "Arg1", "IN", "HMODULE", "0x28ff2a", "0x76190000", "Arg2", "IN", "LPCSTR", "0x28ff2e", "_amsg_exit" ], "Timesptamp": "00000002.407920", "FunctionName": "GetProcAddress", "ModuleName": "kernel32.dll", "Return": "0x761fb2ef", "Status": 0 }
{ "Address": "0x70c446", "Opcode": "ff9594070000", "Opcodesize": 6, "Mnemonic": "call dword ptr [ebp + 0x794]", "PID": 1108, "TID": 1968, "Arguments": [ "Arg1", "IN", "HMODULE", "0x28ff2a", "0x76190000", "Arg2", "IN", "LPCSTR", "0x28ff2e", "_beginthreadex" ], "Timesptamp": "00000002.425956", "FunctionName": "GetProcAddress", "ModuleName": "kernel32.dll", "Return": "0x761a132e", "Status": 0 }
{ "Address": "0x70c446", "Opcode": "ff9594070000", "Opcodesize": 6, "Mnemonic": "call dword ptr [ebp + 0x794]", "PID": 1108, "TID": 1968, "Arguments": [ "Arg1", "IN", "HMODULE", "0x28ff2a", "0x76190000", "Arg2", "IN", "LPCSTR", "0x28ff2e", "_cexit" ], "Timesptamp": "00000002.444159", "FunctionName": "GetProcAddress", "ModuleName": "kernel32.dll", "Return": "0x761a37d4", "Status": 0 }
{ "Address": "0x70c446", "Opcode": "ff9594070000", "Opcodesize": 6, "Mnemonic": "call dword ptr [ebp + 0x794]", "PID": 1108, "TID": 1968, "Arguments": [ "Arg1", "IN", "HMODULE", "0x28ff2a", "0x76190000", "Arg2", "IN", "LPCSTR", "0x28ff2e", "_errno" ], "Timesptamp": "00000002.462094", "FunctionName": "GetProcAddress", "ModuleName": "kernel32.dll", "Return": "0x7619a5b8", "Status": 0 }
{ "Address": "0x70c446", "Opcode": "ff9594070000", "Opcodesize": 6, "Mnemonic": "call dword ptr [ebp + 0x794]", "PID": 1108, "TID": 1968, "Arguments": [ "Arg1", "IN", "HMODULE", "0x28ff2a", "0x76190000", "Arg2", "IN", "LPCSTR", "0x28ff2e", "_exit" ], "Timesptamp": "00000002.480365", "FunctionName": "GetProcAddress", "ModuleName": "kernel32.dll", "Return": "0x761fb2c0", "Status": 0 }
{ "Address": "0x70c446", "Opcode": "ff9594070000", "Opcodesize": 6, "Mnemonic": "call dword ptr [ebp + 0x794]", "PID": 1108, "TID": 1968, "Arguments": [ "Arg1", "IN", "HMODULE", "0x28ff2a", "0x76190000", "Arg2", "IN", "LPCSTR", "0x28ff2e", "_fmode" ], "Timesptamp": "00000002.498332", "FunctionName": "GetProcAddress", "ModuleName": "kernel32.dll", "Return": "0x762331f4", "Status": 0 }
{ "Address": "0x70c446", "Opcode": "ff9594070000", "Opcodesize": 6, "Mnemonic": "call dword ptr [ebp + 0x794]", "PID": 1108, "TID": 1968, "Arguments": [ "Arg1", "IN", "HMODULE", "0x28ff2a", "0x76190000", "Arg2", "IN", "LPCSTR", "0x28ff2e", "_fstati64" ], "Timesptamp": "00000002.516407", "FunctionName": "GetProcAddress", "ModuleName": "kernel32.dll", "Return": "0x761b7bb8", "Status": 0 }
{ "Address": "0x70c446", "Opcode": "ff9594070000", "Opcodesize": 6, "Mnemonic": "call dword ptr [ebp + 0x794]", "PID": 1108, "TID": 1968, "Arguments": [ "Arg1", "IN", "HMODULE", "0x28ff2a", "0x76190000", "Arg2", "IN", "LPCSTR", "0x28ff2e", "_hypot" ], "Timesptamp": "00000002.534371", "FunctionName": "GetProcAddress", "ModuleName": "kernel32.dll", "Return": "0x761be920", "Status": 0 }
{ "Address": "0x70c446", "Opcode": "ff9594070000", "Opcodesize": 6, "Mnemonic": "call dword ptr [ebp + 0x794]", "PID": 1108, "TID": 1968, "Arguments": [ "Arg1", "IN", "HMODULE", "0x28ff2a", "0x76190000", "Arg2", "IN", "LPCSTR", "0x28ff2e", "_initterm" ], "Timesptamp": "00000002.552980", "FunctionName": "GetProcAddress", "ModuleName": "kernel32.dll", "Return": "0x7619c151", "Status": 0 }
{ "Address": "0x70c446", "Opcode": "ff9594070000", "Opcodesize": 6, "Mnemonic": "call dword ptr [ebp + 0x794]", "PID": 1108, "TID": 1968, "Arguments": [ "Arg1", "IN", "HMODULE", "0x28ff2a", "0x76190000", "Arg2", "IN", "LPCSTR", "0x28ff2e", "_iob" ], "Timesptamp": "00000002.571069", "FunctionName": "GetProcAddress", "ModuleName": "kernel32.dll", "Return": "0x76232900", "Status": 0 }
{ "Address": "0x70c446", "Opcode": "ff9594070000", "Opcodesize": 6, "Mnemonic": "call dword ptr [ebp + 0x794]", "PID": 1108, "TID": 1968, "Arguments": [ "Arg1", "IN", "HMODULE", "0x28ff2a", "0x76190000", "Arg2", "IN", "LPCSTR", "0x28ff2e", "_lock" ], "Timesptamp": "00000002.589144", "FunctionName": "GetProcAddress", "ModuleName": "kernel32.dll", "Return": "0x7619a449", "Status": 0 }
{ "Address": "0x70c446", "Opcode": "ff9594070000", "Opcodesize": 6, "Mnemonic": "call dword ptr [ebp + 0x794]", "PID": 1108, "TID": 1968, "Arguments": [ "Arg1", "IN", "HMODULE", "0x28ff2a", "0x76190000", "Arg2", "IN", "LPCSTR", "0x28ff2e", "_lseeki64" ], "Timesptamp": "00000002.607231", "FunctionName": "GetProcAddress", "ModuleName": "kernel32.dll", "Return": "0x761a4303", "Status": 0 }
{ "Address": "0x70c446", "Opcode": "ff9594070000", "Opcodesize": 6, "Mnemonic": "call dword ptr [ebp + 0x794]", "PID": 1108, "TID": 1968, "Arguments": [ "Arg1", "IN", "HMODULE", "0x28ff2a", "0x76190000", "Arg2", "IN", "LPCSTR", "0x28ff2e", "_onexit" ], "Timesptamp": "00000002.625222", "FunctionName": "GetProcAddress", "ModuleName": "kernel32.dll", "Return": "0x761a112d", "Status": 0 }
{ "Address": "0x70c446", "Opcode": "ff9594070000", "Opcodesize": 6, "Mnemonic": "call dword ptr [ebp + 0x794]", "PID": 1108, "TID": 1968, "Arguments": [ "Arg1", "IN", "HMODULE", "0x28ff2a", "0x76190000", "Arg2", "IN", "LPCSTR", "0x28ff2e", "_rmdir" ], "Timesptamp": "00000002.643199", "FunctionName": "GetProcAddress", "ModuleName": "kernel32.dll", "Return": "0x761e3f09", "Status": 0 }
{ "Address": "0x70c446", "Opcode": "ff9594070000", "Opcodesize": 6, "Mnemonic": "call dword ptr [ebp + 0x794]", "PID": 1108, "TID": 1968, "Arguments": [ "Arg1", "IN", "HMODULE", "0x28ff2a", "0x76190000", "Arg2", "IN", "LPCSTR", "0x28ff2e", "_snwprintf" ], "Timesptamp": "00000002.661169", "FunctionName": "GetProcAddress", "ModuleName": "kernel32.dll", "Return": "0x761b95d1", "Status": 0 }
{ "Address": "0x70c446", "Opcode": "ff9594070000", "Opcodesize": 6, "Mnemonic": "call dword ptr [ebp + 0x794]", "PID": 1108, "TID": 1968, "Arguments": [ "Arg1", "IN", "HMODULE", "0x28ff2a", "0x76190000", "Arg2", "IN", "LPCSTR", "0x28ff2e", "_sopen" ], "Timesptamp": "00000002.679259", "FunctionName": "GetProcAddress", "ModuleName": "kernel32.dll", "Return": "0x761f024e", "Status": 0 }
{ "Address": "0x70c446", "Opcode": "ff9594070000", "Opcodesize": 6, "Mnemonic": "call dword ptr [ebp + 0x794]", "PID": 1108, "TID": 1968, "Arguments": [ "Arg1", "IN", "HMODULE", "0x28ff2a", "0x76190000", "Arg2", "IN", "LPCSTR", "0x28ff2e", "mktime" ], "Timesptamp": "00000002.697196", "FunctionName": "GetProcAddress", "ModuleName": "kernel32.dll", "Return": "0x761b5f85", "Status": 0 }
{ "Address": "0x70c446", "Opcode": "ff9594070000", "Opcodesize": 6, "Mnemonic": "call dword ptr [ebp + 0x794]", "PID": 1108, "TID": 1968, "Arguments": [ "Arg1", "IN", "HMODULE", "0x28ff2a", "0x76190000", "Arg2", "IN", "LPCSTR", "0x28ff2e", "localtime" ], "Timesptamp": "00000002.715191", "FunctionName": "GetProcAddress", "ModuleName": "kernel32.dll", "Return": "0x761a7511", "Status": 0 }
{ "Address": "0x70c446", "Opcode": "ff9594070000", "Opcodesize": 6, "Mnemonic": "call dword ptr [ebp + 0x794]", "PID": 1108, "TID": 1968, "Arguments": [ "Arg1", "IN", "HMODULE", "0x28ff2a", "0x76190000", "Arg2", "IN", "LPCSTR", "0x28ff2e", "gmtime" ], "Timesptamp": "00000002.733314", "FunctionName": "GetProcAddress", "ModuleName": "kernel32.dll", "Return": "0x76212929", "Status": 0 }
{ "Address": "0x70c446", "Opcode": "ff9594070000", "Opcodesize": 6, "Mnemonic": "call dword ptr [ebp + 0x794]", "PID": 1108, "TID": 1968, "Arguments": [ "Arg1", "IN", "HMODULE", "0x28ff2a", "0x76190000", "Arg2", "IN", "LPCSTR", "0x28ff2e", "_stati64" ], "Timesptamp": "00000002.751291", "FunctionName": "GetProcAddress", "ModuleName": "kernel32.dll", "Return": "0x761b7a86", "Status": 0 }
{ "Address": "0x70c446", "Opcode": "ff9594070000", "Opcodesize": 6, "Mnemonic": "call dword ptr [ebp + 0x794]", "PID": 1108, "TID": 1968, "Arguments": [ "Arg1", "IN", "HMODULE", "0x28ff2a", "0x76190000", "Arg2", "IN", "LPCSTR", "0x28ff2e", "_strnicmp" ], "Timesptamp": "00000002.769236", "FunctionName": "GetProcAddress", "ModuleName": "kernel32.dll", "Return": "0x761a0578", "Status": 0 }
{ "Address": "0x70c446", "Opcode": "ff9594070000", "Opcodesize": 6, "Mnemonic": "call dword ptr [ebp + 0x794]", "PID": 1108, "TID": 1968, "Arguments": [ "Arg1", "IN", "HMODULE", "0x28ff2a", "0x76190000", "Arg2", "IN", "LPCSTR", "0x28ff2e", "bsearch" ], "Timesptamp": "00000002.787346", "FunctionName": "GetProcAddress", "ModuleName": "kernel32.dll", "Return": "0x7619b34a", "Status": 0 }
{ "Address": "0x70c446", "Opcode": "ff9594070000", "Opcodesize": 6, "Mnemonic": "call dword ptr [ebp + 0x794]", "PID": 1108, "TID": 1968, "Arguments": [ "Arg1", "IN", "HMODULE", "0x28ff2a", "0x76190000", "Arg2", "IN", "LPCSTR", "0x28ff2e", "calloc" ], "Timesptamp": "00000002.805312", "FunctionName": "GetProcAddress", "ModuleName": "kernel32.dll", "Return": "0x7619c456", "Status": 0 }
{ "Address": "0x70c446", "Opcode": "ff9594070000", "Opcodesize": 6, "Mnemonic": "call dword ptr [ebp + 0x794]", "PID": 1108, "TID": 1968, "Arguments": [ "Arg1", "IN", "HMODULE", "0x28ff2a", "0x76190000", "Arg2", "IN", "LPCSTR", "0x28ff2e", "clock" ], "Timesptamp": "00000002.823341", "FunctionName": "GetProcAddress", "ModuleName": "kernel32.dll", "Return": "0x761ad2eb", "Status": 0 }
{ "Address": "0x70c446", "Opcode": "ff9594070000", "Opcodesize": 6, "Mnemonic": "call dword ptr [ebp + 0x794]", "PID": 1108, "TID": 1968, "Arguments": [ "Arg1", "IN", "HMODULE", "0x28ff2a", "0x76190000", "Arg2", "IN", "LPCSTR", "0x28ff2e", "cosh" ], "Timesptamp": "00000002.841316", "FunctionName": "GetProcAddress", "ModuleName": "kernel32.dll", "Return": "0x761c0c5f", "Status": 0 }
{ "Address": "0x70c446", "Opcode": "ff9594070000", "Opcodesize": 6, "Mnemonic": "call dword ptr [ebp + 0x794]", "PID": 1108, "TID": 1968, "Arguments": [ "Arg1", "IN", "HMODULE", "0x28ff2a", "0x76190000", "Arg2", "IN", "LPCSTR", "0x28ff2e", "exit" ], "Timesptamp": "00000002.859375", "FunctionName": "GetProcAddress", "ModuleName": "kernel32.dll", "Return": "0x761a36aa", "Status": 0 }
{ "Address": "0x70c446", "Opcode": "ff9594070000", "Opcodesize": 6, "Mnemonic": "call dword ptr [ebp + 0x794]", "PID": 1108, "TID": 1968, "Arguments": [ "Arg1", "IN", "HMODULE", "0x28ff2a", "0x76190000", "Arg2", "IN", "LPCSTR", "0x28ff2e", "fflush" ], "Timesptamp": "00000002.877483", "FunctionName": "GetProcAddress", "ModuleName": "kernel32.dll", "Return": "0x761a4142", "Status": 0 }
{ "Address": "0x70c446", "Opcode": "ff9594070000", "Opcodesize": 6, "Mnemonic": "call dword ptr [ebp + 0x794]", "PID": 1108, "TID": 1968, "Arguments": [ "Arg1", "IN", "HMODULE", "0x28ff2a", "0x76190000", "Arg2", "IN", "LPCSTR", "0x28ff2e", "fopen" ], "Timesptamp": "00000002.895478", "FunctionName": "GetProcAddress", "ModuleName": "kernel32.dll", "Return": "0x761ab2c4", "Status": 0 }
{ "Address": "0x70c446", "Opcode": "ff9594070000", "Opcodesize": 6, "Mnemonic": "call dword ptr [ebp + 0x794]", "PID": 1108, "TID": 1968, "Arguments": [ "Arg1", "IN", "HMODULE", "0x28ff2a", "0x76190000", "Arg2", "IN", "LPCSTR", "0x28ff2e", "fprintf" ], "Timesptamp": "00000002.913623", "FunctionName": "GetProcAddress", "ModuleName": "kernel32.dll", "Return": "0x761a3e00", "Status": 0 }
{ "Address": "0x70c446", "Opcode": "ff9594070000", "Opcodesize": 6, "Mnemonic": "call dword ptr [ebp + 0x794]", "PID": 1108, "TID": 1968, "Arguments": [ "Arg1", "IN", "HMODULE", "0x28ff2a", "0x76190000", "Arg2", "IN", "LPCSTR", "0x28ff2e", "fputc" ], "Timesptamp": "00000002.931591", "FunctionName": "GetProcAddress", "ModuleName": "kernel32.dll", "Return": "0x762087c3", "Status": 0 }
{ "Address": "0x70c446", "Opcode": "ff9594070000", "Opcodesize": 6, "Mnemonic": "call dword ptr [ebp + 0x794]", "PID": 1108, "TID": 1968, "Arguments": [ "Arg1", "IN", "HMODULE", "0x28ff2a", "0x76190000", "Arg2", "IN", "LPCSTR", "0x28ff2e", "fputs" ], "Timesptamp": "00000002.949806", "FunctionName": "GetProcAddress", "ModuleName": "kernel32.dll", "Return": "0x761b6c38", "Status": 0 }
{ "Address": "0x70c446", "Opcode": "ff9594070000", "Opcodesize": 6, "Mnemonic": "call dword ptr [ebp + 0x794]", "PID": 1108, "TID": 1968, "Arguments": [ "Arg1", "IN", "HMODULE", "0x28ff2a", "0x76190000", "Arg2", "IN", "LPCSTR", "0x28ff2e", "free" ], "Timesptamp": "00000002.967801", "FunctionName": "GetProcAddress", "ModuleName": "kernel32.dll", "Return": "0x76199894", "Status": 0 }
{ "Address": "0x70c446", "Opcode": "ff9594070000", "Opcodesize": 6, "Mnemonic": "call dword ptr [ebp + 0x794]", "PID": 1108, "TID": 1968, "Arguments": [ "Arg1", "IN", "HMODULE", "0x28ff2a", "0x76190000", "Arg2", "IN", "LPCSTR", "0x28ff2e", "frexp" ], "Timesptamp": "00000002.986153", "FunctionName": "GetProcAddress", "ModuleName": "kernel32.dll", "Return": "0x761b78c7", "Status": 0 }
{ "Address": "0x70c446", "Opcode": "ff9594070000", "Opcodesize": 6, "Mnemonic": "call dword ptr [ebp + 0x794]", "PID": 1108, "TID": 1968, "Arguments": [ "Arg1", "IN", "HMODULE", "0x28ff2a", "0x76190000", "Arg2", "IN", "LPCSTR", "0x28ff2e", "fwprintf" ], "Timesptamp": "00000003.004162", "FunctionName": "GetProcAddress", "ModuleName": "kernel32.dll", "Return": "0x761b6ef7", "Status": 0 }
{ "Address": "0x70c446", "Opcode": "ff9594070000", "Opcodesize": 6, "Mnemonic": "call dword ptr [ebp + 0x794]", "PID": 1108, "TID": 1968, "Arguments": [ "Arg1", "IN", "HMODULE", "0x28ff2a", "0x76190000", "Arg2", "IN", "LPCSTR", "0x28ff2e", "fwrite" ], "Timesptamp": "00000003.022144", "FunctionName": "GetProcAddress", "ModuleName": "kernel32.dll", "Return": "0x761a76ac", "Status": 0 }
{ "Address": "0x70c446", "Opcode": "ff9594070000", "Opcodesize": 6, "Mnemonic": "call dword ptr [ebp + 0x794]", "PID": 1108, "TID": 1968, "Arguments": [ "Arg1", "IN", "HMODULE", "0x28ff2a", "0x76190000", "Arg2", "IN", "LPCSTR", "0x28ff2e", "getc" ], "Timesptamp": "00000003.040237", "FunctionName": "GetProcAddress", "ModuleName": "kernel32.dll", "Return": "0x761a9950", "Status": 0 }
{ "Address": "0x70c446", "Opcode": "ff9594070000", "Opcodesize": 6, "Mnemonic": "call dword ptr [ebp + 0x794]", "PID": 1108, "TID": 1968, "Arguments": [ "Arg1", "IN", "HMODULE", "0x28ff2a", "0x76190000", "Arg2", "IN", "LPCSTR", "0x28ff2e", "getenv" ], "Timesptamp": "00000003.058278", "FunctionName": "GetProcAddress", "ModuleName": "kernel32.dll", "Return": "0x761aa419", "Status": 0 }
{ "Address": "0x70c446", "Opcode": "ff9594070000", "Opcodesize": 6, "Mnemonic": "call dword ptr [ebp + 0x794]", "PID": 1108, "TID": 1968, "Arguments": [ "Arg1", "IN", "HMODULE", "0x28ff2a", "0x76190000", "Arg2", "IN", "LPCSTR", "0x28ff2e", "islower" ], "Timesptamp": "00000003.076236", "FunctionName": "GetProcAddress", "ModuleName": "kernel32.dll", "Return": "0x761bf0f7", "Status": 0 }
{ "Address": "0x70c446", "Opcode": "ff9594070000", "Opcodesize": 6, "Mnemonic": "call dword ptr [ebp + 0x794]", "PID": 1108, "TID": 1968, "Arguments": [ "Arg1", "IN", "HMODULE", "0x28ff2a", "0x76190000", "Arg2", "IN", "LPCSTR", "0x28ff2e", "isspace" ], "Timesptamp": "00000003.094226", "FunctionName": "GetProcAddress", "ModuleName": "kernel32.dll", "Return": "0x7619c395", "Status": 0 }
{ "Address": "0x70c446", "Opcode": "ff9594070000", "Opcodesize": 6, "Mnemonic": "call dword ptr [ebp + 0x794]", "PID": 1108, "TID": 1968, "Arguments": [ "Arg1", "IN", "HMODULE", "0x28ff2a", "0x76190000", "Arg2", "IN", "LPCSTR", "0x28ff2e", "isupper" ], "Timesptamp": "00000003.112357", "FunctionName": "GetProcAddress", "ModuleName": "kernel32.dll", "Return": "0x761ac1ca", "Status": 0 }
{ "Address": "0x70c446", "Opcode": "ff9594070000", "Opcodesize": 6, "Mnemonic": "call dword ptr [ebp + 0x794]", "PID": 1108, "TID": 1968, "Arguments": [ "Arg1", "IN", "HMODULE", "0x28ff2a", "0x76190000", "Arg2", "IN", "LPCSTR", "0x28ff2e", "iswctype" ], "Timesptamp": "00000003.133212", "FunctionName": "GetProcAddress", "ModuleName": "kernel32.dll", "Return": "0x7619aa8c", "Status": 0 }
{ "Address": "0x70c446", "Opcode": "ff9594070000", "Opcodesize": 6, "Mnemonic": "call dword ptr [ebp + 0x794]", "PID": 1108, "TID": 1968, "Arguments": [ "Arg1", "IN", "HMODULE", "0x28ff2a", "0x76190000", "Arg2", "IN", "LPCSTR", "0x28ff2e", "isxdigit" ], "Timesptamp": "00000003.151227", "FunctionName": "GetProcAddress", "ModuleName": "kernel32.dll", "Return": "0x761a1070", "Status": 0 }
{ "Address": "0x70c446", "Opcode": "ff9594070000", "Opcodesize": 6, "Mnemonic": "call dword ptr [ebp + 0x794]", "PID": 1108, "TID": 1968, "Arguments": [ "Arg1", "IN", "HMODULE", "0x28ff2a", "0x76190000", "Arg2", "IN", "LPCSTR", "0x28ff2e", "localeconv" ], "Timesptamp": "00000003.172386", "FunctionName": "GetProcAddress", "ModuleName": "kernel32.dll", "Return": "0x761a06a8", "Status": 0 }
{ "Address": "0x70c446", "Opcode": "ff9594070000", "Opcodesize": 6, "Mnemonic": "call dword ptr [ebp + 0x794]", "PID": 1108, "TID": 1968, "Arguments": [ "Arg1", "IN", "HMODULE", "0x28ff2a", "0x76190000", "Arg2", "IN", "LPCSTR", "0x28ff2e", "log10" ], "Timesptamp": "00000003.190911", "FunctionName": "GetProcAddress", "ModuleName": "kernel32.dll", "Return": "0x761c0d69", "Status": 0 }
{ "Address": "0x70c446", "Opcode": "ff9594070000", "Opcodesize": 6, "Mnemonic": "call dword ptr [ebp + 0x794]", "PID": 1108, "TID": 1968, "Arguments": [ "Arg1", "IN", "HMODULE", "0x28ff2a", "0x76190000", "Arg2", "IN", "LPCSTR", "0x28ff2e", "malloc" ], "Timesptamp": "00000003.208892", "FunctionName": "GetProcAddress", "ModuleName": "kernel32.dll", "Return": "0x76199cee", "Status": 0 }
{ "Address": "0x70c446", "Opcode": "ff9594070000", "Opcodesize": 6, "Mnemonic": "call dword ptr [ebp + 0x794]", "PID": 1108, "TID": 1968, "Arguments": [ "Arg1", "IN", "HMODULE", "0x28ff2a", "0x76190000", "Arg2", "IN", "LPCSTR", "0x28ff2e", "memchr" ], "Timesptamp": "00000003.227027", "FunctionName": "GetProcAddress", "ModuleName": "kernel32.dll", "Return": "0x761ae134", "Status": 0 }
{ "Address": "0x70c446", "Opcode": "ff9594070000", "Opcodesize": 6, "Mnemonic": "call dword ptr [ebp + 0x794]", "PID": 1108, "TID": 1968, "Arguments": [ "Arg1", "IN", "HMODULE", "0x28ff2a", "0x76190000", "Arg2", "IN", "LPCSTR", "0x28ff2e", "memcmp" ], "Timesptamp": "00000003.245158", "FunctionName": "GetProcAddress", "ModuleName": "kernel32.dll", "Return": "0x761a7975", "Status": 0 }
{ "Address": "0x70c446", "Opcode": "ff9594070000", "Opcodesize": 6, "Mnemonic": "call dword ptr [ebp + 0x794]", "PID": 1108, "TID": 1968, "Arguments": [ "Arg1", "IN", "HMODULE", "0x28ff2a", "0x76190000", "Arg2", "IN", "LPCSTR", "0x28ff2e", "memcpy" ], "Timesptamp": "00000003.263131", "FunctionName": "GetProcAddress", "ModuleName": "kernel32.dll", "Return": "0x76199910", "Status": 0 }
{ "Address": "0x70c446", "Opcode": "ff9594070000", "Opcodesize": 6, "Mnemonic": "call dword ptr [ebp + 0x794]", "PID": 1108, "TID": 1968, "Arguments": [ "Arg1", "IN", "HMODULE", "0x28ff2a", "0x76190000", "Arg2", "IN", "LPCSTR", "0x28ff2e", "memmove" ], "Timesptamp": "00000003.281267", "FunctionName": "GetProcAddress", "ModuleName": "kernel32.dll", "Return": "0x76199e5a", "Status": 0 }
{ "Address": "0x70c446", "Opcode": "ff9594070000", "Opcodesize": 6, "Mnemonic": "call dword ptr [ebp + 0x794]", "PID": 1108, "TID": 1968, "Arguments": [ "Arg1", "IN", "HMODULE", "0x28ff2a", "0x76190000", "Arg2", "IN", "LPCSTR", "0x28ff2e", "memset" ], "Timesptamp": "00000003.299391", "FunctionName": "GetProcAddress", "ModuleName": "kernel32.dll", "Return": "0x76199790", "Status": 0 }
{ "Address": "0x70c446", "Opcode": "ff9594070000", "Opcodesize": 6, "Mnemonic": "call dword ptr [ebp + 0x794]", "PID": 1108, "TID": 1968, "Arguments": [ "Arg1", "IN", "HMODULE", "0x28ff2a", "0x76190000", "Arg2", "IN", "LPCSTR", "0x28ff2e", "raise" ], "Timesptamp": "00000003.317382", "FunctionName": "GetProcAddress", "ModuleName": "kernel32.dll", "Return": "0x761f5cfb", "Status": 0 }
{ "Address": "0x70c446", "Opcode": "ff9594070000", "Opcodesize": 6, "Mnemonic": "call dword ptr [ebp + 0x794]", "PID": 1108, "TID": 1968, "Arguments": [ "Arg1", "IN", "HMODULE", "0x28ff2a", "0x76190000", "Arg2", "IN", "LPCSTR", "0x28ff2e", "rand" ], "Timesptamp": "00000003.335370", "FunctionName": "GetProcAddress", "ModuleName": "kernel32.dll", "Return": "0x7619c070", "Status": 0 }
{ "Address": "0x70c446", "Opcode": "ff9594070000", "Opcodesize": 6, "Mnemonic": "call dword ptr [ebp + 0x794]", "PID": 1108, "TID": 1968, "Arguments": [ "Arg1", "IN", "HMODULE", "0x28ff2a", "0x76190000", "Arg2", "IN", "LPCSTR", "0x28ff2e", "realloc" ], "Timesptamp": "00000003.350899", "FunctionName": "GetProcAddress", "ModuleName": "kernel32.dll", "Return": "0x7619b10d", "Status": 0 }
{ "Address": "0x70c446", "Opcode": "ff9594070000", "Opcodesize": 6, "Mnemonic": "call dword ptr [ebp + 0x794]", "PID": 1108, "TID": 1968, "Arguments": [ "Arg1", "IN", "HMODULE", "0x28ff2a", "0x76190000", "Arg2", "IN", "LPCSTR", "0x28ff2e", "setlocale" ], "Timesptamp": "00000003.365825", "FunctionName": "GetProcAddress", "ModuleName": "kernel32.dll", "Return": "0x761a5286", "Status": 0 }
{ "Address": "0x70c446", "Opcode": "ff9594070000", "Opcodesize": 6, "Mnemonic": "call dword ptr [ebp + 0x794]", "PID": 1108, "TID": 1968, "Arguments": [ "Arg1", "IN", "HMODULE", "0x28ff2a", "0x76190000", "Arg2", "IN", "LPCSTR", "0x28ff2e", "signal" ], "Timesptamp": "00000003.380761", "FunctionName": "GetProcAddress", "ModuleName": "kernel32.dll", "Return": "0x761b823c", "Status": 0 }
{ "Address": "0x70c446", "Opcode": "ff9594070000", "Opcodesize": 6, "Mnemonic": "call dword ptr [ebp + 0x794]", "PID": 1108, "TID": 1968, "Arguments": [ "Arg1", "IN", "HMODULE", "0x28ff2a", "0x76190000", "Arg2", "IN", "LPCSTR", "0x28ff2e", "sinh" ], "Timesptamp": "00000003.395976", "FunctionName": "GetProcAddress", "ModuleName": "kernel32.dll", "Return": "0x761c0c55", "Status": 0 }
{ "Address": "0x70c446", "Opcode": "ff9594070000", "Opcodesize": 6, "Mnemonic": "call dword ptr [ebp + 0x794]", "PID": 1108, "TID": 1968, "Arguments": [ "Arg1", "IN", "HMODULE", "0x28ff2a", "0x76190000", "Arg2", "IN", "LPCSTR", "0x28ff2e", "sprintf" ], "Timesptamp": "00000003.411015", "FunctionName": "GetProcAddress", "ModuleName": "kernel32.dll", "Return": "0x761ad354", "Status": 0 }
{ "Address": "0x70c446", "Opcode": "ff9594070000", "Opcodesize": 6, "Mnemonic": "call dword ptr [ebp + 0x794]", "PID": 1108, "TID": 1968, "Arguments": [ "Arg1", "IN", "HMODULE", "0x28ff2a", "0x76190000", "Arg2", "IN", "LPCSTR", "0x28ff2e", "strchr" ], "Timesptamp": "00000003.425959", "FunctionName": "GetProcAddress", "ModuleName": "kernel32.dll", "Return": "0x7619dbeb", "Status": 0 }
{ "Address": "0x70c446", "Opcode": "ff9594070000", "Opcodesize": 6, "Mnemonic": "call dword ptr [ebp + 0x794]", "PID": 1108, "TID": 1968, "Arguments": [ "Arg1", "IN", "HMODULE", "0x28ff2a", "0x76190000", "Arg2", "IN", "LPCSTR", "0x28ff2e", "strcmp" ], "Timesptamp": "00000003.440900", "FunctionName": "GetProcAddress", "ModuleName": "kernel32.dll", "Return": "0x761a8b11", "Status": 0 }
{ "Address": "0x70c446", "Opcode": "ff9594070000", "Opcodesize": 6, "Mnemonic": "call dword ptr [ebp + 0x794]", "PID": 1108, "TID": 1968, "Arguments": [ "Arg1", "IN", "HMODULE", "0x28ff2a", "0x76190000", "Arg2", "IN", "LPCSTR", "0x28ff2e", "strcoll" ], "Timesptamp": "00000003.455950", "FunctionName": "GetProcAddress", "ModuleName": "kernel32.dll", "Return": "0x76210364", "Status": 0 }
{ "Address": "0x70c446", "Opcode": "ff9594070000", "Opcodesize": 6, "Mnemonic": "call dword ptr [ebp + 0x794]", "PID": 1108, "TID": 1968, "Arguments": [ "Arg1", "IN", "HMODULE", "0x28ff2a", "0x76190000", "Arg2", "IN", "LPCSTR", "0x28ff2e", "strcpy" ], "Timesptamp": "00000003.470905", "FunctionName": "GetProcAddress", "ModuleName": "kernel32.dll", "Return": "0x761a8d6e", "Status": 0 }
{ "Address": "0x70c446", "Opcode": "ff9594070000", "Opcodesize": 6, "Mnemonic": "call dword ptr [ebp + 0x794]", "PID": 1108, "TID": 1968, "Arguments": [ "Arg1", "IN", "HMODULE", "0x28ff2a", "0x76190000", "Arg2", "IN", "LPCSTR", "0x28ff2e", "strcspn" ], "Timesptamp": "00000003.485978", "FunctionName": "GetProcAddress", "ModuleName": "kernel32.dll", "Return": "0x761ad099", "Status": 0 }
{ "Address": "0x70c446", "Opcode": "ff9594070000", "Opcodesize": 6, "Mnemonic": "call dword ptr [ebp + 0x794]", "PID": 1108, "TID": 1968, "Arguments": [ "Arg1", "IN", "HMODULE", "0x28ff2a", "0x76190000", "Arg2", "IN", "LPCSTR", "0x28ff2e", "strerror" ], "Timesptamp": "00000003.501003", "FunctionName": "GetProcAddress", "ModuleName": "kernel32.dll", "Return": "0x761b7a18", "Status": 0 }
{ "Address": "0x70c446", "Opcode": "ff9594070000", "Opcodesize": 6, "Mnemonic": "call dword ptr [ebp + 0x794]", "PID": 1108, "TID": 1968, "Arguments": [ "Arg1", "IN", "HMODULE", "0x28ff2a", "0x76190000", "Arg2", "IN", "LPCSTR", "0x28ff2e", "strftime" ], "Timesptamp": "00000003.515951", "FunctionName": "GetProcAddress", "ModuleName": "kernel32.dll", "Return": "0x76211fd5", "Status": 0 }
{ "Address": "0x70c446", "Opcode": "ff9594070000", "Opcodesize": 6, "Mnemonic": "call dword ptr [ebp + 0x794]", "PID": 1108, "TID": 1968, "Arguments": [ "Arg1", "IN", "HMODULE", "0x28ff2a", "0x76190000", "Arg2", "IN", "LPCSTR", "0x28ff2e", "strlen" ], "Timesptamp": "00000003.530889", "FunctionName": "GetProcAddress", "ModuleName": "kernel32.dll", "Return": "0x761a43d3", "Status": 0 }
{ "Address": "0x70c446", "Opcode": "ff9594070000", "Opcodesize": 6, "Mnemonic": "call dword ptr [ebp + 0x794]", "PID": 1108, "TID": 1968, "Arguments": [ "Arg1", "IN", "HMODULE", "0x28ff2a", "0x76190000", "Arg2", "IN", "LPCSTR", "0x28ff2e", "strncmp" ], "Timesptamp": "00000003.545912", "FunctionName": "GetProcAddress", "ModuleName": "kernel32.dll", "Return": "0x7619b443", "Status": 0 }
{ "Address": "0x70c446", "Opcode": "ff9594070000", "Opcodesize": 6, "Mnemonic": "call dword ptr [ebp + 0x794]", "PID": 1108, "TID": 1968, "Arguments": [ "Arg1", "IN", "HMODULE", "0x28ff2a", "0x76190000", "Arg2", "IN", "LPCSTR", "0x28ff2e", "strrchr" ], "Timesptamp": "00000003.560875", "FunctionName": "GetProcAddress", "ModuleName": "kernel32.dll", "Return": "0x7619dbae", "Status": 0 }
{ "Address": "0x70c446", "Opcode": "ff9594070000", "Opcodesize": 6, "Mnemonic": "call dword ptr [ebp + 0x794]", "PID": 1108, "TID": 1968, "Arguments": [ "Arg1", "IN", "HMODULE", "0x28ff2a", "0x76190000", "Arg2", "IN", "LPCSTR", "0x28ff2e", "strspn" ], "Timesptamp": "00000003.575832", "FunctionName": "GetProcAddress", "ModuleName": "kernel32.dll", "Return": "0x761b869c", "Status": 0 }
{ "Address": "0x70c446", "Opcode": "ff9594070000", "Opcodesize": 6, "Mnemonic": "call dword ptr [ebp + 0x794]", "PID": 1108, "TID": 1968, "Arguments": [ "Arg1", "IN", "HMODULE", "0x28ff2a", "0x76190000", "Arg2", "IN", "LPCSTR", "0x28ff2e", "strstr" ], "Timesptamp": "00000003.590783", "FunctionName": "GetProcAddress", "ModuleName": "kernel32.dll", "Return": "0x7619de4a", "Status": 0 }
{ "Address": "0x70c446", "Opcode": "ff9594070000", "Opcodesize": 6, "Mnemonic": "call dword ptr [ebp + 0x794]", "PID": 1108, "TID": 1968, "Arguments": [ "Arg1", "IN", "HMODULE", "0x28ff2a", "0x76190000", "Arg2", "IN", "LPCSTR", "0x28ff2e", "strtol" ], "Timesptamp": "00000003.605804", "FunctionName": "GetProcAddress", "ModuleName": "kernel32.dll", "Return": "0x761be8f0", "Status": 0 }
{ "Address": "0x70c446", "Opcode": "ff9594070000", "Opcodesize": 6, "Mnemonic": "call dword ptr [ebp + 0x794]", "PID": 1108, "TID": 1968, "Arguments": [ "Arg1", "IN", "HMODULE", "0x28ff2a", "0x76190000", "Arg2", "IN", "LPCSTR", "0x28ff2e", "strtoul" ], "Timesptamp": "00000003.620742", "FunctionName": "GetProcAddress", "ModuleName": "kernel32.dll", "Return": "0x761a012e", "Status": 0 }
{ "Address": "0x70c446", "Opcode": "ff9594070000", "Opcodesize": 6, "Mnemonic": "call dword ptr [ebp + 0x794]", "PID": 1108, "TID": 1968, "Arguments": [ "Arg1", "IN", "HMODULE", "0x28ff2a", "0x76190000", "Arg2", "IN", "LPCSTR", "0x28ff2e", "strxfrm" ], "Timesptamp": "00000003.635730", "FunctionName": "GetProcAddress", "ModuleName": "kernel32.dll", "Return": "0x761ae883", "Status": 0 }
{ "Address": "0x70c446", "Opcode": "ff9594070000", "Opcodesize": 6, "Mnemonic": "call dword ptr [ebp + 0x794]", "PID": 1108, "TID": 1968, "Arguments": [ "Arg1", "IN", "HMODULE", "0x28ff2a", "0x76190000", "Arg2", "IN", "LPCSTR", "0x28ff2e", "_unlink" ], "Timesptamp": "00000003.650674", "FunctionName": "GetProcAddress", "ModuleName": "kernel32.dll", "Return": "0x761b2069", "Status": 0 }
{ "Address": "0x70c446", "Opcode": "ff9594070000", "Opcodesize": 6, "Mnemonic": "call dword ptr [ebp + 0x794]", "PID": 1108, "TID": 1968, "Arguments": [ "Arg1", "IN", "HMODULE", "0x28ff2a", "0x76190000", "Arg2", "IN", "LPCSTR", "0x28ff2e", "_unlock" ], "Timesptamp": "00000003.665748", "FunctionName": "GetProcAddress", "ModuleName": "kernel32.dll", "Return": "0x7619a42d", "Status": 0 }
{ "Address": "0x70c446", "Opcode": "ff9594070000", "Opcodesize": 6, "Mnemonic": "call dword ptr [ebp + 0x794]", "PID": 1108, "TID": 1968, "Arguments": [ "Arg1", "IN", "HMODULE", "0x28ff2a", "0x76190000", "Arg2", "IN", "LPCSTR", "0x28ff2e", "_waccess" ], "Timesptamp": "00000003.680677", "FunctionName": "GetProcAddress", "ModuleName": "kernel32.dll", "Return": "0x761b4790", "Status": 0 }
{ "Address": "0x70c446", "Opcode": "ff9594070000", "Opcodesize": 6, "Mnemonic": "call dword ptr [ebp + 0x794]", "PID": 1108, "TID": 1968, "Arguments": [ "Arg1", "IN", "HMODULE", "0x28ff2a", "0x76190000", "Arg2", "IN", "LPCSTR", "0x28ff2e", "_wrmdir" ], "Timesptamp": "00000003.695639", "FunctionName": "GetProcAddress", "ModuleName": "kernel32.dll", "Return": "0x761e470f", "Status": 0 }
{ "Address": "0x70c446", "Opcode": "ff9594070000", "Opcodesize": 6, "Mnemonic": "call dword ptr [ebp + 0x794]", "PID": 1108, "TID": 1968, "Arguments": [ "Arg1", "IN", "HMODULE", "0x28ff2a", "0x76190000", "Arg2", "IN", "LPCSTR", "0x28ff2e", "_wsopen" ], "Timesptamp": "00000003.710583", "FunctionName": "GetProcAddress", "ModuleName": "kernel32.dll", "Return": "0x761f0651", "Status": 0 }
{ "Address": "0x70c446", "Opcode": "ff9594070000", "Opcodesize": 6, "Mnemonic": "call dword ptr [ebp + 0x794]", "PID": 1108, "TID": 1968, "Arguments": [ "Arg1", "IN", "HMODULE", "0x28ff2a", "0x76190000", "Arg2", "IN", "LPCSTR", "0x28ff2e", "_wunlink" ], "Timesptamp": "00000003.725612", "FunctionName": "GetProcAddress", "ModuleName": "kernel32.dll", "Return": "0x761e45ce", "Status": 0 }
{ "Address": "0x70c446", "Opcode": "ff9594070000", "Opcodesize": 6, "Mnemonic": "call dword ptr [ebp + 0x794]", "PID": 1108, "TID": 1968, "Arguments": [ "Arg1", "IN", "HMODULE", "0x28ff2a", "0x76190000", "Arg2", "IN", "LPCSTR", "0x28ff2e", "abort" ], "Timesptamp": "00000003.740900", "FunctionName": "GetProcAddress", "ModuleName": "kernel32.dll", "Return": "0x761f8e53", "Status": 0 }
{ "Address": "0x70c446", "Opcode": "ff9594070000", "Opcodesize": 6, "Mnemonic": "call dword ptr [ebp + 0x794]", "PID": 1108, "TID": 1968, "Arguments": [ "Arg1", "IN", "HMODULE", "0x28ff2a", "0x76190000", "Arg2", "IN", "LPCSTR", "0x28ff2e", "acos" ], "Timesptamp": "00000003.755872", "FunctionName": "GetProcAddress", "ModuleName": "kernel32.dll", "Return": "0x761bddd2", "Status": 0 }
{ "Address": "0x70c446", "Opcode": "ff9594070000", "Opcodesize": 6, "Mnemonic": "call dword ptr [ebp + 0x794]", "PID": 1108, "TID": 1968, "Arguments": [ "Arg1", "IN", "HMODULE", "0x28ff2a", "0x76190000", "Arg2", "IN", "LPCSTR", "0x28ff2e", "asin" ], "Timesptamp": "00000003.771048", "FunctionName": "GetProcAddress", "ModuleName": "kernel32.dll", "Return": "0x761bdd59", "Status": 0 }
{ "Address": "0x70c446", "Opcode": "ff9594070000", "Opcodesize": 6, "Mnemonic": "call dword ptr [ebp + 0x794]", "PID": 1108, "TID": 1968, "Arguments": [ "Arg1", "IN", "HMODULE", "0x28ff2a", "0x76190000", "Arg2", "IN", "LPCSTR", "0x28ff2e", "atan" ], "Timesptamp": "00000003.786101", "FunctionName": "GetProcAddress", "ModuleName": "kernel32.dll", "Return": "0x761bde6c", "Status": 0 }
{ "Address": "0x70c446", "Opcode": "ff9594070000", "Opcodesize": 6, "Mnemonic": "call dword ptr [ebp + 0x794]", "PID": 1108, "TID": 1968, "Arguments": [ "Arg1", "IN", "HMODULE", "0x28ff2a", "0x76190000", "Arg2", "IN", "LPCSTR", "0x28ff2e", "atof" ], "Timesptamp": "00000003.801045", "FunctionName": "GetProcAddress", "ModuleName": "kernel32.dll", "Return": "0x761b0a80", "Status": 0 }
{ "Address": "0x70c446", "Opcode": "ff9594070000", "Opcodesize": 6, "Mnemonic": "call dword ptr [ebp + 0x794]", "PID": 1108, "TID": 1968, "Arguments": [ "Arg1", "IN", "HMODULE", "0x28ff2a", "0x76190000", "Arg2", "IN", "LPCSTR", "0x28ff2e", "atoi" ], "Timesptamp": "00000003.816137", "FunctionName": "GetProcAddress", "ModuleName": "kernel32.dll", "Return": "0x7619dbe0", "Status": 0 }
{ "Address": "0x70c446", "Opcode": "ff9594070000", "Opcodesize": 6, "Mnemonic": "call dword ptr [ebp + 0x794]", "PID": 1108, "TID": 1968, "Arguments": [ "Arg1", "IN", "HMODULE", "0x28ff2a", "0x76190000", "Arg2", "IN", "LPCSTR", "0x28ff2e", "tan" ], "Timesptamp": "00000003.831084", "FunctionName": "GetProcAddress", "ModuleName": "kernel32.dll", "Return": "0x761bde34", "Status": 0 }
{ "Address": "0x70c446", "Opcode": "ff9594070000", "Opcodesize": 6, "Mnemonic": "call dword ptr [ebp + 0x794]", "PID": 1108, "TID": 1968, "Arguments": [ "Arg1", "IN", "HMODULE", "0x28ff2a", "0x76190000", "Arg2", "IN", "LPCSTR", "0x28ff2e", "tanh" ], "Timesptamp": "00000003.846024", "FunctionName": "GetProcAddress", "ModuleName": "kernel32.dll", "Return": "0x761c0c69", "Status": 0 }
{ "Address": "0x70c446", "Opcode": "ff9594070000", "Opcodesize": 6, "Mnemonic": "call dword ptr [ebp + 0x794]", "PID": 1108, "TID": 1968, "Arguments": [ "Arg1", "IN", "HMODULE", "0x28ff2a", "0x76190000", "Arg2", "IN", "LPCSTR", "0x28ff2e", "tolower" ], "Timesptamp": "00000003.861105", "FunctionName": "GetProcAddress", "ModuleName": "kernel32.dll", "Return": "0x7619c4f0", "Status": 0 }
{ "Address": "0x70c446", "Opcode": "ff9594070000", "Opcodesize": 6, "Mnemonic": "call dword ptr [ebp + 0x794]", "PID": 1108, "TID": 1968, "Arguments": [ "Arg1", "IN", "HMODULE", "0x28ff2a", "0x76190000", "Arg2", "IN", "LPCSTR", "0x28ff2e", "towlower" ], "Timesptamp": "00000003.876045", "FunctionName": "GetProcAddress", "ModuleName": "kernel32.dll", "Return": "0x7619ad52", "Status": 0 }
{ "Address": "0x70c446", "Opcode": "ff9594070000", "Opcodesize": 6, "Mnemonic": "call dword ptr [ebp + 0x794]", "PID": 1108, "TID": 1968, "Arguments": [ "Arg1", "IN", "HMODULE", "0x28ff2a", "0x76190000", "Arg2", "IN", "LPCSTR", "0x28ff2e", "towupper" ], "Timesptamp": "00000003.890995", "FunctionName": "GetProcAddress", "ModuleName": "kernel32.dll", "Return": "0x7619f670", "Status": 0 }
{ "Address": "0x70c446", "Opcode": "ff9594070000", "Opcodesize": 6, "Mnemonic": "call dword ptr [ebp + 0x794]", "PID": 1108, "TID": 1968, "Arguments": [ "Arg1", "IN", "HMODULE", "0x28ff2a", "0x76190000", "Arg2", "IN", "LPCSTR", "0x28ff2e", "ungetc" ], "Timesptamp": "00000003.905925", "FunctionName": "GetProcAddress", "ModuleName": "kernel32.dll", "Return": "0x762095ba", "Status": 0 }
{ "Address": "0x70c446", "Opcode": "ff9594070000", "Opcodesize": 6, "Mnemonic": "call dword ptr [ebp + 0x794]", "PID": 1108, "TID": 1968, "Arguments": [ "Arg1", "IN", "HMODULE", "0x28ff2a", "0x76190000", "Arg2", "IN", "LPCSTR", "0x28ff2e", "vfprintf" ], "Timesptamp": "00000003.920984", "FunctionName": "GetProcAddress", "ModuleName": "kernel32.dll", "Return": "0x76207408", "Status": 0 }
{ "Address": "0x70c446", "Opcode": "ff9594070000", "Opcodesize": 6, "Mnemonic": "call dword ptr [ebp + 0x794]", "PID": 1108, "TID": 1968, "Arguments": [ "Arg1", "IN", "HMODULE", "0x28ff2a", "0x76190000", "Arg2", "IN", "LPCSTR", "0x28ff2e", "wcscoll" ], "Timesptamp": "00000003.936151", "FunctionName": "GetProcAddress", "ModuleName": "kernel32.dll", "Return": "0x76210678", "Status": 0 }
{ "Address": "0x70c446", "Opcode": "ff9594070000", "Opcodesize": 6, "Mnemonic": "call dword ptr [ebp + 0x794]", "PID": 1108, "TID": 1968, "Arguments": [ "Arg1", "IN", "HMODULE", "0x28ff2a", "0x76190000", "Arg2", "IN", "LPCSTR", "0x28ff2e", "wcscpy" ], "Timesptamp": "00000003.951082", "FunctionName": "GetProcAddress", "ModuleName": "kernel32.dll", "Return": "0x761ad4f8", "Status": 0 }
{ "Address": "0x70c446", "Opcode": "ff9594070000", "Opcodesize": 6, "Mnemonic": "call dword ptr [ebp + 0x794]", "PID": 1108, "TID": 1968, "Arguments": [ "Arg1", "IN", "HMODULE", "0x28ff2a", "0x76190000", "Arg2", "IN", "LPCSTR", "0x28ff2e", "wcsftime" ], "Timesptamp": "00000003.966048", "FunctionName": "GetProcAddress", "ModuleName": "kernel32.dll", "Return": "0x761b69a0", "Status": 0 }
{ "Address": "0x70c446", "Opcode": "ff9594070000", "Opcodesize": 6, "Mnemonic": "call dword ptr [ebp + 0x794]", "PID": 1108, "TID": 1968, "Arguments": [ "Arg1", "IN", "HMODULE", "0x28ff2a", "0x76190000", "Arg2", "IN", "LPCSTR", "0x28ff2e", "wcslen" ], "Timesptamp": "00000003.981452", "FunctionName": "GetProcAddress", "ModuleName": "kernel32.dll", "Return": "0x761ad335", "Status": 0 }
{ "Address": "0x70c446", "Opcode": "ff9594070000", "Opcodesize": 6, "Mnemonic": "call dword ptr [ebp + 0x794]", "PID": 1108, "TID": 1968, "Arguments": [ "Arg1", "IN", "HMODULE", "0x28ff2a", "0x76190000", "Arg2", "IN", "LPCSTR", "0x28ff2e", "wcsxfrm" ], "Timesptamp": "00000003.996399", "FunctionName": "GetProcAddress", "ModuleName": "kernel32.dll", "Return": "0x76210ccb", "Status": 0 }
{ "Address": "0x70c446", "Opcode": "ff9594070000", "Opcodesize": 6, "Mnemonic": "call dword ptr [ebp + 0x794]", "PID": 1108, "TID": 1968, "Arguments": [ "Arg1", "IN", "HMODULE", "0x28ff2a", "0x76190000", "Arg2", "IN", "LPCSTR", "0x28ff2e", "_write" ], "Timesptamp": "00000004.011334", "FunctionName": "GetProcAddress", "ModuleName": "kernel32.dll", "Return": "0x761a4078", "Status": 0 }
{ "Address": "0x70c446", "Opcode": "ff9594070000", "Opcodesize": 6, "Mnemonic": "call dword ptr [ebp + 0x794]", "PID": 1108, "TID": 1968, "Arguments": [ "Arg1", "IN", "HMODULE", "0x28ff2a", "0x76190000", "Arg2", "IN", "LPCSTR", "0x28ff2e", "_setmode" ], "Timesptamp": "00000004.026537", "FunctionName": "GetProcAddress", "ModuleName": "kernel32.dll", "Return": "0x761acc73", "Status": 0 }
{ "Address": "0x70c446", "Opcode": "ff9594070000", "Opcodesize": 6, "Mnemonic": "call dword ptr [ebp + 0x794]", "PID": 1108, "TID": 1968, "Arguments": [ "Arg1", "IN", "HMODULE", "0x28ff2a", "0x76190000", "Arg2", "IN", "LPCSTR", "0x28ff2e", "_read" ], "Timesptamp": "00000004.041586", "FunctionName": "GetProcAddress", "ModuleName": "kernel32.dll", "Return": "0x761ac245", "Status": 0 }
{ "Address": "0x70c446", "Opcode": "ff9594070000", "Opcodesize": 6, "Mnemonic": "call dword ptr [ebp + 0x794]", "PID": 1108, "TID": 1968, "Arguments": [ "Arg1", "IN", "HMODULE", "0x28ff2a", "0x76190000", "Arg2", "IN", "LPCSTR", "0x28ff2e", "_isatty" ], "Timesptamp": "00000004.056922", "FunctionName": "GetProcAddress", "ModuleName": "kernel32.dll", "Return": "0x7619f383", "Status": 0 }
{ "Address": "0x70c446", "Opcode": "ff9594070000", "Opcodesize": 6, "Mnemonic": "call dword ptr [ebp + 0x794]", "PID": 1108, "TID": 1968, "Arguments": [ "Arg1", "IN", "HMODULE", "0x28ff2a", "0x76190000", "Arg2", "IN", "LPCSTR", "0x28ff2e", "_fdopen" ], "Timesptamp": "00000004.071865", "FunctionName": "GetProcAddress", "ModuleName": "kernel32.dll", "Return": "0x761a9a92", "Status": 0 }
{ "Address": "0x70c446", "Opcode": "ff9594070000", "Opcodesize": 6, "Mnemonic": "call dword ptr [ebp + 0x794]", "PID": 1108, "TID": 1968, "Arguments": [ "Arg1", "IN", "HMODULE", "0x28ff2a", "0x76190000", "Arg2", "IN", "LPCSTR", "0x28ff2e", "_close" ], "Timesptamp": "00000004.086817", "FunctionName": "GetProcAddress", "ModuleName": "kernel32.dll", "Return": "0x761a3ae2", "Status": 0 }
{ "Address": "0x70c3ca", "Opcode": "ff9590070000", "Opcodesize": 6, "Mnemonic": "call dword ptr [ebp + 0x790]", "PID": 1108, "TID": 1968, "Arguments": [ "Arg1", "IN", "LPCTSTR", "0x28ff4e", "SHELL32.dll" ], "Timesptamp": "00000004.101867", "FunctionName": "LoadLibraryA", "ModuleName": "kernel32.dll", "Return": "0x75020000", "Status": 0 }
{ "Address": "0x70c446", "Opcode": "ff9594070000", "Opcodesize": 6, "Mnemonic": "call dword ptr [ebp + 0x794]", "PID": 1108, "TID": 1968, "Arguments": [ "Arg1", "IN", "HMODULE", "0x28ff2a", "0x75020000", "Arg2", "IN", "LPCSTR", "0x28ff2e", "CommandLineToArgvW" ], "Timesptamp": "00000004.117770", "FunctionName": "GetProcAddress", "ModuleName": "kernel32.dll", "Return": "0x75039ee8", "Status": 0 }
{ "Address": "0x70c3ca", "Opcode": "ff9590070000", "Opcodesize": 6, "Mnemonic": "call dword ptr [ebp + 0x790]", "PID": 1108, "TID": 1968, "Arguments": [ "Arg1", "IN", "LPCTSTR", "0x28ff4e", "USER32.dll" ], "Timesptamp": "00000004.134811", "FunctionName": "LoadLibraryA", "ModuleName": "kernel32.dll", "Return": "0x74d30000", "Status": 0 }
{ "Address": "0x70c446", "Opcode": "ff9594070000", "Opcodesize": 6, "Mnemonic": "call dword ptr [ebp + 0x794]", "PID": 1108, "TID": 1968, "Arguments": [ "Arg1", "IN", "HMODULE", "0x28ff2a", "0x74d30000", "Arg2", "IN", "LPCSTR", "0x28ff2e", "GetDesktopWindow" ], "Timesptamp": "00000004.151030", "FunctionName": "GetProcAddress", "ModuleName": "kernel32.dll", "Return": "0x74d50a19", "Status": 0 }
{ "Address": "0x70c446", "Opcode": "ff9594070000", "Opcodesize": 6, "Mnemonic": "call dword ptr [ebp + 0x794]", "PID": 1108, "TID": 1968, "Arguments": [ "Arg1", "IN", "HMODULE", "0x28ff2a", "0x74d30000", "Arg2", "IN", "LPCSTR", "0x28ff2e", "MessageBoxW" ], "Timesptamp": "00000004.166182", "FunctionName": "GetProcAddress", "ModuleName": "kernel32.dll", "Return": "0x74d9fd3f", "Status": 0 }
{ "Address": "0x594569", "Opcode": "ff1584638c00", "Opcodesize": 6, "Mnemonic": "call dword ptr [0x8c6384]", "PID": 1108, "TID": 1968, "Arguments": [ "Arg1", "OUT", "LPFILETIME", "0x28ff40", "0x28ff50" ], "Timesptamp": "00000004.183036", "FunctionName": "GetSystemTimeAsFileTime", "ModuleName": "kernel32.dll", "Return": "0x1daddab", "Output1": { "field1": [ "0x28ff50", "0xcf0abb00" ], "field2": [ "0x28ff54", "0x1daddab" ] }, "Status": 0 }
{ "Address": "0x59457a", "Opcode": "ff155c638c00", "Opcodesize": 6, "Mnemonic": "call dword ptr [0x8c635c]", "PID": 1108, "TID": 1968, "Arguments": [ ], "Timesptamp": "00000004.198610", "FunctionName": "GetCurrentProcessId", "ModuleName": "kernel32.dll", "Return": "0x454", "Status": 0 }
{ "Address": "0x594582", "Opcode": "ff1560638c00", "Opcodesize": 6, "Mnemonic": "call dword ptr [0x8c6360]", "PID": 1108, "TID": 1968, "Arguments": [ ], "Timesptamp": "00000004.213822", "FunctionName": "GetCurrentThreadId", "ModuleName": "kernel32.dll", "Return": "0x7b0", "Status": 0 }
{ "Address": "0x59458a", "Opcode": "ff1588638c00", "Opcodesize": 6, "Mnemonic": "call dword ptr [0x8c6388]", "PID": 1108, "TID": 1968, "Arguments": [ ], "Timesptamp": "00000004.228863", "FunctionName": "GetTickCount", "ModuleName": "kernel32.dll", "Return": "0x539d4", "Status": 0 }
{ "Address": "0x594599", "Opcode": "ff15b0638c00", "Opcodesize": 6, "Mnemonic": "call dword ptr [0x8c63b0]", "PID": 1108, "TID": 1968, "Arguments": [ "Arg1", "OUT", "LARGE_INTEGER*", "0x28ff40", "0x28ff58" ], "Timesptamp": "00000004.243939", "FunctionName": "QueryPerformanceCounter", "ModuleName": "kernel32.dll", "Return": "TRUE", "Output1": { "field1": [ "0x28ff58", "0xaf91ed8" ], "field2": [ "0x28ff5c", "0x6" ], "field3": [ "0x28ff60", "0xff94000000000000" ] }, "Status": 0 }
{ "Address": "0x40149a", "Opcode": "e8c14a1a00", "Opcodesize": 5, "Mnemonic": "call 0x5a5f60", "PID": 1108, "TID": 1968, "Functionname": "_initterm", "Dllname": "msvcrt.dll", "Status": 1 }
{ "Address": "0x40144d", "Opcode": "e80e4b1a00", "Opcodesize": 5, "Mnemonic": "call 0x5a5f60", "PID": 1108, "TID": 1968, "Arguments": [ "Arg1", "IN", "INT", "0x28fea4", "0x1" ], "Timesptamp": "00000004.276608", "FunctionName": "__set_app_type", "ModuleName": "msvcrt.dll", "Functionname": "_initterm", "Dllname": "msvcrt.dll", "Status": 1 }
{ "Address": "0x401165", "Opcode": "e8364e1a00", "Opcodesize": 5, "Mnemonic": "call 0x5a5fa0", "PID": 1108, "TID": 1968, "Functionname": "__getmainargs", "Dllname": "msvcrt.dll", "Status": 1 }
{ "Address": "0x401285", "Opcode": "ff15c8638c00", "Opcodesize": 6, "Mnemonic": "call dword ptr [0x8c63c8]", "PID": 1108, "TID": 1968, "Arguments": [ "Arg1", "IN", "DWORD", "0x28fed0", "0x594c90" ], "Timesptamp": "00000004.418043", "FunctionName": "SetUnhandledExceptionFilter", "ModuleName": "kernel32.dll", "Return": "0x0", "Status": 0 }
{ "Address": "0x40134a", "Opcode": "e8214b1a00", "Opcodesize": 5, "Mnemonic": "call 0x5a5e70", "PID": 1108, "TID": 1968, "Arguments": [ "Arg1", "IN", "SIZE_T", "0x28fed0", "0x8" ], "Timesptamp": "00000004.433159", "FunctionName": "malloc", "ModuleName": "msvcrt.dll", "Return": "0xa51248", "Status": 0 }
{ "Address": "0x40136a", "Opcode": "e8614a1a00", "Opcodesize": 5, "Mnemonic": "call 0x5a5dd0", "PID": 1108, "TID": 1968, "Arguments": [ "Arg1", "IN", "CHAR*", "0x28fed0", "\\Users\\lhs\\Exec\\petite_Audio32.exe" ], "Timesptamp": "00000004.448325", "FunctionName": "strlen", "ModuleName": "msvcrt.dll", "Return": "0x22", "Status": 0 }
{ "Address": "0x401375", "Opcode": "e8f64a1a00", "Opcodesize": 5, "Mnemonic": "call 0x5a5e70", "PID": 1108, "TID": 1968, "Arguments": [ "Arg1", "IN", "SIZE_T", "0x28fed0", "0x23" ], "Timesptamp": "00000004.463732", "FunctionName": "malloc", "ModuleName": "msvcrt.dll", "Return": "0xa51258", "Status": 0 }
{ "Address": "0x401391", "Opcode": "e8c24a1a00", "Opcodesize": 5, "Mnemonic": "call 0x5a5e58", "PID": 1108, "TID": 1968, "Arguments": [ "Arg1", "IN", "VOID*", "0x28fed0", "0xa51258", "Arg2", "IN", "ARRAY0", "0x28fed4", "ARRAY_0x23", "Arg3", "IN", "SIZE_T", "0x28fed8", "0x23" ], "Timesptamp": "00000004.478835", "FunctionName": "memcpy", "ModuleName": "msvcrt.dll", "Return": "0xa51258", "Status": 0 }
{ "Address": "0x594437", "Opcode": "ff1550648c00", "Opcodesize": 6, "Mnemonic": "call dword ptr [0x8c6450]", "PID": 1108, "TID": 1968, "Functionname": "_onexit", "Dllname": "msvcrt.dll", "Status": 1 }
{ "Address": "0x594437", "Opcode": "ff1550648c00", "Opcodesize": 6, "Mnemonic": "call dword ptr [0x8c6450]", "PID": 1108, "TID": 1968, "Functionname": "_onexit", "Dllname": "msvcrt.dll", "Status": 1 }
{ "Address": "0x594437", "Opcode": "ff1550648c00", "Opcodesize": 6, "Mnemonic": "call dword ptr [0x8c6450]", "PID": 1108, "TID": 1968, "Functionname": "_onexit", "Dllname": "msvcrt.dll", "Status": 1 }
{ "Address": "0x595aad", "Opcode": "ff15d4638c00", "Opcodesize": 6, "Mnemonic": "call dword ptr [0x8c63d4]", "PID": 1108, "TID": 1968, "Arguments": [ ], "Timesptamp": "00000004.539042", "FunctionName": "TlsAlloc", "ModuleName": "kernel32.dll", "Return": "0x15", "Status": 0 }
{ "Address": "0x594437", "Opcode": "ff1550648c00", "Opcodesize": 6, "Mnemonic": "call dword ptr [0x8c6450]", "PID": 1108, "TID": 1968, "Functionname": "_onexit", "Dllname": "msvcrt.dll", "Status": 1 }
{ "Address": "0x595bad", "Opcode": "ff1540638c00", "Opcodesize": 6, "Mnemonic": "call dword ptr [0x8c6340]", "PID": 1108, "TID": 1968, "Arguments": [ "Arg1", "IN", "LPSECURITY_ATTRIBUTES", "0x28fe70", "0x0", "Arg2", "IN", "LONG", "0x28fe74", "0x0", "Arg3", "IN", "LONG", "0x28fe78", "0xffff", "Arg4", "IN", "LPCWSTR" ], "Timesptamp": "00000004.569658", "FunctionName": "CreateSemaphoreW", "ModuleName": "kernel32.dll", "Return": "0x78", "Status": 0 }
{ "Address": "0x651c7d", "Opcode": "e8ee41f5ff", "Opcodesize": 5, "Mnemonic": "call 0x5a5e70", "PID": 1108, "TID": 1968, "Arguments": [ "Arg1", "IN", "SIZE_T", "0x28fe90", "0x4a00" ], "Timesptamp": "00000004.584845", "FunctionName": "malloc", "ModuleName": "msvcrt.dll", "Return": "0xa522f8", "Status": 0 }
{ "Address": "0x594437", "Opcode": "ff1550648c00", "Opcodesize": 6, "Mnemonic": "call dword ptr [0x8c6450]", "PID": 1108, "TID": 1968, "Functionname": "_onexit", "Dllname": "msvcrt.dll", "Status": 1 }
{ "Address": "0x594437", "Opcode": "ff1550648c00", "Opcodesize": 6, "Mnemonic": "call dword ptr [0x8c6450]", "PID": 1108, "TID": 1968, "Functionname": "_onexit", "Dllname": "msvcrt.dll", "Status": 1 }
{ "Address": "0x640670", "Opcode": "ff1550638c00", "Opcodesize": 6, "Mnemonic": "call dword ptr [0x8c6350]", "PID": 1108, "TID": 1968, "Arguments": [ ], "Timesptamp": "00000004.630140", "FunctionName": "GetCommandLineW", "ModuleName": "kernel32.dll", "Return": "\\Users\\lhs\\Exec\\petite_Audio32.exe ", "Status": 0 }
{ "Address": "0x6406e3", "Opcode": "ff55d4", "Opcodesize": 3, "Mnemonic": "call dword ptr [ebp - 0x2c]", "PID": 1108, "TID": 1968, "Arguments": [ "Arg1", "IN", "UINT", "0x28fe60", "0xfde9", "Arg2", "IN", "DWORD", "0x28fe64", "0x0", "Arg3", "IN", "LPCWCH", "0x28fe68", "\\Users\\lhs\\Exec\\petite_Audio32.exe", "Arg4", "IN", "INT", "0x28fe6c", "0xffffffff", "Arg5", "OUT", "ARRAY0", "0x28fe70", "0x0", "Arg6", "IN", "INT", "0x28fe74", "0x0", "Arg7", "IN", "DWORD", "0x28fe78", "0x0", "Arg8", "OUT", "LPBOOL", "0x28fe7c", "0x0" ], "Timesptamp": "00000004.677001", "FunctionName": "WideCharToMultiByte", "ModuleName": "kernel32.dll", "Return": "0x23", "Status": 0 }
{ "Address": "0x55726b", "Opcode": "e800ec0400", "Opcodesize": 5, "Mnemonic": "call 0x5a5e70", "PID": 1108, "TID": 1968, "Arguments": [ "Arg1", "IN", "SIZE_T", "0x28fe40", "0x4b" ], "Timesptamp": "00000004.706951", "FunctionName": "malloc", "ModuleName": "msvcrt.dll", "Return": "0xa51288", "Status": 0 }
{ "Address": "0x557293", "Opcode": "e8b0eb0400", "Opcodesize": 5, "Mnemonic": "call 0x5a5e48", "PID": 1108, "TID": 1968, "Arguments": [ "Arg1", "IN", "PVOID", "0x28fe40", "0xa512a0", "Arg2", "IN", "INT", "0x28fe44", "0x0", "Arg3", "IN", "SIZE_T", "0x28fe48", "0x2b" ], "Timesptamp": "00000004.722125", "FunctionName": "memset", "ModuleName": "msvcrt.dll", "Return": "0xa512a0", "Status": 0 }
{ "Address": "0x64077b", "Opcode": "ff55d4", "Opcodesize": 3, "Mnemonic": "call dword ptr [ebp - 0x2c]", "PID": 1108, "TID": 1968, "Arguments": [ "Arg1", "IN", "UINT", "0x28fe60", "0xfde9", "Arg2", "IN", "DWORD", "0x28fe64", "0x0", "Arg3", "IN", "LPCWCH", "0x28fe68", "\\Users\\lhs\\Exec\\petite_Audio32.exe", "Arg4", "IN", "INT", "0x28fe6c", "0xffffffff", "Arg5", "OUT", "ARRAY0", "0x28fe70", "0xa512a8", "Arg6", "IN", "INT", "0x28fe74", "0x23", "Arg7", "IN", "DWORD", "0x28fe78", "0x0", "Arg8", "OUT", "LPBOOL", "0x28fe7c", "0x0" ], "Timesptamp": "00000004.737360", "FunctionName": "WideCharToMultiByte", "ModuleName": "kernel32.dll", "Return": "0x23", "Output1": [ ], "Status": 0 }
{ "Address": "0x64078d", "Opcode": "ff15a0638c00", "Opcodesize": 6, "Mnemonic": "call dword ptr [0x8c63a0]", "PID": 1108, "TID": 1968, "Arguments": [ "Arg1", "IN", "HLOCAL", "0x28fe60", "0xc90548" ], "Timesptamp": "00000004.752534", "FunctionName": "LocalFree", "ModuleName": "kernel32.dll", "Return": "0x0", "Status": 0 }
{ "Address": "0x595ee3", "Opcode": "ff15d4638c00", "Opcodesize": 6, "Mnemonic": "call dword ptr [0x8c63d4]", "PID": 1108, "TID": 1968, "Arguments": [ ], "Timesptamp": "00000004.767587", "FunctionName": "TlsAlloc", "ModuleName": "kernel32.dll", "Return": "0x16", "Status": 0 }
{ "Address": "0x5961dc", "Opcode": "ffd6", "Opcodesize": 2, "Mnemonic": "call esi", "PID": 1108, "TID": 1968, "Arguments": [ ], "Timesptamp": "00000004.782741", "FunctionName": "GetLastError", "ModuleName": "kernel32.dll", "Return": "0x0", "Status": 0 }
{ "Address": "0x5961e3", "Opcode": "ff15dc638c00", "Opcodesize": 6, "Mnemonic": "call dword ptr [0x8c63dc]", "PID": 1108, "TID": 1968, "Arguments": [ "Arg1", "IN", "DWORD", "0x28fc40", "0x16" ], "Timesptamp": "00000004.798018", "FunctionName": "TlsGetValue", "ModuleName": "kernel32.dll", "Return": "0x0", "Status": 0 }
{ "Address": "0x596208", "Opcode": "ff15e0638c00", "Opcodesize": 6, "Mnemonic": "call dword ptr [0x8c63e0]", "PID": 1108, "TID": 1968, "Arguments": [ "Arg1", "IN", "DWORD", "0x28fc40", "0x16", "Arg2", "IN", "LPVOID", "0x28fc44", "0x28fcac" ], "Timesptamp": "00000004.828113", "FunctionName": "TlsSetValue", "ModuleName": "kernel32.dll", "Return": "TRUE", "Status": 0 }
{ "Address": "0x5a1bda", "Opcode": "e899430000", "Opcodesize": 5, "Mnemonic": "call 0x5a5f78", "PID": 1108, "TID": 1968, "Functionname": "_errno", "Dllname": "msvcrt.dll", "Status": 1 }
{ "Address": "0x5a604a", "Opcode": "ff1570638c00", "Opcodesize": 6, "Mnemonic": "call dword ptr [0x8c6370]", "PID": 1108, "TID": 1968, "Arguments": [ "Arg1", "IN", "LPCWSTR", "0x28fb60", "msvcrt.dll" ], "Timesptamp": "00000004.887380", "FunctionName": "GetModuleHandleW", "ModuleName": "kernel32.dll", "Return": "0x76190000", "Status": 0 }
{ "Address": "0x5a605e", "Opcode": "ff1574638c00", "Opcodesize": 6, "Mnemonic": "call dword ptr [0x8c6374]", "PID": 1108, "TID": 1968, "Arguments": [ "Arg1", "IN", "HMODULE", "0x28fb60", "0x76190000", "Arg2", "IN", "LPCSTR", "0x28fb64", "_get_output_format" ], "Timesptamp": "00000004.902587", "FunctionName": "GetProcAddress", "ModuleName": "kernel32.dll", "Return": "0x76205cb8", "Status": 0 }
{ "Address": "0x5a052d", "Opcode": "e8b6590000", "Opcodesize": 5, "Mnemonic": "call 0x5a5ee8", "PID": 1108, "TID": 1968, "Arguments": [ "Arg1", "IN", "INT", "0x28fb50", "0x45", "Arg2", "OUT", "FILE*", "0x28fb54", "0x76232940" ], "Timesptamp": "00000004.924335", "FunctionName": "fputc", "ModuleName": "msvcrt.dll", "Return": "0x45", "Output1": [ "0x76232940", "0x0" ], "Status": 0 }
{ "Address": "0x5a052d", "Opcode": "e8b6590000", "Opcodesize": 5, "Mnemonic": "call 0x5a5ee8", "PID": 1108, "TID": 1968, "Arguments": [ "Arg1", "IN", "INT", "0x28fb50", "0x52", "Arg2", "OUT", "FILE*", "0x28fb54", "0x76232940" ], "Timesptamp": "00000004.953101", "FunctionName": "fputc", "ModuleName": "msvcrt.dll", "Return": "0x52", "Output1": [ "0x76232940", "0x0" ], "Status": 0 }
{ "Address": "0x5a052d", "Opcode": "e8b6590000", "Opcodesize": 5, "Mnemonic": "call 0x5a5ee8", "PID": 1108, "TID": 1968, "Arguments": [ "Arg1", "IN", "INT", "0x28fb50", "0x52", "Arg2", "OUT", "FILE*", "0x28fb54", "0x76232940" ], "Timesptamp": "00000004.968692", "FunctionName": "fputc", "ModuleName": "msvcrt.dll", "Return": "0x52", "Output1": [ "0x76232940", "0x0" ], "Status": 0 }
{ "Address": "0x5a052d", "Opcode": "e8b6590000", "Opcodesize": 5, "Mnemonic": "call 0x5a5ee8", "PID": 1108, "TID": 1968, "Arguments": [ "Arg1", "IN", "INT", "0x28fb50", "0x4f", "Arg2", "OUT", "FILE*", "0x28fb54", "0x76232940" ], "Timesptamp": "00000004.984435", "FunctionName": "fputc", "ModuleName": "msvcrt.dll", "Return": "0x4f", "Output1": [ "0x76232940", "0x0" ], "Status": 0 }
{ "Address": "0x5a052d", "Opcode": "e8b6590000", "Opcodesize": 5, "Mnemonic": "call 0x5a5ee8", "PID": 1108, "TID": 1968, "Arguments": [ "Arg1", "IN", "INT", "0x28fb50", "0x52", "Arg2", "OUT", "FILE*", "0x28fb54", "0x76232940" ], "Timesptamp": "00000004.999934", "FunctionName": "fputc", "ModuleName": "msvcrt.dll", "Return": "0x52", "Output1": [ "0x76232940", "0x0" ], "Status": 0 }
{ "Address": "0x5a052d", "Opcode": "e8b6590000", "Opcodesize": 5, "Mnemonic": "call 0x5a5ee8", "PID": 1108, "TID": 1968, "Arguments": [ "Arg1", "IN", "INT", "0x28fb50", "0x3a", "Arg2", "OUT", "FILE*", "0x28fb54", "0x76232940" ], "Timesptamp": "00000005.015532", "FunctionName": "fputc", "ModuleName": "msvcrt.dll", "Return": "0x3a", "Output1": [ "0x76232940", "0x0" ], "Status": 0 }
{ "Address": "0x5a052d", "Opcode": "e8b6590000", "Opcodesize": 5, "Mnemonic": "call 0x5a5ee8", "PID": 1108, "TID": 1968, "Arguments": [ "Arg1", "IN", "INT", "0x28fb50", "0x20", "Arg2", "OUT", "FILE*", "0x28fb54", "0x76232940" ], "Timesptamp": "00000005.031036", "FunctionName": "fputc", "ModuleName": "msvcrt.dll", "Return": "0x20", "Output1": [ "0x76232940", "0x0" ], "Status": 0 }
{ "Address": "0x5a052d", "Opcode": "e8b6590000", "Opcodesize": 5, "Mnemonic": "call 0x5a5ee8", "PID": 1108, "TID": 1968, "Arguments": [ "Arg1", "IN", "INT", "0x28fb50", "0x4e", "Arg2", "OUT", "FILE*", "0x28fb54", "0x76232940" ], "Timesptamp": "00000005.046625", "FunctionName": "fputc", "ModuleName": "msvcrt.dll", "Return": "0x4e", "Output1": [ "0x76232940", "0x0" ], "Status": 0 }
{ "Address": "0x5a052d", "Opcode": "e8b6590000", "Opcodesize": 5, "Mnemonic": "call 0x5a5ee8", "PID": 1108, "TID": 1968, "Arguments": [ "Arg1", "IN", "INT", "0x28fb50", "0x6f", "Arg2", "OUT", "FILE*", "0x28fb54", "0x76232940" ], "Timesptamp": "00000005.062233", "FunctionName": "fputc", "ModuleName": "msvcrt.dll", "Return": "0x6f", "Output1": [ "0x76232940", "0x0" ], "Status": 0 }
{ "Address": "0x5a052d", "Opcode": "e8b6590000", "Opcodesize": 5, "Mnemonic": "call 0x5a5ee8", "PID": 1108, "TID": 1968, "Arguments": [ "Arg1", "IN", "INT", "0x28fb50", "0x20", "Arg2", "OUT", "FILE*", "0x28fb54", "0x76232940" ], "Timesptamp": "00000005.077778", "FunctionName": "fputc", "ModuleName": "msvcrt.dll", "Return": "0x20", "Output1": [ "0x76232940", "0x0" ], "Status": 0 }
{ "Address": "0x5a052d", "Opcode": "e8b6590000", "Opcodesize": 5, "Mnemonic": "call 0x5a5ee8", "PID": 1108, "TID": 1968, "Arguments": [ "Arg1", "IN", "INT", "0x28fb50", "0x69", "Arg2", "OUT", "FILE*", "0x28fb54", "0x76232940" ], "Timesptamp": "00000005.093295", "FunctionName": "fputc", "ModuleName": "msvcrt.dll", "Return": "0x69", "Output1": [ "0x76232940", "0x0" ], "Status": 0 }
{ "Address": "0x5a052d", "Opcode": "e8b6590000", "Opcodesize": 5, "Mnemonic": "call 0x5a5ee8", "PID": 1108, "TID": 1968, "Arguments": [ "Arg1", "IN", "INT", "0x28fb50", "0x6e", "Arg2", "OUT", "FILE*", "0x28fb54", "0x76232940" ], "Timesptamp": "00000005.108858", "FunctionName": "fputc", "ModuleName": "msvcrt.dll", "Return": "0x6e", "Output1": [ "0x76232940", "0x0" ], "Status": 0 }
{ "Address": "0x5a052d", "Opcode": "e8b6590000", "Opcodesize": 5, "Mnemonic": "call 0x5a5ee8", "PID": 1108, "TID": 1968, "Arguments": [ "Arg1", "IN", "INT", "0x28fb50", "0x70", "Arg2", "OUT", "FILE*", "0x28fb54", "0x76232940" ], "Timesptamp": "00000005.124939", "FunctionName": "fputc", "ModuleName": "msvcrt.dll", "Return": "0x70", "Output1": [ "0x76232940", "0x0" ], "Status": 0 }
{ "Address": "0x5a052d", "Opcode": "e8b6590000", "Opcodesize": 5, "Mnemonic": "call 0x5a5ee8", "PID": 1108, "TID": 1968, "Arguments": [ "Arg1", "IN", "INT", "0x28fb50", "0x75", "Arg2", "OUT", "FILE*", "0x28fb54", "0x76232940" ], "Timesptamp": "00000005.144596", "FunctionName": "fputc", "ModuleName": "msvcrt.dll", "Return": "0x75", "Output1": [ "0x76232940", "0x0" ], "Status": 0 }
{ "Address": "0x5a052d", "Opcode": "e8b6590000", "Opcodesize": 5, "Mnemonic": "call 0x5a5ee8", "PID": 1108, "TID": 1968, "Arguments": [ "Arg1", "IN", "INT", "0x28fb50", "0x74", "Arg2", "OUT", "FILE*", "0x28fb54", "0x76232940" ], "Timesptamp": "00000005.160203", "FunctionName": "fputc", "ModuleName": "msvcrt.dll", "Return": "0x74", "Output1": [ "0x76232940", "0x0" ], "Status": 0 }
{ "Address": "0x5a052d", "Opcode": "e8b6590000", "Opcodesize": 5, "Mnemonic": "call 0x5a5ee8", "PID": 1108, "TID": 1968, "Arguments": [ "Arg1", "IN", "INT", "0x28fb50", "0x20", "Arg2", "OUT", "FILE*", "0x28fb54", "0x76232940" ], "Timesptamp": "00000005.175702", "FunctionName": "fputc", "ModuleName": "msvcrt.dll", "Return": "0x20", "Output1": [ "0x76232940", "0x0" ], "Status": 0 }
{ "Address": "0x5a052d", "Opcode": "e8b6590000", "Opcodesize": 5, "Mnemonic": "call 0x5a5ee8", "PID": 1108, "TID": 1968, "Arguments": [ "Arg1", "IN", "INT", "0x28fb50", "0x66", "Arg2", "OUT", "FILE*", "0x28fb54", "0x76232940" ], "Timesptamp": "00000005.192897", "FunctionName": "fputc", "ModuleName": "msvcrt.dll", "Return": "0x66", "Output1": [ "0x76232940", "0x0" ], "Status": 0 }
{ "Address": "0x5a052d", "Opcode": "e8b6590000", "Opcodesize": 5, "Mnemonic": "call 0x5a5ee8", "PID": 1108, "TID": 1968, "Arguments": [ "Arg1", "IN", "INT", "0x28fb50", "0x69", "Arg2", "OUT", "FILE*", "0x28fb54", "0x76232940" ], "Timesptamp": "00000005.208549", "FunctionName": "fputc", "ModuleName": "msvcrt.dll", "Return": "0x69", "Output1": [ "0x76232940", "0x0" ], "Status": 0 }
{ "Address": "0x5a052d", "Opcode": "e8b6590000", "Opcodesize": 5, "Mnemonic": "call 0x5a5ee8", "PID": 1108, "TID": 1968, "Arguments": [ "Arg1", "IN", "INT", "0x28fb50", "0x6c", "Arg2", "OUT", "FILE*", "0x28fb54", "0x76232940" ], "Timesptamp": "00000005.224336", "FunctionName": "fputc", "ModuleName": "msvcrt.dll", "Return": "0x6c", "Output1": [ "0x76232940", "0x0" ], "Status": 0 }
{ "Address": "0x5a052d", "Opcode": "e8b6590000", "Opcodesize": 5, "Mnemonic": "call 0x5a5ee8", "PID": 1108, "TID": 1968, "Arguments": [ "Arg1", "IN", "INT", "0x28fb50", "0x65", "Arg2", "OUT", "FILE*", "0x28fb54", "0x76232940" ], "Timesptamp": "00000005.239963", "FunctionName": "fputc", "ModuleName": "msvcrt.dll", "Return": "0x65", "Output1": [ "0x76232940", "0x0" ], "Status": 0 }
{ "Address": "0x5a052d", "Opcode": "e8b6590000", "Opcodesize": 5, "Mnemonic": "call 0x5a5ee8", "PID": 1108, "TID": 1968, "Arguments": [ "Arg1", "IN", "INT", "0x28fb50", "0x73", "Arg2", "OUT", "FILE*", "0x28fb54", "0x76232940" ], "Timesptamp": "00000005.255600", "FunctionName": "fputc", "ModuleName": "msvcrt.dll", "Return": "0x73", "Output1": [ "0x76232940", "0x0" ], "Status": 0 }
{ "Address": "0x5a052d", "Opcode": "e8b6590000", "Opcodesize": 5, "Mnemonic": "call 0x5a5ee8", "PID": 1108, "TID": 1968, "Arguments": [ "Arg1", "IN", "INT", "0x28fb50", "0xa", "Arg2", "OUT", "FILE*", "0x28fb54", "0x76232940" ], "Timesptamp": "00000005.271101", "FunctionName": "fputc", "ModuleName": "msvcrt.dll", "Return": "0xa", "Output1": [ "0x76232940", "0x0" ], "Status": 0 }
{ "Address": "0x404a59", "Opcode": "e8aa141a00", "Opcodesize": 5, "Mnemonic": "call 0x5a5f08", "PID": 1108, "TID": 1968, "Arguments": [ "Arg1", "IN", "INT", "0x28fc70", "0x2" ], "Timesptamp": "00000005.286795", "FunctionName": "exit", "ModuleName": "msvcrt.dll" }
