{ "Address": "0x40c027", "Opcode": "e8f40e0000", "Opcodesize": 5, "Mnemonic": "call 0x40cf20", "PID": 1288, "TID": 1612, "Functionname": "RtlInitializeCriticalSection", "Dllname": "ntdll.dll", "Status": 1 }
{ "Address": "0x401053", "Opcode": "e858be0000", "Opcodesize": 5, "Mnemonic": "call 0x40ceb0", "PID": 1288, "TID": 1612, "Arguments": [ "Arg1", "IN", "DWORD", "0x28ff30", "0x401180" ], "Timesptamp": "00000000.258923", "FunctionName": "SetUnhandledExceptionFilter", "ModuleName": "kernel32.dll", "Return": "0x0", "Status": 0 }
{ "Address": "0x401092", "Opcode": "e879bc0000", "Opcodesize": 5, "Mnemonic": "call 0x40cd10", "PID": 1288, "TID": 1612, "Functionname": "__getmainargs", "Dllname": "msvcrt.dll", "Status": 1 }
{ "Address": "0x4010a0", "Opcode": "e873bc0000", "Opcodesize": 5, "Mnemonic": "call 0x40cd18", "PID": 1288, "TID": 1612, "Arguments": [ ], "Timesptamp": "00000000.301726", "FunctionName": "__p__fmode", "ModuleName": "msvcrt.dll", "Return": "0x762331f4", "Status": 0 }
{ "Address": "0x4012fd", "Opcode": "e8bebb0000", "Opcodesize": 5, "Mnemonic": "call 0x40cec0", "PID": 1288, "TID": 1612, "Arguments": [ "Arg1", "IN", "LPCTSTR", "0x28fed0", "NULL" ], "Timesptamp": "00000000.307012", "FunctionName": "GetModuleHandleA", "ModuleName": "kernel32.dll", "Return": "0x0", "Status": 0 }
{ "Address": "0x4010ba", "Opcode": "e861bc0000", "Opcodesize": 5, "Mnemonic": "call 0x40cd20", "PID": 1288, "TID": 1612, "Functionname": "__p__environ", "Dllname": "msvcrt.dll", "Status": 1 }
{ "Address": "0x404283", "Opcode": "e8508c0000", "Opcodesize": 5, "Mnemonic": "call 0x40ced8", "PID": 1288, "TID": 1612, "Functionname": "SetConsoleTitleA", "Dllname": "kernel32.dll", "Status": 1 }
{ "Address": "0x4042e5", "Opcode": "e86e8a0000", "Opcodesize": 5, "Mnemonic": "call 0x40cd58", "PID": 1288, "TID": 1612, "Arguments": [ "Arg1", "IN", "CHAR*", "0x28fec0", "Illegal command line" ], "Timesptamp": "00000000.362780", "FunctionName": "printf", "ModuleName": "msvcrt.dll", "Return": "0x14", "Status": 0 }
{ "Address": "0x401389", "Opcode": "e832bb0000", "Opcodesize": 5, "Mnemonic": "call 0x40cec0", "PID": 1288, "TID": 1612, "Arguments": [ "Arg1", "IN", "LPCTSTR", "0x28fecc", "libgcc_s_dw2-1.dll" ], "Timesptamp": "00000000.382845", "FunctionName": "GetModuleHandleA", "ModuleName": "kernel32.dll", "Return": "0x0", "Status": 0 }
{ "Address": "0x4010e5", "Opcode": "e8cebd0000", "Opcodesize": 5, "Mnemonic": "call 0x40ceb8", "PID": 1288, "TID": 1612, "Arguments": [ "Arg1", "IN", "UINT", "0x28ff30", "0x1" ], "Timesptamp": "00000000.394426", "FunctionName": "ExitProcess", "ModuleName": "kernel32.dll" }
