{ "Address": "0x409039", "Opcode": "ff1534824100", "Opcodesize": 6, "Mnemonic": "call dword ptr [0x418234]", "PID": 280, "TID": 1612, "Arguments": [ ], "Timesptamp": "00000000.353699", "FunctionName": "GetVersion", "ModuleName": "kernel32.dll", "Return": "0x1db10106", "Status": 0 }
{ "Address": "0x40bbe3", "Opcode": "ff1548814100", "Opcodesize": 6, "Mnemonic": "call dword ptr [0x418148]", "PID": 280, "TID": 1612, "Arguments": [ "Arg1", "IN", "DWORD", "0x18ff00", "0x0", "Arg2", "IN", "SIZE_T", "0x18ff04", "0x1000", "Arg3", "IN", "SIZE_T", "0x18ff08", "0x0" ], "Timesptamp": "00000000.366840", "FunctionName": "HeapCreate", "ModuleName": "kernel32.dll", "Return": "0x510000", "Status": 0 }
{ "Address": "0x40bcad", "Opcode": "ff1598814100", "Opcodesize": 6, "Mnemonic": "call dword ptr [0x418198]", "PID": 280, "TID": 1612, "Arguments": [ "Arg1", "IN", "PVOID", "0x18fefc", "0x510000", "Arg2", "IN", "ULONG", "0x18ff00", "0x0", "Arg3", "IN", "SIZE_T", "0x18ff04", "0x140" ], "Timesptamp": "00000000.381029", "FunctionName": "RtlAllocateHeap", "ModuleName": "ntdll.dll", "Return": "0x5107d0", "Status": 0 }
{ "Address": "0x409171", "Opcode": "ffd6", "Opcodesize": 2, "Mnemonic": "call esi", "PID": 280, "TID": 1612, "Functionname": "RtlInitializeCriticalSection", "Dllname": "ntdll.dll", "Status": 1 }
{ "Address": "0x409179", "Opcode": "ffd6", "Opcodesize": 2, "Mnemonic": "call esi", "PID": 280, "TID": 1612, "Functionname": "RtlInitializeCriticalSection", "Dllname": "ntdll.dll", "Status": 1 }
{ "Address": "0x409181", "Opcode": "ffd6", "Opcodesize": 2, "Mnemonic": "call esi", "PID": 280, "TID": 1612, "Functionname": "RtlInitializeCriticalSection", "Dllname": "ntdll.dll", "Status": 1 }
{ "Address": "0x409189", "Opcode": "ffd6", "Opcodesize": 2, "Mnemonic": "call esi", "PID": 280, "TID": 1612, "Functionname": "RtlInitializeCriticalSection", "Dllname": "ntdll.dll", "Status": 1 }
{ "Address": "0x40aee2", "Opcode": "ff1564814100", "Opcodesize": 6, "Mnemonic": "call dword ptr [0x418164]", "PID": 280, "TID": 1612, "Arguments": [ ], "Timesptamp": "00000000.473392", "FunctionName": "TlsAlloc", "ModuleName": "kernel32.dll", "Return": "0x1b", "Status": 0 }
{ "Address": "0x409251", "Opcode": "ff15c0814100", "Opcodesize": 6, "Mnemonic": "call dword ptr [0x4181c0]", "PID": 280, "TID": 1612, "Functionname": "RtlEnterCriticalSection", "Dllname": "ntdll.dll", "Status": 1 }
{ "Address": "0x40c399", "Opcode": "ff1598814100", "Opcodesize": 6, "Mnemonic": "call dword ptr [0x418198]", "PID": 280, "TID": 1612, "Arguments": [ "Arg1", "IN", "PVOID", "0x18feac", "0x510000", "Arg2", "IN", "ULONG", "0x18feb0", "0x8", "Arg3", "IN", "SIZE_T", "0x18feb4", "0x41c4" ], "Timesptamp": "00000000.521079", "FunctionName": "RtlAllocateHeap", "ModuleName": "ntdll.dll", "Return": "0x510918", "Status": 0 }
{ "Address": "0x40c3b3", "Opcode": "ff1540814100", "Opcodesize": 6, "Mnemonic": "call dword ptr [0x418140]", "PID": 280, "TID": 1612, "Arguments": [ "Arg1", "IN", "LPVOID", "0x18fea8", "0x0", "Arg2", "IN", "SIZE_T", "0x18feac", "0x100000", "Arg3", "IN", "DWORD", "0x18feb0", "0x2000", "Arg4", "IN", "DWORD", "0x18feb4", "0x4" ], "Timesptamp": "00000000.535931", "FunctionName": "VirtualAlloc", "ModuleName": "kernel32.dll", "Return": "0x670000", "Status": 0 }
{ "Address": "0x40c43f", "Opcode": "ff1540814100", "Opcodesize": 6, "Mnemonic": "call dword ptr [0x418140]", "PID": 280, "TID": 1612, "Arguments": [ "Arg1", "IN", "LPVOID", "0x18fe98", "0x670000", "Arg2", "IN", "SIZE_T", "0x18fe9c", "0x8000", "Arg3", "IN", "DWORD", "0x18fea0", "0x1000", "Arg4", "IN", "DWORD", "0x18fea4", "0x4" ], "Timesptamp": "00000000.564748", "FunctionName": "VirtualAlloc", "ModuleName": "kernel32.dll", "Return": "0x670000", "Status": 0 }
{ "Address": "0x409267", "Opcode": "ff15bc814100", "Opcodesize": 6, "Mnemonic": "call dword ptr [0x4181bc]", "PID": 280, "TID": 1612, "Functionname": "RtlLeaveCriticalSection", "Dllname": "ntdll.dll", "Status": 1 }
{ "Address": "0x40af0a", "Opcode": "ff1568814100", "Opcodesize": 6, "Mnemonic": "call dword ptr [0x418168]", "PID": 280, "TID": 1612, "Arguments": [ "Arg1", "IN", "DWORD", "0x18ff04", "0x1b", "Arg2", "IN", "LPVOID", "0x18ff08", "0x670f80" ], "Timesptamp": "00000000.589159", "FunctionName": "TlsSetValue", "ModuleName": "kernel32.dll", "Return": "TRUE", "Status": 0 }
{ "Address": "0x40af1b", "Opcode": "ff156c814100", "Opcodesize": 6, "Mnemonic": "call dword ptr [0x41816c]", "PID": 280, "TID": 1612, "Arguments": [ ], "Timesptamp": "00000000.601251", "FunctionName": "GetCurrentThreadId", "ModuleName": "kernel32.dll", "Return": "0x64c", "Status": 0 }
{ "Address": "0x40900a", "Opcode": "ff1598814100", "Opcodesize": 6, "Mnemonic": "call dword ptr [0x418198]", "PID": 280, "TID": 1612, "Arguments": [ "Arg1", "IN", "PVOID", "0x18fe88", "0x510000", "Arg2", "IN", "ULONG", "0x18fe8c", "0x0", "Arg3", "IN", "SIZE_T", "0x18fe90", "0x480" ], "Timesptamp": "00000000.613773", "FunctionName": "RtlAllocateHeap", "ModuleName": "ntdll.dll", "Return": "0x514ae8", "Status": 0 }
{ "Address": "0x40a285", "Opcode": "ff158c814100", "Opcodesize": 6, "Mnemonic": "call dword ptr [0x41818c]", "PID": 280, "TID": 1612, "Arguments": [ "Arg1", "OUT", "LPSTARTUPINFOA", "0x18feb4", "0x18fec4" ], "Timesptamp": "00000000.627763", "FunctionName": "GetStartupInfoA", "ModuleName": "kernel32.dll", "Return": "0x18fec4", "Output1": { "field1": [ "0x18fec4", "0x44" ], "field2": [ "0x18fec8", "" ], "field3": [ "0x18fecc", "winsta0\\default" ], "field4": [ "0x18fed0", "C:\\Users\\lhs\\Exec\\ShareEnum.exe" ], "field5": [ "0x18fed4", "0x0" ], "field6": [ "0x18fed8", "0x0" ], "field7": [ "0x18fedc", "0x0" ], "field8": [ "0x18fee0", "0x0" ], "field9": [ "0x18fee4", "0x0" ], "field10": [ "0x18fee8", "0x0" ], "field11": [ "0x18feec", "0x0" ], "field12": [ "0x18fef0", "0x1" ], "field13": [ "0x18fef4", "0x7" ], "field14": [ "0x18fef6", "0x0" ], "field15": [ "0x18fef8", "0x0" ], "field16": [ "0x18fef9", "0xff000000" ], "field17": [ "0x18fefd", "0xffffffff" ], "field18": [ "0x18ff01", "0xffffffff" ] }, "Status": 0 }
{ "Address": "0x40a393", "Opcode": "ff15a8814100", "Opcodesize": 6, "Mnemonic": "call dword ptr [0x4181a8]", "PID": 280, "TID": 1612, "Arguments": [ "Arg1", "IN", "DWORD", "0x18feb4", "0xfffffff6" ], "Timesptamp": "00000000.657688", "FunctionName": "GetStdHandle", "ModuleName": "kernel32.dll", "Return": "0x0", "Status": 0 }
{ "Address": "0x40a3a1", "Opcode": "ff1570814100", "Opcodesize": 6, "Mnemonic": "call dword ptr [0x418170]", "PID": 280, "TID": 1612, "Arguments": [ "Arg1", "IN", "HANDLE", "0x18feb4", "0x0" ], "Timesptamp": "00000000.669341", "FunctionName": "GetFileType", "ModuleName": "kernel32.dll", "Return": "0x0", "Status": 0 }
{ "Address": "0x40a393", "Opcode": "ff15a8814100", "Opcodesize": 6, "Mnemonic": "call dword ptr [0x4181a8]", "PID": 280, "TID": 1612, "Arguments": [ "Arg1", "IN", "DWORD", "0x18feb4", "0xfffffff5" ], "Timesptamp": "00000000.681992", "FunctionName": "GetStdHandle", "ModuleName": "kernel32.dll", "Return": "0x0", "Status": 0 }
{ "Address": "0x40a3a1", "Opcode": "ff1570814100", "Opcodesize": 6, "Mnemonic": "call dword ptr [0x418170]", "PID": 280, "TID": 1612, "Arguments": [ "Arg1", "IN", "HANDLE", "0x18feb4", "0x0" ], "Timesptamp": "00000000.706605", "FunctionName": "GetFileType", "ModuleName": "kernel32.dll", "Return": "0x0", "Status": 0 }
{ "Address": "0x40a393", "Opcode": "ff15a8814100", "Opcodesize": 6, "Mnemonic": "call dword ptr [0x4181a8]", "PID": 280, "TID": 1612, "Arguments": [ "Arg1", "IN", "DWORD", "0x18feb4", "0xfffffff4" ], "Timesptamp": "00000000.719957", "FunctionName": "GetStdHandle", "ModuleName": "kernel32.dll", "Return": "0x0", "Status": 0 }
{ "Address": "0x40a3a1", "Opcode": "ff1570814100", "Opcodesize": 6, "Mnemonic": "call dword ptr [0x418170]", "PID": 280, "TID": 1612, "Arguments": [ "Arg1", "IN", "HANDLE", "0x18feb4", "0x0" ], "Timesptamp": "00000000.731135", "FunctionName": "GetFileType", "ModuleName": "kernel32.dll", "Return": "0x0", "Status": 0 }
{ "Address": "0x40a3d8", "Opcode": "ff15ac814100", "Opcodesize": 6, "Mnemonic": "call dword ptr [0x4181ac]", "PID": 280, "TID": 1612, "Arguments": [ "Arg1", "IN", "UINT", "0x18feb4", "0x20" ], "Timesptamp": "00000000.751409", "FunctionName": "SetHandleCount", "ModuleName": "kernel32.dll", "Return": "0x20", "Status": 0 }
{ "Address": "0x409099", "Opcode": "ff1588814100", "Opcodesize": 6, "Mnemonic": "call dword ptr [0x418188]", "PID": 280, "TID": 1612, "Arguments": [ ], "Timesptamp": "00000000.762764", "FunctionName": "GetCommandLineA", "ModuleName": "kernel32.dll", "Return": "\\Users\\lhs\\Exec\\ShareEnum.exe ", "Status": 0 }
{ "Address": "0x40e62b", "Opcode": "ffd5", "Opcodesize": 2, "Mnemonic": "call ebp", "PID": 280, "TID": 1612, "Arguments": [ ], "Timesptamp": "00000000.776384", "FunctionName": "GetEnvironmentStringsW", "ModuleName": "kernel32.dll", "Return": "=C:=C:\\Windows\\System32", "Status": 0 }
{ "Address": "0x40e6a3", "Opcode": "ffd7", "Opcodesize": 2, "Mnemonic": "call edi", "PID": 280, "TID": 1612, "Arguments": [ "Arg1", "IN", "UINT", "0x18fed8", "0x0", "Arg2", "IN", "DWORD", "0x18fedc", "0x0", "Arg3", "IN", "LPCWCH", "0x18fee0", "=C:=C:\\Windows\\System32", "Arg4", "IN", "INT", "0x18fee4", "0x4e6", "Arg5", "OUT", "ARRAY0", "0x18fee8", "0x0", "Arg6", "IN", "INT", "0x18feec", "0x0", "Arg7", "IN", "DWORD", "0x18fef0", "0x0", "Arg8", "OUT", "LPBOOL", "0x18fef4", "0x0" ], "Timesptamp": "00000000.787954", "FunctionName": "WideCharToMultiByte", "ModuleName": "kernel32.dll", "Return": "0x4e6", "Status": 0 }
{ "Address": "0x40900a", "Opcode": "ff1598814100", "Opcodesize": 6, "Mnemonic": "call dword ptr [0x418198]", "PID": 280, "TID": 1612, "Arguments": [ "Arg1", "IN", "PVOID", "0x18fec8", "0x510000", "Arg2", "IN", "ULONG", "0x18fecc", "0x0", "Arg3", "IN", "SIZE_T", "0x18fed0", "0x4f0" ], "Timesptamp": "00000000.800468", "FunctionName": "RtlAllocateHeap", "ModuleName": "ntdll.dll", "Return": "0x514f70", "Status": 0 }
{ "Address": "0x40e6c5", "Opcode": "ffd7", "Opcodesize": 2, "Mnemonic": "call edi", "PID": 280, "TID": 1612, "Arguments": [ "Arg1", "IN", "UINT", "0x18fed8", "0x0", "Arg2", "IN", "DWORD", "0x18fedc", "0x0", "Arg3", "IN", "LPCWCH", "0x18fee0", "=C:=C:\\Windows\\System32", "Arg4", "IN", "INT", "0x18fee4", "0x4e6", "Arg5", "OUT", "ARRAY0", "0x18fee8", "0x514f70", "Arg6", "IN", "INT", "0x18feec", "0x4e6", "Arg7", "IN", "DWORD", "0x18fef0", "0x0", "Arg8", "OUT", "LPBOOL", "0x18fef4", "0x0" ], "Timesptamp": "00000000.813919", "FunctionName": "WideCharToMultiByte", "ModuleName": "kernel32.dll", "Return": "0x4e6", "Output1": [ ], "Status": 0 }
{ "Address": "0x40e6de", "Opcode": "ff152c814100", "Opcodesize": 6, "Mnemonic": "call dword ptr [0x41812c]", "PID": 280, "TID": 1612, "Functionname": "FreeEnvironmentStringsW", "Dllname": "kernel32.dll", "Status": 1 }
{ "Address": "0x409251", "Opcode": "ff15c0814100", "Opcodesize": 6, "Mnemonic": "call dword ptr [0x4181c0]", "PID": 280, "TID": 1612, "Functionname": "RtlEnterCriticalSection", "Dllname": "ntdll.dll", "Status": 1 }
{ "Address": "0x409267", "Opcode": "ff15bc814100", "Opcodesize": 6, "Mnemonic": "call dword ptr [0x4181bc]", "PID": 280, "TID": 1612, "Functionname": "RtlLeaveCriticalSection", "Dllname": "ntdll.dll", "Status": 1 }
{ "Address": "0x409251", "Opcode": "ff15c0814100", "Opcodesize": 6, "Mnemonic": "call dword ptr [0x4181c0]", "PID": 280, "TID": 1612, "Functionname": "RtlEnterCriticalSection", "Dllname": "ntdll.dll", "Status": 1 }
{ "Address": "0x409236", "Opcode": "ff15c8814100", "Opcodesize": 6, "Mnemonic": "call dword ptr [0x4181c8]", "PID": 280, "TID": 1612, "Functionname": "RtlInitializeCriticalSection", "Dllname": "ntdll.dll", "Status": 1 }
{ "Address": "0x409267", "Opcode": "ff15bc814100", "Opcodesize": 6, "Mnemonic": "call dword ptr [0x4181bc]", "PID": 280, "TID": 1612, "Functionname": "RtlLeaveCriticalSection", "Dllname": "ntdll.dll", "Status": 1 }
{ "Address": "0x409251", "Opcode": "ff15c0814100", "Opcodesize": 6, "Mnemonic": "call dword ptr [0x4181c0]", "PID": 280, "TID": 1612, "Functionname": "RtlEnterCriticalSection", "Dllname": "ntdll.dll", "Status": 1 }
{ "Address": "0x4132d5", "Opcode": "e895010000", "Opcodesize": 5, "Mnemonic": "call 0x41346f", "PID": 280, "TID": 1612, "Arguments": [ ], "Timesptamp": "00000000.916778", "FunctionName": "GetACP", "ModuleName": "kernel32.dll", "Return": "0x4e4", "Status": 0 }
{ "Address": "0x413313", "Opcode": "ff1518814100", "Opcodesize": 6, "Mnemonic": "call dword ptr [0x418118]", "PID": 280, "TID": 1612, "Arguments": [ "Arg1", "IN", "UINT", "0x18febc", "0x4e4", "Arg2", "OUT", "LPCPINFO", "0x18fec0", "0x18fed0" ], "Timesptamp": "00000000.926296", "FunctionName": "GetCPInfo", "ModuleName": "kernel32.dll", "Return": "TRUE", "Output1": { "field1": [ "0x18fed0", "0x1" ], "field2": [ "0x18fed4", "0x3f" ], "field3": [ "0x18fed8", "0x0" ] }, "Status": 0 }
{ "Address": "0x413529", "Opcode": "ff1518814100", "Opcodesize": 6, "Mnemonic": "call dword ptr [0x418118]", "PID": 280, "TID": 1612, "Arguments": [ "Arg1", "IN", "UINT", "0x18f99c", "0x4e4", "Arg2", "OUT", "LPCPINFO", "0x18f9a0", "0x18fea8" ], "Timesptamp": "00000000.939971", "FunctionName": "GetCPInfo", "ModuleName": "kernel32.dll", "Return": "TRUE", "Output1": { "field1": [ "0x18fea8", "0x1" ], "field2": [ "0x18feac", "0x3f" ], "field3": [ "0x18feb0", "0x0" ] }, "Status": 0 }
{ "Address": "0x4130aa", "Opcode": "ff15f8804100", "Opcodesize": 6, "Mnemonic": "call dword ptr [0x4180f8]", "PID": 280, "TID": 1612, "Arguments": [ "Arg1", "IN", "DWORD", "0x18f93c", "0x1", "Arg2", "IN", "LPCWCH", "Arg3", "IN", "INT", "0x18f944", "0x1", "Arg4", "OUT", "LPWORD", "0x18f948", "0x18f964" ], "Timesptamp": "00000000.955518", "FunctionName": "GetStringTypeW", "ModuleName": "kernel32.dll", "Return": "TRUE", "Output1": [ "0x18f964", "0x220" ], "Status": 0 }
{ "Address": "0x413130", "Opcode": "ff15b0814100", "Opcodesize": 6, "Mnemonic": "call dword ptr [0x4181b0]", "PID": 280, "TID": 1612, "Arguments": [ "Arg1", "IN", "UINT", "0x18f934", "0x4e4", "Arg2", "IN", "DWORD", "0x18f938", "0x1", "Arg3", "IN", "ARRAY0", "0x18f93c", "ARRAY_0x100", "Arg4", "IN", "INT", "0x18f940", "0x100", "Arg5", "OUT", "LPWSTR", "0x18f944", "0x0", "Arg6", "IN", "INT", "0x18f948", "0x0" ], "Timesptamp": "00000000.970298", "FunctionName": "MultiByteToWideChar", "ModuleName": "kernel32.dll", "Return": "0x100", "Status": 0 }
{ "Address": "0x413186", "Opcode": "ff15b0814100", "Opcodesize": 6, "Mnemonic": "call dword ptr [0x4181b0]", "PID": 280, "TID": 1612, "Arguments": [ "Arg1", "IN", "UINT", "0x18f734", "0x4e4", "Arg2", "IN", "DWORD", "0x18f738", "0x1", "Arg3", "IN", "ARRAY0", "0x18f73c", "ARRAY_0x100", "Arg4", "IN", "INT", "0x18f740", "0x100", "Arg5", "OUT", "LPWSTR", "0x18f744", "0x18f74c", "Arg6", "IN", "INT", "0x18f748", "0x100" ], "Timesptamp": "00000000.982655", "FunctionName": "MultiByteToWideChar", "ModuleName": "kernel32.dll", "Return": "0x100", "Output1": [ "0x18f74c", " ............................... !\"#$%&'()*+,-.\/0123456789:;<=>?@ABCDEFGHIJKLMNOPQRSTUVWXYZ[\\]^_`abcdefghijklmnopqrstuvwxyz{|}~......& !.0`9R.}......\"...\"a:S.~x................................................................................................lC" ], "Status": 0 }
{ "Address": "0x413198", "Opcode": "ff15f8804100", "Opcodesize": 6, "Mnemonic": "call dword ptr [0x4180f8]", "PID": 280, "TID": 1612, "Arguments": [ "Arg1", "IN", "DWORD", "0x18f73c", "0x1", "Arg2", "IN", "LPCWCH", "0x18f740", " ............................... !\"#$%&'()*+,-.\/0123456789:;<=>?@ABCDEFGHIJKLMNOPQRSTUVWXYZ[\\]^_`abcdefghijklmnopqrstuvwxyz{|}~......& !.0`9R.}......\"...\"a:S.~x................................................................................................lC", "Arg3", "IN", "INT", "0x18f744", "0x100", "Arg4", "OUT", "LPWORD", "0x18f748", "0x18f9a8" ], "Timesptamp": "00000000.995753", "FunctionName": "GetStringTypeW", "ModuleName": "kernel32.dll", "Return": "TRUE", "Output1": [ "0x18f9a8", "0x248" ], "Status": 0 }
{ "Address": "0x414ead", "Opcode": "ff15a4814100", "Opcodesize": 6, "Mnemonic": "call dword ptr [0x4181a4]", "PID": 280, "TID": 1612, "Arguments": [ "Arg1", "IN", "LCID", "0x18f910", "0x0", "Arg2", "IN", "DWORD", "0x18f914", "0x100", "Arg3", "IN", "LPCWSTR", "NULL", "Arg4", "IN", "INT", "0x18f91c", "0x1", "Arg5", "OUT", "LPCWSTR", "0x18f920", "0x0", "Arg6", "IN", "INT", "0x18f924", "0x0" ], "Timesptamp": "00000001.009765", "FunctionName": "LCMapStringW", "ModuleName": "kernel32.dll", "Return": "0x1", "Status": 0 }
{ "Address": "0x414f4a", "Opcode": "ff15b0814100", "Opcodesize": 6, "Mnemonic": "call dword ptr [0x4181b0]", "PID": 280, "TID": 1612, "Arguments": [ "Arg1", "IN", "UINT", "0x18f910", "0x4e4", "Arg2", "IN", "DWORD", "0x18f914", "0x1", "Arg3", "IN", "ARRAY0", "0x18f918", "ARRAY_0x100", "Arg4", "IN", "INT", "0x18f91c", "0x100", "Arg5", "OUT", "LPWSTR", "0x18f920", "0x0", "Arg6", "IN", "INT", "0x18f924", "0x0" ], "Timesptamp": "00000001.021321", "FunctionName": "MultiByteToWideChar", "ModuleName": "kernel32.dll", "Return": "0x100", "Status": 0 }
{ "Address": "0x414fa2", "Opcode": "ff15b0814100", "Opcodesize": 6, "Mnemonic": "call dword ptr [0x4181b0]", "PID": 280, "TID": 1612, "Arguments": [ "Arg1", "IN", "UINT", "0x18f710", "0x4e4", "Arg2", "IN", "DWORD", "0x18f714", "0x1", "Arg3", "IN", "ARRAY0", "0x18f718", "ARRAY_0x100", "Arg4", "IN", "INT", "0x18f71c", "0x100", "Arg5", "OUT", "LPWSTR", "0x18f720", "0x18f728", "Arg6", "IN", "INT", "0x18f724", "0x100" ], "Timesptamp": "00000001.035036", "FunctionName": "MultiByteToWideChar", "ModuleName": "kernel32.dll", "Return": "0x100", "Output1": [ "0x18f728", " ............................... !\"#$%&'()*+,-.\/0123456789:;<=>?@ABCDEFGHIJKLMNOPQRSTUVWXYZ[\\]^_`abcdefghijklmnopqrstuvwxyz{|}~......& !.0`9R.}......\"...\"a:S.~x................................................................................................lC" ], "Status": 0 }
{ "Address": "0x414fb8", "Opcode": "ff15a4814100", "Opcodesize": 6, "Mnemonic": "call dword ptr [0x4181a4]", "PID": 280, "TID": 1612, "Arguments": [ "Arg1", "IN", "LCID", "0x18f710", "0x0", "Arg2", "IN", "DWORD", "0x18f714", "0x100", "Arg3", "IN", "LPCWSTR", "0x18f718", " ............................... !\"#$%&'()*+,-.\/0123456789:;<=>?@ABCDEFGHIJKLMNOPQRSTUVWXYZ[\\]^_`abcdefghijklmnopqrstuvwxyz{|}~......& !.0`9R.}......\"...\"a:S.~x................................................................................................lC", "Arg4", "IN", "INT", "0x18f71c", "0x100", "Arg5", "OUT", "LPCWSTR", "0x18f720", "0x0", "Arg6", "IN", "INT", "0x18f724", "0x0" ], "Timesptamp": "00000001.049381", "FunctionName": "LCMapStringW", "ModuleName": "kernel32.dll", "Return": "0x100", "Status": 0 }
{ "Address": "0x415053", "Opcode": "ff15a4814100", "Opcodesize": 6, "Mnemonic": "call dword ptr [0x4181a4]", "PID": 280, "TID": 1612, "Arguments": [ "Arg1", "IN", "LCID", "0x18f510", "0x0", "Arg2", "IN", "DWORD", "0x18f514", "0x100", "Arg3", "IN", "LPCWSTR", "0x18f518", " ............................... !\"#$%&'()*+,-.\/0123456789:;<=>?@ABCDEFGHIJKLMNOPQRSTUVWXYZ[\\]^_`abcdefghijklmnopqrstuvwxyz{|}~......& !.0`9R.}......\"...\"a:S.~x................................................................................................lC", "Arg4", "IN", "INT", "0x18f51c", "0x100", "Arg5", "OUT", "LPCWSTR", "0x18f520", "0x18f528", "Arg6", "IN", "INT", "0x18f524", "0x100" ], "Timesptamp": "00000001.062296", "FunctionName": "LCMapStringW", "ModuleName": "kernel32.dll", "Return": "0x100", "Output1": [ "0x18f528", " ............................... !\"#$%&'()*+,-.\/0123456789:;<=>?@abcdefghijklmnopqrstuvwxyz[\\]^_`abcdefghijklmnopqrstuvwxyz{|}~......& !.0a9S.~......\"...\"a:S.~................................................................................................. ............................... !\"#$%&'()*+,-.\/0123456789:;<=>?@ABCDEFGHIJKLMNOPQRSTUVWXYZ[\\]^_`abcdefghijklmnopqrstuvwxyz{|}~......& !.0`9R.}......\"...\"a:S.~x................................................................................................" ], "Status": 0 }
{ "Address": "0x415078", "Opcode": "ff1594814100", "Opcodesize": 6, "Mnemonic": "call dword ptr [0x418194]", "PID": 280, "TID": 1612, "Arguments": [ "Arg1", "IN", "UINT", "0x18f508", "0x4e4", "Arg2", "IN", "DWORD", "0x18f50c", "0x220", "Arg3", "IN", "LPCWCH", "0x18f510", " ............................... !\"#$%&'()*+,-.\/0123456789:;<=>?@abcdefghijklmnopqrstuvwxyz[\\]^_`abcdefghijklmnopqrstuvwxyz{|}~......& !.0a9S.~......\"...\"a:S.~................................................................................................. ............................... !\"#$%&'()*+,-.\/0123456789:;<=>?@ABCDEFGHIJKLMNOPQRSTUVWXYZ[\\]^_`abcdefghijklmnopqrstuvwxyz{|}~......& !.0`9R.}......\"...\"a:S.~x................................................................................................", "Arg4", "IN", "INT", "0x18f514", "0x100", "Arg5", "OUT", "ARRAY0", "0x18f518", "0x18fca8", "Arg6", "IN", "INT", "0x18f51c", "0x100", "Arg7", "IN", "DWORD", "0x18f520", "0x0", "Arg8", "OUT", "LPBOOL", "0x18f524", "0x0" ], "Timesptamp": "00000001.074149", "FunctionName": "WideCharToMultiByte", "ModuleName": "kernel32.dll", "Return": "0x100", "Output1": [ ], "Status": 0 }
{ "Address": "0x414f4a", "Opcode": "ff15b0814100", "Opcodesize": 6, "Mnemonic": "call dword ptr [0x4181b0]", "PID": 280, "TID": 1612, "Arguments": [ "Arg1", "IN", "UINT", "0x18f8f0", "0x4e4", "Arg2", "IN", "DWORD", "0x18f8f4", "0x1", "Arg3", "IN", "ARRAY0", "0x18f8f8", "ARRAY_0x100", "Arg4", "IN", "INT", "0x18f8fc", "0x100", "Arg5", "OUT", "LPWSTR", "0x18f900", "0x0", "Arg6", "IN", "INT", "0x18f904", "0x0" ], "Timesptamp": "00000001.087935", "FunctionName": "MultiByteToWideChar", "ModuleName": "kernel32.dll", "Return": "0x100", "Status": 0 }
{ "Address": "0x414fa2", "Opcode": "ff15b0814100", "Opcodesize": 6, "Mnemonic": "call dword ptr [0x4181b0]", "PID": 280, "TID": 1612, "Arguments": [ "Arg1", "IN", "UINT", "0x18f6f0", "0x4e4", "Arg2", "IN", "DWORD", "0x18f6f4", "0x1", "Arg3", "IN", "ARRAY0", "0x18f6f8", "ARRAY_0x100", "Arg4", "IN", "INT", "0x18f6fc", "0x100", "Arg5", "OUT", "LPWSTR", "0x18f700", "0x18f708", "Arg6", "IN", "INT", "0x18f704", "0x100" ], "Timesptamp": "00000001.102906", "FunctionName": "MultiByteToWideChar", "ModuleName": "kernel32.dll", "Return": "0x100", "Output1": [ "0x18f708", " ............................... !\"#$%&'()*+,-.\/0123456789:;<=>?@ABCDEFGHIJKLMNOPQRSTUVWXYZ[\\]^_`abcdefghijklmnopqrstuvwxyz{|}~......& !.0`9R.}......\"...\"a:S.~x................................................................................................lC" ], "Status": 0 }
{ "Address": "0x414fb8", "Opcode": "ff15a4814100", "Opcodesize": 6, "Mnemonic": "call dword ptr [0x4181a4]", "PID": 280, "TID": 1612, "Arguments": [ "Arg1", "IN", "LCID", "0x18f6f0", "0x0", "Arg2", "IN", "DWORD", "0x18f6f4", "0x200", "Arg3", "IN", "LPCWSTR", "0x18f6f8", " ............................... !\"#$%&'()*+,-.\/0123456789:;<=>?@ABCDEFGHIJKLMNOPQRSTUVWXYZ[\\]^_`abcdefghijklmnopqrstuvwxyz{|}~......& !.0`9R.}......\"...\"a:S.~x................................................................................................lC", "Arg4", "IN", "INT", "0x18f6fc", "0x100", "Arg5", "OUT", "LPCWSTR", "0x18f700", "0x0", "Arg6", "IN", "INT", "0x18f704", "0x0" ], "Timesptamp": "00000001.118052", "FunctionName": "LCMapStringW", "ModuleName": "kernel32.dll", "Return": "0x100", "Status": 0 }
{ "Address": "0x415053", "Opcode": "ff15a4814100", "Opcodesize": 6, "Mnemonic": "call dword ptr [0x4181a4]", "PID": 280, "TID": 1612, "Arguments": [ "Arg1", "IN", "LCID", "0x18f4f0", "0x0", "Arg2", "IN", "DWORD", "0x18f4f4", "0x200", "Arg3", "IN", "LPCWSTR", "0x18f4f8", " ............................... !\"#$%&'()*+,-.\/0123456789:;<=>?@ABCDEFGHIJKLMNOPQRSTUVWXYZ[\\]^_`abcdefghijklmnopqrstuvwxyz{|}~......& !.0`9R.}......\"...\"a:S.~x................................................................................................lC", "Arg4", "IN", "INT", "0x18f4fc", "0x100", "Arg5", "OUT", "LPCWSTR", "0x18f500", "0x18f508", "Arg6", "IN", "INT", "0x18f504", "0x100" ], "Timesptamp": "00000001.129532", "FunctionName": "LCMapStringW", "ModuleName": "kernel32.dll", "Return": "0x100", "Output1": [ "0x18f508", " ............................... !\"#$%&'()*+,-.\/0123456789:;<=>?@ABCDEFGHIJKLMNOPQRSTUVWXYZ[\\]^_`ABCDEFGHIJKLMNOPQRSTUVWXYZ{|}~......& !.0`9R.}......\"...\"`:R.}x...............................................................................................x ............................... !\"#$%&'()*+,-.\/0123456789:;<=>?@ABCDEFGHIJKLMNOPQRSTUVWXYZ[\\]^_`abcdefghijklmnopqrstuvwxyz{|}~......& !.0`9R.}......\"...\"a:S.~x................................................................................................" ], "Status": 0 }
{ "Address": "0x415078", "Opcode": "ff1594814100", "Opcodesize": 6, "Mnemonic": "call dword ptr [0x418194]", "PID": 280, "TID": 1612, "Arguments": [ "Arg1", "IN", "UINT", "0x18f4e8", "0x4e4", "Arg2", "IN", "DWORD", "0x18f4ec", "0x220", "Arg3", "IN", "LPCWCH", "0x18f4f0", " ............................... !\"#$%&'()*+,-.\/0123456789:;<=>?@ABCDEFGHIJKLMNOPQRSTUVWXYZ[\\]^_`ABCDEFGHIJKLMNOPQRSTUVWXYZ{|}~......& !.0`9R.}......\"...\"`:R.}x...............................................................................................x ............................... !\"#$%&'()*+,-.\/0123456789:;<=>?@ABCDEFGHIJKLMNOPQRSTUVWXYZ[\\]^_`abcdefghijklmnopqrstuvwxyz{|}~......& !.0`9R.}......\"...\"a:S.~x................................................................................................", "Arg4", "IN", "INT", "0x18f4f4", "0x100", "Arg5", "OUT", "ARRAY0", "0x18f4f8", "0x18fba8", "Arg6", "IN", "INT", "0x18f4fc", "0x100", "Arg7", "IN", "DWORD", "0x18f500", "0x0", "Arg8", "OUT", "LPBOOL", "0x18f504", "0x0" ], "Timesptamp": "00000001.143077", "FunctionName": "WideCharToMultiByte", "ModuleName": "kernel32.dll", "Return": "0x100", "Output1": [ ], "Status": 0 }
{ "Address": "0x409267", "Opcode": "ff15bc814100", "Opcodesize": 6, "Mnemonic": "call dword ptr [0x4181bc]", "PID": 280, "TID": 1612, "Functionname": "RtlLeaveCriticalSection", "Dllname": "ntdll.dll", "Status": 1 }
{ "Address": "0x40e3e6", "Opcode": "ff1534814100", "Opcodesize": 6, "Mnemonic": "call dword ptr [0x418134]", "PID": 280, "TID": 1612, "Arguments": [ "Arg1", "IN", "HMODULE", "0x18feec", "0x0", "Arg2", "OUT", "LPTSTR", "0x18fef0", "0x438eac", "Arg3", "IN", "DWORD", "0x18fef4", "0x104" ], "Timesptamp": "00000001.167658", "FunctionName": "GetModuleFileNameA", "ModuleName": "kernel32.dll", "Return": "0x1f", "Output1": [ "0x438eac", "C:\\Users\\lhs\\Exec\\ShareEnum.exe" ], "Status": 0 }
{ "Address": "0x409251", "Opcode": "ff15c0814100", "Opcodesize": 6, "Mnemonic": "call dword ptr [0x4181c0]", "PID": 280, "TID": 1612, "Functionname": "RtlEnterCriticalSection", "Dllname": "ntdll.dll", "Status": 1 }
{ "Address": "0x409267", "Opcode": "ff15bc814100", "Opcodesize": 6, "Mnemonic": "call dword ptr [0x4181bc]", "PID": 280, "TID": 1612, "Functionname": "RtlLeaveCriticalSection", "Dllname": "ntdll.dll", "Status": 1 }
{ "Address": "0x409251", "Opcode": "ff15c0814100", "Opcodesize": 6, "Mnemonic": "call dword ptr [0x4181c0]", "PID": 280, "TID": 1612, "Functionname": "RtlEnterCriticalSection", "Dllname": "ntdll.dll", "Status": 1 }
{ "Address": "0x409267", "Opcode": "ff15bc814100", "Opcodesize": 6, "Mnemonic": "call dword ptr [0x4181bc]", "PID": 280, "TID": 1612, "Functionname": "RtlLeaveCriticalSection", "Dllname": "ntdll.dll", "Status": 1 }
{ "Address": "0x409251", "Opcode": "ff15c0814100", "Opcodesize": 6, "Mnemonic": "call dword ptr [0x4181c0]", "PID": 280, "TID": 1612, "Functionname": "RtlEnterCriticalSection", "Dllname": "ntdll.dll", "Status": 1 }
{ "Address": "0x409267", "Opcode": "ff15bc814100", "Opcodesize": 6, "Mnemonic": "call dword ptr [0x4181bc]", "PID": 280, "TID": 1612, "Functionname": "RtlLeaveCriticalSection", "Dllname": "ntdll.dll", "Status": 1 }
{ "Address": "0x409251", "Opcode": "ff15c0814100", "Opcodesize": 6, "Mnemonic": "call dword ptr [0x4181c0]", "PID": 280, "TID": 1612, "Functionname": "RtlEnterCriticalSection", "Dllname": "ntdll.dll", "Status": 1 }
{ "Address": "0x409267", "Opcode": "ff15bc814100", "Opcodesize": 6, "Mnemonic": "call dword ptr [0x4181bc]", "PID": 280, "TID": 1612, "Functionname": "RtlLeaveCriticalSection", "Dllname": "ntdll.dll", "Status": 1 }
{ "Address": "0x409251", "Opcode": "ff15c0814100", "Opcodesize": 6, "Mnemonic": "call dword ptr [0x4181c0]", "PID": 280, "TID": 1612, "Functionname": "RtlEnterCriticalSection", "Dllname": "ntdll.dll", "Status": 1 }
{ "Address": "0x409267", "Opcode": "ff15bc814100", "Opcodesize": 6, "Mnemonic": "call dword ptr [0x4181bc]", "PID": 280, "TID": 1612, "Functionname": "RtlLeaveCriticalSection", "Dllname": "ntdll.dll", "Status": 1 }
{ "Address": "0x409251", "Opcode": "ff15c0814100", "Opcodesize": 6, "Mnemonic": "call dword ptr [0x4181c0]", "PID": 280, "TID": 1612, "Functionname": "RtlEnterCriticalSection", "Dllname": "ntdll.dll", "Status": 1 }
{ "Address": "0x409267", "Opcode": "ff15bc814100", "Opcodesize": 6, "Mnemonic": "call dword ptr [0x4181bc]", "PID": 280, "TID": 1612, "Functionname": "RtlLeaveCriticalSection", "Dllname": "ntdll.dll", "Status": 1 }
{ "Address": "0x409251", "Opcode": "ff15c0814100", "Opcodesize": 6, "Mnemonic": "call dword ptr [0x4181c0]", "PID": 280, "TID": 1612, "Functionname": "RtlEnterCriticalSection", "Dllname": "ntdll.dll", "Status": 1 }
{ "Address": "0x409267", "Opcode": "ff15bc814100", "Opcodesize": 6, "Mnemonic": "call dword ptr [0x4181bc]", "PID": 280, "TID": 1612, "Functionname": "RtlLeaveCriticalSection", "Dllname": "ntdll.dll", "Status": 1 }
{ "Address": "0x409251", "Opcode": "ff15c0814100", "Opcodesize": 6, "Mnemonic": "call dword ptr [0x4181c0]", "PID": 280, "TID": 1612, "Functionname": "RtlEnterCriticalSection", "Dllname": "ntdll.dll", "Status": 1 }
{ "Address": "0x409267", "Opcode": "ff15bc814100", "Opcodesize": 6, "Mnemonic": "call dword ptr [0x4181bc]", "PID": 280, "TID": 1612, "Functionname": "RtlLeaveCriticalSection", "Dllname": "ntdll.dll", "Status": 1 }
{ "Address": "0x409251", "Opcode": "ff15c0814100", "Opcodesize": 6, "Mnemonic": "call dword ptr [0x4181c0]", "PID": 280, "TID": 1612, "Functionname": "RtlEnterCriticalSection", "Dllname": "ntdll.dll", "Status": 1 }
{ "Address": "0x409267", "Opcode": "ff15bc814100", "Opcodesize": 6, "Mnemonic": "call dword ptr [0x4181bc]", "PID": 280, "TID": 1612, "Functionname": "RtlLeaveCriticalSection", "Dllname": "ntdll.dll", "Status": 1 }
{ "Address": "0x409251", "Opcode": "ff15c0814100", "Opcodesize": 6, "Mnemonic": "call dword ptr [0x4181c0]", "PID": 280, "TID": 1612, "Functionname": "RtlEnterCriticalSection", "Dllname": "ntdll.dll", "Status": 1 }
{ "Address": "0x409267", "Opcode": "ff15bc814100", "Opcodesize": 6, "Mnemonic": "call dword ptr [0x4181bc]", "PID": 280, "TID": 1612, "Functionname": "RtlLeaveCriticalSection", "Dllname": "ntdll.dll", "Status": 1 }
{ "Address": "0x409251", "Opcode": "ff15c0814100", "Opcodesize": 6, "Mnemonic": "call dword ptr [0x4181c0]", "PID": 280, "TID": 1612, "Functionname": "RtlEnterCriticalSection", "Dllname": "ntdll.dll", "Status": 1 }
{ "Address": "0x409267", "Opcode": "ff15bc814100", "Opcodesize": 6, "Mnemonic": "call dword ptr [0x4181bc]", "PID": 280, "TID": 1612, "Functionname": "RtlLeaveCriticalSection", "Dllname": "ntdll.dll", "Status": 1 }
{ "Address": "0x409251", "Opcode": "ff15c0814100", "Opcodesize": 6, "Mnemonic": "call dword ptr [0x4181c0]", "PID": 280, "TID": 1612, "Functionname": "RtlEnterCriticalSection", "Dllname": "ntdll.dll", "Status": 1 }
{ "Address": "0x409267", "Opcode": "ff15bc814100", "Opcodesize": 6, "Mnemonic": "call dword ptr [0x4181bc]", "PID": 280, "TID": 1612, "Functionname": "RtlLeaveCriticalSection", "Dllname": "ntdll.dll", "Status": 1 }
{ "Address": "0x409251", "Opcode": "ff15c0814100", "Opcodesize": 6, "Mnemonic": "call dword ptr [0x4181c0]", "PID": 280, "TID": 1612, "Functionname": "RtlEnterCriticalSection", "Dllname": "ntdll.dll", "Status": 1 }
{ "Address": "0x409267", "Opcode": "ff15bc814100", "Opcodesize": 6, "Mnemonic": "call dword ptr [0x4181bc]", "PID": 280, "TID": 1612, "Functionname": "RtlLeaveCriticalSection", "Dllname": "ntdll.dll", "Status": 1 }
{ "Address": "0x409251", "Opcode": "ff15c0814100", "Opcodesize": 6, "Mnemonic": "call dword ptr [0x4181c0]", "PID": 280, "TID": 1612, "Functionname": "RtlEnterCriticalSection", "Dllname": "ntdll.dll", "Status": 1 }
{ "Address": "0x409267", "Opcode": "ff15bc814100", "Opcodesize": 6, "Mnemonic": "call dword ptr [0x4181bc]", "PID": 280, "TID": 1612, "Functionname": "RtlLeaveCriticalSection", "Dllname": "ntdll.dll", "Status": 1 }
{ "Address": "0x409251", "Opcode": "ff15c0814100", "Opcodesize": 6, "Mnemonic": "call dword ptr [0x4181c0]", "PID": 280, "TID": 1612, "Functionname": "RtlEnterCriticalSection", "Dllname": "ntdll.dll", "Status": 1 }
{ "Address": "0x409267", "Opcode": "ff15bc814100", "Opcodesize": 6, "Mnemonic": "call dword ptr [0x4181bc]", "PID": 280, "TID": 1612, "Functionname": "RtlLeaveCriticalSection", "Dllname": "ntdll.dll", "Status": 1 }
{ "Address": "0x409251", "Opcode": "ff15c0814100", "Opcodesize": 6, "Mnemonic": "call dword ptr [0x4181c0]", "PID": 280, "TID": 1612, "Functionname": "RtlEnterCriticalSection", "Dllname": "ntdll.dll", "Status": 1 }
{ "Address": "0x409267", "Opcode": "ff15bc814100", "Opcodesize": 6, "Mnemonic": "call dword ptr [0x4181bc]", "PID": 280, "TID": 1612, "Functionname": "RtlLeaveCriticalSection", "Dllname": "ntdll.dll", "Status": 1 }
{ "Address": "0x409251", "Opcode": "ff15c0814100", "Opcodesize": 6, "Mnemonic": "call dword ptr [0x4181c0]", "PID": 280, "TID": 1612, "Functionname": "RtlEnterCriticalSection", "Dllname": "ntdll.dll", "Status": 1 }
{ "Address": "0x409267", "Opcode": "ff15bc814100", "Opcodesize": 6, "Mnemonic": "call dword ptr [0x4181bc]", "PID": 280, "TID": 1612, "Functionname": "RtlLeaveCriticalSection", "Dllname": "ntdll.dll", "Status": 1 }
{ "Address": "0x409251", "Opcode": "ff15c0814100", "Opcodesize": 6, "Mnemonic": "call dword ptr [0x4181c0]", "PID": 280, "TID": 1612, "Functionname": "RtlEnterCriticalSection", "Dllname": "ntdll.dll", "Status": 1 }
{ "Address": "0x409267", "Opcode": "ff15bc814100", "Opcodesize": 6, "Mnemonic": "call dword ptr [0x4181bc]", "PID": 280, "TID": 1612, "Functionname": "RtlLeaveCriticalSection", "Dllname": "ntdll.dll", "Status": 1 }
{ "Address": "0x409251", "Opcode": "ff15c0814100", "Opcodesize": 6, "Mnemonic": "call dword ptr [0x4181c0]", "PID": 280, "TID": 1612, "Functionname": "RtlEnterCriticalSection", "Dllname": "ntdll.dll", "Status": 1 }
{ "Address": "0x409267", "Opcode": "ff15bc814100", "Opcodesize": 6, "Mnemonic": "call dword ptr [0x4181bc]", "PID": 280, "TID": 1612, "Functionname": "RtlLeaveCriticalSection", "Dllname": "ntdll.dll", "Status": 1 }
{ "Address": "0x409251", "Opcode": "ff15c0814100", "Opcodesize": 6, "Mnemonic": "call dword ptr [0x4181c0]", "PID": 280, "TID": 1612, "Functionname": "RtlEnterCriticalSection", "Dllname": "ntdll.dll", "Status": 1 }
{ "Address": "0x409267", "Opcode": "ff15bc814100", "Opcodesize": 6, "Mnemonic": "call dword ptr [0x4181bc]", "PID": 280, "TID": 1612, "Functionname": "RtlLeaveCriticalSection", "Dllname": "ntdll.dll", "Status": 1 }
{ "Address": "0x409251", "Opcode": "ff15c0814100", "Opcodesize": 6, "Mnemonic": "call dword ptr [0x4181c0]", "PID": 280, "TID": 1612, "Functionname": "RtlEnterCriticalSection", "Dllname": "ntdll.dll", "Status": 1 }
{ "Address": "0x409267", "Opcode": "ff15bc814100", "Opcodesize": 6, "Mnemonic": "call dword ptr [0x4181bc]", "PID": 280, "TID": 1612, "Functionname": "RtlLeaveCriticalSection", "Dllname": "ntdll.dll", "Status": 1 }
{ "Address": "0x409251", "Opcode": "ff15c0814100", "Opcodesize": 6, "Mnemonic": "call dword ptr [0x4181c0]", "PID": 280, "TID": 1612, "Functionname": "RtlEnterCriticalSection", "Dllname": "ntdll.dll", "Status": 1 }
{ "Address": "0x409267", "Opcode": "ff15bc814100", "Opcodesize": 6, "Mnemonic": "call dword ptr [0x4181bc]", "PID": 280, "TID": 1612, "Functionname": "RtlLeaveCriticalSection", "Dllname": "ntdll.dll", "Status": 1 }
{ "Address": "0x409251", "Opcode": "ff15c0814100", "Opcodesize": 6, "Mnemonic": "call dword ptr [0x4181c0]", "PID": 280, "TID": 1612, "Functionname": "RtlEnterCriticalSection", "Dllname": "ntdll.dll", "Status": 1 }
{ "Address": "0x409267", "Opcode": "ff15bc814100", "Opcodesize": 6, "Mnemonic": "call dword ptr [0x4181bc]", "PID": 280, "TID": 1612, "Functionname": "RtlLeaveCriticalSection", "Dllname": "ntdll.dll", "Status": 1 }
{ "Address": "0x409251", "Opcode": "ff15c0814100", "Opcodesize": 6, "Mnemonic": "call dword ptr [0x4181c0]", "PID": 280, "TID": 1612, "Functionname": "RtlEnterCriticalSection", "Dllname": "ntdll.dll", "Status": 1 }
{ "Address": "0x409267", "Opcode": "ff15bc814100", "Opcodesize": 6, "Mnemonic": "call dword ptr [0x4181bc]", "PID": 280, "TID": 1612, "Functionname": "RtlLeaveCriticalSection", "Dllname": "ntdll.dll", "Status": 1 }
{ "Address": "0x409251", "Opcode": "ff15c0814100", "Opcodesize": 6, "Mnemonic": "call dword ptr [0x4181c0]", "PID": 280, "TID": 1612, "Functionname": "RtlEnterCriticalSection", "Dllname": "ntdll.dll", "Status": 1 }
{ "Address": "0x409267", "Opcode": "ff15bc814100", "Opcodesize": 6, "Mnemonic": "call dword ptr [0x4181bc]", "PID": 280, "TID": 1612, "Functionname": "RtlLeaveCriticalSection", "Dllname": "ntdll.dll", "Status": 1 }
{ "Address": "0x409251", "Opcode": "ff15c0814100", "Opcodesize": 6, "Mnemonic": "call dword ptr [0x4181c0]", "PID": 280, "TID": 1612, "Functionname": "RtlEnterCriticalSection", "Dllname": "ntdll.dll", "Status": 1 }
{ "Address": "0x409267", "Opcode": "ff15bc814100", "Opcodesize": 6, "Mnemonic": "call dword ptr [0x4181bc]", "PID": 280, "TID": 1612, "Functionname": "RtlLeaveCriticalSection", "Dllname": "ntdll.dll", "Status": 1 }
{ "Address": "0x409251", "Opcode": "ff15c0814100", "Opcodesize": 6, "Mnemonic": "call dword ptr [0x4181c0]", "PID": 280, "TID": 1612, "Functionname": "RtlEnterCriticalSection", "Dllname": "ntdll.dll", "Status": 1 }
{ "Address": "0x409267", "Opcode": "ff15bc814100", "Opcodesize": 6, "Mnemonic": "call dword ptr [0x4181bc]", "PID": 280, "TID": 1612, "Functionname": "RtlLeaveCriticalSection", "Dllname": "ntdll.dll", "Status": 1 }
{ "Address": "0x409251", "Opcode": "ff15c0814100", "Opcodesize": 6, "Mnemonic": "call dword ptr [0x4181c0]", "PID": 280, "TID": 1612, "Functionname": "RtlEnterCriticalSection", "Dllname": "ntdll.dll", "Status": 1 }
{ "Address": "0x409267", "Opcode": "ff15bc814100", "Opcodesize": 6, "Mnemonic": "call dword ptr [0x4181bc]", "PID": 280, "TID": 1612, "Functionname": "RtlLeaveCriticalSection", "Dllname": "ntdll.dll", "Status": 1 }
{ "Address": "0x409251", "Opcode": "ff15c0814100", "Opcodesize": 6, "Mnemonic": "call dword ptr [0x4181c0]", "PID": 280, "TID": 1612, "Functionname": "RtlEnterCriticalSection", "Dllname": "ntdll.dll", "Status": 1 }
{ "Address": "0x409267", "Opcode": "ff15bc814100", "Opcodesize": 6, "Mnemonic": "call dword ptr [0x4181bc]", "PID": 280, "TID": 1612, "Functionname": "RtlLeaveCriticalSection", "Dllname": "ntdll.dll", "Status": 1 }
{ "Address": "0x409251", "Opcode": "ff15c0814100", "Opcodesize": 6, "Mnemonic": "call dword ptr [0x4181c0]", "PID": 280, "TID": 1612, "Functionname": "RtlEnterCriticalSection", "Dllname": "ntdll.dll", "Status": 1 }
{ "Address": "0x409267", "Opcode": "ff15bc814100", "Opcodesize": 6, "Mnemonic": "call dword ptr [0x4181bc]", "PID": 280, "TID": 1612, "Functionname": "RtlLeaveCriticalSection", "Dllname": "ntdll.dll", "Status": 1 }
{ "Address": "0x409251", "Opcode": "ff15c0814100", "Opcodesize": 6, "Mnemonic": "call dword ptr [0x4181c0]", "PID": 280, "TID": 1612, "Functionname": "RtlEnterCriticalSection", "Dllname": "ntdll.dll", "Status": 1 }
{ "Address": "0x409267", "Opcode": "ff15bc814100", "Opcodesize": 6, "Mnemonic": "call dword ptr [0x4181bc]", "PID": 280, "TID": 1612, "Functionname": "RtlLeaveCriticalSection", "Dllname": "ntdll.dll", "Status": 1 }
{ "Address": "0x409251", "Opcode": "ff15c0814100", "Opcodesize": 6, "Mnemonic": "call dword ptr [0x4181c0]", "PID": 280, "TID": 1612, "Functionname": "RtlEnterCriticalSection", "Dllname": "ntdll.dll", "Status": 1 }
{ "Address": "0x409267", "Opcode": "ff15bc814100", "Opcodesize": 6, "Mnemonic": "call dword ptr [0x4181bc]", "PID": 280, "TID": 1612, "Functionname": "RtlLeaveCriticalSection", "Dllname": "ntdll.dll", "Status": 1 }
{ "Address": "0x409251", "Opcode": "ff15c0814100", "Opcodesize": 6, "Mnemonic": "call dword ptr [0x4181c0]", "PID": 280, "TID": 1612, "Functionname": "RtlEnterCriticalSection", "Dllname": "ntdll.dll", "Status": 1 }
{ "Address": "0x409267", "Opcode": "ff15bc814100", "Opcodesize": 6, "Mnemonic": "call dword ptr [0x4181bc]", "PID": 280, "TID": 1612, "Functionname": "RtlLeaveCriticalSection", "Dllname": "ntdll.dll", "Status": 1 }
{ "Address": "0x409251", "Opcode": "ff15c0814100", "Opcodesize": 6, "Mnemonic": "call dword ptr [0x4181c0]", "PID": 280, "TID": 1612, "Functionname": "RtlEnterCriticalSection", "Dllname": "ntdll.dll", "Status": 1 }
{ "Address": "0x409267", "Opcode": "ff15bc814100", "Opcodesize": 6, "Mnemonic": "call dword ptr [0x4181bc]", "PID": 280, "TID": 1612, "Functionname": "RtlLeaveCriticalSection", "Dllname": "ntdll.dll", "Status": 1 }
{ "Address": "0x409251", "Opcode": "ff15c0814100", "Opcodesize": 6, "Mnemonic": "call dword ptr [0x4181c0]", "PID": 280, "TID": 1612, "Functionname": "RtlEnterCriticalSection", "Dllname": "ntdll.dll", "Status": 1 }
{ "Address": "0x409267", "Opcode": "ff15bc814100", "Opcodesize": 6, "Mnemonic": "call dword ptr [0x4181bc]", "PID": 280, "TID": 1612, "Functionname": "RtlLeaveCriticalSection", "Dllname": "ntdll.dll", "Status": 1 }
{ "Address": "0x409251", "Opcode": "ff15c0814100", "Opcodesize": 6, "Mnemonic": "call dword ptr [0x4181c0]", "PID": 280, "TID": 1612, "Functionname": "RtlEnterCriticalSection", "Dllname": "ntdll.dll", "Status": 1 }
{ "Address": "0x409267", "Opcode": "ff15bc814100", "Opcodesize": 6, "Mnemonic": "call dword ptr [0x4181bc]", "PID": 280, "TID": 1612, "Functionname": "RtlLeaveCriticalSection", "Dllname": "ntdll.dll", "Status": 1 }
{ "Address": "0x408938", "Opcode": "ff1508824100", "Opcodesize": 6, "Mnemonic": "call dword ptr [0x418208]", "PID": 280, "TID": 1612, "Functionname": "HeapFree", "Dllname": "kernel32.dll", "Status": 1 }
{ "Address": "0x40d7a6", "Opcode": "ff1590814100", "Opcodesize": 6, "Mnemonic": "call dword ptr [0x418190]", "PID": 280, "TID": 1612, "Arguments": [ "Arg1", "IN", "LPCTSTR", "0x18ff04", "KERNEL32" ], "Timesptamp": "00000002.245686", "FunctionName": "GetModuleHandleA", "ModuleName": "kernel32.dll", "Return": "0x74f10000", "Status": 0 }
{ "Address": "0x40d7b6", "Opcode": "ff1524824100", "Opcodesize": 6, "Mnemonic": "call dword ptr [0x418224]", "PID": 280, "TID": 1612, "Arguments": [ "Arg1", "IN", "HMODULE", "0x18ff00", "0x74f10000", "Arg2", "IN", "LPCSTR", "0x18ff04", "IsProcessorFeaturePresent" ], "Timesptamp": "00000002.259256", "FunctionName": "GetProcAddress", "ModuleName": "kernel32.dll", "Return": "0x74f25235", "Status": 0 }
{ "Address": "0x40d7c2", "Opcode": "ffd0", "Opcodesize": 2, "Mnemonic": "call eax", "PID": 280, "TID": 1612, "Arguments": [ "Arg1", "IN", "DWORD", "0x18ff04", "0x0" ], "Timesptamp": "00000002.274397", "FunctionName": "IsProcessorFeaturePresent", "ModuleName": "kernel32.dll", "Return": "FALSE", "Status": 0 }
{ "Address": "0x409251", "Opcode": "ff15c0814100", "Opcodesize": 6, "Mnemonic": "call dword ptr [0x4181c0]", "PID": 280, "TID": 1612, "Functionname": "RtlEnterCriticalSection", "Dllname": "ntdll.dll", "Status": 1 }
{ "Address": "0x409267", "Opcode": "ff15bc814100", "Opcodesize": 6, "Mnemonic": "call dword ptr [0x4181bc]", "PID": 280, "TID": 1612, "Functionname": "RtlLeaveCriticalSection", "Dllname": "ntdll.dll", "Status": 1 }
{ "Address": "0x410732", "Opcode": "ff1598814100", "Opcodesize": 6, "Mnemonic": "call dword ptr [0x418198]", "PID": 280, "TID": 1612, "Arguments": [ "Arg1", "IN", "PVOID", "0x18fed4", "0x510000", "Arg2", "IN", "ULONG", "0x18fed8", "0x8", "Arg3", "IN", "SIZE_T", "0x18fedc", "0x800" ], "Timesptamp": "00000002.314142", "FunctionName": "RtlAllocateHeap", "ModuleName": "ntdll.dll", "Return": "0x514f70", "Status": 0 }
{ "Address": "0x4113aa", "Opcode": "ff15e8804100", "Opcodesize": 6, "Mnemonic": "call dword ptr [0x4180e8]", "PID": 280, "TID": 1612, "Arguments": [ "Arg1", "IN", "DWORD", "0x18fef8", "0x41135f" ], "Timesptamp": "00000002.330757", "FunctionName": "SetUnhandledExceptionFilter", "ModuleName": "kernel32.dll", "Return": "0x0", "Status": 0 }
{ "Address": "0x409251", "Opcode": "ff15c0814100", "Opcodesize": 6, "Mnemonic": "call dword ptr [0x4181c0]", "PID": 280, "TID": 1612, "Functionname": "RtlEnterCriticalSection", "Dllname": "ntdll.dll", "Status": 1 }
{ "Address": "0x409251", "Opcode": "ff15c0814100", "Opcodesize": 6, "Mnemonic": "call dword ptr [0x4181c0]", "PID": 280, "TID": 1612, "Functionname": "RtlEnterCriticalSection", "Dllname": "ntdll.dll", "Status": 1 }
{ "Address": "0x409267", "Opcode": "ff15bc814100", "Opcodesize": 6, "Mnemonic": "call dword ptr [0x4181bc]", "PID": 280, "TID": 1612, "Functionname": "RtlLeaveCriticalSection", "Dllname": "ntdll.dll", "Status": 1 }
{ "Address": "0x409267", "Opcode": "ff15bc814100", "Opcodesize": 6, "Mnemonic": "call dword ptr [0x4181bc]", "PID": 280, "TID": 1612, "Functionname": "RtlLeaveCriticalSection", "Dllname": "ntdll.dll", "Status": 1 }
{ "Address": "0x4090c4", "Opcode": "ff158c814100", "Opcodesize": 6, "Mnemonic": "call dword ptr [0x41818c]", "PID": 280, "TID": 1612, "Arguments": [ "Arg1", "OUT", "LPSTARTUPINFOA", "0x18ff10", "0x18ff2c" ], "Timesptamp": "00000002.404101", "FunctionName": "GetStartupInfoA", "ModuleName": "kernel32.dll", "Return": "0x18ff2c", "Output1": { "field1": [ "0x18ff2c", "0x44" ], "field2": [ "0x18ff30", "" ], "field3": [ "0x18ff34", "winsta0\\default" ], "field4": [ "0x18ff38", "C:\\Users\\lhs\\Exec\\ShareEnum.exe" ], "field5": [ "0x18ff3c", "0x0" ], "field6": [ "0x18ff40", "0x0" ], "field7": [ "0x18ff44", "0x0" ], "field8": [ "0x18ff48", "0x0" ], "field9": [ "0x18ff4c", "0x0" ], "field10": [ "0x18ff50", "0x0" ], "field11": [ "0x18ff54", "0x0" ], "field12": [ "0x18ff58", "0x1" ], "field13": [ "0x18ff5c", "0x7" ], "field14": [ "0x18ff5e", "0x0" ], "field15": [ "0x18ff60", "0x0" ], "field16": [ "0x18ff61", "0xff000000" ], "field17": [ "0x18ff65", "0xffffffff" ], "field18": [ "0x18ff69", "0xffffffff" ] }, "Status": 0 }
{ "Address": "0x4090e7", "Opcode": "ff1590814100", "Opcodesize": 6, "Mnemonic": "call dword ptr [0x418190]", "PID": 280, "TID": 1612, "Arguments": [ "Arg1", "IN", "LPCTSTR", "0x18ff04", "\"\"" ], "Timesptamp": "00000002.421521", "FunctionName": "GetModuleHandleA", "ModuleName": "kernel32.dll", "Return": "0x400000", "Status": 0 }
{ "Address": "0x4071dd", "Opcode": "ff15cc814100", "Opcodesize": 6, "Mnemonic": "call dword ptr [0x4181cc]", "PID": 280, "TID": 1612, "Arguments": [ ], "Timesptamp": "00000002.435650", "FunctionName": "GetCommandLineW", "ModuleName": "kernel32.dll", "Return": "\\Users\\lhs\\Exec\\ShareEnum.exe ", "Status": 0 }
{ "Address": "0x4071f6", "Opcode": "e8110d0000", "Opcodesize": 5, "Mnemonic": "call 0x407f0c", "PID": 280, "TID": 1612, "Arguments": [ "Arg1", "IN", "WORD", "0x18fd0c", "0x102", "Arg2", "OUT", "LPWSADATA", "0x18fd10", "0x18fd70" ], "Timesptamp": "00000002.469718", "FunctionName": "WSAStartup", "ModuleName": "ws2_32.dll", "Return": "0x0", "Output1": { "field1": [ "0x18fd70", "0x102" ], "field2": [ "0x18fd72", "0x202" ], "field3": [ "0x18fd74", "WinSock 2.0" ], "field4": [ "0x18fd7f", "" ], "field5": [ "0x18fd7f", "0x0" ], "field6": [ "0x18fd81", "0x0" ], "field7": [ "0x18fd83", "" ] }, "Status": 0 }
{ "Address": "0x4071fb", "Opcode": "ff1580804100", "Opcodesize": 6, "Mnemonic": "call dword ptr [0x418080]", "PID": 280, "TID": 1612, "Functionname": "InitCommonControls", "Dllname": "comctl32.dll", "Status": 1 }
{ "Address": "0x40750a", "Opcode": "ff1528804100", "Opcodesize": 6, "Mnemonic": "call dword ptr [0x418028]", "PID": 280, "TID": 1612, "Arguments": [ "Arg1", "IN", "HKEY", "0x18fae8", "0x80000001", "Arg2", "IN", "LPCWSTR", "0x18faec", "Software\\Sysinternals\\Share Enum", "Arg3", "OUT", "PHKEY", "0x18faf0", "0x18fafc" ], "Timesptamp": "00000002.510743", "FunctionName": "RegCreateKeyW", "ModuleName": "advapi32.dll", "Return": "0x0", "Output1": [ "0x18fafc", "0xf0" ], "Status": 0 }
{ "Address": "0x407532", "Opcode": "ff152c804100", "Opcodesize": 6, "Mnemonic": "call dword ptr [0x41802c]", "PID": 280, "TID": 1612, "Arguments": [ "Arg1", "IN", "HKEY", "0x18fadc", "0xf0", "Arg2", "IN", "LPCWSTR", "0x18fae0", "EulaAccepted", "Arg3", "IN", "LPDWORD", "0x18fae4", "0x0", "Arg4", "OUT", "LPDWORD", "0x18fae8", "0x0", "Arg5", "OUT", "BUFFER3", "0x18faec", "0x18faf8", "Arg6", "OUT", "LPDWORD", "0x18faf0", "0x18fb00" ], "Timesptamp": "00000002.532744", "FunctionName": "RegQueryValueExW", "ModuleName": "advapi32.dll", "Return": "0x2", "Output1": [ ], "Output2": [ "0x18fb00", "0x4" ], "Status": 0 }
{ "Address": "0x40754b", "Opcode": "ff1528824100", "Opcodesize": 6, "Mnemonic": "call dword ptr [0x418228]", "PID": 280, "TID": 1612, "Arguments": [ "Arg1", "IN", "UINT", "0x18fae4", "0x40", "Arg2", "IN", "SIZE_T", "0x18fae8", "0x3e8" ], "Timesptamp": "00000002.548120", "FunctionName": "LocalAlloc", "ModuleName": "kernel32.dll", "Return": "0x58bab0", "Status": 0 }
{ "Address": "0x40755b", "Opcode": "ff1520824100", "Opcodesize": 6, "Mnemonic": "call dword ptr [0x418220]", "PID": 280, "TID": 1612, "Arguments": [ "Arg1", "IN", "LPCWSTR", "0x18fae8", "Riched32.dll" ], "Timesptamp": "00000002.562633", "FunctionName": "LoadLibraryW", "ModuleName": "kernel32.dll", "Return": "0x743d0000", "Status": 0 }
{ "Address": "0x40900a", "Opcode": "ff1598814100", "Opcodesize": 6, "Mnemonic": "call dword ptr [0x418198]", "PID": 280, "TID": 1612, "Arguments": [ "Arg1", "IN", "PVOID", "0x18f518", "0x510000", "Arg2", "IN", "ULONG", "0x18f51c", "0x0", "Arg3", "IN", "SIZE_T", "0x18f520", "0x1ad10" ], "Timesptamp": "00000002.931078", "FunctionName": "RtlAllocateHeap", "ModuleName": "ntdll.dll", "Return": "0x2390048", "Status": 0 }
{ "Address": "0x407882", "Opcode": "ff153c834100", "Opcodesize": 6, "Mnemonic": "call dword ptr [0x41833c]", "PID": 280, "TID": 1612, "Functionname": "SetWindowTextW", "Dllname": "user32.dll", "Status": 1 }
{ "Address": "0x4078a0", "Opcode": "ffd3", "Opcodesize": 2, "Mnemonic": "call ebx", "PID": 280, "TID": 1612, "Functionname": "GetDlgItem", "Dllname": "user32.dll", "Status": 1 }
{ "Address": "0x4078a9", "Opcode": "ffd5", "Opcodesize": 2, "Mnemonic": "call ebp", "PID": 280, "TID": 1612, "Arguments": [ "Arg1", "IN", "HWND", "0x18f550", "0x20154", "Arg2", "IN", "UINT", "0x18f554", "0x435", "Arg3", "IN", "WPARAM", "0x18f558", "0x0", "Arg4", "IN", "LPARAM", "0x18f55c", "0x100000" ], "Timesptamp": "00000003.000493", "FunctionName": "SendMessageW", "ModuleName": "user32.dll", "Return": "0x0", "Status": 0 }
{ "Address": "0x4078bd", "Opcode": "ffd3", "Opcodesize": 2, "Mnemonic": "call ebx", "PID": 280, "TID": 1612, "Functionname": "GetDlgItem", "Dllname": "user32.dll", "Status": 1 }
{ "Address": "0x4078c0", "Opcode": "ffd5", "Opcodesize": 2, "Mnemonic": "call ebp", "PID": 280, "TID": 1612, "Arguments": [ "Arg1", "IN", "HWND", "0x18f550", "0x20154", "Arg2", "IN", "UINT", "0x18f554", "0x449", "Arg3", "IN", "WPARAM", "0x18f558", "0x2", "Arg4", "IN", "LPARAM", "0x18f55c", "0x18f574" ], "Timesptamp": "00000003.032712", "FunctionName": "SendMessageW", "ModuleName": "user32.dll", "Return": "0x18f574", "Status": 0 }
{ "Address": "0x409251", "Opcode": "ff15c0814100", "Opcodesize": 6, "Mnemonic": "call dword ptr [0x4181c0]", "PID": 280, "TID": 1612, "Functionname": "RtlEnterCriticalSection", "Dllname": "ntdll.dll", "Status": 1 }
{ "Address": "0x409267", "Opcode": "ff15bc814100", "Opcodesize": 6, "Mnemonic": "call dword ptr [0x4181bc]", "PID": 280, "TID": 1612, "Functionname": "RtlLeaveCriticalSection", "Dllname": "ntdll.dll", "Status": 1 }
{ "Address": "0x408938", "Opcode": "ff1508824100", "Opcodesize": 6, "Mnemonic": "call dword ptr [0x418208]", "PID": 280, "TID": 1612, "Functionname": "HeapFree", "Dllname": "kernel32.dll", "Status": 1 }
