{ "Address": "0x41294e", "Opcode": "ff95ef030000", "Opcodesize": 6, "Mnemonic": "call dword ptr [ebp + 0x3ef]", "PID": 1768, "TID": 1612, "Arguments": [ "Arg1", "IN", "HMODULE", "0x28ff5c", "0x400000", "Arg2", "OUT", "LPTSTR", "0x28ff60", "0x412000", "Arg3", "IN", "DWORD", "0x28ff64", "0x104" ], "Timesptamp": "00000001.290398", "FunctionName": "GetModuleFileNameA", "ModuleName": "kernel32.dll", "Return": "0x28", "Output1": [ "0x412000", "C:\\Users\\lhs\\Exec\\telock_djvuextract.exe" ], "Status": 0 }
{ "Address": "0x412996", "Opcode": "ff95eb030000", "Opcodesize": 6, "Mnemonic": "call dword ptr [ebp + 0x3eb]", "PID": 1768, "TID": 1612, "Arguments": [ "Arg1", "IN", "LPCTSTR", "0x28ff50", "C:\\Users\\lhs\\Exec\\telock_djvuextract.exe", "Arg2", "IN", "DWORD", "0x28ff54", "0x80000000", "Arg3", "IN", "DWORD", "0x28ff58", "0x1", "Arg4", "IN", "LPSECURITY_ATTRIBUTES", "0x28ff5c", "0x0", "Arg5", "IN", "DWORD", "0x28ff60", "0x3", "Arg6", "IN", "DWORD", "0x28ff64", "0x80", "Arg7", "IN", "HANDLE", "0x28ff68", "0x0" ], "Timesptamp": "00000001.321611", "FunctionName": "CreateFileA", "ModuleName": "kernel32.dll", "Return": "0x5c", "Status": 0 }
{ "Address": "0x4129a3", "Opcode": "ff95e7030000", "Opcodesize": 6, "Mnemonic": "call dword ptr [ebp + 0x3e7]", "PID": 1768, "TID": 1612, "Arguments": [ "Arg1", "IN", "HANDLE", "0x28ff54", "0x5c", "Arg2", "OUT", "LPVOID", "0x28ff58", "0x412008", "Arg3", "IN", "DWORD", "0x28ff5c", "0x400", "Arg4", "OUT", "LPDWORD", "0x28ff60", "0x412000", "Arg5", "OUT", "LPOVERLAPPED", "0x28ff64", "0x0" ], "Timesptamp": "00000001.354365", "FunctionName": "ReadFile", "ModuleName": "kernel32.dll", "Return": "TRUE", "Output1": [ "0x412008", "0x905a4d" ], "Output2": [ "0x412000", "0x400" ], "Status": 0 }
{ "Address": "0x4129a9", "Opcode": "ff95e3030000", "Opcodesize": 6, "Mnemonic": "call dword ptr [ebp + 0x3e3]", "PID": 1768, "TID": 1612, "Arguments": [ "Arg1", "IN", "HANDLE", "0x28ff68", "0x5c" ], "Timesptamp": "00000001.381960", "FunctionName": "CloseHandle", "ModuleName": "kernel32.dll", "Return": "TRUE", "Status": 0 }
{ "Address": "0x412ca0", "Opcode": "ff95f4ba4000", "Opcodesize": 6, "Mnemonic": "call dword ptr [ebp + 0x40baf4]", "PID": 1768, "TID": 1612, "Arguments": [ "Arg1", "IN", "LPSECURITY_ATTRIBUTES", "0x28ff60", "0x0", "Arg2", "IN", "BOOL", "0x28ff64", "TRUE", "Arg3", "IN", "LPCSTR", "0x28ff68", "Yknuxakd" ], "Timesptamp": "00000001.484176", "FunctionName": "CreateMutexA", "ModuleName": "kernel32.dll", "Return": "0x60", "Status": 0 }
{ "Address": "0x413087", "Opcode": "ff95ecba4000", "Opcodesize": 6, "Mnemonic": "call dword ptr [ebp + 0x40baec]", "PID": 1768, "TID": 1612, "Arguments": [ "Arg1", "IN", "LPVOID", "0x28ff30", "0x0", "Arg2", "IN", "SIZE_T", "0x28ff34", "0x5010", "Arg3", "IN", "DWORD", "0x28ff38", "0x1000", "Arg4", "IN", "DWORD", "0x28ff3c", "0x4" ], "Timesptamp": "00000001.619314", "FunctionName": "VirtualAlloc", "ModuleName": "kernel32.dll", "Return": "0x330000", "Status": 0 }
{ "Address": "0x413159", "Opcode": "ff95f0ba4000", "Opcodesize": 6, "Mnemonic": "call dword ptr [ebp + 0x40baf0]", "PID": 1768, "TID": 1612, "Arguments": [ "Arg1", "IN", "LPVOID", "0x28ff34", "0x330000", "Arg2", "IN", "SIZE_T", "0x28ff38", "0x5010", "Arg3", "IN", "DWORD", "0x28ff3c", "0x4000" ], "Timesptamp": "00000001.650322", "FunctionName": "VirtualFree", "ModuleName": "kernel32.dll", "Return": "TRUE", "Status": 0 }
{ "Address": "0x413087", "Opcode": "ff95ecba4000", "Opcodesize": 6, "Mnemonic": "call dword ptr [ebp + 0x40baec]", "PID": 1768, "TID": 1612, "Arguments": [ "Arg1", "IN", "LPVOID", "0x28ff30", "0x0", "Arg2", "IN", "SIZE_T", "0x28ff34", "0x810", "Arg3", "IN", "DWORD", "0x28ff38", "0x1000", "Arg4", "IN", "DWORD", "0x28ff3c", "0x4" ], "Timesptamp": "00000001.669729", "FunctionName": "VirtualAlloc", "ModuleName": "kernel32.dll", "Return": "0x340000", "Status": 0 }
{ "Address": "0x413159", "Opcode": "ff95f0ba4000", "Opcodesize": 6, "Mnemonic": "call dword ptr [ebp + 0x40baf0]", "PID": 1768, "TID": 1612, "Arguments": [ "Arg1", "IN", "LPVOID", "0x28ff34", "0x340000", "Arg2", "IN", "SIZE_T", "0x28ff38", "0x810", "Arg3", "IN", "DWORD", "0x28ff3c", "0x4000" ], "Timesptamp": "00000001.689377", "FunctionName": "VirtualFree", "ModuleName": "kernel32.dll", "Return": "TRUE", "Status": 0 }
{ "Address": "0x413087", "Opcode": "ff95ecba4000", "Opcodesize": 6, "Mnemonic": "call dword ptr [ebp + 0x40baec]", "PID": 1768, "TID": 1612, "Arguments": [ "Arg1", "IN", "LPVOID", "0x28ff30", "0x0", "Arg2", "IN", "SIZE_T", "0x28ff34", "0x810", "Arg3", "IN", "DWORD", "0x28ff38", "0x1000", "Arg4", "IN", "DWORD", "0x28ff3c", "0x4" ], "Timesptamp": "00000001.711767", "FunctionName": "VirtualAlloc", "ModuleName": "kernel32.dll", "Return": "0x350000", "Status": 0 }
{ "Address": "0x413159", "Opcode": "ff95f0ba4000", "Opcodesize": 6, "Mnemonic": "call dword ptr [ebp + 0x40baf0]", "PID": 1768, "TID": 1612, "Arguments": [ "Arg1", "IN", "LPVOID", "0x28ff34", "0x350000", "Arg2", "IN", "SIZE_T", "0x28ff38", "0x810", "Arg3", "IN", "DWORD", "0x28ff3c", "0x4000" ], "Timesptamp": "00000001.729820", "FunctionName": "VirtualFree", "ModuleName": "kernel32.dll", "Return": "TRUE", "Status": 0 }
{ "Address": "0x413241", "Opcode": "ff95d0d24000", "Opcodesize": 6, "Mnemonic": "call dword ptr [ebp + 0x40d2d0]", "PID": 1768, "TID": 1612, "Arguments": [ "Arg1", "IN", "LPCTSTR", "0x28ff68", "libdjvulibre-21.dll" ], "Timesptamp": "00000001.761724", "FunctionName": "GetModuleHandleA", "ModuleName": "kernel32.dll", "Return": "0x0", "Status": 0 }
{ "Address": "0x413250", "Opcode": "ff95e4ba4000", "Opcodesize": 6, "Mnemonic": "call dword ptr [ebp + 0x40bae4]", "PID": 1768, "TID": 1612, "Arguments": [ "Arg1", "IN", "LPCTSTR", "0x28ff68", "libdjvulibre-21.dll" ], "Timesptamp": "00000001.799334", "FunctionName": "LoadLibraryA", "ModuleName": "kernel32.dll", "Return": "0x0", "Status": 0 }
