{ "Address": "0x41494e", "Opcode": "ff95ef030000", "Opcodesize": 6, "Mnemonic": "call dword ptr [ebp + 0x3ef]", "PID": 1712, "TID": 1768, "Arguments": [ "Arg1", "IN", "HMODULE", "0x241ff5c", "0x400000", "Arg2", "OUT", "LPTSTR", "0x241ff60", "0x414000", "Arg3", "IN", "DWORD", "0x241ff64", "0x104" ], "Timesptamp": "00000001.398197", "FunctionName": "GetModuleFileNameA", "ModuleName": "kernel32.dll", "Return": "0x21", "Output1": [ "0x414000", "C:\\Users\\lhs\\Exec\\telock_diff.exe" ], "Status": 0 }
{ "Address": "0x414996", "Opcode": "ff95eb030000", "Opcodesize": 6, "Mnemonic": "call dword ptr [ebp + 0x3eb]", "PID": 1712, "TID": 1768, "Arguments": [ "Arg1", "IN", "LPCTSTR", "0x241ff50", "C:\\Users\\lhs\\Exec\\telock_diff.exe", "Arg2", "IN", "DWORD", "0x241ff54", "0x80000000", "Arg3", "IN", "DWORD", "0x241ff58", "0x1", "Arg4", "IN", "LPSECURITY_ATTRIBUTES", "0x241ff5c", "0x0", "Arg5", "IN", "DWORD", "0x241ff60", "0x3", "Arg6", "IN", "DWORD", "0x241ff64", "0x80", "Arg7", "IN", "HANDLE", "0x241ff68", "0x0" ], "Timesptamp": "00000001.429054", "FunctionName": "CreateFileA", "ModuleName": "kernel32.dll", "Return": "0x5c", "Status": 0 }
{ "Address": "0x4149a3", "Opcode": "ff95e7030000", "Opcodesize": 6, "Mnemonic": "call dword ptr [ebp + 0x3e7]", "PID": 1712, "TID": 1768, "Arguments": [ "Arg1", "IN", "HANDLE", "0x241ff54", "0x5c", "Arg2", "OUT", "LPVOID", "0x241ff58", "0x414008", "Arg3", "IN", "DWORD", "0x241ff5c", "0x400", "Arg4", "OUT", "LPDWORD", "0x241ff60", "0x414000", "Arg5", "OUT", "LPOVERLAPPED", "0x241ff64", "0x0" ], "Timesptamp": "00000001.457973", "FunctionName": "ReadFile", "ModuleName": "kernel32.dll", "Return": "TRUE", "Output1": [ "0x414008", "0x905a4d" ], "Output2": [ "0x414000", "0x400" ], "Status": 0 }
{ "Address": "0x4149a9", "Opcode": "ff95e3030000", "Opcodesize": 6, "Mnemonic": "call dword ptr [ebp + 0x3e3]", "PID": 1712, "TID": 1768, "Arguments": [ "Arg1", "IN", "HANDLE", "0x241ff68", "0x5c" ], "Timesptamp": "00000001.491375", "FunctionName": "CloseHandle", "ModuleName": "kernel32.dll", "Return": "TRUE", "Status": 0 }
{ "Address": "0x414ca0", "Opcode": "ff95f4ba4000", "Opcodesize": 6, "Mnemonic": "call dword ptr [ebp + 0x40baf4]", "PID": 1712, "TID": 1768, "Arguments": [ "Arg1", "IN", "LPSECURITY_ATTRIBUTES", "0x241ff60", "0x0", "Arg2", "IN", "BOOL", "0x241ff64", "TRUE", "Arg3", "IN", "LPCSTR", "0x241ff68", "Yknuxakd" ], "Timesptamp": "00000001.587428", "FunctionName": "CreateMutexA", "ModuleName": "kernel32.dll", "Return": "0x60", "Status": 0 }
{ "Address": "0x415087", "Opcode": "ff95ecba4000", "Opcodesize": 6, "Mnemonic": "call dword ptr [ebp + 0x40baec]", "PID": 1712, "TID": 1768, "Arguments": [ "Arg1", "IN", "LPVOID", "0x241ff30", "0x0", "Arg2", "IN", "SIZE_T", "0x241ff34", "0x8010", "Arg3", "IN", "DWORD", "0x241ff38", "0x1000", "Arg4", "IN", "DWORD", "0x241ff3c", "0x4" ], "Timesptamp": "00000001.674143", "FunctionName": "VirtualAlloc", "ModuleName": "kernel32.dll", "Return": "0x130000", "Status": 0 }
{ "Address": "0x415159", "Opcode": "ff95f0ba4000", "Opcodesize": 6, "Mnemonic": "call dword ptr [ebp + 0x40baf0]", "PID": 1712, "TID": 1768, "Arguments": [ "Arg1", "IN", "LPVOID", "0x241ff34", "0x130000", "Arg2", "IN", "SIZE_T", "0x241ff38", "0x8010", "Arg3", "IN", "DWORD", "0x241ff3c", "0x4000" ], "Timesptamp": "00000001.701599", "FunctionName": "VirtualFree", "ModuleName": "kernel32.dll", "Return": "TRUE", "Status": 0 }
{ "Address": "0x415087", "Opcode": "ff95ecba4000", "Opcodesize": 6, "Mnemonic": "call dword ptr [ebp + 0x40baec]", "PID": 1712, "TID": 1768, "Arguments": [ "Arg1", "IN", "LPVOID", "0x241ff30", "0x0", "Arg2", "IN", "SIZE_T", "0x241ff34", "0x410", "Arg3", "IN", "DWORD", "0x241ff38", "0x1000", "Arg4", "IN", "DWORD", "0x241ff3c", "0x4" ], "Timesptamp": "00000001.733463", "FunctionName": "VirtualAlloc", "ModuleName": "kernel32.dll", "Return": "0x140000", "Status": 0 }
{ "Address": "0x415159", "Opcode": "ff95f0ba4000", "Opcodesize": 6, "Mnemonic": "call dword ptr [ebp + 0x40baf0]", "PID": 1712, "TID": 1768, "Arguments": [ "Arg1", "IN", "LPVOID", "0x241ff34", "0x140000", "Arg2", "IN", "SIZE_T", "0x241ff38", "0x410", "Arg3", "IN", "DWORD", "0x241ff3c", "0x4000" ], "Timesptamp": "00000001.759984", "FunctionName": "VirtualFree", "ModuleName": "kernel32.dll", "Return": "TRUE", "Status": 0 }
{ "Address": "0x415241", "Opcode": "ff95d0d24000", "Opcodesize": 6, "Mnemonic": "call dword ptr [ebp + 0x40d2d0]", "PID": 1712, "TID": 1768, "Arguments": [ "Arg1", "IN", "LPCTSTR", "0x241ff68", "KERNEL32.dll" ], "Timesptamp": "00000001.791734", "FunctionName": "GetModuleHandleA", "ModuleName": "kernel32.dll", "Return": "0x74f10000", "Status": 0 }
{ "Address": "0x415416", "Opcode": "ff95ecba4000", "Opcodesize": 6, "Mnemonic": "call dword ptr [ebp + 0x40baec]", "PID": 1712, "TID": 1768, "Arguments": [ "Arg1", "IN", "LPVOID", "0x241ff3c", "0x0", "Arg2", "IN", "SIZE_T", "0x241ff40", "0x62", "Arg3", "IN", "DWORD", "0x241ff44", "0x1000", "Arg4", "IN", "DWORD", "0x241ff48", "0x4" ], "Timesptamp": "00000001.823263", "FunctionName": "VirtualAlloc", "ModuleName": "kernel32.dll", "Return": "0x150000", "Status": 0 }
{ "Address": "0x415574", "Opcode": "ff95e0ba4000", "Opcodesize": 6, "Mnemonic": "call dword ptr [ebp + 0x40bae0]", "PID": 1712, "TID": 1768, "Arguments": [ "Arg1", "IN", "HMODULE", "0x241ff60", "0x74f10000", "Arg2", "IN", "LPCSTR", "0x241ff64", "ExitProcess" ], "Timesptamp": "00000001.855052", "FunctionName": "GetProcAddress", "ModuleName": "kernel32.dll", "Return": "0x74f27a10", "Status": 0 }
{ "Address": "0x415574", "Opcode": "ff95e0ba4000", "Opcodesize": 6, "Mnemonic": "call dword ptr [ebp + 0x40bae0]", "PID": 1712, "TID": 1768, "Arguments": [ "Arg1", "IN", "HMODULE", "0x241ff60", "0x74f10000", "Arg2", "IN", "LPCSTR", "0x241ff64", "SetUnhandledExceptionFilter" ], "Timesptamp": "00000001.881925", "FunctionName": "GetProcAddress", "ModuleName": "kernel32.dll", "Return": "0x74f287c9", "Status": 0 }
{ "Address": "0x415241", "Opcode": "ff95d0d24000", "Opcodesize": 6, "Mnemonic": "call dword ptr [ebp + 0x40d2d0]", "PID": 1712, "TID": 1768, "Arguments": [ "Arg1", "IN", "LPCTSTR", "0x241ff68", "msvcrt.dll" ], "Timesptamp": "00000001.911027", "FunctionName": "GetModuleHandleA", "ModuleName": "kernel32.dll", "Return": "0x76190000", "Status": 0 }
{ "Address": "0x415574", "Opcode": "ff95e0ba4000", "Opcodesize": 6, "Mnemonic": "call dword ptr [ebp + 0x40bae0]", "PID": 1712, "TID": 1768, "Arguments": [ "Arg1", "IN", "HMODULE", "0x241ff60", "0x76190000", "Arg2", "IN", "LPCSTR", "0x241ff64", "_dup2" ], "Timesptamp": "00000001.940986", "FunctionName": "GetProcAddress", "ModuleName": "kernel32.dll", "Return": "0x761a2ef3", "Status": 0 }
{ "Address": "0x415574", "Opcode": "ff95e0ba4000", "Opcodesize": 6, "Mnemonic": "call dword ptr [ebp + 0x40bae0]", "PID": 1712, "TID": 1768, "Arguments": [ "Arg1", "IN", "HMODULE", "0x241ff60", "0x76190000", "Arg2", "IN", "LPCSTR", "0x241ff64", "_fstat" ], "Timesptamp": "00000001.965813", "FunctionName": "GetProcAddress", "ModuleName": "kernel32.dll", "Return": "0x761b0e3b", "Status": 0 }
{ "Address": "0x415574", "Opcode": "ff95e0ba4000", "Opcodesize": 6, "Mnemonic": "call dword ptr [ebp + 0x40bae0]", "PID": 1712, "TID": 1768, "Arguments": [ "Arg1", "IN", "HMODULE", "0x241ff60", "0x76190000", "Arg2", "IN", "LPCSTR", "0x241ff64", "_lseek" ], "Timesptamp": "00000002.003039", "FunctionName": "GetProcAddress", "ModuleName": "kernel32.dll", "Return": "0x761a4a6c", "Status": 0 }
{ "Address": "0x415574", "Opcode": "ff95e0ba4000", "Opcodesize": 6, "Mnemonic": "call dword ptr [ebp + 0x40bae0]", "PID": 1712, "TID": 1768, "Arguments": [ "Arg1", "IN", "HMODULE", "0x241ff60", "0x76190000", "Arg2", "IN", "LPCSTR", "0x241ff64", "_open" ], "Timesptamp": "00000002.034076", "FunctionName": "GetProcAddress", "ModuleName": "kernel32.dll", "Return": "0x761b7e48", "Status": 0 }
{ "Address": "0x415574", "Opcode": "ff95e0ba4000", "Opcodesize": 6, "Mnemonic": "call dword ptr [ebp + 0x40bae0]", "PID": 1712, "TID": 1768, "Arguments": [ "Arg1", "IN", "HMODULE", "0x241ff60", "0x76190000", "Arg2", "IN", "LPCSTR", "0x241ff64", "_read" ], "Timesptamp": "00000002.058459", "FunctionName": "GetProcAddress", "ModuleName": "kernel32.dll", "Return": "0x761ac245", "Status": 0 }
{ "Address": "0x415574", "Opcode": "ff95e0ba4000", "Opcodesize": 6, "Mnemonic": "call dword ptr [ebp + 0x40bae0]", "PID": 1712, "TID": 1768, "Arguments": [ "Arg1", "IN", "HMODULE", "0x241ff60", "0x76190000", "Arg2", "IN", "LPCSTR", "0x241ff64", "_close" ], "Timesptamp": "00000002.090444", "FunctionName": "GetProcAddress", "ModuleName": "kernel32.dll", "Return": "0x761a3ae2", "Status": 0 }
{ "Address": "0x415574", "Opcode": "ff95e0ba4000", "Opcodesize": 6, "Mnemonic": "call dword ptr [ebp + 0x40bae0]", "PID": 1712, "TID": 1768, "Arguments": [ "Arg1", "IN", "HMODULE", "0x241ff60", "0x76190000", "Arg2", "IN", "LPCSTR", "0x241ff64", "_setmode" ], "Timesptamp": "00000002.122063", "FunctionName": "GetProcAddress", "ModuleName": "kernel32.dll", "Return": "0x761acc73", "Status": 0 }
{ "Address": "0x415574", "Opcode": "ff95e0ba4000", "Opcodesize": 6, "Mnemonic": "call dword ptr [ebp + 0x40bae0]", "PID": 1712, "TID": 1768, "Arguments": [ "Arg1", "IN", "HMODULE", "0x241ff60", "0x76190000", "Arg2", "IN", "LPCSTR", "0x241ff64", "_spawnl" ], "Timesptamp": "00000002.148889", "FunctionName": "GetProcAddress", "ModuleName": "kernel32.dll", "Return": "0x761e9b6b", "Status": 0 }
{ "Address": "0x415574", "Opcode": "ff95e0ba4000", "Opcodesize": 6, "Mnemonic": "call dword ptr [ebp + 0x40bae0]", "PID": 1712, "TID": 1768, "Arguments": [ "Arg1", "IN", "HMODULE", "0x241ff60", "0x76190000", "Arg2", "IN", "LPCSTR", "0x241ff64", "_stat" ], "Timesptamp": "00000002.180051", "FunctionName": "GetProcAddress", "ModuleName": "kernel32.dll", "Return": "0x761a9857", "Status": 0 }
{ "Address": "0x415241", "Opcode": "ff95d0d24000", "Opcodesize": 6, "Mnemonic": "call dword ptr [ebp + 0x40d2d0]", "PID": 1712, "TID": 1768, "Arguments": [ "Arg1", "IN", "LPCTSTR", "0x241ff68", "msvcrt.dll" ], "Timesptamp": "00000002.211836", "FunctionName": "GetModuleHandleA", "ModuleName": "kernel32.dll", "Return": "0x76190000", "Status": 0 }
{ "Address": "0x415574", "Opcode": "ff95e0ba4000", "Opcodesize": 6, "Mnemonic": "call dword ptr [ebp + 0x40bae0]", "PID": 1712, "TID": 1768, "Arguments": [ "Arg1", "IN", "HMODULE", "0x241ff60", "0x76190000", "Arg2", "IN", "LPCSTR", "0x241ff64", "_cexit" ], "Timesptamp": "00000002.239425", "FunctionName": "GetProcAddress", "ModuleName": "kernel32.dll", "Return": "0x761a37d4", "Status": 0 }
{ "Address": "0x415574", "Opcode": "ff95e0ba4000", "Opcodesize": 6, "Mnemonic": "call dword ptr [ebp + 0x40bae0]", "PID": 1712, "TID": 1768, "Arguments": [ "Arg1", "IN", "HMODULE", "0x241ff60", "0x76190000", "Arg2", "IN", "LPCSTR", "0x241ff64", "_cwait" ], "Timesptamp": "00000002.271391", "FunctionName": "GetProcAddress", "ModuleName": "kernel32.dll", "Return": "0x761b6fee", "Status": 0 }
{ "Address": "0x415574", "Opcode": "ff95e0ba4000", "Opcodesize": 6, "Mnemonic": "call dword ptr [ebp + 0x40bae0]", "PID": 1712, "TID": 1768, "Arguments": [ "Arg1", "IN", "HMODULE", "0x241ff60", "0x76190000", "Arg2", "IN", "LPCSTR", "0x241ff64", "_errno" ], "Timesptamp": "00000002.302878", "FunctionName": "GetProcAddress", "ModuleName": "kernel32.dll", "Return": "0x7619a5b8", "Status": 0 }
{ "Address": "0x415574", "Opcode": "ff95e0ba4000", "Opcodesize": 6, "Mnemonic": "call dword ptr [ebp + 0x40bae0]", "PID": 1712, "TID": 1768, "Arguments": [ "Arg1", "IN", "HMODULE", "0x241ff60", "0x76190000", "Arg2", "IN", "LPCSTR", "0x241ff64", "_fileno" ], "Timesptamp": "00000002.334512", "FunctionName": "GetProcAddress", "ModuleName": "kernel32.dll", "Return": "0x7619ac15", "Status": 0 }
{ "Address": "0x415574", "Opcode": "ff95e0ba4000", "Opcodesize": 6, "Mnemonic": "call dword ptr [ebp + 0x40bae0]", "PID": 1712, "TID": 1768, "Arguments": [ "Arg1", "IN", "HMODULE", "0x241ff60", "0x76190000", "Arg2", "IN", "LPCSTR", "0x241ff64", "_findclose" ], "Timesptamp": "00000002.365540", "FunctionName": "GetProcAddress", "ModuleName": "kernel32.dll", "Return": "0x761e29d9", "Status": 0 }
{ "Address": "0x415574", "Opcode": "ff95e0ba4000", "Opcodesize": 6, "Mnemonic": "call dword ptr [ebp + 0x40bae0]", "PID": 1712, "TID": 1768, "Arguments": [ "Arg1", "IN", "HMODULE", "0x241ff60", "0x76190000", "Arg2", "IN", "LPCSTR", "0x241ff64", "_findfirst" ], "Timesptamp": "00000002.397325", "FunctionName": "GetProcAddress", "ModuleName": "kernel32.dll", "Return": "0x761e2cc6", "Status": 0 }
{ "Address": "0x415574", "Opcode": "ff95e0ba4000", "Opcodesize": 6, "Mnemonic": "call dword ptr [ebp + 0x40bae0]", "PID": 1712, "TID": 1768, "Arguments": [ "Arg1", "IN", "HMODULE", "0x241ff60", "0x76190000", "Arg2", "IN", "LPCSTR", "0x241ff64", "_findnext" ], "Timesptamp": "00000002.428230", "FunctionName": "GetProcAddress", "ModuleName": "kernel32.dll", "Return": "0x761e2cd6", "Status": 0 }
{ "Address": "0x415574", "Opcode": "ff95e0ba4000", "Opcodesize": 6, "Mnemonic": "call dword ptr [ebp + 0x40bae0]", "PID": 1712, "TID": 1768, "Arguments": [ "Arg1", "IN", "HMODULE", "0x241ff60", "0x76190000", "Arg2", "IN", "LPCSTR", "0x241ff64", "_fmode" ], "Timesptamp": "00000002.457828", "FunctionName": "GetProcAddress", "ModuleName": "kernel32.dll", "Return": "0x762331f4", "Status": 0 }
{ "Address": "0x415574", "Opcode": "ff95e0ba4000", "Opcodesize": 6, "Mnemonic": "call dword ptr [ebp + 0x40bae0]", "PID": 1712, "TID": 1768, "Arguments": [ "Arg1", "IN", "HMODULE", "0x241ff60", "0x76190000", "Arg2", "IN", "LPCSTR", "0x241ff64", "_fpreset" ], "Timesptamp": "00000002.476176", "FunctionName": "GetProcAddress", "ModuleName": "kernel32.dll", "Return": "0x76227c32", "Status": 0 }
{ "Address": "0x415574", "Opcode": "ff95e0ba4000", "Opcodesize": 6, "Mnemonic": "call dword ptr [ebp + 0x40bae0]", "PID": 1712, "TID": 1768, "Arguments": [ "Arg1", "IN", "HMODULE", "0x241ff60", "0x76190000", "Arg2", "IN", "LPCSTR", "0x241ff64", "_iob" ], "Timesptamp": "00000002.494119", "FunctionName": "GetProcAddress", "ModuleName": "kernel32.dll", "Return": "0x76232900", "Status": 0 }
{ "Address": "0x415574", "Opcode": "ff95e0ba4000", "Opcodesize": 6, "Mnemonic": "call dword ptr [ebp + 0x40bae0]", "PID": 1712, "TID": 1768, "Arguments": [ "Arg1", "IN", "HMODULE", "0x241ff60", "0x76190000", "Arg2", "IN", "LPCSTR", "0x241ff64", "_pipe" ], "Timesptamp": "00000002.519923", "FunctionName": "GetProcAddress", "ModuleName": "kernel32.dll", "Return": "0x761ac694", "Status": 0 }
{ "Address": "0x415574", "Opcode": "ff95e0ba4000", "Opcodesize": 6, "Mnemonic": "call dword ptr [ebp + 0x40bae0]", "PID": 1712, "TID": 1768, "Arguments": [ "Arg1", "IN", "HMODULE", "0x241ff60", "0x76190000", "Arg2", "IN", "LPCSTR", "0x241ff64", "_setmode" ], "Timesptamp": "00000002.539089", "FunctionName": "GetProcAddress", "ModuleName": "kernel32.dll", "Return": "0x761acc73", "Status": 0 }
{ "Address": "0x415574", "Opcode": "ff95e0ba4000", "Opcodesize": 6, "Mnemonic": "call dword ptr [ebp + 0x40bae0]", "PID": 1712, "TID": 1768, "Arguments": [ "Arg1", "IN", "HMODULE", "0x241ff60", "0x76190000", "Arg2", "IN", "LPCSTR", "0x241ff64", "_stat" ], "Timesptamp": "00000002.566018", "FunctionName": "GetProcAddress", "ModuleName": "kernel32.dll", "Return": "0x761a9857", "Status": 0 }
{ "Address": "0x415574", "Opcode": "ff95e0ba4000", "Opcodesize": 6, "Mnemonic": "call dword ptr [ebp + 0x40bae0]", "PID": 1712, "TID": 1768, "Arguments": [ "Arg1", "IN", "HMODULE", "0x241ff60", "0x76190000", "Arg2", "IN", "LPCSTR", "0x241ff64", "__getmainargs" ], "Timesptamp": "00000002.588305", "FunctionName": "GetProcAddress", "ModuleName": "kernel32.dll", "Return": "0x761a2bc0", "Status": 0 }
{ "Address": "0x415574", "Opcode": "ff95e0ba4000", "Opcodesize": 6, "Mnemonic": "call dword ptr [ebp + 0x40bae0]", "PID": 1712, "TID": 1768, "Arguments": [ "Arg1", "IN", "HMODULE", "0x241ff60", "0x76190000", "Arg2", "IN", "LPCSTR", "0x241ff64", "_stricmp" ], "Timesptamp": "00000002.612970", "FunctionName": "GetProcAddress", "ModuleName": "kernel32.dll", "Return": "0x7619db38", "Status": 0 }
{ "Address": "0x415574", "Opcode": "ff95e0ba4000", "Opcodesize": 6, "Mnemonic": "call dword ptr [ebp + 0x40bae0]", "PID": 1712, "TID": 1768, "Arguments": [ "Arg1", "IN", "HMODULE", "0x241ff60", "0x76190000", "Arg2", "IN", "LPCSTR", "0x241ff64", "abort" ], "Timesptamp": "00000002.641281", "FunctionName": "GetProcAddress", "ModuleName": "kernel32.dll", "Return": "0x761f8e53", "Status": 0 }
{ "Address": "0x415574", "Opcode": "ff95e0ba4000", "Opcodesize": 6, "Mnemonic": "call dword ptr [ebp + 0x40bae0]", "PID": 1712, "TID": 1768, "Arguments": [ "Arg1", "IN", "HMODULE", "0x241ff60", "0x76190000", "Arg2", "IN", "LPCSTR", "0x241ff64", "atexit" ], "Timesptamp": "00000002.665073", "FunctionName": "GetProcAddress", "ModuleName": "kernel32.dll", "Return": "0x761f5baf", "Status": 0 }
{ "Address": "0x415574", "Opcode": "ff95e0ba4000", "Opcodesize": 6, "Mnemonic": "call dword ptr [ebp + 0x40bae0]", "PID": 1712, "TID": 1768, "Arguments": [ "Arg1", "IN", "HMODULE", "0x241ff60", "0x76190000", "Arg2", "IN", "LPCSTR", "0x241ff64", "atoi" ], "Timesptamp": "00000002.686056", "FunctionName": "GetProcAddress", "ModuleName": "kernel32.dll", "Return": "0x7619dbe0", "Status": 0 }
{ "Address": "0x415574", "Opcode": "ff95e0ba4000", "Opcodesize": 6, "Mnemonic": "call dword ptr [ebp + 0x40bae0]", "PID": 1712, "TID": 1768, "Arguments": [ "Arg1", "IN", "HMODULE", "0x241ff60", "0x76190000", "Arg2", "IN", "LPCSTR", "0x241ff64", "ctime" ], "Timesptamp": "00000002.707968", "FunctionName": "GetProcAddress", "ModuleName": "kernel32.dll", "Return": "0x761b143e", "Status": 0 }
{ "Address": "0x415574", "Opcode": "ff95e0ba4000", "Opcodesize": 6, "Mnemonic": "call dword ptr [ebp + 0x40bae0]", "PID": 1712, "TID": 1768, "Arguments": [ "Arg1", "IN", "HMODULE", "0x241ff60", "0x76190000", "Arg2", "IN", "LPCSTR", "0x241ff64", "exit" ], "Timesptamp": "00000002.730530", "FunctionName": "GetProcAddress", "ModuleName": "kernel32.dll", "Return": "0x761a36aa", "Status": 0 }
{ "Address": "0x415574", "Opcode": "ff95e0ba4000", "Opcodesize": 6, "Mnemonic": "call dword ptr [ebp + 0x40bae0]", "PID": 1712, "TID": 1768, "Arguments": [ "Arg1", "IN", "HMODULE", "0x241ff60", "0x76190000", "Arg2", "IN", "LPCSTR", "0x241ff64", "fclose" ], "Timesptamp": "00000002.754131", "FunctionName": "GetProcAddress", "ModuleName": "kernel32.dll", "Return": "0x761a3d79", "Status": 0 }
{ "Address": "0x415574", "Opcode": "ff95e0ba4000", "Opcodesize": 6, "Mnemonic": "call dword ptr [ebp + 0x40bae0]", "PID": 1712, "TID": 1768, "Arguments": [ "Arg1", "IN", "HMODULE", "0x241ff60", "0x76190000", "Arg2", "IN", "LPCSTR", "0x241ff64", "ferror" ], "Timesptamp": "00000002.781466", "FunctionName": "GetProcAddress", "ModuleName": "kernel32.dll", "Return": "0x761a4947", "Status": 0 }
{ "Address": "0x415574", "Opcode": "ff95e0ba4000", "Opcodesize": 6, "Mnemonic": "call dword ptr [ebp + 0x40bae0]", "PID": 1712, "TID": 1768, "Arguments": [ "Arg1", "IN", "HMODULE", "0x241ff60", "0x76190000", "Arg2", "IN", "LPCSTR", "0x241ff64", "fflush" ], "Timesptamp": "00000002.810051", "FunctionName": "GetProcAddress", "ModuleName": "kernel32.dll", "Return": "0x761a4142", "Status": 0 }
{ "Address": "0x415574", "Opcode": "ff95e0ba4000", "Opcodesize": 6, "Mnemonic": "call dword ptr [ebp + 0x40bae0]", "PID": 1712, "TID": 1768, "Arguments": [ "Arg1", "IN", "HMODULE", "0x241ff60", "0x76190000", "Arg2", "IN", "LPCSTR", "0x241ff64", "fprintf" ], "Timesptamp": "00000002.830784", "FunctionName": "GetProcAddress", "ModuleName": "kernel32.dll", "Return": "0x761a3e00", "Status": 0 }
{ "Address": "0x415574", "Opcode": "ff95e0ba4000", "Opcodesize": 6, "Mnemonic": "call dword ptr [ebp + 0x40bae0]", "PID": 1712, "TID": 1768, "Arguments": [ "Arg1", "IN", "HMODULE", "0x241ff60", "0x76190000", "Arg2", "IN", "LPCSTR", "0x241ff64", "free" ], "Timesptamp": "00000002.869368", "FunctionName": "GetProcAddress", "ModuleName": "kernel32.dll", "Return": "0x76199894", "Status": 0 }
{ "Address": "0x415574", "Opcode": "ff95e0ba4000", "Opcodesize": 6, "Mnemonic": "call dword ptr [ebp + 0x40bae0]", "PID": 1712, "TID": 1768, "Arguments": [ "Arg1", "IN", "HMODULE", "0x241ff60", "0x76190000", "Arg2", "IN", "LPCSTR", "0x241ff64", "fwrite" ], "Timesptamp": "00000002.898441", "FunctionName": "GetProcAddress", "ModuleName": "kernel32.dll", "Return": "0x761a76ac", "Status": 0 }
{ "Address": "0x415574", "Opcode": "ff95e0ba4000", "Opcodesize": 6, "Mnemonic": "call dword ptr [ebp + 0x40bae0]", "PID": 1712, "TID": 1768, "Arguments": [ "Arg1", "IN", "HMODULE", "0x241ff60", "0x76190000", "Arg2", "IN", "LPCSTR", "0x241ff64", "getenv" ], "Timesptamp": "00000002.924988", "FunctionName": "GetProcAddress", "ModuleName": "kernel32.dll", "Return": "0x761aa419", "Status": 0 }
{ "Address": "0x415574", "Opcode": "ff95e0ba4000", "Opcodesize": 6, "Mnemonic": "call dword ptr [ebp + 0x40bae0]", "PID": 1712, "TID": 1768, "Arguments": [ "Arg1", "IN", "HMODULE", "0x241ff60", "0x76190000", "Arg2", "IN", "LPCSTR", "0x241ff64", "isalnum" ], "Timesptamp": "00000002.954038", "FunctionName": "GetProcAddress", "ModuleName": "kernel32.dll", "Return": "0x761a0fdc", "Status": 0 }
{ "Address": "0x415574", "Opcode": "ff95e0ba4000", "Opcodesize": 6, "Mnemonic": "call dword ptr [ebp + 0x40bae0]", "PID": 1712, "TID": 1768, "Arguments": [ "Arg1", "IN", "HMODULE", "0x241ff60", "0x76190000", "Arg2", "IN", "LPCSTR", "0x241ff64", "isalpha" ], "Timesptamp": "00000002.985319", "FunctionName": "GetProcAddress", "ModuleName": "kernel32.dll", "Return": "0x761a0fa8", "Status": 0 }
{ "Address": "0x415574", "Opcode": "ff95e0ba4000", "Opcodesize": 6, "Mnemonic": "call dword ptr [ebp + 0x40bae0]", "PID": 1712, "TID": 1768, "Arguments": [ "Arg1", "IN", "HMODULE", "0x241ff60", "0x76190000", "Arg2", "IN", "LPCSTR", "0x241ff64", "iscntrl" ], "Timesptamp": "00000003.005788", "FunctionName": "GetProcAddress", "ModuleName": "kernel32.dll", "Return": "0x761ad592", "Status": 0 }
{ "Address": "0x415574", "Opcode": "ff95e0ba4000", "Opcodesize": 6, "Mnemonic": "call dword ptr [ebp + 0x40bae0]", "PID": 1712, "TID": 1768, "Arguments": [ "Arg1", "IN", "HMODULE", "0x241ff60", "0x76190000", "Arg2", "IN", "LPCSTR", "0x241ff64", "isdigit" ], "Timesptamp": "00000003.029705", "FunctionName": "GetProcAddress", "ModuleName": "kernel32.dll", "Return": "0x7619b407", "Status": 0 }
{ "Address": "0x415574", "Opcode": "ff95e0ba4000", "Opcodesize": 6, "Mnemonic": "call dword ptr [ebp + 0x40bae0]", "PID": 1712, "TID": 1768, "Arguments": [ "Arg1", "IN", "HMODULE", "0x241ff60", "0x76190000", "Arg2", "IN", "LPCSTR", "0x241ff64", "islower" ], "Timesptamp": "00000003.051600", "FunctionName": "GetProcAddress", "ModuleName": "kernel32.dll", "Return": "0x761bf0f7", "Status": 0 }
{ "Address": "0x415574", "Opcode": "ff95e0ba4000", "Opcodesize": 6, "Mnemonic": "call dword ptr [ebp + 0x40bae0]", "PID": 1712, "TID": 1768, "Arguments": [ "Arg1", "IN", "HMODULE", "0x241ff60", "0x76190000", "Arg2", "IN", "LPCSTR", "0x241ff64", "isprint" ], "Timesptamp": "00000003.079552", "FunctionName": "GetProcAddress", "ModuleName": "kernel32.dll", "Return": "0x761b23b4", "Status": 0 }
{ "Address": "0x415574", "Opcode": "ff95e0ba4000", "Opcodesize": 6, "Mnemonic": "call dword ptr [ebp + 0x40bae0]", "PID": 1712, "TID": 1768, "Arguments": [ "Arg1", "IN", "HMODULE", "0x241ff60", "0x76190000", "Arg2", "IN", "LPCSTR", "0x241ff64", "ispunct" ], "Timesptamp": "00000003.109379", "FunctionName": "GetProcAddress", "ModuleName": "kernel32.dll", "Return": "0x761b860e", "Status": 0 }
{ "Address": "0x415574", "Opcode": "ff95e0ba4000", "Opcodesize": 6, "Mnemonic": "call dword ptr [ebp + 0x40bae0]", "PID": 1712, "TID": 1768, "Arguments": [ "Arg1", "IN", "HMODULE", "0x241ff60", "0x76190000", "Arg2", "IN", "LPCSTR", "0x241ff64", "isspace" ], "Timesptamp": "00000003.133494", "FunctionName": "GetProcAddress", "ModuleName": "kernel32.dll", "Return": "0x7619c395", "Status": 0 }
{ "Address": "0x415574", "Opcode": "ff95e0ba4000", "Opcodesize": 6, "Mnemonic": "call dword ptr [ebp + 0x40bae0]", "PID": 1712, "TID": 1768, "Arguments": [ "Arg1", "IN", "HMODULE", "0x241ff60", "0x76190000", "Arg2", "IN", "LPCSTR", "0x241ff64", "isupper" ], "Timesptamp": "00000003.159147", "FunctionName": "GetProcAddress", "ModuleName": "kernel32.dll", "Return": "0x761ac1ca", "Status": 0 }
{ "Address": "0x415574", "Opcode": "ff95e0ba4000", "Opcodesize": 6, "Mnemonic": "call dword ptr [ebp + 0x40bae0]", "PID": 1712, "TID": 1768, "Arguments": [ "Arg1", "IN", "HMODULE", "0x241ff60", "0x76190000", "Arg2", "IN", "LPCSTR", "0x241ff64", "__p__environ" ], "Timesptamp": "00000003.184407", "FunctionName": "GetProcAddress", "ModuleName": "kernel32.dll", "Return": "0x761ae6cf", "Status": 0 }
{ "Address": "0x415574", "Opcode": "ff95e0ba4000", "Opcodesize": 6, "Mnemonic": "call dword ptr [ebp + 0x40bae0]", "PID": 1712, "TID": 1768, "Arguments": [ "Arg1", "IN", "HMODULE", "0x241ff60", "0x76190000", "Arg2", "IN", "LPCSTR", "0x241ff64", "isxdigit" ], "Timesptamp": "00000003.207494", "FunctionName": "GetProcAddress", "ModuleName": "kernel32.dll", "Return": "0x761a1070", "Status": 0 }
{ "Address": "0x415574", "Opcode": "ff95e0ba4000", "Opcodesize": 6, "Mnemonic": "call dword ptr [ebp + 0x40bae0]", "PID": 1712, "TID": 1768, "Arguments": [ "Arg1", "IN", "HMODULE", "0x241ff60", "0x76190000", "Arg2", "IN", "LPCSTR", "0x241ff64", "malloc" ], "Timesptamp": "00000003.229970", "FunctionName": "GetProcAddress", "ModuleName": "kernel32.dll", "Return": "0x76199cee", "Status": 0 }
{ "Address": "0x415574", "Opcode": "ff95e0ba4000", "Opcodesize": 6, "Mnemonic": "call dword ptr [ebp + 0x40bae0]", "PID": 1712, "TID": 1768, "Arguments": [ "Arg1", "IN", "HMODULE", "0x241ff60", "0x76190000", "Arg2", "IN", "LPCSTR", "0x241ff64", "memchr" ], "Timesptamp": "00000003.254348", "FunctionName": "GetProcAddress", "ModuleName": "kernel32.dll", "Return": "0x761ae134", "Status": 0 }
{ "Address": "0x415574", "Opcode": "ff95e0ba4000", "Opcodesize": 6, "Mnemonic": "call dword ptr [ebp + 0x40bae0]", "PID": 1712, "TID": 1768, "Arguments": [ "Arg1", "IN", "HMODULE", "0x241ff60", "0x76190000", "Arg2", "IN", "LPCSTR", "0x241ff64", "memcpy" ], "Timesptamp": "00000003.281882", "FunctionName": "GetProcAddress", "ModuleName": "kernel32.dll", "Return": "0x76199910", "Status": 0 }
{ "Address": "0x415574", "Opcode": "ff95e0ba4000", "Opcodesize": 6, "Mnemonic": "call dword ptr [ebp + 0x40bae0]", "PID": 1712, "TID": 1768, "Arguments": [ "Arg1", "IN", "HMODULE", "0x241ff60", "0x76190000", "Arg2", "IN", "LPCSTR", "0x241ff64", "memset" ], "Timesptamp": "00000003.312368", "FunctionName": "GetProcAddress", "ModuleName": "kernel32.dll", "Return": "0x76199790", "Status": 0 }
{ "Address": "0x415574", "Opcode": "ff95e0ba4000", "Opcodesize": 6, "Mnemonic": "call dword ptr [ebp + 0x40bae0]", "PID": 1712, "TID": 1768, "Arguments": [ "Arg1", "IN", "HMODULE", "0x241ff60", "0x76190000", "Arg2", "IN", "LPCSTR", "0x241ff64", "perror" ], "Timesptamp": "00000003.335344", "FunctionName": "GetProcAddress", "ModuleName": "kernel32.dll", "Return": "0x761f9239", "Status": 0 }
{ "Address": "0x415574", "Opcode": "ff95e0ba4000", "Opcodesize": 6, "Mnemonic": "call dword ptr [ebp + 0x40bae0]", "PID": 1712, "TID": 1768, "Arguments": [ "Arg1", "IN", "HMODULE", "0x241ff60", "0x76190000", "Arg2", "IN", "LPCSTR", "0x241ff64", "printf" ], "Timesptamp": "00000003.361202", "FunctionName": "GetProcAddress", "ModuleName": "kernel32.dll", "Return": "0x761ac5b9", "Status": 0 }
{ "Address": "0x415574", "Opcode": "ff95e0ba4000", "Opcodesize": 6, "Mnemonic": "call dword ptr [ebp + 0x40bae0]", "PID": 1712, "TID": 1768, "Arguments": [ "Arg1", "IN", "HMODULE", "0x241ff60", "0x76190000", "Arg2", "IN", "LPCSTR", "0x241ff64", "putc" ], "Timesptamp": "00000003.384793", "FunctionName": "GetProcAddress", "ModuleName": "kernel32.dll", "Return": "0x762087c3", "Status": 0 }
{ "Address": "0x415574", "Opcode": "ff95e0ba4000", "Opcodesize": 6, "Mnemonic": "call dword ptr [ebp + 0x40bae0]", "PID": 1712, "TID": 1768, "Arguments": [ "Arg1", "IN", "HMODULE", "0x241ff60", "0x76190000", "Arg2", "IN", "LPCSTR", "0x241ff64", "putchar" ], "Timesptamp": "00000003.402452", "FunctionName": "GetProcAddress", "ModuleName": "kernel32.dll", "Return": "0x762056ef", "Status": 0 }
{ "Address": "0x415574", "Opcode": "ff95e0ba4000", "Opcodesize": 6, "Mnemonic": "call dword ptr [ebp + 0x40bae0]", "PID": 1712, "TID": 1768, "Arguments": [ "Arg1", "IN", "HMODULE", "0x241ff60", "0x76190000", "Arg2", "IN", "LPCSTR", "0x241ff64", "qsort" ], "Timesptamp": "00000003.419980", "FunctionName": "GetProcAddress", "ModuleName": "kernel32.dll", "Return": "0x7619d3e6", "Status": 0 }
{ "Address": "0x415574", "Opcode": "ff95e0ba4000", "Opcodesize": 6, "Mnemonic": "call dword ptr [ebp + 0x40bae0]", "PID": 1712, "TID": 1768, "Arguments": [ "Arg1", "IN", "HMODULE", "0x241ff60", "0x76190000", "Arg2", "IN", "LPCSTR", "0x241ff64", "realloc" ], "Timesptamp": "00000003.438615", "FunctionName": "GetProcAddress", "ModuleName": "kernel32.dll", "Return": "0x7619b10d", "Status": 0 }
{ "Address": "0x415574", "Opcode": "ff95e0ba4000", "Opcodesize": 6, "Mnemonic": "call dword ptr [ebp + 0x40bae0]", "PID": 1712, "TID": 1768, "Arguments": [ "Arg1", "IN", "HMODULE", "0x241ff60", "0x76190000", "Arg2", "IN", "LPCSTR", "0x241ff64", "signal" ], "Timesptamp": "00000003.456074", "FunctionName": "GetProcAddress", "ModuleName": "kernel32.dll", "Return": "0x761b823c", "Status": 0 }
{ "Address": "0x415574", "Opcode": "ff95e0ba4000", "Opcodesize": 6, "Mnemonic": "call dword ptr [ebp + 0x40bae0]", "PID": 1712, "TID": 1768, "Arguments": [ "Arg1", "IN", "HMODULE", "0x241ff60", "0x76190000", "Arg2", "IN", "LPCSTR", "0x241ff64", "sprintf" ], "Timesptamp": "00000003.473576", "FunctionName": "GetProcAddress", "ModuleName": "kernel32.dll", "Return": "0x761ad354", "Status": 0 }
{ "Address": "0x415574", "Opcode": "ff95e0ba4000", "Opcodesize": 6, "Mnemonic": "call dword ptr [ebp + 0x40bae0]", "PID": 1712, "TID": 1768, "Arguments": [ "Arg1", "IN", "HMODULE", "0x241ff60", "0x76190000", "Arg2", "IN", "LPCSTR", "0x241ff64", "strcat" ], "Timesptamp": "00000003.491542", "FunctionName": "GetProcAddress", "ModuleName": "kernel32.dll", "Return": "0x761a8d75", "Status": 0 }
{ "Address": "0x415574", "Opcode": "ff95e0ba4000", "Opcodesize": 6, "Mnemonic": "call dword ptr [ebp + 0x40bae0]", "PID": 1712, "TID": 1768, "Arguments": [ "Arg1", "IN", "HMODULE", "0x241ff60", "0x76190000", "Arg2", "IN", "LPCSTR", "0x241ff64", "strcmp" ], "Timesptamp": "00000003.517896", "FunctionName": "GetProcAddress", "ModuleName": "kernel32.dll", "Return": "0x761a8b11", "Status": 0 }
{ "Address": "0x415574", "Opcode": "ff95e0ba4000", "Opcodesize": 6, "Mnemonic": "call dword ptr [ebp + 0x40bae0]", "PID": 1712, "TID": 1768, "Arguments": [ "Arg1", "IN", "HMODULE", "0x241ff60", "0x76190000", "Arg2", "IN", "LPCSTR", "0x241ff64", "strcpy" ], "Timesptamp": "00000003.543840", "FunctionName": "GetProcAddress", "ModuleName": "kernel32.dll", "Return": "0x761a8d6e", "Status": 0 }
{ "Address": "0x415574", "Opcode": "ff95e0ba4000", "Opcodesize": 6, "Mnemonic": "call dword ptr [ebp + 0x40bae0]", "PID": 1712, "TID": 1768, "Arguments": [ "Arg1", "IN", "HMODULE", "0x241ff60", "0x76190000", "Arg2", "IN", "LPCSTR", "0x241ff64", "strncmp" ], "Timesptamp": "00000003.566568", "FunctionName": "GetProcAddress", "ModuleName": "kernel32.dll", "Return": "0x7619b443", "Status": 0 }
{ "Address": "0x415574", "Opcode": "ff95e0ba4000", "Opcodesize": 6, "Mnemonic": "call dword ptr [ebp + 0x40bae0]", "PID": 1712, "TID": 1768, "Arguments": [ "Arg1", "IN", "HMODULE", "0x241ff60", "0x76190000", "Arg2", "IN", "LPCSTR", "0x241ff64", "strncpy" ], "Timesptamp": "00000003.594495", "FunctionName": "GetProcAddress", "ModuleName": "kernel32.dll", "Return": "0x761a08a9", "Status": 0 }
{ "Address": "0x415574", "Opcode": "ff95e0ba4000", "Opcodesize": 6, "Mnemonic": "call dword ptr [ebp + 0x40bae0]", "PID": 1712, "TID": 1768, "Arguments": [ "Arg1", "IN", "HMODULE", "0x241ff60", "0x76190000", "Arg2", "IN", "LPCSTR", "0x241ff64", "strrchr" ], "Timesptamp": "00000003.625348", "FunctionName": "GetProcAddress", "ModuleName": "kernel32.dll", "Return": "0x7619dbae", "Status": 0 }
{ "Address": "0x415574", "Opcode": "ff95e0ba4000", "Opcodesize": 6, "Mnemonic": "call dword ptr [ebp + 0x40bae0]", "PID": 1712, "TID": 1768, "Arguments": [ "Arg1", "IN", "HMODULE", "0x241ff60", "0x76190000", "Arg2", "IN", "LPCSTR", "0x241ff64", "time" ], "Timesptamp": "00000003.655467", "FunctionName": "GetProcAddress", "ModuleName": "kernel32.dll", "Return": "0x7619f708", "Status": 0 }
{ "Address": "0x415574", "Opcode": "ff95e0ba4000", "Opcodesize": 6, "Mnemonic": "call dword ptr [ebp + 0x40bae0]", "PID": 1712, "TID": 1768, "Arguments": [ "Arg1", "IN", "HMODULE", "0x241ff60", "0x76190000", "Arg2", "IN", "LPCSTR", "0x241ff64", "tolower" ], "Timesptamp": "00000003.679965", "FunctionName": "GetProcAddress", "ModuleName": "kernel32.dll", "Return": "0x7619c4f0", "Status": 0 }
{ "Address": "0x415574", "Opcode": "ff95e0ba4000", "Opcodesize": 6, "Mnemonic": "call dword ptr [ebp + 0x40bae0]", "PID": 1712, "TID": 1768, "Arguments": [ "Arg1", "IN", "HMODULE", "0x241ff60", "0x76190000", "Arg2", "IN", "LPCSTR", "0x241ff64", "__set_app_type" ], "Timesptamp": "00000003.703957", "FunctionName": "GetProcAddress", "ModuleName": "kernel32.dll", "Return": "0x761a2804", "Status": 0 }
{ "Address": "0x41568e", "Opcode": "ff95f8ba4000", "Opcodesize": 6, "Mnemonic": "call dword ptr [ebp + 0x40baf8]", "PID": 1712, "TID": 1768, "Arguments": [ ], "Timesptamp": "00000003.722263", "FunctionName": "GetCurrentProcessId", "ModuleName": "kernel32.dll", "Return": "0x6b0", "Status": 0 }
{ "Address": "0x41569e", "Opcode": "ff95fcba4000", "Opcodesize": 6, "Mnemonic": "call dword ptr [ebp + 0x40bafc]", "PID": 1712, "TID": 1768, "Arguments": [ "Arg1", "IN", "DWORD", "0x241ff60", "0x1f0fff", "Arg2", "IN", "BOOL", "0x241ff64", "FALSE", "Arg3", "IN", "DWORD", "0x241ff68", "0x6b0" ], "Timesptamp": "00000003.741857", "FunctionName": "OpenProcess", "ModuleName": "kernel32.dll", "Return": "0x64", "Status": 0 }
{ "Address": "0x4156b9", "Opcode": "ff9500bb4000", "Opcodesize": 6, "Mnemonic": "call dword ptr [ebp + 0x40bb00]", "PID": 1712, "TID": 1768, "Arguments": [ "Arg1", "IN", "HANDLE", "0x241ff54", "0x761a2804", "Arg2", "IN", "LPVOID", "0x241ff58", "0x400000", "Arg3", "IN", "SIZE_T", "0x241ff5c", "0x1000", "Arg4", "IN", "DWORD", "0x241ff60", "0x4", "Arg5", "OUT", "PDWORD", "0x241ff64", "0x241ff68" ], "Timesptamp": "00000003.763419", "FunctionName": "VirtualProtectEx", "ModuleName": "kernel32.dll", "Return": "FALSE", "Output1": [ "0x241ff68", "0x0" ], "Status": 0 }
{ "Address": "0x40118f", "Opcode": "e804f90000", "Opcodesize": 5, "Mnemonic": "call 0x410a98", "PID": 1712, "TID": 1768, "Arguments": [ "Arg1", "IN", "DWORD", "0x241ff40", "0x4010c0" ], "Timesptamp": "00000003.882048", "FunctionName": "SetUnhandledExceptionFilter", "ModuleName": "kernel32.dll", "Return": "0x0", "Status": 0 }
{ "Address": "0x401197", "Opcode": "e84cf70000", "Opcodesize": 5, "Mnemonic": "call 0x4108e8", "PID": 1712, "TID": 1768, "Functionname": "_fpreset", "Dllname": "msvcrt.dll", "Status": 1 }
{ "Address": "0x401028", "Opcode": "e8dbf80000", "Opcodesize": 5, "Mnemonic": "call 0x410908", "PID": 1712, "TID": 1768, "Functionname": "__getmainargs", "Dllname": "msvcrt.dll", "Status": 1 }
{ "Address": "0x4011a9", "Opcode": "e832f70000", "Opcodesize": 5, "Mnemonic": "call 0x4108e0", "PID": 1712, "TID": 1768, "Functionname": "__p__environ", "Dllname": "msvcrt.dll", "Status": 1 }
{ "Address": "0x41042c", "Opcode": "e83f060000", "Opcodesize": 5, "Mnemonic": "call 0x410a70", "PID": 1712, "TID": 1768, "Functionname": "atexit", "Dllname": "msvcrt.dll", "Status": 1 }
{ "Address": "0x40a1eb", "Opcode": "e828680000", "Opcodesize": 5, "Mnemonic": "call 0x410a18", "PID": 1712, "TID": 1768, "Functionname": "getenv", "Dllname": "msvcrt.dll", "Status": 1 }
{ "Address": "0x40783d", "Opcode": "e8be910000", "Opcodesize": 5, "Mnemonic": "call 0x410a00", "PID": 1712, "TID": 1768, "Arguments": [ "Arg1", "OUT", "FILE*", "0x241fe90", "0x76232940", "Arg2", "IN", "CHAR*", "0x241fe94", "%s: " ], "Timesptamp": "00000004.027230", "FunctionName": "fprintf", "ModuleName": "msvcrt.dll", "Return": "0x21", "Output1": [ "0x76232940", "0x0" ], "Status": 0 }
{ "Address": "0x40784e", "Opcode": "e8ad910000", "Opcodesize": 5, "Mnemonic": "call 0x410a00", "PID": 1712, "TID": 1768, "Arguments": [ "Arg1", "OUT", "FILE*", "0x241fe80", "0x76232940", "Arg2", "IN", "CHAR*", "0x241fe84", "%s" ], "Timesptamp": "00000004.042868", "FunctionName": "fprintf", "ModuleName": "msvcrt.dll", "Return": "0xf", "Output1": [ "0x76232940", "0x0" ], "Status": 0 }
{ "Address": "0x407867", "Opcode": "e894910000", "Opcodesize": 5, "Mnemonic": "call 0x410a00", "PID": 1712, "TID": 1768, "Arguments": [ "Arg1", "OUT", "FILE*", "0x241fe90", "0x76232940", "Arg2", "IN", "CHAR*", "0x241fe94", "\n" ], "Timesptamp": "00000004.058350", "FunctionName": "fprintf", "ModuleName": "msvcrt.dll", "Return": "0x1", "Output1": [ "0x76232940", "0x0" ], "Status": 0 }
{ "Address": "0x40783d", "Opcode": "e8be910000", "Opcodesize": 5, "Mnemonic": "call 0x410a00", "PID": 1712, "TID": 1768, "Arguments": [ "Arg1", "OUT", "FILE*", "0x241fe90", "0x76232940", "Arg2", "IN", "CHAR*", "0x241fe94", "%s: " ], "Timesptamp": "00000004.080587", "FunctionName": "fprintf", "ModuleName": "msvcrt.dll", "Return": "0x21", "Output1": [ "0x76232940", "0x0" ], "Status": 0 }
{ "Address": "0x40784e", "Opcode": "e8ad910000", "Opcodesize": 5, "Mnemonic": "call 0x410a00", "PID": 1712, "TID": 1768, "Arguments": [ "Arg1", "OUT", "FILE*", "0x241fe80", "0x76232940", "Arg2", "IN", "CHAR*", "0x241fe84", "Try `%s --help' for more information." ], "Timesptamp": "00000004.101861", "FunctionName": "fprintf", "ModuleName": "msvcrt.dll", "Return": "0x42", "Output1": [ "0x76232940", "0x0" ], "Status": 0 }
{ "Address": "0x407867", "Opcode": "e894910000", "Opcodesize": 5, "Mnemonic": "call 0x410a00", "PID": 1712, "TID": 1768, "Arguments": [ "Arg1", "OUT", "FILE*", "0x241fe90", "0x76232940", "Arg2", "IN", "CHAR*", "0x241fe94", "\n" ], "Timesptamp": "00000004.126946", "FunctionName": "fprintf", "ModuleName": "msvcrt.dll", "Return": "0x1", "Output1": [ "0x76232940", "0x0" ], "Status": 0 }
{ "Address": "0x40422a", "Opcode": "e819c70000", "Opcodesize": 5, "Mnemonic": "call 0x410948", "PID": 1712, "TID": 1768, "Arguments": [ "Arg1", "IN", "INT", "0x241feb0", "0x2" ], "Timesptamp": "00000004.150910", "FunctionName": "exit", "ModuleName": "msvcrt.dll" }