{ "Address": "0x41b94e", "Opcode": "ff95ef030000", "Opcodesize": 6, "Mnemonic": "call dword ptr [ebp + 0x3ef]", "PID": 2052, "TID": 2056, "Arguments": [ "Arg1", "IN", "HMODULE", "0x28ff5c", "0x400000", "Arg2", "OUT", "LPTSTR", "0x28ff60", "0x41b000", "Arg3", "IN", "DWORD", "0x28ff64", "0x104" ], "Timesptamp": "00000001.281674", "FunctionName": "GetModuleFileNameA", "ModuleName": "kernel32.dll", "Return": "0x29", "Output1": [ "0x41b000", "C:\\Users\\lhs\\Exec\\telock_Mode2CDMaker.exe" ], "Status": 0 }
{ "Address": "0x41b996", "Opcode": "ff95eb030000", "Opcodesize": 6, "Mnemonic": "call dword ptr [ebp + 0x3eb]", "PID": 2052, "TID": 2056, "Arguments": [ "Arg1", "IN", "LPCTSTR", "0x28ff50", "C:\\Users\\lhs\\Exec\\telock_Mode2CDMaker.exe", "Arg2", "IN", "DWORD", "0x28ff54", "0x80000000", "Arg3", "IN", "DWORD", "0x28ff58", "0x1", "Arg4", "IN", "LPSECURITY_ATTRIBUTES", "0x28ff5c", "0x0", "Arg5", "IN", "DWORD", "0x28ff60", "0x3", "Arg6", "IN", "DWORD", "0x28ff64", "0x80", "Arg7", "IN", "HANDLE", "0x28ff68", "0x0" ], "Timesptamp": "00000001.312474", "FunctionName": "CreateFileA", "ModuleName": "kernel32.dll", "Return": "0x5c", "Status": 0 }
{ "Address": "0x41b9a3", "Opcode": "ff95e7030000", "Opcodesize": 6, "Mnemonic": "call dword ptr [ebp + 0x3e7]", "PID": 2052, "TID": 2056, "Arguments": [ "Arg1", "IN", "HANDLE", "0x28ff54", "0x5c", "Arg2", "OUT", "LPVOID", "0x28ff58", "0x41b008", "Arg3", "IN", "DWORD", "0x28ff5c", "0x400", "Arg4", "OUT", "LPDWORD", "0x28ff60", "0x41b000", "Arg5", "OUT", "LPOVERLAPPED", "0x28ff64", "0x0" ], "Timesptamp": "00000001.343337", "FunctionName": "ReadFile", "ModuleName": "kernel32.dll", "Return": "TRUE", "Output1": [ "0x41b008", "0x905a4d" ], "Output2": [ "0x41b000", "0x400" ], "Status": 0 }
{ "Address": "0x41b9a9", "Opcode": "ff95e3030000", "Opcodesize": 6, "Mnemonic": "call dword ptr [ebp + 0x3e3]", "PID": 2052, "TID": 2056, "Arguments": [ "Arg1", "IN", "HANDLE", "0x28ff68", "0x5c" ], "Timesptamp": "00000001.373226", "FunctionName": "CloseHandle", "ModuleName": "kernel32.dll", "Return": "TRUE", "Status": 0 }
{ "Address": "0x41bca0", "Opcode": "ff95f4ba4000", "Opcodesize": 6, "Mnemonic": "call dword ptr [ebp + 0x40baf4]", "PID": 2052, "TID": 2056, "Arguments": [ "Arg1", "IN", "LPSECURITY_ATTRIBUTES", "0x28ff60", "0x0", "Arg2", "IN", "BOOL", "0x28ff64", "TRUE", "Arg3", "IN", "LPCSTR", "0x28ff68", "nZkExPkE" ], "Timesptamp": "00000001.474153", "FunctionName": "CreateMutexA", "ModuleName": "kernel32.dll", "Return": "0x60", "Status": 0 }
{ "Address": "0x41c087", "Opcode": "ff95ecba4000", "Opcodesize": 6, "Mnemonic": "call dword ptr [ebp + 0x40baec]", "PID": 2052, "TID": 2056, "Arguments": [ "Arg1", "IN", "LPVOID", "0x28ff30", "0x0", "Arg2", "IN", "SIZE_T", "0x28ff34", "0x2e10", "Arg3", "IN", "DWORD", "0x28ff38", "0x1000", "Arg4", "IN", "DWORD", "0x28ff3c", "0x4" ], "Timesptamp": "00000001.562802", "FunctionName": "VirtualAlloc", "ModuleName": "kernel32.dll", "Return": "0x330000", "Status": 0 }
{ "Address": "0x41c159", "Opcode": "ff95f0ba4000", "Opcodesize": 6, "Mnemonic": "call dword ptr [ebp + 0x40baf0]", "PID": 2052, "TID": 2056, "Arguments": [ "Arg1", "IN", "LPVOID", "0x28ff34", "0x330000", "Arg2", "IN", "SIZE_T", "0x28ff38", "0x2e10", "Arg3", "IN", "DWORD", "0x28ff3c", "0x4000" ], "Timesptamp": "00000001.593199", "FunctionName": "VirtualFree", "ModuleName": "kernel32.dll", "Return": "TRUE", "Status": 0 }
{ "Address": "0x41c087", "Opcode": "ff95ecba4000", "Opcodesize": 6, "Mnemonic": "call dword ptr [ebp + 0x40baec]", "PID": 2052, "TID": 2056, "Arguments": [ "Arg1", "IN", "LPVOID", "0x28ff30", "0x0", "Arg2", "IN", "SIZE_T", "0x28ff34", "0x1410", "Arg3", "IN", "DWORD", "0x28ff38", "0x1000", "Arg4", "IN", "DWORD", "0x28ff3c", "0x4" ], "Timesptamp": "00000001.624660", "FunctionName": "VirtualAlloc", "ModuleName": "kernel32.dll", "Return": "0x340000", "Status": 0 }
{ "Address": "0x41c159", "Opcode": "ff95f0ba4000", "Opcodesize": 6, "Mnemonic": "call dword ptr [ebp + 0x40baf0]", "PID": 2052, "TID": 2056, "Arguments": [ "Arg1", "IN", "LPVOID", "0x28ff34", "0x340000", "Arg2", "IN", "SIZE_T", "0x28ff38", "0x1410", "Arg3", "IN", "DWORD", "0x28ff3c", "0x4000" ], "Timesptamp": "00000001.661534", "FunctionName": "VirtualFree", "ModuleName": "kernel32.dll", "Return": "TRUE", "Status": 0 }
{ "Address": "0x41c087", "Opcode": "ff95ecba4000", "Opcodesize": 6, "Mnemonic": "call dword ptr [ebp + 0x40baec]", "PID": 2052, "TID": 2056, "Arguments": [ "Arg1", "IN", "LPVOID", "0x28ff30", "0x0", "Arg2", "IN", "SIZE_T", "0x28ff34", "0xa10", "Arg3", "IN", "DWORD", "0x28ff38", "0x1000", "Arg4", "IN", "DWORD", "0x28ff3c", "0x4" ], "Timesptamp": "00000001.699047", "FunctionName": "VirtualAlloc", "ModuleName": "kernel32.dll", "Return": "0x350000", "Status": 0 }
{ "Address": "0x41c159", "Opcode": "ff95f0ba4000", "Opcodesize": 6, "Mnemonic": "call dword ptr [ebp + 0x40baf0]", "PID": 2052, "TID": 2056, "Arguments": [ "Arg1", "IN", "LPVOID", "0x28ff34", "0x350000", "Arg2", "IN", "SIZE_T", "0x28ff38", "0xa10", "Arg3", "IN", "DWORD", "0x28ff3c", "0x4000" ], "Timesptamp": "00000001.720709", "FunctionName": "VirtualFree", "ModuleName": "kernel32.dll", "Return": "TRUE", "Status": 0 }
{ "Address": "0x41c087", "Opcode": "ff95ecba4000", "Opcodesize": 6, "Mnemonic": "call dword ptr [ebp + 0x40baec]", "PID": 2052, "TID": 2056, "Arguments": [ "Arg1", "IN", "LPVOID", "0x28ff30", "0x0", "Arg2", "IN", "SIZE_T", "0x28ff34", "0x410", "Arg3", "IN", "DWORD", "0x28ff38", "0x1000", "Arg4", "IN", "DWORD", "0x28ff3c", "0x4" ], "Timesptamp": "00000001.752226", "FunctionName": "VirtualAlloc", "ModuleName": "kernel32.dll", "Return": "0x360000", "Status": 0 }
{ "Address": "0x41c159", "Opcode": "ff95f0ba4000", "Opcodesize": 6, "Mnemonic": "call dword ptr [ebp + 0x40baf0]", "PID": 2052, "TID": 2056, "Arguments": [ "Arg1", "IN", "LPVOID", "0x28ff34", "0x360000", "Arg2", "IN", "SIZE_T", "0x28ff38", "0x410", "Arg3", "IN", "DWORD", "0x28ff3c", "0x4000" ], "Timesptamp": "00000001.780424", "FunctionName": "VirtualFree", "ModuleName": "kernel32.dll", "Return": "TRUE", "Status": 0 }
{ "Address": "0x41c241", "Opcode": "ff95d0d24000", "Opcodesize": 6, "Mnemonic": "call dword ptr [ebp + 0x40d2d0]", "PID": 2052, "TID": 2056, "Arguments": [ "Arg1", "IN", "LPCTSTR", "0x28ff68", "KERNEL32.dll" ], "Timesptamp": "00000001.811428", "FunctionName": "GetModuleHandleA", "ModuleName": "kernel32.dll", "Return": "0x74f10000", "Status": 0 }
{ "Address": "0x41c416", "Opcode": "ff95ecba4000", "Opcodesize": 6, "Mnemonic": "call dword ptr [ebp + 0x40baec]", "PID": 2052, "TID": 2056, "Arguments": [ "Arg1", "IN", "LPVOID", "0x28ff3c", "0x0", "Arg2", "IN", "SIZE_T", "0x28ff40", "0x341", "Arg3", "IN", "DWORD", "0x28ff44", "0x1000", "Arg4", "IN", "DWORD", "0x28ff48", "0x4" ], "Timesptamp": "00000001.841979", "FunctionName": "VirtualAlloc", "ModuleName": "kernel32.dll", "Return": "0x370000", "Status": 0 }
{ "Address": "0x41c574", "Opcode": "ff95e0ba4000", "Opcodesize": 6, "Mnemonic": "call dword ptr [ebp + 0x40bae0]", "PID": 2052, "TID": 2056, "Arguments": [ "Arg1", "IN", "HMODULE", "0x28ff60", "0x74f10000", "Arg2", "IN", "LPCSTR", "0x28ff64", "DeleteCriticalSection" ], "Timesptamp": "00000001.873199", "FunctionName": "GetProcAddress", "ModuleName": "kernel32.dll", "Return": "0x770745f5", "Status": 0 }
{ "Address": "0x41c574", "Opcode": "ff95e0ba4000", "Opcodesize": 6, "Mnemonic": "call dword ptr [ebp + 0x40bae0]", "PID": 2052, "TID": 2056, "Arguments": [ "Arg1", "IN", "HMODULE", "0x28ff60", "0x74f10000", "Arg2", "IN", "LPCSTR", "0x28ff64", "EnterCriticalSection" ], "Timesptamp": "00000001.904131", "FunctionName": "GetProcAddress", "ModuleName": "kernel32.dll", "Return": "0x770622b0", "Status": 0 }
{ "Address": "0x41c574", "Opcode": "ff95e0ba4000", "Opcodesize": 6, "Mnemonic": "call dword ptr [ebp + 0x40bae0]", "PID": 2052, "TID": 2056, "Arguments": [ "Arg1", "IN", "HMODULE", "0x28ff60", "0x74f10000", "Arg2", "IN", "LPCSTR", "0x28ff64", "ExitProcess" ], "Timesptamp": "00000001.938761", "FunctionName": "GetProcAddress", "ModuleName": "kernel32.dll", "Return": "0x74f27a10", "Status": 0 }
{ "Address": "0x41c574", "Opcode": "ff95e0ba4000", "Opcodesize": 6, "Mnemonic": "call dword ptr [ebp + 0x40bae0]", "PID": 2052, "TID": 2056, "Arguments": [ "Arg1", "IN", "HMODULE", "0x28ff60", "0x74f10000", "Arg2", "IN", "LPCSTR", "0x28ff64", "FreeLibrary" ], "Timesptamp": "00000001.967212", "FunctionName": "GetProcAddress", "ModuleName": "kernel32.dll", "Return": "0x74f234c8", "Status": 0 }
{ "Address": "0x41c574", "Opcode": "ff95e0ba4000", "Opcodesize": 6, "Mnemonic": "call dword ptr [ebp + 0x40bae0]", "PID": 2052, "TID": 2056, "Arguments": [ "Arg1", "IN", "HMODULE", "0x28ff60", "0x74f10000", "Arg2", "IN", "LPCSTR", "0x28ff64", "GetLastError" ], "Timesptamp": "00000001.997811", "FunctionName": "GetProcAddress", "ModuleName": "kernel32.dll", "Return": "0x74f211c0", "Status": 0 }
{ "Address": "0x41c574", "Opcode": "ff95e0ba4000", "Opcodesize": 6, "Mnemonic": "call dword ptr [ebp + 0x40bae0]", "PID": 2052, "TID": 2056, "Arguments": [ "Arg1", "IN", "HMODULE", "0x28ff60", "0x74f10000", "Arg2", "IN", "LPCSTR", "0x28ff64", "GetModuleHandleA" ], "Timesptamp": "00000002.018988", "FunctionName": "GetProcAddress", "ModuleName": "kernel32.dll", "Return": "0x74f21245", "Status": 0 }
{ "Address": "0x41c574", "Opcode": "ff95e0ba4000", "Opcodesize": 6, "Mnemonic": "call dword ptr [ebp + 0x40bae0]", "PID": 2052, "TID": 2056, "Arguments": [ "Arg1", "IN", "HMODULE", "0x28ff60", "0x74f10000", "Arg2", "IN", "LPCSTR", "0x28ff64", "GetProcAddress" ], "Timesptamp": "00000002.047777", "FunctionName": "GetProcAddress", "ModuleName": "kernel32.dll", "Return": "0x74f21222", "Status": 0 }
{ "Address": "0x41c574", "Opcode": "ff95e0ba4000", "Opcodesize": 6, "Mnemonic": "call dword ptr [ebp + 0x40bae0]", "PID": 2052, "TID": 2056, "Arguments": [ "Arg1", "IN", "HMODULE", "0x28ff60", "0x74f10000", "Arg2", "IN", "LPCSTR", "0x28ff64", "InitializeCriticalSection" ], "Timesptamp": "00000002.076279", "FunctionName": "GetProcAddress", "ModuleName": "kernel32.dll", "Return": "0x77072c42", "Status": 0 }
{ "Address": "0x41c574", "Opcode": "ff95e0ba4000", "Opcodesize": 6, "Mnemonic": "call dword ptr [ebp + 0x40bae0]", "PID": 2052, "TID": 2056, "Arguments": [ "Arg1", "IN", "HMODULE", "0x28ff60", "0x74f10000", "Arg2", "IN", "LPCSTR", "0x28ff64", "LeaveCriticalSection" ], "Timesptamp": "00000002.106732", "FunctionName": "GetProcAddress", "ModuleName": "kernel32.dll", "Return": "0x77062270", "Status": 0 }
{ "Address": "0x41c574", "Opcode": "ff95e0ba4000", "Opcodesize": 6, "Mnemonic": "call dword ptr [ebp + 0x40bae0]", "PID": 2052, "TID": 2056, "Arguments": [ "Arg1", "IN", "HMODULE", "0x28ff60", "0x74f10000", "Arg2", "IN", "LPCSTR", "0x28ff64", "LoadLibraryA" ], "Timesptamp": "00000002.137904", "FunctionName": "GetProcAddress", "ModuleName": "kernel32.dll", "Return": "0x74f249d7", "Status": 0 }
{ "Address": "0x41c574", "Opcode": "ff95e0ba4000", "Opcodesize": 6, "Mnemonic": "call dword ptr [ebp + 0x40bae0]", "PID": 2052, "TID": 2056, "Arguments": [ "Arg1", "IN", "HMODULE", "0x28ff60", "0x74f10000", "Arg2", "IN", "LPCSTR", "0x28ff64", "QueryPerformanceCounter" ], "Timesptamp": "00000002.169072", "FunctionName": "GetProcAddress", "ModuleName": "kernel32.dll", "Return": "0x74f21725", "Status": 0 }
{ "Address": "0x41c574", "Opcode": "ff95e0ba4000", "Opcodesize": 6, "Mnemonic": "call dword ptr [ebp + 0x40bae0]", "PID": 2052, "TID": 2056, "Arguments": [ "Arg1", "IN", "HMODULE", "0x28ff60", "0x74f10000", "Arg2", "IN", "LPCSTR", "0x28ff64", "QueryPerformanceFrequency" ], "Timesptamp": "00000002.200385", "FunctionName": "GetProcAddress", "ModuleName": "kernel32.dll", "Return": "0x74f241f0", "Status": 0 }
{ "Address": "0x41c574", "Opcode": "ff95e0ba4000", "Opcodesize": 6, "Mnemonic": "call dword ptr [ebp + 0x40bae0]", "PID": 2052, "TID": 2056, "Arguments": [ "Arg1", "IN", "HMODULE", "0x28ff60", "0x74f10000", "Arg2", "IN", "LPCSTR", "0x28ff64", "SetUnhandledExceptionFilter" ], "Timesptamp": "00000002.231360", "FunctionName": "GetProcAddress", "ModuleName": "kernel32.dll", "Return": "0x74f287c9", "Status": 0 }
{ "Address": "0x41c574", "Opcode": "ff95e0ba4000", "Opcodesize": 6, "Mnemonic": "call dword ptr [ebp + 0x40bae0]", "PID": 2052, "TID": 2056, "Arguments": [ "Arg1", "IN", "HMODULE", "0x28ff60", "0x74f10000", "Arg2", "IN", "LPCSTR", "0x28ff64", "TlsGetValue" ], "Timesptamp": "00000002.262625", "FunctionName": "GetProcAddress", "ModuleName": "kernel32.dll", "Return": "0x74f211e0", "Status": 0 }
{ "Address": "0x41c574", "Opcode": "ff95e0ba4000", "Opcodesize": 6, "Mnemonic": "call dword ptr [ebp + 0x40bae0]", "PID": 2052, "TID": 2056, "Arguments": [ "Arg1", "IN", "HMODULE", "0x28ff60", "0x74f10000", "Arg2", "IN", "LPCSTR", "0x28ff64", "VirtualProtect" ], "Timesptamp": "00000002.293765", "FunctionName": "GetProcAddress", "ModuleName": "kernel32.dll", "Return": "0x74f2435f", "Status": 0 }
{ "Address": "0x41c574", "Opcode": "ff95e0ba4000", "Opcodesize": 6, "Mnemonic": "call dword ptr [ebp + 0x40bae0]", "PID": 2052, "TID": 2056, "Arguments": [ "Arg1", "IN", "HMODULE", "0x28ff60", "0x74f10000", "Arg2", "IN", "LPCSTR", "0x28ff64", "VirtualQuery" ], "Timesptamp": "00000002.324965", "FunctionName": "GetProcAddress", "ModuleName": "kernel32.dll", "Return": "0x74f2445a", "Status": 0 }
{ "Address": "0x41c574", "Opcode": "ff95e0ba4000", "Opcodesize": 6, "Mnemonic": "call dword ptr [ebp + 0x40bae0]", "PID": 2052, "TID": 2056, "Arguments": [ "Arg1", "IN", "HMODULE", "0x28ff60", "0x74f10000", "Arg2", "IN", "LPCSTR", "0x28ff64", "lstrlenA" ], "Timesptamp": "00000002.349243", "FunctionName": "GetProcAddress", "ModuleName": "kernel32.dll", "Return": "0x74f25a4b", "Status": 0 }
{ "Address": "0x41c241", "Opcode": "ff95d0d24000", "Opcodesize": 6, "Mnemonic": "call dword ptr [ebp + 0x40d2d0]", "PID": 2052, "TID": 2056, "Arguments": [ "Arg1", "IN", "LPCTSTR", "0x28ff68", "msvcrt.dll" ], "Timesptamp": "00000002.374373", "FunctionName": "GetModuleHandleA", "ModuleName": "kernel32.dll", "Return": "0x76190000", "Status": 0 }
{ "Address": "0x41c574", "Opcode": "ff95e0ba4000", "Opcodesize": 6, "Mnemonic": "call dword ptr [ebp + 0x40bae0]", "PID": 2052, "TID": 2056, "Arguments": [ "Arg1", "IN", "HMODULE", "0x28ff60", "0x76190000", "Arg2", "IN", "LPCSTR", "0x28ff64", "_stat" ], "Timesptamp": "00000002.403713", "FunctionName": "GetProcAddress", "ModuleName": "kernel32.dll", "Return": "0x761a9857", "Status": 0 }
{ "Address": "0x41c241", "Opcode": "ff95d0d24000", "Opcodesize": 6, "Mnemonic": "call dword ptr [ebp + 0x40d2d0]", "PID": 2052, "TID": 2056, "Arguments": [ "Arg1", "IN", "LPCTSTR", "0x28ff68", "msvcrt.dll" ], "Timesptamp": "00000002.434465", "FunctionName": "GetModuleHandleA", "ModuleName": "kernel32.dll", "Return": "0x76190000", "Status": 0 }
{ "Address": "0x41c574", "Opcode": "ff95e0ba4000", "Opcodesize": 6, "Mnemonic": "call dword ptr [ebp + 0x40bae0]", "PID": 2052, "TID": 2056, "Arguments": [ "Arg1", "IN", "HMODULE", "0x28ff60", "0x76190000", "Arg2", "IN", "LPCSTR", "0x28ff64", "__getmainargs" ], "Timesptamp": "00000002.465325", "FunctionName": "GetProcAddress", "ModuleName": "kernel32.dll", "Return": "0x761a2bc0", "Status": 0 }
{ "Address": "0x41c574", "Opcode": "ff95e0ba4000", "Opcodesize": 6, "Mnemonic": "call dword ptr [ebp + 0x40bae0]", "PID": 2052, "TID": 2056, "Arguments": [ "Arg1", "IN", "HMODULE", "0x28ff60", "0x76190000", "Arg2", "IN", "LPCSTR", "0x28ff64", "__p__environ" ], "Timesptamp": "00000002.497182", "FunctionName": "GetProcAddress", "ModuleName": "kernel32.dll", "Return": "0x761ae6cf", "Status": 0 }
{ "Address": "0x41c574", "Opcode": "ff95e0ba4000", "Opcodesize": 6, "Mnemonic": "call dword ptr [ebp + 0x40bae0]", "PID": 2052, "TID": 2056, "Arguments": [ "Arg1", "IN", "HMODULE", "0x28ff60", "0x76190000", "Arg2", "IN", "LPCSTR", "0x28ff64", "__p__fmode" ], "Timesptamp": "00000002.528745", "FunctionName": "GetProcAddress", "ModuleName": "kernel32.dll", "Return": "0x761a27ce", "Status": 0 }
{ "Address": "0x41c574", "Opcode": "ff95e0ba4000", "Opcodesize": 6, "Mnemonic": "call dword ptr [ebp + 0x40bae0]", "PID": 2052, "TID": 2056, "Arguments": [ "Arg1", "IN", "HMODULE", "0x28ff60", "0x76190000", "Arg2", "IN", "LPCSTR", "0x28ff64", "__set_app_type" ], "Timesptamp": "00000002.559463", "FunctionName": "GetProcAddress", "ModuleName": "kernel32.dll", "Return": "0x761a2804", "Status": 0 }
{ "Address": "0x41c574", "Opcode": "ff95e0ba4000", "Opcodesize": 6, "Mnemonic": "call dword ptr [ebp + 0x40bae0]", "PID": 2052, "TID": 2056, "Arguments": [ "Arg1", "IN", "HMODULE", "0x28ff60", "0x76190000", "Arg2", "IN", "LPCSTR", "0x28ff64", "_cexit" ], "Timesptamp": "00000002.590445", "FunctionName": "GetProcAddress", "ModuleName": "kernel32.dll", "Return": "0x761a37d4", "Status": 0 }
{ "Address": "0x41c574", "Opcode": "ff95e0ba4000", "Opcodesize": 6, "Mnemonic": "call dword ptr [ebp + 0x40bae0]", "PID": 2052, "TID": 2056, "Arguments": [ "Arg1", "IN", "HMODULE", "0x28ff60", "0x76190000", "Arg2", "IN", "LPCSTR", "0x28ff64", "_iob" ], "Timesptamp": "00000002.610385", "FunctionName": "GetProcAddress", "ModuleName": "kernel32.dll", "Return": "0x76232900", "Status": 0 }
{ "Address": "0x41c574", "Opcode": "ff95e0ba4000", "Opcodesize": 6, "Mnemonic": "call dword ptr [ebp + 0x40bae0]", "PID": 2052, "TID": 2056, "Arguments": [ "Arg1", "IN", "HMODULE", "0x28ff60", "0x76190000", "Arg2", "IN", "LPCSTR", "0x28ff64", "_onexit" ], "Timesptamp": "00000002.638526", "FunctionName": "GetProcAddress", "ModuleName": "kernel32.dll", "Return": "0x761a112d", "Status": 0 }
{ "Address": "0x41c574", "Opcode": "ff95e0ba4000", "Opcodesize": 6, "Mnemonic": "call dword ptr [ebp + 0x40bae0]", "PID": 2052, "TID": 2056, "Arguments": [ "Arg1", "IN", "HMODULE", "0x28ff60", "0x76190000", "Arg2", "IN", "LPCSTR", "0x28ff64", "_setmode" ], "Timesptamp": "00000002.668756", "FunctionName": "GetProcAddress", "ModuleName": "kernel32.dll", "Return": "0x761acc73", "Status": 0 }
{ "Address": "0x41c574", "Opcode": "ff95e0ba4000", "Opcodesize": 6, "Mnemonic": "call dword ptr [ebp + 0x40bae0]", "PID": 2052, "TID": 2056, "Arguments": [ "Arg1", "IN", "HMODULE", "0x28ff60", "0x76190000", "Arg2", "IN", "LPCSTR", "0x28ff64", "_stricmp" ], "Timesptamp": "00000002.699801", "FunctionName": "GetProcAddress", "ModuleName": "kernel32.dll", "Return": "0x7619db38", "Status": 0 }
{ "Address": "0x41c574", "Opcode": "ff95e0ba4000", "Opcodesize": 6, "Mnemonic": "call dword ptr [ebp + 0x40bae0]", "PID": 2052, "TID": 2056, "Arguments": [ "Arg1", "IN", "HMODULE", "0x28ff60", "0x76190000", "Arg2", "IN", "LPCSTR", "0x28ff64", "_strnicmp" ], "Timesptamp": "00000002.724009", "FunctionName": "GetProcAddress", "ModuleName": "kernel32.dll", "Return": "0x761a0578", "Status": 0 }
{ "Address": "0x41c574", "Opcode": "ff95e0ba4000", "Opcodesize": 6, "Mnemonic": "call dword ptr [ebp + 0x40bae0]", "PID": 2052, "TID": 2056, "Arguments": [ "Arg1", "IN", "HMODULE", "0x28ff60", "0x76190000", "Arg2", "IN", "LPCSTR", "0x28ff64", "_winmajor" ], "Timesptamp": "00000002.749017", "FunctionName": "GetProcAddress", "ModuleName": "kernel32.dll", "Return": "0x7623003c", "Status": 0 }
{ "Address": "0x41c574", "Opcode": "ff95e0ba4000", "Opcodesize": 6, "Mnemonic": "call dword ptr [ebp + 0x40bae0]", "PID": 2052, "TID": 2056, "Arguments": [ "Arg1", "IN", "HMODULE", "0x28ff60", "0x76190000", "Arg2", "IN", "LPCSTR", "0x28ff64", "abort" ], "Timesptamp": "00000002.778290", "FunctionName": "GetProcAddress", "ModuleName": "kernel32.dll", "Return": "0x761f8e53", "Status": 0 }
{ "Address": "0x41c574", "Opcode": "ff95e0ba4000", "Opcodesize": 6, "Mnemonic": "call dword ptr [ebp + 0x40bae0]", "PID": 2052, "TID": 2056, "Arguments": [ "Arg1", "IN", "HMODULE", "0x28ff60", "0x76190000", "Arg2", "IN", "LPCSTR", "0x28ff64", "atexit" ], "Timesptamp": "00000002.802110", "FunctionName": "GetProcAddress", "ModuleName": "kernel32.dll", "Return": "0x761f5baf", "Status": 0 }
{ "Address": "0x41c574", "Opcode": "ff95e0ba4000", "Opcodesize": 6, "Mnemonic": "call dword ptr [ebp + 0x40bae0]", "PID": 2052, "TID": 2056, "Arguments": [ "Arg1", "IN", "HMODULE", "0x28ff60", "0x76190000", "Arg2", "IN", "LPCSTR", "0x28ff64", "calloc" ], "Timesptamp": "00000002.826943", "FunctionName": "GetProcAddress", "ModuleName": "kernel32.dll", "Return": "0x7619c456", "Status": 0 }
{ "Address": "0x41c574", "Opcode": "ff95e0ba4000", "Opcodesize": 6, "Mnemonic": "call dword ptr [ebp + 0x40bae0]", "PID": 2052, "TID": 2056, "Arguments": [ "Arg1", "IN", "HMODULE", "0x28ff60", "0x76190000", "Arg2", "IN", "LPCSTR", "0x28ff64", "exit" ], "Timesptamp": "00000002.856475", "FunctionName": "GetProcAddress", "ModuleName": "kernel32.dll", "Return": "0x761a36aa", "Status": 0 }
{ "Address": "0x41c574", "Opcode": "ff95e0ba4000", "Opcodesize": 6, "Mnemonic": "call dword ptr [ebp + 0x40bae0]", "PID": 2052, "TID": 2056, "Arguments": [ "Arg1", "IN", "HMODULE", "0x28ff60", "0x76190000", "Arg2", "IN", "LPCSTR", "0x28ff64", "fclose" ], "Timesptamp": "00000002.887250", "FunctionName": "GetProcAddress", "ModuleName": "kernel32.dll", "Return": "0x761a3d79", "Status": 0 }
{ "Address": "0x41c574", "Opcode": "ff95e0ba4000", "Opcodesize": 6, "Mnemonic": "call dword ptr [ebp + 0x40bae0]", "PID": 2052, "TID": 2056, "Arguments": [ "Arg1", "IN", "HMODULE", "0x28ff60", "0x76190000", "Arg2", "IN", "LPCSTR", "0x28ff64", "fgets" ], "Timesptamp": "00000002.918467", "FunctionName": "GetProcAddress", "ModuleName": "kernel32.dll", "Return": "0x761b4589", "Status": 0 }
{ "Address": "0x41c574", "Opcode": "ff95e0ba4000", "Opcodesize": 6, "Mnemonic": "call dword ptr [ebp + 0x40bae0]", "PID": 2052, "TID": 2056, "Arguments": [ "Arg1", "IN", "HMODULE", "0x28ff60", "0x76190000", "Arg2", "IN", "LPCSTR", "0x28ff64", "fopen" ], "Timesptamp": "00000002.952851", "FunctionName": "GetProcAddress", "ModuleName": "kernel32.dll", "Return": "0x761ab2c4", "Status": 0 }
{ "Address": "0x41c574", "Opcode": "ff95e0ba4000", "Opcodesize": 6, "Mnemonic": "call dword ptr [ebp + 0x40bae0]", "PID": 2052, "TID": 2056, "Arguments": [ "Arg1", "IN", "HMODULE", "0x28ff60", "0x76190000", "Arg2", "IN", "LPCSTR", "0x28ff64", "fprintf" ], "Timesptamp": "00000002.981512", "FunctionName": "GetProcAddress", "ModuleName": "kernel32.dll", "Return": "0x761a3e00", "Status": 0 }
{ "Address": "0x41c574", "Opcode": "ff95e0ba4000", "Opcodesize": 6, "Mnemonic": "call dword ptr [ebp + 0x40bae0]", "PID": 2052, "TID": 2056, "Arguments": [ "Arg1", "IN", "HMODULE", "0x28ff60", "0x76190000", "Arg2", "IN", "LPCSTR", "0x28ff64", "fread" ], "Timesptamp": "00000003.001100", "FunctionName": "GetProcAddress", "ModuleName": "kernel32.dll", "Return": "0x761af3c8", "Status": 0 }
{ "Address": "0x41c574", "Opcode": "ff95e0ba4000", "Opcodesize": 6, "Mnemonic": "call dword ptr [ebp + 0x40bae0]", "PID": 2052, "TID": 2056, "Arguments": [ "Arg1", "IN", "HMODULE", "0x28ff60", "0x76190000", "Arg2", "IN", "LPCSTR", "0x28ff64", "free" ], "Timesptamp": "00000003.032742", "FunctionName": "GetProcAddress", "ModuleName": "kernel32.dll", "Return": "0x76199894", "Status": 0 }
{ "Address": "0x41c574", "Opcode": "ff95e0ba4000", "Opcodesize": 6, "Mnemonic": "call dword ptr [ebp + 0x40bae0]", "PID": 2052, "TID": 2056, "Arguments": [ "Arg1", "IN", "HMODULE", "0x28ff60", "0x76190000", "Arg2", "IN", "LPCSTR", "0x28ff64", "fseek" ], "Timesptamp": "00000003.060217", "FunctionName": "GetProcAddress", "ModuleName": "kernel32.dll", "Return": "0x761af606", "Status": 0 }
{ "Address": "0x41c574", "Opcode": "ff95e0ba4000", "Opcodesize": 6, "Mnemonic": "call dword ptr [ebp + 0x40bae0]", "PID": 2052, "TID": 2056, "Arguments": [ "Arg1", "IN", "HMODULE", "0x28ff60", "0x76190000", "Arg2", "IN", "LPCSTR", "0x28ff64", "ftell" ], "Timesptamp": "00000003.083374", "FunctionName": "GetProcAddress", "ModuleName": "kernel32.dll", "Return": "0x761b22ea", "Status": 0 }
{ "Address": "0x41c574", "Opcode": "ff95e0ba4000", "Opcodesize": 6, "Mnemonic": "call dword ptr [ebp + 0x40bae0]", "PID": 2052, "TID": 2056, "Arguments": [ "Arg1", "IN", "HMODULE", "0x28ff60", "0x76190000", "Arg2", "IN", "LPCSTR", "0x28ff64", "fwrite" ], "Timesptamp": "00000003.107927", "FunctionName": "GetProcAddress", "ModuleName": "kernel32.dll", "Return": "0x761a76ac", "Status": 0 }
{ "Address": "0x41c574", "Opcode": "ff95e0ba4000", "Opcodesize": 6, "Mnemonic": "call dword ptr [ebp + 0x40bae0]", "PID": 2052, "TID": 2056, "Arguments": [ "Arg1", "IN", "HMODULE", "0x28ff60", "0x76190000", "Arg2", "IN", "LPCSTR", "0x28ff64", "gmtime" ], "Timesptamp": "00000003.137479", "FunctionName": "GetProcAddress", "ModuleName": "kernel32.dll", "Return": "0x76212929", "Status": 0 }
{ "Address": "0x41c574", "Opcode": "ff95e0ba4000", "Opcodesize": 6, "Mnemonic": "call dword ptr [ebp + 0x40bae0]", "PID": 2052, "TID": 2056, "Arguments": [ "Arg1", "IN", "HMODULE", "0x28ff60", "0x76190000", "Arg2", "IN", "LPCSTR", "0x28ff64", "isalnum" ], "Timesptamp": "00000003.168268", "FunctionName": "GetProcAddress", "ModuleName": "kernel32.dll", "Return": "0x761a0fdc", "Status": 0 }
{ "Address": "0x41c574", "Opcode": "ff95e0ba4000", "Opcodesize": 6, "Mnemonic": "call dword ptr [ebp + 0x40bae0]", "PID": 2052, "TID": 2056, "Arguments": [ "Arg1", "IN", "HMODULE", "0x28ff60", "0x76190000", "Arg2", "IN", "LPCSTR", "0x28ff64", "malloc" ], "Timesptamp": "00000003.188756", "FunctionName": "GetProcAddress", "ModuleName": "kernel32.dll", "Return": "0x76199cee", "Status": 0 }
{ "Address": "0x41c574", "Opcode": "ff95e0ba4000", "Opcodesize": 6, "Mnemonic": "call dword ptr [ebp + 0x40bae0]", "PID": 2052, "TID": 2056, "Arguments": [ "Arg1", "IN", "HMODULE", "0x28ff60", "0x76190000", "Arg2", "IN", "LPCSTR", "0x28ff64", "memcpy" ], "Timesptamp": "00000003.216143", "FunctionName": "GetProcAddress", "ModuleName": "kernel32.dll", "Return": "0x76199910", "Status": 0 }
{ "Address": "0x41c574", "Opcode": "ff95e0ba4000", "Opcodesize": 6, "Mnemonic": "call dword ptr [ebp + 0x40bae0]", "PID": 2052, "TID": 2056, "Arguments": [ "Arg1", "IN", "HMODULE", "0x28ff60", "0x76190000", "Arg2", "IN", "LPCSTR", "0x28ff64", "memmove" ], "Timesptamp": "00000003.246831", "FunctionName": "GetProcAddress", "ModuleName": "kernel32.dll", "Return": "0x76199e5a", "Status": 0 }
{ "Address": "0x41c574", "Opcode": "ff95e0ba4000", "Opcodesize": 6, "Mnemonic": "call dword ptr [ebp + 0x40bae0]", "PID": 2052, "TID": 2056, "Arguments": [ "Arg1", "IN", "HMODULE", "0x28ff60", "0x76190000", "Arg2", "IN", "LPCSTR", "0x28ff64", "memset" ], "Timesptamp": "00000003.277572", "FunctionName": "GetProcAddress", "ModuleName": "kernel32.dll", "Return": "0x76199790", "Status": 0 }
{ "Address": "0x41c574", "Opcode": "ff95e0ba4000", "Opcodesize": 6, "Mnemonic": "call dword ptr [ebp + 0x40bae0]", "PID": 2052, "TID": 2056, "Arguments": [ "Arg1", "IN", "HMODULE", "0x28ff60", "0x76190000", "Arg2", "IN", "LPCSTR", "0x28ff64", "perror" ], "Timesptamp": "00000003.308442", "FunctionName": "GetProcAddress", "ModuleName": "kernel32.dll", "Return": "0x761f9239", "Status": 0 }
{ "Address": "0x41c574", "Opcode": "ff95e0ba4000", "Opcodesize": 6, "Mnemonic": "call dword ptr [ebp + 0x40bae0]", "PID": 2052, "TID": 2056, "Arguments": [ "Arg1", "IN", "HMODULE", "0x28ff60", "0x76190000", "Arg2", "IN", "LPCSTR", "0x28ff64", "printf" ], "Timesptamp": "00000003.339750", "FunctionName": "GetProcAddress", "ModuleName": "kernel32.dll", "Return": "0x761ac5b9", "Status": 0 }
{ "Address": "0x41c574", "Opcode": "ff95e0ba4000", "Opcodesize": 6, "Mnemonic": "call dword ptr [ebp + 0x40bae0]", "PID": 2052, "TID": 2056, "Arguments": [ "Arg1", "IN", "HMODULE", "0x28ff60", "0x76190000", "Arg2", "IN", "LPCSTR", "0x28ff64", "puts" ], "Timesptamp": "00000003.370762", "FunctionName": "GetProcAddress", "ModuleName": "kernel32.dll", "Return": "0x76208d04", "Status": 0 }
{ "Address": "0x41c574", "Opcode": "ff95e0ba4000", "Opcodesize": 6, "Mnemonic": "call dword ptr [ebp + 0x40bae0]", "PID": 2052, "TID": 2056, "Arguments": [ "Arg1", "IN", "HMODULE", "0x28ff60", "0x76190000", "Arg2", "IN", "LPCSTR", "0x28ff64", "remove" ], "Timesptamp": "00000003.401888", "FunctionName": "GetProcAddress", "ModuleName": "kernel32.dll", "Return": "0x761aa4f1", "Status": 0 }
{ "Address": "0x41c574", "Opcode": "ff95e0ba4000", "Opcodesize": 6, "Mnemonic": "call dword ptr [ebp + 0x40bae0]", "PID": 2052, "TID": 2056, "Arguments": [ "Arg1", "IN", "HMODULE", "0x28ff60", "0x76190000", "Arg2", "IN", "LPCSTR", "0x28ff64", "signal" ], "Timesptamp": "00000003.434199", "FunctionName": "GetProcAddress", "ModuleName": "kernel32.dll", "Return": "0x761b823c", "Status": 0 }
{ "Address": "0x41c574", "Opcode": "ff95e0ba4000", "Opcodesize": 6, "Mnemonic": "call dword ptr [ebp + 0x40bae0]", "PID": 2052, "TID": 2056, "Arguments": [ "Arg1", "IN", "HMODULE", "0x28ff60", "0x76190000", "Arg2", "IN", "LPCSTR", "0x28ff64", "sprintf" ], "Timesptamp": "00000003.464087", "FunctionName": "GetProcAddress", "ModuleName": "kernel32.dll", "Return": "0x761ad354", "Status": 0 }
{ "Address": "0x41c574", "Opcode": "ff95e0ba4000", "Opcodesize": 6, "Mnemonic": "call dword ptr [ebp + 0x40bae0]", "PID": 2052, "TID": 2056, "Arguments": [ "Arg1", "IN", "HMODULE", "0x28ff60", "0x76190000", "Arg2", "IN", "LPCSTR", "0x28ff64", "strcat" ], "Timesptamp": "00000003.490835", "FunctionName": "GetProcAddress", "ModuleName": "kernel32.dll", "Return": "0x761a8d75", "Status": 0 }
{ "Address": "0x41c574", "Opcode": "ff95e0ba4000", "Opcodesize": 6, "Mnemonic": "call dword ptr [ebp + 0x40bae0]", "PID": 2052, "TID": 2056, "Arguments": [ "Arg1", "IN", "HMODULE", "0x28ff60", "0x76190000", "Arg2", "IN", "LPCSTR", "0x28ff64", "strcpy" ], "Timesptamp": "00000003.514130", "FunctionName": "GetProcAddress", "ModuleName": "kernel32.dll", "Return": "0x761a8d6e", "Status": 0 }
{ "Address": "0x41c574", "Opcode": "ff95e0ba4000", "Opcodesize": 6, "Mnemonic": "call dword ptr [ebp + 0x40bae0]", "PID": 2052, "TID": 2056, "Arguments": [ "Arg1", "IN", "HMODULE", "0x28ff60", "0x76190000", "Arg2", "IN", "LPCSTR", "0x28ff64", "strlen" ], "Timesptamp": "00000003.542337", "FunctionName": "GetProcAddress", "ModuleName": "kernel32.dll", "Return": "0x761a43d3", "Status": 0 }
{ "Address": "0x41c574", "Opcode": "ff95e0ba4000", "Opcodesize": 6, "Mnemonic": "call dword ptr [ebp + 0x40bae0]", "PID": 2052, "TID": 2056, "Arguments": [ "Arg1", "IN", "HMODULE", "0x28ff60", "0x76190000", "Arg2", "IN", "LPCSTR", "0x28ff64", "strrchr" ], "Timesptamp": "00000003.562912", "FunctionName": "GetProcAddress", "ModuleName": "kernel32.dll", "Return": "0x7619dbae", "Status": 0 }
{ "Address": "0x41c574", "Opcode": "ff95e0ba4000", "Opcodesize": 6, "Mnemonic": "call dword ptr [ebp + 0x40bae0]", "PID": 2052, "TID": 2056, "Arguments": [ "Arg1", "IN", "HMODULE", "0x28ff60", "0x76190000", "Arg2", "IN", "LPCSTR", "0x28ff64", "time" ], "Timesptamp": "00000003.589864", "FunctionName": "GetProcAddress", "ModuleName": "kernel32.dll", "Return": "0x7619f708", "Status": 0 }
{ "Address": "0x41c574", "Opcode": "ff95e0ba4000", "Opcodesize": 6, "Mnemonic": "call dword ptr [ebp + 0x40bae0]", "PID": 2052, "TID": 2056, "Arguments": [ "Arg1", "IN", "HMODULE", "0x28ff60", "0x76190000", "Arg2", "IN", "LPCSTR", "0x28ff64", "toupper" ], "Timesptamp": "00000003.613172", "FunctionName": "GetProcAddress", "ModuleName": "kernel32.dll", "Return": "0x7619f7fa", "Status": 0 }
{ "Address": "0x41c574", "Opcode": "ff95e0ba4000", "Opcodesize": 6, "Mnemonic": "call dword ptr [ebp + 0x40bae0]", "PID": 2052, "TID": 2056, "Arguments": [ "Arg1", "IN", "HMODULE", "0x28ff60", "0x76190000", "Arg2", "IN", "LPCSTR", "0x28ff64", "vfprintf" ], "Timesptamp": "00000003.639608", "FunctionName": "GetProcAddress", "ModuleName": "kernel32.dll", "Return": "0x76207408", "Status": 0 }
{ "Address": "0x41c241", "Opcode": "ff95d0d24000", "Opcodesize": 6, "Mnemonic": "call dword ptr [ebp + 0x40d2d0]", "PID": 2052, "TID": 2056, "Arguments": [ "Arg1", "IN", "LPCTSTR", "0x28ff68", "USER32.dll" ], "Timesptamp": "00000003.668252", "FunctionName": "GetModuleHandleA", "ModuleName": "kernel32.dll", "Return": "0x74d30000", "Status": 0 }
{ "Address": "0x41c416", "Opcode": "ff95ecba4000", "Opcodesize": 6, "Mnemonic": "call dword ptr [ebp + 0x40baec]", "PID": 2052, "TID": 2056, "Arguments": [ "Arg1", "IN", "LPVOID", "0x28ff3c", "0x0", "Arg2", "IN", "SIZE_T", "0x28ff40", "0x62", "Arg3", "IN", "DWORD", "0x28ff44", "0x1000", "Arg4", "IN", "DWORD", "0x28ff48", "0x4" ], "Timesptamp": "00000003.697962", "FunctionName": "VirtualAlloc", "ModuleName": "kernel32.dll", "Return": "0x380000", "Status": 0 }
{ "Address": "0x41c574", "Opcode": "ff95e0ba4000", "Opcodesize": 6, "Mnemonic": "call dword ptr [ebp + 0x40bae0]", "PID": 2052, "TID": 2056, "Arguments": [ "Arg1", "IN", "HMODULE", "0x28ff60", "0x74d30000", "Arg2", "IN", "LPCSTR", "0x28ff64", "CharToOemA" ], "Timesptamp": "00000003.728964", "FunctionName": "GetProcAddress", "ModuleName": "kernel32.dll", "Return": "0x74d54fee", "Status": 0 }
{ "Address": "0x41c574", "Opcode": "ff95e0ba4000", "Opcodesize": 6, "Mnemonic": "call dword ptr [ebp + 0x40bae0]", "PID": 2052, "TID": 2056, "Arguments": [ "Arg1", "IN", "HMODULE", "0x28ff60", "0x74d30000", "Arg2", "IN", "LPCSTR", "0x28ff64", "OemToCharA" ], "Timesptamp": "00000003.760060", "FunctionName": "GetProcAddress", "ModuleName": "kernel32.dll", "Return": "0x74da199f", "Status": 0 }
{ "Address": "0x41c68e", "Opcode": "ff95f8ba4000", "Opcodesize": 6, "Mnemonic": "call dword ptr [ebp + 0x40baf8]", "PID": 2052, "TID": 2056, "Arguments": [ ], "Timesptamp": "00000003.780449", "FunctionName": "GetCurrentProcessId", "ModuleName": "kernel32.dll", "Return": "0x804", "Status": 0 }
{ "Address": "0x41c69e", "Opcode": "ff95fcba4000", "Opcodesize": 6, "Mnemonic": "call dword ptr [ebp + 0x40bafc]", "PID": 2052, "TID": 2056, "Arguments": [ "Arg1", "IN", "DWORD", "0x28ff60", "0x1f0fff", "Arg2", "IN", "BOOL", "0x28ff64", "FALSE", "Arg3", "IN", "DWORD", "0x28ff68", "0x804" ], "Timesptamp": "00000003.808736", "FunctionName": "OpenProcess", "ModuleName": "kernel32.dll", "Return": "0x64", "Status": 0 }
{ "Address": "0x41c6b9", "Opcode": "ff9500bb4000", "Opcodesize": 6, "Mnemonic": "call dword ptr [ebp + 0x40bb00]", "PID": 2052, "TID": 2056, "Arguments": [ "Arg1", "IN", "HANDLE", "0x28ff54", "0x74da199f", "Arg2", "IN", "LPVOID", "0x28ff58", "0x400000", "Arg3", "IN", "SIZE_T", "0x28ff5c", "0x1000", "Arg4", "IN", "DWORD", "0x28ff60", "0x4", "Arg5", "OUT", "PDWORD", "0x28ff64", "0x28ff68" ], "Timesptamp": "00000003.834222", "FunctionName": "VirtualProtectEx", "ModuleName": "kernel32.dll", "Return": "FALSE", "Output1": [ "0x28ff68", "0x0" ], "Status": 0 }
{ "Address": "0x401053", "Opcode": "e810750000", "Opcodesize": 5, "Mnemonic": "call 0x408568", "PID": 2052, "TID": 2056, "Arguments": [ "Arg1", "IN", "DWORD", "0x28ff30", "0x401180" ], "Timesptamp": "00000003.996869", "FunctionName": "SetUnhandledExceptionFilter", "ModuleName": "kernel32.dll", "Return": "0x0", "Status": 0 }
{ "Address": "0x401092", "Opcode": "e891730000", "Opcodesize": 5, "Mnemonic": "call 0x408428", "PID": 2052, "TID": 2056, "Functionname": "__getmainargs", "Dllname": "msvcrt.dll", "Status": 1 }
{ "Address": "0x4010a0", "Opcode": "e88b730000", "Opcodesize": 5, "Mnemonic": "call 0x408430", "PID": 2052, "TID": 2056, "Arguments": [ ], "Timesptamp": "00000004.060257", "FunctionName": "__p__fmode", "ModuleName": "msvcrt.dll", "Return": "0x762331f4", "Status": 0 }
{ "Address": "0x4012fd", "Opcode": "e876720000", "Opcodesize": 5, "Mnemonic": "call 0x408578", "PID": 2052, "TID": 2056, "Arguments": [ "Arg1", "IN", "LPCTSTR", "0x28fed0", "libgcc_s_dw2-1.dll" ], "Timesptamp": "00000004.088409", "FunctionName": "GetModuleHandleA", "ModuleName": "kernel32.dll", "Return": "0x0", "Status": 0 }
{ "Address": "0x408602", "Opcode": "e8f989ffff", "Opcodesize": 5, "Mnemonic": "call 0x401000", "PID": 2052, "TID": 2056, "Functionname": "atexit", "Dllname": "msvcrt.dll", "Status": 1 }
{ "Address": "0x407fe1", "Opcode": "e81a90ffff", "Opcodesize": 5, "Mnemonic": "call 0x401000", "PID": 2052, "TID": 2056, "Functionname": "atexit", "Dllname": "msvcrt.dll", "Status": 1 }
{ "Address": "0x4010ba", "Opcode": "e879730000", "Opcodesize": 5, "Mnemonic": "call 0x408438", "PID": 2052, "TID": 2056, "Functionname": "__p__environ", "Dllname": "msvcrt.dll", "Status": 1 }
{ "Address": "0x402ae1", "Opcode": "e8b25a0000", "Opcodesize": 5, "Mnemonic": "call 0x408598", "PID": 2052, "TID": 2056, "Arguments": [ "Arg1", "OUT", "LARGE_INTEGER*", "0x28fe70", "0x417048" ], "Timesptamp": "00000004.187839", "FunctionName": "QueryPerformanceFrequency", "ModuleName": "kernel32.dll", "Return": "TRUE", "Output1": { "field1": [ "0x417048", "0x3b9aca0" ], "field2": [ "0x41704c", "0x0" ], "field3": [ "0x417050", "0x0" ] }, "Status": 0 }
{ "Address": "0x402af0", "Opcode": "e8935a0000", "Opcodesize": 5, "Mnemonic": "call 0x408588", "PID": 2052, "TID": 2056, "Arguments": [ "Arg1", "OUT", "LARGE_INTEGER*", "0x28fe70", "0x417168" ], "Timesptamp": "00000004.214321", "FunctionName": "QueryPerformanceCounter", "ModuleName": "kernel32.dll", "Return": "TRUE", "Output1": { "field1": [ "0x417168", "0x33062a3" ], "field2": [ "0x41716c", "0x6" ], "field3": [ "0x417170", "0x0" ] }, "Status": 0 }
{ "Address": "0x402b0f", "Opcode": "e85c590000", "Opcodesize": 5, "Mnemonic": "call 0x408470", "PID": 2052, "TID": 2056, "Arguments": [ "Arg1", "IN", "CHAR*", "0x28fe70", "mode2cdmaker version %s (%s)\n\n" ], "Timesptamp": "00000004.244221", "FunctionName": "printf", "ModuleName": "msvcrt.dll", "Return": "0x29", "Status": 0 }
{ "Address": "0x4029cd", "Opcode": "e8f65a0000", "Opcodesize": 5, "Mnemonic": "call 0x4084c8", "PID": 2052, "TID": 2056, "Arguments": [ "Arg1", "IN", "CHAR*", "0x28fe50", "usage:" ], "Timesptamp": "00000004.276471", "FunctionName": "puts", "ModuleName": "msvcrt.dll", "Return": "0x0", "Status": 0 }
{ "Address": "0x4029d9", "Opcode": "e8ea5a0000", "Opcodesize": 5, "Mnemonic": "call 0x4084c8", "PID": 2052, "TID": 2056, "Arguments": [ "Arg1", "IN", "CHAR*", "0x28fe50", "mode2cdmaker -m \"movie1.avi\" -d dirname -f \"readme.txt\" -v MODE2CD -e DAT\n" ], "Timesptamp": "00000004.306851", "FunctionName": "puts", "ModuleName": "msvcrt.dll", "Return": "0x0", "Status": 0 }
{ "Address": "0x4029e5", "Opcode": "e8de5a0000", "Opcodesize": 5, "Mnemonic": "call 0x4084c8", "PID": 2052, "TID": 2056, "Arguments": [ "Arg1", "IN", "CHAR*", "0x28fe50", "-h, -help    this help" ], "Timesptamp": "00000004.337616", "FunctionName": "puts", "ModuleName": "msvcrt.dll", "Return": "0x0", "Status": 0 }
{ "Address": "0x4029f1", "Opcode": "e8d25a0000", "Opcodesize": 5, "Mnemonic": "call 0x4084c8", "PID": 2052, "TID": 2056, "Arguments": [ "Arg1", "IN", "CHAR*", "0x28fe50", "-v, -volume  volume name (default: MODE2CD)" ], "Timesptamp": "00000004.369067", "FunctionName": "puts", "ModuleName": "msvcrt.dll", "Return": "0x0", "Status": 0 }
{ "Address": "0x4029fd", "Opcode": "e8c65a0000", "Opcodesize": 5, "Mnemonic": "call 0x4084c8", "PID": 2052, "TID": 2056, "Arguments": [ "Arg1", "IN", "CHAR*", "0x28fe50", "-o, -output  output image base name (*.bin, *.toc, *.cue) (default: image)" ], "Timesptamp": "00000004.391168", "FunctionName": "puts", "ModuleName": "msvcrt.dll", "Return": "0x0", "Status": 0 }
{ "Address": "0x402a09", "Opcode": "e8ba5a0000", "Opcodesize": 5, "Mnemonic": "call 0x4084c8", "PID": 2052, "TID": 2056, "Arguments": [ "Arg1", "IN", "CHAR*", "0x28fe50", "-f, -file    add Form1 files" ], "Timesptamp": "00000004.417793", "FunctionName": "puts", "ModuleName": "msvcrt.dll", "Return": "0x0", "Status": 0 }
{ "Address": "0x402a15", "Opcode": "e8ae5a0000", "Opcodesize": 5, "Mnemonic": "call 0x4084c8", "PID": 2052, "TID": 2056, "Arguments": [ "Arg1", "IN", "CHAR*", "0x28fe50", "-m, -movie   add movie (Form2) files (by default)" ], "Timesptamp": "00000004.447339", "FunctionName": "puts", "ModuleName": "msvcrt.dll", "Return": "0x0", "Status": 0 }
{ "Address": "0x402a21", "Opcode": "e8a25a0000", "Opcodesize": 5, "Mnemonic": "call 0x4084c8", "PID": 2052, "TID": 2056, "Arguments": [ "Arg1", "IN", "CHAR*", "0x28fe50", "-d, -dir     add subdirectory" ], "Timesptamp": "00000004.478936", "FunctionName": "puts", "ModuleName": "msvcrt.dll", "Return": "0x0", "Status": 0 }
{ "Address": "0x402a2d", "Opcode": "e8965a0000", "Opcodesize": 5, "Mnemonic": "call 0x4084c8", "PID": 2052, "TID": 2056, "Arguments": [ "Arg1", "IN", "CHAR*", "0x28fe50", "-e, -ext     set default extension for Form2 files (default: DAT)" ], "Timesptamp": "00000004.504909", "FunctionName": "puts", "ModuleName": "msvcrt.dll", "Return": "0x0", "Status": 0 }
{ "Address": "0x402a39", "Opcode": "e88a5a0000", "Opcodesize": 5, "Mnemonic": "call 0x4084c8", "PID": 2052, "TID": 2056, "Arguments": [ "Arg1", "IN", "CHAR*", "0x28fe50", "-c, -dos     assume DOS charset for input file names" ], "Timesptamp": "00000004.536977", "FunctionName": "puts", "ModuleName": "msvcrt.dll", "Return": "0x0", "Status": 0 }
{ "Address": "0x402a45", "Opcode": "e87e5a0000", "Opcodesize": 5, "Mnemonic": "call 0x4084c8", "PID": 2052, "TID": 2056, "Arguments": [ "Arg1", "IN", "CHAR*", "0x28fe50", "-x, -extname keep original Form2 file extension" ], "Timesptamp": "00000004.569304", "FunctionName": "puts", "ModuleName": "msvcrt.dll", "Return": "0x0", "Status": 0 }
{ "Address": "0x402a51", "Opcode": "e8725a0000", "Opcodesize": 5, "Mnemonic": "call 0x4084c8", "PID": 2052, "TID": 2056, "Arguments": [ "Arg1", "IN", "CHAR*", "0x28fe50", "-s, -single  create a single track image" ], "Timesptamp": "00000004.601979", "FunctionName": "puts", "ModuleName": "msvcrt.dll", "Return": "0x0", "Status": 0 }
{ "Address": "0x402a5d", "Opcode": "e8665a0000", "Opcodesize": 5, "Mnemonic": "call 0x4084c8", "PID": 2052, "TID": 2056, "Arguments": [ "Arg1", "IN", "CHAR*", "0x28fe50", "-ccd         output CloneCD image (*.img, *.sub, *.ccd)" ], "Timesptamp": "00000004.627649", "FunctionName": "puts", "ModuleName": "msvcrt.dll", "Return": "0x0", "Status": 0 }
{ "Address": "0x402a69", "Opcode": "e85a5a0000", "Opcodesize": 5, "Mnemonic": "call 0x4084c8", "PID": 2052, "TID": 2056, "Arguments": [ "Arg1", "IN", "CHAR*", "0x28fe50", "-raw         output RAW-96 image (*.img)" ], "Timesptamp": "00000004.652564", "FunctionName": "puts", "ModuleName": "msvcrt.dll", "Return": "0x0", "Status": 0 }
{ "Address": "0x402a75", "Opcode": "e84e5a0000", "Opcodesize": 5, "Mnemonic": "call 0x4084c8", "PID": 2052, "TID": 2056, "Arguments": [ "Arg1", "IN", "CHAR*", "0x28fe50", "-list        use filelist for input Form1 files" ], "Timesptamp": "00000004.681897", "FunctionName": "puts", "ModuleName": "msvcrt.dll", "Return": "0x0", "Status": 0 }
{ "Address": "0x402a81", "Opcode": "e8425a0000", "Opcodesize": 5, "Mnemonic": "call 0x4084c8", "PID": 2052, "TID": 2056, "Arguments": [ "Arg1", "IN", "CHAR*", "0x28fe50", "-paramfile   use parameter file for input" ], "Timesptamp": "00000004.712160", "FunctionName": "puts", "ModuleName": "msvcrt.dll", "Return": "0x0", "Status": 0 }
{ "Address": "0x402a8d", "Opcode": "e8365a0000", "Opcodesize": 5, "Mnemonic": "call 0x4084c8", "PID": 2052, "TID": 2056, "Arguments": [ "Arg1", "IN", "CHAR*", "0x28fe50", "-isolevel1   force ISO 9660 Level 1 for file names" ], "Timesptamp": "00000004.743463", "FunctionName": "puts", "ModuleName": "msvcrt.dll", "Return": "0x0", "Status": 0 }
{ "Address": "0x402a99", "Opcode": "e82a5a0000", "Opcodesize": 5, "Mnemonic": "call 0x4084c8", "PID": 2052, "TID": 2056, "Arguments": [ "Arg1", "IN", "CHAR*", "0x28fe50", "-isolevel2   force ISO 9660 Level 2 for file names" ], "Timesptamp": "00000004.774562", "FunctionName": "puts", "ModuleName": "msvcrt.dll", "Return": "0x0", "Status": 0 }
{ "Address": "0x402b42", "Opcode": "e821590000", "Opcodesize": 5, "Mnemonic": "call 0x408468", "PID": 2052, "TID": 2056, "Arguments": [ "Arg1", "IN", "INT", "0x28fe70", "0x1" ], "Timesptamp": "00000004.805895", "FunctionName": "exit", "ModuleName": "msvcrt.dll" }
