{ "Address": "0x401026", "Opcode": "e8357f0000", "Opcodesize": 5, "Mnemonic": "call 0x408f60", "PID": 544, "TID": 1712, "Arguments": [ "Arg1", "IN", "DWORD", "0x240ff80", "0x0" ], "Timesptamp": "00000000.167380", "FunctionName": "SetUnhandledExceptionFilter", "ModuleName": "kernel32.dll", "Return": "0x0", "Status": 0 }
{ "Address": "0x40102b", "Opcode": "e8d87d0000", "Opcodesize": 5, "Mnemonic": "call 0x408e08", "PID": 544, "TID": 1712, "Functionname": "_fpreset", "Dllname": "crtdll.dll", "Status": 1 }
{ "Address": "0x401018", "Opcode": "e8e37d0000", "Opcodesize": 5, "Mnemonic": "call 0x408e00", "PID": 544, "TID": 1712, "Functionname": "__GetMainArgs", "Dllname": "crtdll.dll", "Status": 1 }
{ "Address": "0x408d31", "Opcode": "e80a020000", "Opcodesize": 5, "Mnemonic": "call 0x408f40", "PID": 544, "TID": 1712, "Functionname": "atexit", "Dllname": "crtdll.dll", "Status": 1 }
{ "Address": "0x401a2b", "Opcode": "e830740000", "Opcodesize": 5, "Mnemonic": "call 0x408e60", "PID": 544, "TID": 1712, "Functionname": "setlocale", "Dllname": "crtdll.dll", "Status": 1 }
{ "Address": "0x4078c4", "Opcode": "e817160000", "Opcodesize": 5, "Mnemonic": "call 0x408ee0", "PID": 544, "TID": 1712, "Arguments": [ "Arg1", "IN", "SIZE_T", "0x240ff20", "0xc" ], "Timesptamp": "00000000.254886", "FunctionName": "malloc", "ModuleName": "crtdll.dll", "Return": "0x2541258", "Status": 0 }
{ "Address": "0x4078e0", "Opcode": "e80b160000", "Opcodesize": 5, "Mnemonic": "call 0x408ef0", "PID": 544, "TID": 1712, "Arguments": [ "Arg1", "IN", "CHAR*", "0x240ff20", "fileutils" ], "Timesptamp": "00000000.260306", "FunctionName": "strlen", "ModuleName": "crtdll.dll", "Return": "0x9", "Status": 0 }
{ "Address": "0x4078f4", "Opcode": "e8e7150000", "Opcodesize": 5, "Mnemonic": "call 0x408ee0", "PID": 544, "TID": 1712, "Arguments": [ "Arg1", "IN", "SIZE_T", "0x240ff20", "0xa" ], "Timesptamp": "00000000.265703", "FunctionName": "malloc", "ModuleName": "crtdll.dll", "Return": "0x2541270", "Status": 0 }
{ "Address": "0x407934", "Opcode": "e82f150000", "Opcodesize": 5, "Mnemonic": "call 0x408e68", "PID": 544, "TID": 1712, "Arguments": [ "Arg1", "IN", "CHAR*", "0x240ff1c", "\/usr\/local\/share\/locale", "Arg2", "IN", "CHAR*", "0x240ff20", "NULL" ], "Timesptamp": "00000000.271283", "FunctionName": "strcmp", "ModuleName": "crtdll.dll", "Return": "0x0", "Status": 0 }
{ "Address": "0x407aab", "Opcode": "e8b8130000", "Opcodesize": 5, "Mnemonic": "call 0x408e68", "PID": 544, "TID": 1712, "Arguments": [ "Arg1", "IN", "CHAR*", "0x240ff28", "fileutils", "Arg2", "IN", "CHAR*", "0x240ff2c", "messages" ], "Timesptamp": "00000000.284867", "FunctionName": "strcmp", "ModuleName": "crtdll.dll", "Return": "0xffffffff", "Status": 0 }
{ "Address": "0x407acc", "Opcode": "e81f140000", "Opcodesize": 5, "Mnemonic": "call 0x408ef0", "PID": 544, "TID": 1712, "Arguments": [ "Arg1", "IN", "CHAR*", "0x240ff2c", "fileutils" ], "Timesptamp": "00000000.290318", "FunctionName": "strlen", "ModuleName": "crtdll.dll", "Return": "0x9", "Status": 0 }
{ "Address": "0x407ae0", "Opcode": "e8fb130000", "Opcodesize": 5, "Mnemonic": "call 0x408ee0", "PID": 544, "TID": 1712, "Arguments": [ "Arg1", "IN", "SIZE_T", "0x240ff2c", "0xa" ], "Timesptamp": "00000000.294885", "FunctionName": "malloc", "ModuleName": "crtdll.dll", "Return": "0x2541288", "Status": 0 }
{ "Address": "0x402378", "Opcode": "e81b6b0000", "Opcodesize": 5, "Mnemonic": "call 0x408e98", "PID": 544, "TID": 1712, "Functionname": "getenv", "Dllname": "crtdll.dll", "Status": 1 }
{ "Address": "0x40658b", "Opcode": "e8a8280000", "Opcodesize": 5, "Mnemonic": "call 0x408e38", "PID": 544, "TID": 1712, "Functionname": "_errno", "Dllname": "crtdll.dll", "Status": 1 }
{ "Address": "0x4065eb", "Opcode": "e878280000", "Opcodesize": 5, "Mnemonic": "call 0x408e68", "PID": 544, "TID": 1712, "Arguments": [ "Arg1", "IN", "CHAR*", "0x240ff00", "fileutils", "Arg2", "IN", "CHAR*", "0x240ff04", "fileutils" ], "Timesptamp": "00000000.310270", "FunctionName": "strcmp", "ModuleName": "crtdll.dll", "Return": "0x0", "Status": 0 }
{ "Address": "0x407303", "Opcode": "e8901b0000", "Opcodesize": 5, "Mnemonic": "call 0x408e98", "PID": 544, "TID": 1712, "Functionname": "getenv", "Dllname": "crtdll.dll", "Status": 1 }
{ "Address": "0x407329", "Opcode": "e86a1b0000", "Opcodesize": 5, "Mnemonic": "call 0x408e98", "PID": 544, "TID": 1712, "Functionname": "getenv", "Dllname": "crtdll.dll", "Status": 1 }
{ "Address": "0x40734e", "Opcode": "e8451b0000", "Opcodesize": 5, "Mnemonic": "call 0x408e98", "PID": 544, "TID": 1712, "Functionname": "getenv", "Dllname": "crtdll.dll", "Status": 1 }
{ "Address": "0x407373", "Opcode": "e8201b0000", "Opcodesize": 5, "Mnemonic": "call 0x408e98", "PID": 544, "TID": 1712, "Functionname": "getenv", "Dllname": "crtdll.dll", "Status": 1 }
{ "Address": "0x40681a", "Opcode": "e8d1260000", "Opcodesize": 5, "Mnemonic": "call 0x408ef0", "PID": 544, "TID": 1712, "Arguments": [ "Arg1", "IN", "CHAR*", "0x240ff04", "LC_MESSAGES" ], "Timesptamp": "00000000.348767", "FunctionName": "strlen", "ModuleName": "crtdll.dll", "Return": "0xb", "Status": 0 }
{ "Address": "0x40682e", "Opcode": "e8bd260000", "Opcodesize": 5, "Mnemonic": "call 0x408ef0", "PID": 544, "TID": 1712, "Arguments": [ "Arg1", "IN", "CHAR*", "0x240ff04", "fileutils" ], "Timesptamp": "00000000.353936", "FunctionName": "strlen", "ModuleName": "crtdll.dll", "Return": "0x9", "Status": 0 }
{ "Address": "0x4068d8", "Opcode": "e813260000", "Opcodesize": 5, "Mnemonic": "call 0x408ef0", "PID": 544, "TID": 1712, "Arguments": [ "Arg1", "IN", "CHAR*", "0x240fee8", "C" ], "Timesptamp": "00000000.359632", "FunctionName": "strlen", "ModuleName": "crtdll.dll", "Return": "0x1", "Status": 0 }
{ "Address": "0x4069c7", "Opcode": "e89c240000", "Opcodesize": 5, "Mnemonic": "call 0x408e68", "PID": 544, "TID": 1712, "Arguments": [ "Arg1", "IN", "CHAR*", "0x240fee0", "C", "Arg2", "IN", "CHAR*", "0x240fee4", "C" ], "Timesptamp": "00000000.365241", "FunctionName": "strcmp", "ModuleName": "crtdll.dll", "Return": "0x0", "Status": 0 }
{ "Address": "0x4069fa", "Opcode": "e839240000", "Opcodesize": 5, "Mnemonic": "call 0x408e38", "PID": 544, "TID": 1712, "Functionname": "_errno", "Dllname": "crtdll.dll", "Status": 1 }
{ "Address": "0x402035", "Opcode": "e83e6e0000", "Opcodesize": 5, "Mnemonic": "call 0x408e78", "PID": 544, "TID": 1712, "Arguments": [ "Arg1", "OUT", "FILE*", "0x240ff34", "0x6c25e790" ], "Timesptamp": "00000000.381969", "FunctionName": "fflush", "ModuleName": "crtdll.dll", "Return": "0x0", "Output1": [ "0x6c25e790", "0x0" ], "Status": 0 }
{ "Address": "0x40204e", "Opcode": "e8ed6d0000", "Opcodesize": 5, "Mnemonic": "call 0x408e40", "PID": 544, "TID": 1712, "Arguments": [ "Arg1", "OUT", "FILE*", "0x240ff28", "0x6c25e7b0", "Arg2", "IN", "CHAR*", "0x240ff2c", "%s: " ], "Timesptamp": "00000000.387936", "FunctionName": "fprintf", "ModuleName": "crtdll.dll", "Return": "0x1b", "Output1": [ "0x6c25e7b0", "0x0" ], "Status": 0 }
{ "Address": "0x402066", "Opcode": "e8156e0000", "Opcodesize": 5, "Mnemonic": "call 0x408e80", "PID": 544, "TID": 1712, "Arguments": [ "Arg1", "IN", "FILE*", "0x240ff2c", "0x6c25e7b0", "Arg2", "IN", "CHAR*", "0x240ff30", "file arguments missing", "Arg3", "IN", "DWORD", "0x240ff34", "0x240ff54" ], "Timesptamp": "00000000.397029", "FunctionName": "vfprintf", "ModuleName": "crtdll.dll", "Return": "0x16", "Status": 0 }
{ "Address": "0x4020a0", "Opcode": "e8eb6d0000", "Opcodesize": 5, "Mnemonic": "call 0x408e90", "PID": 544, "TID": 1712, "Functionname": "putc", "Dllname": "crtdll.dll", "Status": 1 }
{ "Address": "0x4020ae", "Opcode": "e8c56d0000", "Opcodesize": 5, "Mnemonic": "call 0x408e78", "PID": 544, "TID": 1712, "Arguments": [ "Arg1", "OUT", "FILE*", "0x240ff2c", "0x6c25e7b0" ], "Timesptamp": "00000000.411150", "FunctionName": "fflush", "ModuleName": "crtdll.dll", "Return": "0x0", "Output1": [ "0x6c25e7b0", "0x0" ], "Status": 0 }
{ "Address": "0x40658b", "Opcode": "e8a8280000", "Opcodesize": 5, "Mnemonic": "call 0x408e38", "PID": 544, "TID": 1712, "Functionname": "_errno", "Dllname": "crtdll.dll", "Status": 1 }
{ "Address": "0x4065eb", "Opcode": "e878280000", "Opcodesize": 5, "Mnemonic": "call 0x408e68", "PID": 544, "TID": 1712, "Arguments": [ "Arg1", "IN", "CHAR*", "0x240fee0", "fileutils", "Arg2", "IN", "CHAR*", "0x240fee4", "fileutils" ], "Timesptamp": "00000000.421958", "FunctionName": "strcmp", "ModuleName": "crtdll.dll", "Return": "0x0", "Status": 0 }
{ "Address": "0x407303", "Opcode": "e8901b0000", "Opcodesize": 5, "Mnemonic": "call 0x408e98", "PID": 544, "TID": 1712, "Functionname": "getenv", "Dllname": "crtdll.dll", "Status": 1 }
{ "Address": "0x407329", "Opcode": "e86a1b0000", "Opcodesize": 5, "Mnemonic": "call 0x408e98", "PID": 544, "TID": 1712, "Functionname": "getenv", "Dllname": "crtdll.dll", "Status": 1 }
{ "Address": "0x40734e", "Opcode": "e8451b0000", "Opcodesize": 5, "Mnemonic": "call 0x408e98", "PID": 544, "TID": 1712, "Functionname": "getenv", "Dllname": "crtdll.dll", "Status": 1 }
{ "Address": "0x407373", "Opcode": "e8201b0000", "Opcodesize": 5, "Mnemonic": "call 0x408e98", "PID": 544, "TID": 1712, "Functionname": "getenv", "Dllname": "crtdll.dll", "Status": 1 }
{ "Address": "0x40681a", "Opcode": "e8d1260000", "Opcodesize": 5, "Mnemonic": "call 0x408ef0", "PID": 544, "TID": 1712, "Arguments": [ "Arg1", "IN", "CHAR*", "0x240fee4", "LC_MESSAGES" ], "Timesptamp": "00000000.448414", "FunctionName": "strlen", "ModuleName": "crtdll.dll", "Return": "0xb", "Status": 0 }
{ "Address": "0x40682e", "Opcode": "e8bd260000", "Opcodesize": 5, "Mnemonic": "call 0x408ef0", "PID": 544, "TID": 1712, "Arguments": [ "Arg1", "IN", "CHAR*", "0x240fee4", "fileutils" ], "Timesptamp": "00000000.454052", "FunctionName": "strlen", "ModuleName": "crtdll.dll", "Return": "0x9", "Status": 0 }
{ "Address": "0x4068d8", "Opcode": "e813260000", "Opcodesize": 5, "Mnemonic": "call 0x408ef0", "PID": 544, "TID": 1712, "Arguments": [ "Arg1", "IN", "CHAR*", "0x240fec8", "C" ], "Timesptamp": "00000000.459707", "FunctionName": "strlen", "ModuleName": "crtdll.dll", "Return": "0x1", "Status": 0 }
{ "Address": "0x4069c7", "Opcode": "e89c240000", "Opcodesize": 5, "Mnemonic": "call 0x408e68", "PID": 544, "TID": 1712, "Arguments": [ "Arg1", "IN", "CHAR*", "0x240fec0", "C", "Arg2", "IN", "CHAR*", "0x240fec4", "C" ], "Timesptamp": "00000000.465129", "FunctionName": "strcmp", "ModuleName": "crtdll.dll", "Return": "0x0", "Status": 0 }
{ "Address": "0x4069fa", "Opcode": "e839240000", "Opcodesize": 5, "Mnemonic": "call 0x408e38", "PID": 544, "TID": 1712, "Functionname": "_errno", "Dllname": "crtdll.dll", "Status": 1 }
{ "Address": "0x4017ed", "Opcode": "e84e760000", "Opcodesize": 5, "Mnemonic": "call 0x408e40", "PID": 544, "TID": 1712, "Arguments": [ "Arg1", "OUT", "FILE*", "0x240ff2c", "0x6c25e7b0", "Arg2", "IN", "CHAR*", "0x240ff30", "Try `%s --help' for more information.\n" ], "Timesptamp": "00000000.476400", "FunctionName": "fprintf", "ModuleName": "crtdll.dll", "Return": "0x3d", "Output1": [ "0x6c25e7b0", "0x0" ], "Status": 0 }
{ "Address": "0x401936", "Opcode": "e81d750000", "Opcodesize": 5, "Mnemonic": "call 0x408e58", "PID": 544, "TID": 1712, "Arguments": [ "Arg1", "IN", "INT", "0x240ff34", "0x1" ], "Timesptamp": "00000000.481842", "FunctionName": "exit", "ModuleName": "crtdll.dll" }
