{ "Address": "0x11e3716", "Opcode": "ff1510911e01", "Opcodesize": 6, "Mnemonic": "call dword ptr [0x11e9110]", "PID": 1712, "TID": 1768, "Arguments": [ "Arg1", "OUT", "LPFILETIME", "0x2bf994", "0x2bf9ac" ], "Timesptamp": "00000000.124106", "FunctionName": "GetSystemTimeAsFileTime", "ModuleName": "kernel32.dll", "Return": "0x1daddab", "Output1": { "field1": [ "0x2bf9ac", "0xcb14b140" ], "field2": [ "0x2bf9b0", "0x1daddab" ] }, "Status": 0 }
{ "Address": "0x11e3722", "Opcode": "ff150c911e01", "Opcodesize": 6, "Mnemonic": "call dword ptr [0x11e910c]", "PID": 1712, "TID": 1768, "Arguments": [ ], "Timesptamp": "00000000.134270", "FunctionName": "GetCurrentProcessId", "ModuleName": "kernel32.dll", "Return": "0x6b0", "Status": 0 }
{ "Address": "0x11e1e03", "Opcode": "ff15ac901e01", "Opcodesize": 6, "Mnemonic": "call dword ptr [0x11e90ac]", "PID": 1712, "TID": 1768, "Arguments": [ "Arg1", "OUT", "LPSTARTUPINFOW", "0x2bf93c", "0x2bf950" ], "Timesptamp": "00000000.155041", "FunctionName": "GetStartupInfoW", "ModuleName": "kernel32.dll", "Return": "0x2bf950", "Output1": { "field1": [ "0x2bf950", "0x44" ], "field2": [ "NULL" ], "field3": [ "0x2bf958", "winsta0\\default" ], "field4": [ "0x2bf95c", "C:\\Users\\lhs\\Exec\\Updater2.exe" ], "field5": [ "0x2bf960", "0x0" ], "field6": [ "0x2bf964", "0x0" ], "field7": [ "0x2bf968", "0x0" ], "field8": [ "0x2bf96c", "0x0" ], "field9": [ "0x2bf970", "0x0" ], "field10": [ "0x2bf974", "0x0" ], "field11": [ "0x2bf978", "0x0" ], "field12": [ "0x2bf97c", "0x1" ], "field13": [ "0x2bf980", "0x7" ], "field14": [ "0x2bf982", "0x0" ], "field15": [ "0x2bf984", "0x0" ], "field16": [ "0x2bf985", "0x0" ], "field17": [ "0x2bf989", "0xb4000000" ], "field18": [ "0x2bf98d", "0x44002bf9" ] }, "Status": 0 }
{ "Address": "0x11e1e18", "Opcode": "ff15a8901e01", "Opcodesize": 6, "Mnemonic": "call dword ptr [0x11e90a8]", "PID": 1712, "TID": 1768, "Arguments": [ "Arg1", "IN", "HANDLE", "0x2bf930", "0x0", "Arg2", "IN", "HEAP_INFORMATION_CLASS", "0x2bf934", "0x1", "Arg3", "IN", "PVOID", "0x2bf938", "0x0", "Arg4", "IN", "SIZE_T", "0x2bf93c", "0x0" ], "Timesptamp": "00000000.165171", "FunctionName": "HeapSetInformation", "ModuleName": "kernel32.dll", "Return": "TRUE", "Status": 0 }
{ "Address": "0x11e34d9", "Opcode": "ff1500911e01", "Opcodesize": 6, "Mnemonic": "call dword ptr [0x11e9100]", "PID": 1712, "TID": 1768, "Arguments": [ "Arg1", "IN", "DWORD", "0x2bf930", "0x0", "Arg2", "IN", "SIZE_T", "0x2bf934", "0x1000", "Arg3", "IN", "SIZE_T", "0x2bf938", "0x0" ], "Timesptamp": "00000000.175119", "FunctionName": "HeapCreate", "ModuleName": "kernel32.dll", "Return": "0x350000", "Status": 0 }
{ "Address": "0x11e335d", "Opcode": "ff15b0901e01", "Opcodesize": 6, "Mnemonic": "call dword ptr [0x11e90b0]", "PID": 1712, "TID": 1768, "Arguments": [ "Arg1", "IN", "LPCWSTR", "0x2bf934", "KERNEL32.DLL" ], "Timesptamp": "00000000.184860", "FunctionName": "GetModuleHandleW", "ModuleName": "kernel32.dll", "Return": "0x74f10000", "Status": 0 }
{ "Address": "0x11e337f", "Opcode": "ffd6", "Opcodesize": 2, "Mnemonic": "call esi", "PID": 1712, "TID": 1768, "Arguments": [ "Arg1", "IN", "HMODULE", "0x2bf92c", "0x74f10000", "Arg2", "IN", "LPCSTR", "0x2bf930", "FlsAlloc" ], "Timesptamp": "00000000.195054", "FunctionName": "GetProcAddress", "ModuleName": "kernel32.dll", "Return": "0x74f24f2b", "Status": 0 }
{ "Address": "0x11e338c", "Opcode": "ffd6", "Opcodesize": 2, "Mnemonic": "call esi", "PID": 1712, "TID": 1768, "Arguments": [ "Arg1", "IN", "HMODULE", "0x2bf92c", "0x74f10000", "Arg2", "IN", "LPCSTR", "0x2bf930", "FlsGetValue" ], "Timesptamp": "00000000.204649", "FunctionName": "GetProcAddress", "ModuleName": "kernel32.dll", "Return": "0x74f21252", "Status": 0 }
{ "Address": "0x11e3399", "Opcode": "ffd6", "Opcodesize": 2, "Mnemonic": "call esi", "PID": 1712, "TID": 1768, "Arguments": [ "Arg1", "IN", "HMODULE", "0x2bf92c", "0x74f10000", "Arg2", "IN", "LPCSTR", "0x2bf930", "FlsSetValue" ], "Timesptamp": "00000000.214206", "FunctionName": "GetProcAddress", "ModuleName": "kernel32.dll", "Return": "0x74f24208", "Status": 0 }
{ "Address": "0x11e33a6", "Opcode": "ffd6", "Opcodesize": 2, "Mnemonic": "call esi", "PID": 1712, "TID": 1768, "Arguments": [ "Arg1", "IN", "HMODULE", "0x2bf92c", "0x74f10000", "Arg2", "IN", "LPCSTR", "0x2bf930", "FlsFree" ], "Timesptamp": "00000000.223484", "FunctionName": "GetProcAddress", "ModuleName": "kernel32.dll", "Return": "0x74f2359f", "Status": 0 }
{ "Address": "0x11e2dd8", "Opcode": "ff15ac901e01", "Opcodesize": 6, "Mnemonic": "call dword ptr [0x11e90ac]", "PID": 1712, "TID": 1768, "Arguments": [ "Arg1", "OUT", "LPSTARTUPINFOW", "0x2bf8e4", "0x2bf8ec" ], "Timesptamp": "00000000.311925", "FunctionName": "GetStartupInfoW", "ModuleName": "kernel32.dll", "Return": "0x2bf8ec", "Output1": { "field1": [ "0x2bf8ec", "0x44" ], "field2": [ "NULL" ], "field3": [ "0x2bf8f4", "winsta0\\default" ], "field4": [ "0x2bf8f8", "C:\\Users\\lhs\\Exec\\Updater2.exe" ], "field5": [ "0x2bf8fc", "0x0" ], "field6": [ "0x2bf900", "0x0" ], "field7": [ "0x2bf904", "0x0" ], "field8": [ "0x2bf908", "0x0" ], "field9": [ "0x2bf90c", "0x0" ], "field10": [ "0x2bf910", "0x0" ], "field11": [ "0x2bf914", "0x0" ], "field12": [ "0x2bf918", "0x1" ], "field13": [ "0x2bf91c", "0x7" ], "field14": [ "0x2bf91e", "0x0" ], "field15": [ "0x2bf920", "0x0" ], "field16": [ "0x2bf921", "0x7a000000" ], "field17": [ "0x2bf925", "0xb3011e31" ], "field18": [ "0x2bf929", "0xd0011e34" ] }, "Status": 0 }
{ "Address": "0x11e6237", "Opcode": "ff1588901e01", "Opcodesize": 6, "Mnemonic": "call dword ptr [0x11e9088]", "PID": 1712, "TID": 1768, "Arguments": [ "Arg1", "IN", "PVOID", "0x2bf8ac", "0x350000", "Arg2", "IN", "ULONG", "0x2bf8b0", "0x8", "Arg3", "IN", "SIZE_T", "0x2bf8b4", "0x800" ], "Timesptamp": "00000000.322565", "FunctionName": "RtlAllocateHeap", "ModuleName": "ntdll.dll", "Return": "0x3509f0", "Status": 0 }
{ "Address": "0x11e2f95", "Opcode": "ff15c8901e01", "Opcodesize": 6, "Mnemonic": "call dword ptr [0x11e90c8]", "PID": 1712, "TID": 1768, "Arguments": [ "Arg1", "IN", "DWORD", "0x2bf8dc", "0xfffffff6" ], "Timesptamp": "00000000.333012", "FunctionName": "GetStdHandle", "ModuleName": "kernel32.dll", "Return": "0x0", "Status": 0 }
{ "Address": "0x11e1ea2", "Opcode": "ff1538901e01", "Opcodesize": 6, "Mnemonic": "call dword ptr [0x11e9038]", "PID": 1712, "TID": 1768, "Arguments": [ ], "Timesptamp": "00000000.352303", "FunctionName": "GetCommandLineW", "ModuleName": "kernel32.dll", "Return": "\\Users\\lhs\\Exec\\Updater2.exe ", "Status": 0 }
{ "Address": "0x11e2d75", "Opcode": "ff15d4901e01", "Opcodesize": 6, "Mnemonic": "call dword ptr [0x11e90d4]", "PID": 1712, "TID": 1768, "Arguments": [ ], "Timesptamp": "00000000.362620", "FunctionName": "GetEnvironmentStringsW", "ModuleName": "kernel32.dll", "Return": "=C:=C:\\Windows\\System32", "Status": 0 }
{ "Address": "0x11e6149", "Opcode": "ff1588901e01", "Opcodesize": 6, "Mnemonic": "call dword ptr [0x11e9088]", "PID": 1712, "TID": 1768, "Arguments": [ "Arg1", "IN", "PVOID", "0x2bf8f8", "0x350000", "Arg2", "IN", "ULONG", "0x2bf8fc", "0x0", "Arg3", "IN", "SIZE_T", "0x2bf900", "0x9cc" ], "Timesptamp": "00000000.372739", "FunctionName": "RtlAllocateHeap", "ModuleName": "ntdll.dll", "Return": "0x3511f8", "Status": 0 }
{ "Address": "0x11e2db1", "Opcode": "ff15d0901e01", "Opcodesize": 6, "Mnemonic": "call dword ptr [0x11e90d0]", "PID": 1712, "TID": 1768, "Functionname": "FreeEnvironmentStringsW", "Dllname": "kernel32.dll", "Status": 1 }
{ "Address": "0x11e2ce4", "Opcode": "ff15cc901e01", "Opcodesize": 6, "Mnemonic": "call dword ptr [0x11e90cc]", "PID": 1712, "TID": 1768, "Arguments": [ "Arg1", "IN", "HMODULE", "0x2bf918", "0x0", "Arg2", "OUT", "LPWSTR", "0x2bf91c", "0x11ee290", "Arg3", "IN", "DWORD", "0x2bf920", "0x104" ], "Timesptamp": "00000000.397107", "FunctionName": "GetModuleFileNameW", "ModuleName": "kernel32.dll", "Return": "0x1e", "Output1": [ "0x11ee290", "C:\\Users\\lhs\\Exec\\Updater2.exe" ], "Status": 0 }
{ "Address": "0x11e6149", "Opcode": "ff1588901e01", "Opcodesize": 6, "Mnemonic": "call dword ptr [0x11e9088]", "PID": 1712, "TID": 1768, "Arguments": [ "Arg1", "IN", "PVOID", "0x2bf8ec", "0x350000", "Arg2", "IN", "ULONG", "0x2bf8f0", "0x0", "Arg3", "IN", "SIZE_T", "0x2bf8f4", "0x42" ], "Timesptamp": "00000000.407281", "FunctionName": "RtlAllocateHeap", "ModuleName": "ntdll.dll", "Return": "0x351bd0", "Status": 0 }
{ "Address": "0x11e6237", "Opcode": "ff1588901e01", "Opcodesize": 6, "Mnemonic": "call dword ptr [0x11e9088]", "PID": 1712, "TID": 1768, "Arguments": [ "Arg1", "IN", "PVOID", "0x2bf8f4", "0x350000", "Arg2", "IN", "ULONG", "0x2bf8f8", "0x8", "Arg3", "IN", "SIZE_T", "0x2bf8fc", "0x88" ], "Timesptamp": "00000000.417260", "FunctionName": "RtlAllocateHeap", "ModuleName": "ntdll.dll", "Return": "0x351c20", "Status": 0 }
{ "Address": "0x11e6237", "Opcode": "ff1588901e01", "Opcodesize": 6, "Mnemonic": "call dword ptr [0x11e9088]", "PID": 1712, "TID": 1768, "Arguments": [ "Arg1", "IN", "PVOID", "0x2bf8f4", "0x350000", "Arg2", "IN", "ULONG", "0x2bf8f8", "0x8", "Arg3", "IN", "SIZE_T", "0x2bf8fc", "0x3e" ], "Timesptamp": "00000000.424298", "FunctionName": "RtlAllocateHeap", "ModuleName": "ntdll.dll", "Return": "0x351cb0", "Status": 0 }
{ "Address": "0x11e6237", "Opcode": "ff1588901e01", "Opcodesize": 6, "Mnemonic": "call dword ptr [0x11e9088]", "PID": 1712, "TID": 1768, "Arguments": [ "Arg1", "IN", "PVOID", "0x2bf8f4", "0x350000", "Arg2", "IN", "ULONG", "0x2bf8f8", "0x8", "Arg3", "IN", "SIZE_T", "0x2bf8fc", "0x82" ], "Timesptamp": "00000000.434274", "FunctionName": "RtlAllocateHeap", "ModuleName": "ntdll.dll", "Return": "0x351cf8", "Status": 0 }
{ "Address": "0x11e4950", "Opcode": "ff15bc901e01", "Opcodesize": 6, "Mnemonic": "call dword ptr [0x11e90bc]", "PID": 1712, "TID": 1768, "Functionname": "RtlEncodePointer", "Dllname": "ntdll.dll", "Status": 1 }
{ "Address": "0x11e4950", "Opcode": "ff15bc901e01", "Opcodesize": 6, "Mnemonic": "call dword ptr [0x11e90bc]", "PID": 1712, "TID": 1768, "Functionname": "RtlEncodePointer", "Dllname": "ntdll.dll", "Status": 1 }
{ "Address": "0x11e4950", "Opcode": "ff15bc901e01", "Opcodesize": 6, "Mnemonic": "call dword ptr [0x11e90bc]", "PID": 1712, "TID": 1768, "Functionname": "RtlEncodePointer", "Dllname": "ntdll.dll", "Status": 1 }
{ "Address": "0x11e4950", "Opcode": "ff15bc901e01", "Opcodesize": 6, "Mnemonic": "call dword ptr [0x11e90bc]", "PID": 1712, "TID": 1768, "Functionname": "RtlEncodePointer", "Dllname": "ntdll.dll", "Status": 1 }
{ "Address": "0x11e4950", "Opcode": "ff15bc901e01", "Opcodesize": 6, "Mnemonic": "call dword ptr [0x11e90bc]", "PID": 1712, "TID": 1768, "Functionname": "RtlEncodePointer", "Dllname": "ntdll.dll", "Status": 1 }
{ "Address": "0x11e4950", "Opcode": "ff15bc901e01", "Opcodesize": 6, "Mnemonic": "call dword ptr [0x11e90bc]", "PID": 1712, "TID": 1768, "Functionname": "RtlEncodePointer", "Dllname": "ntdll.dll", "Status": 1 }
{ "Address": "0x11e4950", "Opcode": "ff15bc901e01", "Opcodesize": 6, "Mnemonic": "call dword ptr [0x11e90bc]", "PID": 1712, "TID": 1768, "Functionname": "RtlEncodePointer", "Dllname": "ntdll.dll", "Status": 1 }
{ "Address": "0x11e3197", "Opcode": "ff1560901e01", "Opcodesize": 6, "Mnemonic": "call dword ptr [0x11e9060]", "PID": 1712, "TID": 1768, "Arguments": [ ], "Timesptamp": "00000000.542339", "FunctionName": "GetLastError", "ModuleName": "kernel32.dll", "Return": "0x0", "Status": 0 }
{ "Address": "0x11e3077", "Opcode": "ff15e4901e01", "Opcodesize": 6, "Mnemonic": "call dword ptr [0x11e90e4]", "PID": 1712, "TID": 1768, "Arguments": [ "Arg1", "IN", "DWORD", "0x2bf2e4", "0x15" ], "Timesptamp": "00000000.552754", "FunctionName": "TlsGetValue", "ModuleName": "kernel32.dll", "Return": "0x74f21252", "Status": 0 }
{ "Address": "0x11e31aa", "Opcode": "ffd0", "Opcodesize": 2, "Mnemonic": "call eax", "PID": 1712, "TID": 1768, "Arguments": [ "Arg1", "IN", "DWORD", "0x2bf2f0", "0x3" ], "Timesptamp": "00000000.562767", "FunctionName": "FlsGetValue", "ModuleName": "kernel32.dll", "Return": "0x3507d0", "Status": 0 }
{ "Address": "0x11e67c5", "Opcode": "ffd6", "Opcodesize": 2, "Mnemonic": "call esi", "PID": 1712, "TID": 1768, "Arguments": [ "Arg1", "IN", "UINT", "0x2bf2b8", "0x4e4", "Arg2", "IN", "DWORD", "0x2bf2bc", "0x1", "Arg3", "IN", "ARRAY0", "0x2bf2c0", "ARRAY_0x100", "Arg4", "IN", "INT", "0x2bf2c4", "0x100", "Arg5", "OUT", "LPWSTR", "0x2bf2c8", "0x0", "Arg6", "IN", "INT", "0x2bf2cc", "0x0" ], "Timesptamp": "00000000.587320", "FunctionName": "MultiByteToWideChar", "ModuleName": "kernel32.dll", "Return": "0x100", "Status": 0 }
{ "Address": "0x11e6833", "Opcode": "ffd6", "Opcodesize": 2, "Mnemonic": "call esi", "PID": 1712, "TID": 1768, "Arguments": [ "Arg1", "IN", "UINT", "0x2bf0a8", "0x4e4", "Arg2", "IN", "DWORD", "0x2bf0ac", "0x1", "Arg3", "IN", "ARRAY0", "0x2bf0b0", "ARRAY_0x100", "Arg4", "IN", "INT", "0x2bf0b4", "0x100", "Arg5", "OUT", "LPWSTR", "0x2bf0b8", "0x2bf0c8", "Arg6", "IN", "INT", "0x2bf0bc", "0x100" ], "Timesptamp": "00000000.598374", "FunctionName": "MultiByteToWideChar", "ModuleName": "kernel32.dll", "Return": "0x100", "Output1": [ "0x2bf0c8", " ............................... !\"#$%&'()*+,-.\/0123456789:;<=>?@ABCDEFGHIJKLMNOPQRSTUVWXYZ[\\]^_`abcdefghijklmnopqrstuvwxyz{|}~......& !.0`9R.}......\"...\"a:S.~x...................................................................................................." ], "Status": 0 }
{ "Address": "0x11e684f", "Opcode": "ffd6", "Opcodesize": 2, "Mnemonic": "call esi", "PID": 1712, "TID": 1768, "Arguments": [ "Arg1", "IN", "LCID", "0x2bf0a8", "0x0", "Arg2", "IN", "DWORD", "0x2bf0ac", "0x100", "Arg3", "IN", "LPCWSTR", "0x2bf0b0", " ............................... !\"#$%&'()*+,-.\/0123456789:;<=>?@ABCDEFGHIJKLMNOPQRSTUVWXYZ[\\]^_`abcdefghijklmnopqrstuvwxyz{|}~......& !.0`9R.}......\"...\"a:S.~x....................................................................................................", "Arg4", "IN", "INT", "0x2bf0b4", "0x100", "Arg5", "OUT", "LPCWSTR", "0x2bf0b8", "0x0", "Arg6", "IN", "INT", "0x2bf0bc", "0x0" ], "Timesptamp": "00000000.609696", "FunctionName": "LCMapStringW", "ModuleName": "kernel32.dll", "Return": "0x100", "Status": 0 }
{ "Address": "0x11e68ee", "Opcode": "ffd6", "Opcodesize": 2, "Mnemonic": "call esi", "PID": 1712, "TID": 1768, "Arguments": [ "Arg1", "IN", "LCID", "0x2bee98", "0x0", "Arg2", "IN", "DWORD", "0x2bee9c", "0x100", "Arg3", "IN", "LPCWSTR", "0x2beea0", " ............................... !\"#$%&'()*+,-.\/0123456789:;<=>?@ABCDEFGHIJKLMNOPQRSTUVWXYZ[\\]^_`abcdefghijklmnopqrstuvwxyz{|}~......& !.0`9R.}......\"...\"a:S.~x....................................................................................................", "Arg4", "IN", "INT", "0x2beea4", "0x100", "Arg5", "OUT", "LPCWSTR", "0x2beea8", "0x2beeb8", "Arg6", "IN", "INT", "0x2beeac", "0x100" ], "Timesptamp": "00000000.619407", "FunctionName": "LCMapStringW", "ModuleName": "kernel32.dll", "Return": "0x100", "Output1": [ "0x2beeb8", " ............................... !\"#$%&'()*+,-.\/0123456789:;<=>?@abcdefghijklmnopqrstuvwxyz[\\]^_`abcdefghijklmnopqrstuvwxyz{|}~......& !.0a9S.~......\"...\"a:S.~................................................................................................." ], "Status": 0 }
{ "Address": "0x11e690d", "Opcode": "ff1518901e01", "Opcodesize": 6, "Mnemonic": "call dword ptr [0x11e9018]", "PID": 1712, "TID": 1768, "Arguments": [ "Arg1", "IN", "UINT", "0x2bee90", "0x4e4", "Arg2", "IN", "DWORD", "0x2bee94", "0x0", "Arg3", "IN", "LPCWCH", "0x2bee98", " ............................... !\"#$%&'()*+,-.\/0123456789:;<=>?@abcdefghijklmnopqrstuvwxyz[\\]^_`abcdefghijklmnopqrstuvwxyz{|}~......& !.0a9S.~......\"...\"a:S.~.................................................................................................", "Arg4", "IN", "INT", "0x2bee9c", "0x100", "Arg5", "OUT", "ARRAY0", "0x2beea0", "0x2bf694", "Arg6", "IN", "INT", "0x2beea4", "0x100", "Arg7", "IN", "DWORD", "0x2beea8", "0x0", "Arg8", "OUT", "LPBOOL", "0x2beeac", "0x0" ], "Timesptamp": "00000000.637151", "FunctionName": "WideCharToMultiByte", "ModuleName": "kernel32.dll", "Return": "0x100", "Output1": [ ], "Status": 0 }
{ "Address": "0x11e3197", "Opcode": "ff1560901e01", "Opcodesize": 6, "Mnemonic": "call dword ptr [0x11e9060]", "PID": 1712, "TID": 1768, "Arguments": [ ], "Timesptamp": "00000000.646904", "FunctionName": "GetLastError", "ModuleName": "kernel32.dll", "Return": "0x0", "Status": 0 }
{ "Address": "0x11e3077", "Opcode": "ff15e4901e01", "Opcodesize": 6, "Mnemonic": "call dword ptr [0x11e90e4]", "PID": 1712, "TID": 1768, "Arguments": [ "Arg1", "IN", "DWORD", "0x2bf304", "0x15" ], "Timesptamp": "00000000.656587", "FunctionName": "TlsGetValue", "ModuleName": "kernel32.dll", "Return": "0x74f21252", "Status": 0 }
{ "Address": "0x11e31aa", "Opcode": "ffd0", "Opcodesize": 2, "Mnemonic": "call eax", "PID": 1712, "TID": 1768, "Arguments": [ "Arg1", "IN", "DWORD", "0x2bf310", "0x3" ], "Timesptamp": "00000000.666092", "FunctionName": "FlsGetValue", "ModuleName": "kernel32.dll", "Return": "0x3507d0", "Status": 0 }
{ "Address": "0x11e67c5", "Opcode": "ffd6", "Opcodesize": 2, "Mnemonic": "call esi", "PID": 1712, "TID": 1768, "Arguments": [ "Arg1", "IN", "UINT", "0x2bf2d8", "0x4e4", "Arg2", "IN", "DWORD", "0x2bf2dc", "0x1", "Arg3", "IN", "ARRAY0", "0x2bf2e0", "ARRAY_0x100", "Arg4", "IN", "INT", "0x2bf2e4", "0x100", "Arg5", "OUT", "LPWSTR", "0x2bf2e8", "0x0", "Arg6", "IN", "INT", "0x2bf2ec", "0x0" ], "Timesptamp": "00000000.687549", "FunctionName": "MultiByteToWideChar", "ModuleName": "kernel32.dll", "Return": "0x100", "Status": 0 }
{ "Address": "0x11e6833", "Opcode": "ffd6", "Opcodesize": 2, "Mnemonic": "call esi", "PID": 1712, "TID": 1768, "Arguments": [ "Arg1", "IN", "UINT", "0x2bf0c8", "0x4e4", "Arg2", "IN", "DWORD", "0x2bf0cc", "0x1", "Arg3", "IN", "ARRAY0", "0x2bf0d0", "ARRAY_0x100", "Arg4", "IN", "INT", "0x2bf0d4", "0x100", "Arg5", "OUT", "LPWSTR", "0x2bf0d8", "0x2bf0e8", "Arg6", "IN", "INT", "0x2bf0dc", "0x100" ], "Timesptamp": "00000000.698435", "FunctionName": "MultiByteToWideChar", "ModuleName": "kernel32.dll", "Return": "0x100", "Output1": [ "0x2bf0e8", " ............................... !\"#$%&'()*+,-.\/0123456789:;<=>?@ABCDEFGHIJKLMNOPQRSTUVWXYZ[\\]^_`abcdefghijklmnopqrstuvwxyz{|}~......& !.0`9R.}......\"...\"a:S.~x...................................................................................................." ], "Status": 0 }
{ "Address": "0x11e684f", "Opcode": "ffd6", "Opcodesize": 2, "Mnemonic": "call esi", "PID": 1712, "TID": 1768, "Arguments": [ "Arg1", "IN", "LCID", "0x2bf0c8", "0x0", "Arg2", "IN", "DWORD", "0x2bf0cc", "0x200", "Arg3", "IN", "LPCWSTR", "0x2bf0d0", " ............................... !\"#$%&'()*+,-.\/0123456789:;<=>?@ABCDEFGHIJKLMNOPQRSTUVWXYZ[\\]^_`abcdefghijklmnopqrstuvwxyz{|}~......& !.0`9R.}......\"...\"a:S.~x....................................................................................................", "Arg4", "IN", "INT", "0x2bf0d4", "0x100", "Arg5", "OUT", "LPCWSTR", "0x2bf0d8", "0x0", "Arg6", "IN", "INT", "0x2bf0dc", "0x0" ], "Timesptamp": "00000000.712184", "FunctionName": "LCMapStringW", "ModuleName": "kernel32.dll", "Return": "0x100", "Status": 0 }
{ "Address": "0x11e68ee", "Opcode": "ffd6", "Opcodesize": 2, "Mnemonic": "call esi", "PID": 1712, "TID": 1768, "Arguments": [ "Arg1", "IN", "LCID", "0x2beeb8", "0x0", "Arg2", "IN", "DWORD", "0x2beebc", "0x200", "Arg3", "IN", "LPCWSTR", "0x2beec0", " ............................... !\"#$%&'()*+,-.\/0123456789:;<=>?@ABCDEFGHIJKLMNOPQRSTUVWXYZ[\\]^_`abcdefghijklmnopqrstuvwxyz{|}~......& !.0`9R.}......\"...\"a:S.~x....................................................................................................", "Arg4", "IN", "INT", "0x2beec4", "0x100", "Arg5", "OUT", "LPCWSTR", "0x2beec8", "0x2beed8", "Arg6", "IN", "INT", "0x2beecc", "0x100" ], "Timesptamp": "00000000.721924", "FunctionName": "LCMapStringW", "ModuleName": "kernel32.dll", "Return": "0x100", "Output1": [ "0x2beed8", " ............................... !\"#$%&'()*+,-.\/0123456789:;<=>?@ABCDEFGHIJKLMNOPQRSTUVWXYZ[\\]^_`ABCDEFGHIJKLMNOPQRSTUVWXYZ{|}~......& !.0`9R.}......\"...\"`:R.}x...............................................................................................x" ], "Status": 0 }
{ "Address": "0x11e690d", "Opcode": "ff1518901e01", "Opcodesize": 6, "Mnemonic": "call dword ptr [0x11e9018]", "PID": 1712, "TID": 1768, "Arguments": [ "Arg1", "IN", "UINT", "0x2beeb0", "0x4e4", "Arg2", "IN", "DWORD", "0x2beeb4", "0x0", "Arg3", "IN", "LPCWCH", "0x2beeb8", " ............................... !\"#$%&'()*+,-.\/0123456789:;<=>?@ABCDEFGHIJKLMNOPQRSTUVWXYZ[\\]^_`ABCDEFGHIJKLMNOPQRSTUVWXYZ{|}~......& !.0`9R.}......\"...\"`:R.}x...............................................................................................x", "Arg4", "IN", "INT", "0x2beebc", "0x100", "Arg5", "OUT", "ARRAY0", "0x2beec0", "0x2bf594", "Arg6", "IN", "INT", "0x2beec4", "0x100", "Arg7", "IN", "DWORD", "0x2beec8", "0x0", "Arg8", "OUT", "LPBOOL", "0x2beecc", "0x0" ], "Timesptamp": "00000000.731678", "FunctionName": "WideCharToMultiByte", "ModuleName": "kernel32.dll", "Return": "0x100", "Output1": [ ], "Status": 0 }
{ "Address": "0x11e5a21", "Opcode": "ff15fc901e01", "Opcodesize": 6, "Mnemonic": "call dword ptr [0x11e90fc]", "PID": 1712, "TID": 1768, "Functionname": "InterlockedDecrement", "Dllname": "kernel32.dll", "Status": 1 }
{ "Address": "0x11e5a46", "Opcode": "ffd7", "Opcodesize": 2, "Mnemonic": "call edi", "PID": 1712, "TID": 1768, "Functionname": "InterlockedIncrement", "Dllname": "kernel32.dll", "Status": 1 }
{ "Address": "0x11e464c", "Opcode": "ff1574901e01", "Opcodesize": 6, "Mnemonic": "call dword ptr [0x11e9074]", "PID": 1712, "TID": 1768, "Functionname": "RtlEnterCriticalSection", "Dllname": "ntdll.dll", "Status": 1 }
{ "Address": "0x11e5ad8", "Opcode": "ff15fc901e01", "Opcodesize": 6, "Mnemonic": "call dword ptr [0x11e90fc]", "PID": 1712, "TID": 1768, "Functionname": "InterlockedDecrement", "Dllname": "kernel32.dll", "Status": 1 }
{ "Address": "0x11e5afc", "Opcode": "ffd7", "Opcodesize": 2, "Mnemonic": "call edi", "PID": 1712, "TID": 1768, "Functionname": "InterlockedIncrement", "Dllname": "kernel32.dll", "Status": 1 }
{ "Address": "0x11e1ac1", "Opcode": "ff157c901e01", "Opcodesize": 6, "Mnemonic": "call dword ptr [0x11e907c]", "PID": 1712, "TID": 1768, "Functionname": "InitializeCriticalSectionAndSpinCount", "Dllname": "kernel32.dll", "Status": 1 }
{ "Address": "0x11e464c", "Opcode": "ff1574901e01", "Opcodesize": 6, "Mnemonic": "call dword ptr [0x11e9074]", "PID": 1712, "TID": 1768, "Functionname": "RtlEnterCriticalSection", "Dllname": "ntdll.dll", "Status": 1 }
{ "Address": "0x11e257f", "Opcode": "ffd6", "Opcodesize": 2, "Mnemonic": "call esi", "PID": 1712, "TID": 1768, "Functionname": "RtlDecodePointer", "Dllname": "ntdll.dll", "Status": 1 }
{ "Address": "0x11e258c", "Opcode": "ffd6", "Opcodesize": 2, "Mnemonic": "call esi", "PID": 1712, "TID": 1768, "Functionname": "RtlDecodePointer", "Dllname": "ntdll.dll", "Status": 1 }
{ "Address": "0x11e4c5e", "Opcode": "ff1594901e01", "Opcodesize": 6, "Mnemonic": "call dword ptr [0x11e9094]", "PID": 1712, "TID": 1768, "Functionname": "RtlSizeHeap", "Dllname": "ntdll.dll", "Status": 1 }
{ "Address": "0x11e2605", "Opcode": "ffd7", "Opcodesize": 2, "Mnemonic": "call edi", "PID": 1712, "TID": 1768, "Functionname": "RtlEncodePointer", "Dllname": "ntdll.dll", "Status": 1 }
{ "Address": "0x11e260d", "Opcode": "ffd7", "Opcodesize": 2, "Mnemonic": "call edi", "PID": 1712, "TID": 1768, "Functionname": "RtlEncodePointer", "Dllname": "ntdll.dll", "Status": 1 }
{ "Address": "0x11e4558", "Opcode": "ff1578901e01", "Opcodesize": 6, "Mnemonic": "call dword ptr [0x11e9078]", "PID": 1712, "TID": 1768, "Functionname": "RtlLeaveCriticalSection", "Dllname": "ntdll.dll", "Status": 1 }
{ "Address": "0x11e809c", "Opcode": "ff1598901e01", "Opcodesize": 6, "Mnemonic": "call dword ptr [0x11e9098]", "PID": 1712, "TID": 1768, "Arguments": [ ], "Timesptamp": "00000000.891259", "FunctionName": "GetProcessHeap", "ModuleName": "kernel32.dll", "Return": "0x680000", "Status": 0 }
{ "Address": "0x11e464c", "Opcode": "ff1574901e01", "Opcodesize": 6, "Mnemonic": "call dword ptr [0x11e9074]", "PID": 1712, "TID": 1768, "Functionname": "RtlEnterCriticalSection", "Dllname": "ntdll.dll", "Status": 1 }
{ "Address": "0x11e257f", "Opcode": "ffd6", "Opcodesize": 2, "Mnemonic": "call esi", "PID": 1712, "TID": 1768, "Functionname": "RtlDecodePointer", "Dllname": "ntdll.dll", "Status": 1 }
{ "Address": "0x11e258c", "Opcode": "ffd6", "Opcodesize": 2, "Mnemonic": "call esi", "PID": 1712, "TID": 1768, "Functionname": "RtlDecodePointer", "Dllname": "ntdll.dll", "Status": 1 }
{ "Address": "0x11e4c5e", "Opcode": "ff1594901e01", "Opcodesize": 6, "Mnemonic": "call dword ptr [0x11e9094]", "PID": 1712, "TID": 1768, "Functionname": "RtlSizeHeap", "Dllname": "ntdll.dll", "Status": 1 }
{ "Address": "0x11e2605", "Opcode": "ffd7", "Opcodesize": 2, "Mnemonic": "call edi", "PID": 1712, "TID": 1768, "Functionname": "RtlEncodePointer", "Dllname": "ntdll.dll", "Status": 1 }
{ "Address": "0x11e260d", "Opcode": "ffd7", "Opcodesize": 2, "Mnemonic": "call edi", "PID": 1712, "TID": 1768, "Functionname": "RtlEncodePointer", "Dllname": "ntdll.dll", "Status": 1 }
{ "Address": "0x11e4558", "Opcode": "ff1578901e01", "Opcodesize": 6, "Mnemonic": "call dword ptr [0x11e9078]", "PID": 1712, "TID": 1768, "Functionname": "RtlLeaveCriticalSection", "Dllname": "ntdll.dll", "Status": 1 }
{ "Address": "0x11e464c", "Opcode": "ff1574901e01", "Opcodesize": 6, "Mnemonic": "call dword ptr [0x11e9074]", "PID": 1712, "TID": 1768, "Functionname": "RtlEnterCriticalSection", "Dllname": "ntdll.dll", "Status": 1 }
{ "Address": "0x11e257f", "Opcode": "ffd6", "Opcodesize": 2, "Mnemonic": "call esi", "PID": 1712, "TID": 1768, "Functionname": "RtlDecodePointer", "Dllname": "ntdll.dll", "Status": 1 }
{ "Address": "0x11e258c", "Opcode": "ffd6", "Opcodesize": 2, "Mnemonic": "call esi", "PID": 1712, "TID": 1768, "Functionname": "RtlDecodePointer", "Dllname": "ntdll.dll", "Status": 1 }
{ "Address": "0x11e4c5e", "Opcode": "ff1594901e01", "Opcodesize": 6, "Mnemonic": "call dword ptr [0x11e9094]", "PID": 1712, "TID": 1768, "Functionname": "RtlSizeHeap", "Dllname": "ntdll.dll", "Status": 1 }
{ "Address": "0x11e2605", "Opcode": "ffd7", "Opcodesize": 2, "Mnemonic": "call edi", "PID": 1712, "TID": 1768, "Functionname": "RtlEncodePointer", "Dllname": "ntdll.dll", "Status": 1 }
{ "Address": "0x11e260d", "Opcode": "ffd7", "Opcodesize": 2, "Mnemonic": "call edi", "PID": 1712, "TID": 1768, "Functionname": "RtlEncodePointer", "Dllname": "ntdll.dll", "Status": 1 }
{ "Address": "0x11e4558", "Opcode": "ff1578901e01", "Opcodesize": 6, "Mnemonic": "call dword ptr [0x11e9078]", "PID": 1712, "TID": 1768, "Functionname": "RtlLeaveCriticalSection", "Dllname": "ntdll.dll", "Status": 1 }
{ "Address": "0x11e13ec", "Opcode": "ff1530911e01", "Opcodesize": 6, "Mnemonic": "call dword ptr [0x11e9130]", "PID": 1712, "TID": 1768, "Functionname": "LoadCursorW", "Dllname": "user32.dll", "Status": 1 }
{ "Address": "0x11e1426", "Opcode": "ff1540911e01", "Opcodesize": 6, "Mnemonic": "call dword ptr [0x11e9140]", "PID": 1712, "TID": 1768, "Functionname": "RegisterClassExW", "Dllname": "user32.dll", "Status": 1 }
{ "Address": "0x11e1474", "Opcode": "ff1550911e01", "Opcodesize": 6, "Mnemonic": "call dword ptr [0x11e9150]", "PID": 1712, "TID": 1768, "Functionname": "CreateWindowExW", "Dllname": "user32.dll", "Status": 1 }
{ "Address": "0x11e1760", "Opcode": "ff1558911e01", "Opcodesize": 6, "Mnemonic": "call dword ptr [0x11e9158]", "PID": 1712, "TID": 1768, "Functionname": "NtdllDefWindowProc_W", "Dllname": "ntdll.dll", "Status": 1 }
{ "Address": "0x11e1760", "Opcode": "ff1558911e01", "Opcodesize": 6, "Mnemonic": "call dword ptr [0x11e9158]", "PID": 1712, "TID": 1768, "Functionname": "NtdllDefWindowProc_W", "Dllname": "ntdll.dll", "Status": 1 }
{ "Address": "0x11e1760", "Opcode": "ff1558911e01", "Opcodesize": 6, "Mnemonic": "call dword ptr [0x11e9158]", "PID": 1712, "TID": 1768, "Functionname": "NtdllDefWindowProc_W", "Dllname": "ntdll.dll", "Status": 1 }
{ "Address": "0x11e177e", "Opcode": "ff154c911e01", "Opcodesize": 6, "Mnemonic": "call dword ptr [0x11e914c]", "PID": 1712, "TID": 1768, "Functionname": "ShowWindow", "Dllname": "user32.dll", "Status": 1 }
{ "Address": "0x11e152c", "Opcode": "ff1538901e01", "Opcodesize": 6, "Mnemonic": "call dword ptr [0x11e9038]", "PID": 1712, "TID": 1768, "Arguments": [ ], "Timesptamp": "00000001.264680", "FunctionName": "GetCommandLineW", "ModuleName": "kernel32.dll", "Return": "\\Users\\lhs\\Exec\\Updater2.exe ", "Status": 0 }
{ "Address": "0x11e1620", "Opcode": "ff156c901e01", "Opcodesize": 6, "Mnemonic": "call dword ptr [0x11e906c]", "PID": 1712, "TID": 1768, "Arguments": [ "Arg1", "IN", "LPCWSTR", "Arg2", "IN", "LPCWSTR", "0x2bf308", "\/silentWallPaper" ], "Timesptamp": "00000001.297414", "FunctionName": "lstrcmpiW", "ModuleName": "kernel32.dll", "Return": "0xffffffff", "Status": 0 }
{ "Address": "0x11e464c", "Opcode": "ff1574901e01", "Opcodesize": 6, "Mnemonic": "call dword ptr [0x11e9074]", "PID": 1712, "TID": 1768, "Arguments": [ "Arg1", "IN", "DWORD", "0x2bf308", "0x1f4" ], "Timesptamp": "00000001.316709", "FunctionName": "Sleep", "ModuleName": "kernel32.dll", "Functionname": "RtlEnterCriticalSection", "Dllname": "ntdll.dll", "Status": 1 }
{ "Address": "0x11e234f", "Opcode": "ffd6", "Opcodesize": 2, "Mnemonic": "call esi", "PID": 1712, "TID": 1768, "Functionname": "RtlDecodePointer", "Dllname": "ntdll.dll", "Status": 1 }
{ "Address": "0x11e2360", "Opcode": "ffd6", "Opcodesize": 2, "Mnemonic": "call esi", "PID": 1712, "TID": 1768, "Functionname": "RtlDecodePointer", "Dllname": "ntdll.dll", "Status": 1 }
{ "Address": "0x11e305e", "Opcode": "ff15bc901e01", "Opcodesize": 6, "Mnemonic": "call dword ptr [0x11e90bc]", "PID": 1712, "TID": 1768, "Functionname": "RtlEncodePointer", "Dllname": "ntdll.dll", "Status": 1 }
{ "Address": "0x11e2386", "Opcode": "ffd6", "Opcodesize": 2, "Mnemonic": "call esi", "PID": 1712, "TID": 1768, "Functionname": "RtlDecodePointer", "Dllname": "ntdll.dll", "Status": 1 }
{ "Address": "0x11e305e", "Opcode": "ff15bc901e01", "Opcodesize": 6, "Mnemonic": "call dword ptr [0x11e90bc]", "PID": 1712, "TID": 1768, "Functionname": "RtlEncodePointer", "Dllname": "ntdll.dll", "Status": 1 }
{ "Address": "0x11e2399", "Opcode": "ffd6", "Opcodesize": 2, "Mnemonic": "call esi", "PID": 1712, "TID": 1768, "Functionname": "RtlDecodePointer", "Dllname": "ntdll.dll", "Status": 1 }
{ "Address": "0x11e23a3", "Opcode": "ffd6", "Opcodesize": 2, "Mnemonic": "call esi", "PID": 1712, "TID": 1768, "Functionname": "RtlDecodePointer", "Dllname": "ntdll.dll", "Status": 1 }
{ "Address": "0x11e305e", "Opcode": "ff15bc901e01", "Opcodesize": 6, "Mnemonic": "call dword ptr [0x11e90bc]", "PID": 1712, "TID": 1768, "Functionname": "RtlEncodePointer", "Dllname": "ntdll.dll", "Status": 1 }
{ "Address": "0x11e2386", "Opcode": "ffd6", "Opcodesize": 2, "Mnemonic": "call esi", "PID": 1712, "TID": 1768, "Functionname": "RtlDecodePointer", "Dllname": "ntdll.dll", "Status": 1 }
{ "Address": "0x11e305e", "Opcode": "ff15bc901e01", "Opcodesize": 6, "Mnemonic": "call dword ptr [0x11e90bc]", "PID": 1712, "TID": 1768, "Functionname": "RtlEncodePointer", "Dllname": "ntdll.dll", "Status": 1 }
{ "Address": "0x11e2399", "Opcode": "ffd6", "Opcodesize": 2, "Mnemonic": "call esi", "PID": 1712, "TID": 1768, "Functionname": "RtlDecodePointer", "Dllname": "ntdll.dll", "Status": 1 }
{ "Address": "0x11e23a3", "Opcode": "ffd6", "Opcodesize": 2, "Mnemonic": "call esi", "PID": 1712, "TID": 1768, "Functionname": "RtlDecodePointer", "Dllname": "ntdll.dll", "Status": 1 }
{ "Address": "0x11e305e", "Opcode": "ff15bc901e01", "Opcodesize": 6, "Mnemonic": "call dword ptr [0x11e90bc]", "PID": 1712, "TID": 1768, "Functionname": "RtlEncodePointer", "Dllname": "ntdll.dll", "Status": 1 }
{ "Address": "0x11e2386", "Opcode": "ffd6", "Opcodesize": 2, "Mnemonic": "call esi", "PID": 1712, "TID": 1768, "Functionname": "RtlDecodePointer", "Dllname": "ntdll.dll", "Status": 1 }
{ "Address": "0x11e305e", "Opcode": "ff15bc901e01", "Opcodesize": 6, "Mnemonic": "call dword ptr [0x11e90bc]", "PID": 1712, "TID": 1768, "Functionname": "RtlEncodePointer", "Dllname": "ntdll.dll", "Status": 1 }
{ "Address": "0x11e1b13", "Opcode": "ff1580901e01", "Opcodesize": 6, "Mnemonic": "call dword ptr [0x11e9080]", "PID": 1712, "TID": 1768, "Functionname": "RtlDeleteCriticalSection", "Dllname": "ntdll.dll", "Status": 1 }
{ "Address": "0x11e2399", "Opcode": "ffd6", "Opcodesize": 2, "Mnemonic": "call esi", "PID": 1712, "TID": 1768, "Functionname": "RtlDecodePointer", "Dllname": "ntdll.dll", "Status": 1 }
{ "Address": "0x11e23a3", "Opcode": "ffd6", "Opcodesize": 2, "Mnemonic": "call esi", "PID": 1712, "TID": 1768, "Functionname": "RtlDecodePointer", "Dllname": "ntdll.dll", "Status": 1 }
{ "Address": "0x11e305e", "Opcode": "ff15bc901e01", "Opcodesize": 6, "Mnemonic": "call dword ptr [0x11e90bc]", "PID": 1712, "TID": 1768, "Functionname": "RtlEncodePointer", "Dllname": "ntdll.dll", "Status": 1 }
{ "Address": "0x11e2386", "Opcode": "ffd6", "Opcodesize": 2, "Mnemonic": "call esi", "PID": 1712, "TID": 1768, "Functionname": "RtlDecodePointer", "Dllname": "ntdll.dll", "Status": 1 }
{ "Address": "0x11e305e", "Opcode": "ff15bc901e01", "Opcodesize": 6, "Mnemonic": "call dword ptr [0x11e90bc]", "PID": 1712, "TID": 1768, "Functionname": "RtlEncodePointer", "Dllname": "ntdll.dll", "Status": 1 }
{ "Address": "0x11e2399", "Opcode": "ffd6", "Opcodesize": 2, "Mnemonic": "call esi", "PID": 1712, "TID": 1768, "Functionname": "RtlDecodePointer", "Dllname": "ntdll.dll", "Status": 1 }
{ "Address": "0x11e23a3", "Opcode": "ffd6", "Opcodesize": 2, "Mnemonic": "call esi", "PID": 1712, "TID": 1768, "Functionname": "RtlDecodePointer", "Dllname": "ntdll.dll", "Status": 1 }
{ "Address": "0x11e4558", "Opcode": "ff1578901e01", "Opcodesize": 6, "Mnemonic": "call dword ptr [0x11e9078]", "PID": 1712, "TID": 1768, "Functionname": "RtlLeaveCriticalSection", "Dllname": "ntdll.dll", "Status": 1 }
{ "Address": "0x11e21cc", "Opcode": "ff15b0901e01", "Opcodesize": 6, "Mnemonic": "call dword ptr [0x11e90b0]", "PID": 1712, "TID": 1768, "Arguments": [ "Arg1", "IN", "LPCWSTR", "0x2bf2c0", "mscoree.dll" ], "Timesptamp": "00000002.097227", "FunctionName": "GetModuleHandleW", "ModuleName": "kernel32.dll", "Return": "0x0", "Status": 0 }
{ "Address": "0x11e21fe", "Opcode": "ff15b4901e01", "Opcodesize": 6, "Mnemonic": "call dword ptr [0x11e90b4]", "PID": 1712, "TID": 1768, "Arguments": [ "Arg1", "IN", "UINT", "0x2bf2cc", "0x1" ], "Timesptamp": "00000002.107987", "FunctionName": "ExitProcess", "ModuleName": "kernel32.dll" }
