{ "Address": "0x100aa1a", "Opcode": "ff965ca50000", "Opcodesize": 6, "Mnemonic": "call dword ptr [esi + 0xa55c]", "PID": 2236, "TID": 2244, "Arguments": [ "Arg1", "IN", "LPCTSTR", "0xcff68", "KERNEL32.DLL" ], "Timesptamp": "00000000.253852", "FunctionName": "LoadLibraryA", "ModuleName": "kernel32.dll", "Return": "0x776a0000", "Status": 0 }
{ "Address": "0x100aa2f", "Opcode": "ff9664a50000", "Opcodesize": 6, "Mnemonic": "call dword ptr [esi + 0xa564]", "PID": 2236, "TID": 2244, "Arguments": [ "Arg1", "IN", "HMODULE", "0xcff64", "0x776a0000", "Arg2", "IN", "LPCSTR", "0xcff68", "GetCommandLineW" ], "Timesptamp": "00000000.268054", "FunctionName": "GetProcAddress", "ModuleName": "kernel32.dll", "Return": "0x776b5223", "Status": 0 }
{ "Address": "0x100aa2f", "Opcode": "ff9664a50000", "Opcodesize": 6, "Mnemonic": "call dword ptr [esi + 0xa564]", "PID": 2236, "TID": 2244, "Arguments": [ "Arg1", "IN", "HMODULE", "0xcff64", "0x776a0000", "Arg2", "IN", "LPCSTR", "0xcff68", "LocalFree" ], "Timesptamp": "00000000.279375", "FunctionName": "GetProcAddress", "ModuleName": "kernel32.dll", "Return": "0x776b2d3c", "Status": 0 }
{ "Address": "0x100aa2f", "Opcode": "ff9664a50000", "Opcodesize": 6, "Mnemonic": "call dword ptr [esi + 0xa564]", "PID": 2236, "TID": 2244, "Arguments": [ "Arg1", "IN", "HMODULE", "0xcff64", "0x776a0000", "Arg2", "IN", "LPCSTR", "0xcff68", "VerifyVersionInfoW" ], "Timesptamp": "00000000.294375", "FunctionName": "GetProcAddress", "ModuleName": "kernel32.dll", "Return": "0x776cd423", "Status": 0 }
{ "Address": "0x100aa2f", "Opcode": "ff9664a50000", "Opcodesize": 6, "Mnemonic": "call dword ptr [esi + 0xa564]", "PID": 2236, "TID": 2244, "Arguments": [ "Arg1", "IN", "HMODULE", "0xcff64", "0x776a0000", "Arg2", "IN", "LPCSTR", "0xcff68", "GetFileAttributesW" ], "Timesptamp": "00000000.305653", "FunctionName": "GetProcAddress", "ModuleName": "kernel32.dll", "Return": "0x776b1b18", "Status": 0 }
{ "Address": "0x100aa2f", "Opcode": "ff9664a50000", "Opcodesize": 6, "Mnemonic": "call dword ptr [esi + 0xa564]", "PID": 2236, "TID": 2244, "Arguments": [ "Arg1", "IN", "HMODULE", "0xcff64", "0x776a0000", "Arg2", "IN", "LPCSTR", "0xcff68", "GetModuleHandleW" ], "Timesptamp": "00000000.317037", "FunctionName": "GetProcAddress", "ModuleName": "kernel32.dll", "Return": "0x776b34b0", "Status": 0 }
{ "Address": "0x100aa2f", "Opcode": "ff9664a50000", "Opcodesize": 6, "Mnemonic": "call dword ptr [esi + 0xa564]", "PID": 2236, "TID": 2244, "Arguments": [ "Arg1", "IN", "HMODULE", "0xcff64", "0x776a0000", "Arg2", "IN", "LPCSTR", "0xcff68", "GetStdHandle" ], "Timesptamp": "00000000.328148", "FunctionName": "GetProcAddress", "ModuleName": "kernel32.dll", "Return": "0x776b51b3", "Status": 0 }
{ "Address": "0x100aa2f", "Opcode": "ff9664a50000", "Opcodesize": 6, "Mnemonic": "call dword ptr [esi + 0xa564]", "PID": 2236, "TID": 2244, "Arguments": [ "Arg1", "IN", "HMODULE", "0xcff64", "0x776a0000", "Arg2", "IN", "LPCSTR", "0xcff68", "GetFileType" ], "Timesptamp": "00000000.344575", "FunctionName": "GetProcAddress", "ModuleName": "kernel32.dll", "Return": "0x776b3531", "Status": 0 }
{ "Address": "0x100aa2f", "Opcode": "ff9664a50000", "Opcodesize": 6, "Mnemonic": "call dword ptr [esi + 0xa564]", "PID": 2236, "TID": 2244, "Arguments": [ "Arg1", "IN", "HMODULE", "0xcff64", "0x776a0000", "Arg2", "IN", "LPCSTR", "0xcff68", "WriteConsoleW" ], "Timesptamp": "00000000.355689", "FunctionName": "GetProcAddress", "ModuleName": "kernel32.dll", "Return": "0x776d7aca", "Status": 0 }
{ "Address": "0x100aa2f", "Opcode": "ff9664a50000", "Opcodesize": 6, "Mnemonic": "call dword ptr [esi + 0xa564]", "PID": 2236, "TID": 2244, "Arguments": [ "Arg1", "IN", "HMODULE", "0xcff64", "0x776a0000", "Arg2", "IN", "LPCSTR", "0xcff68", "LoadLibraryW" ], "Timesptamp": "00000000.366948", "FunctionName": "GetProcAddress", "ModuleName": "kernel32.dll", "Return": "0x776b492b", "Status": 0 }
{ "Address": "0x100aa2f", "Opcode": "ff9664a50000", "Opcodesize": 6, "Mnemonic": "call dword ptr [esi + 0xa564]", "PID": 2236, "TID": 2244, "Arguments": [ "Arg1", "IN", "HMODULE", "0xcff64", "0x776a0000", "Arg2", "IN", "LPCSTR", "0xcff68", "FreeLibrary" ], "Timesptamp": "00000000.382238", "FunctionName": "GetProcAddress", "ModuleName": "kernel32.dll", "Return": "0x776b34c8", "Status": 0 }
{ "Address": "0x100aa2f", "Opcode": "ff9664a50000", "Opcodesize": 6, "Mnemonic": "call dword ptr [esi + 0xa564]", "PID": 2236, "TID": 2244, "Arguments": [ "Arg1", "IN", "HMODULE", "0xcff64", "0x776a0000", "Arg2", "IN", "LPCSTR", "0xcff68", "SetLastError" ], "Timesptamp": "00000000.394364", "FunctionName": "GetProcAddress", "ModuleName": "kernel32.dll", "Return": "0x776b11a9", "Status": 0 }
{ "Address": "0x100aa2f", "Opcode": "ff9664a50000", "Opcodesize": 6, "Mnemonic": "call dword ptr [esi + 0xa564]", "PID": 2236, "TID": 2244, "Arguments": [ "Arg1", "IN", "HMODULE", "0xcff64", "0x776a0000", "Arg2", "IN", "LPCSTR", "0xcff68", "FindFirstFileW" ], "Timesptamp": "00000000.405592", "FunctionName": "GetProcAddress", "ModuleName": "kernel32.dll", "Return": "0x776b4435", "Status": 0 }
{ "Address": "0x100aa2f", "Opcode": "ff9664a50000", "Opcodesize": 6, "Mnemonic": "call dword ptr [esi + 0xa564]", "PID": 2236, "TID": 2244, "Arguments": [ "Arg1", "IN", "HMODULE", "0xcff64", "0x776a0000", "Arg2", "IN", "LPCSTR", "0xcff68", "FindNextFileW" ], "Timesptamp": "00000000.416903", "FunctionName": "GetProcAddress", "ModuleName": "kernel32.dll", "Return": "0x776b54ee", "Status": 0 }
{ "Address": "0x100aa2f", "Opcode": "ff9664a50000", "Opcodesize": 6, "Mnemonic": "call dword ptr [esi + 0xa564]", "PID": 2236, "TID": 2244, "Arguments": [ "Arg1", "IN", "HMODULE", "0xcff64", "0x776a0000", "Arg2", "IN", "LPCSTR", "0xcff68", "FormatMessageW" ], "Timesptamp": "00000000.437792", "FunctionName": "GetProcAddress", "ModuleName": "kernel32.dll", "Return": "0x776b4620", "Status": 0 }
{ "Address": "0x100aa2f", "Opcode": "ff9664a50000", "Opcodesize": 6, "Mnemonic": "call dword ptr [esi + 0xa564]", "PID": 2236, "TID": 2244, "Arguments": [ "Arg1", "IN", "HMODULE", "0xcff64", "0x776a0000", "Arg2", "IN", "LPCSTR", "0xcff68", "CreateFileW" ], "Timesptamp": "00000000.452845", "FunctionName": "GetProcAddress", "ModuleName": "kernel32.dll", "Return": "0x776b3f5c", "Status": 0 }
{ "Address": "0x100aa2f", "Opcode": "ff9664a50000", "Opcodesize": 6, "Mnemonic": "call dword ptr [esi + 0xa564]", "PID": 2236, "TID": 2244, "Arguments": [ "Arg1", "IN", "HMODULE", "0xcff64", "0x776a0000", "Arg2", "IN", "LPCSTR", "0xcff68", "MultiByteToWideChar" ], "Timesptamp": "00000000.469282", "FunctionName": "GetProcAddress", "ModuleName": "kernel32.dll", "Return": "0x776b192e", "Status": 0 }
{ "Address": "0x100aa2f", "Opcode": "ff9664a50000", "Opcodesize": 6, "Mnemonic": "call dword ptr [esi + 0xa564]", "PID": 2236, "TID": 2244, "Arguments": [ "Arg1", "IN", "HMODULE", "0xcff64", "0x776a0000", "Arg2", "IN", "LPCSTR", "0xcff68", "LocalAlloc" ], "Timesptamp": "00000000.482804", "FunctionName": "GetProcAddress", "ModuleName": "kernel32.dll", "Return": "0x776b168c", "Status": 0 }
{ "Address": "0x100aa2f", "Opcode": "ff9664a50000", "Opcodesize": 6, "Mnemonic": "call dword ptr [esi + 0xa564]", "PID": 2236, "TID": 2244, "Arguments": [ "Arg1", "IN", "HMODULE", "0xcff64", "0x776a0000", "Arg2", "IN", "LPCSTR", "0xcff68", "GetModuleHandleA" ], "Timesptamp": "00000000.505184", "FunctionName": "GetProcAddress", "ModuleName": "kernel32.dll", "Return": "0x776b1245", "Status": 0 }
{ "Address": "0x100aa2f", "Opcode": "ff9664a50000", "Opcodesize": 6, "Mnemonic": "call dword ptr [esi + 0xa564]", "PID": 2236, "TID": 2244, "Arguments": [ "Arg1", "IN", "HMODULE", "0xcff64", "0x776a0000", "Arg2", "IN", "LPCSTR", "0xcff68", "GetLocalTime" ], "Timesptamp": "00000000.516515", "FunctionName": "GetProcAddress", "ModuleName": "kernel32.dll", "Return": "0x776b5aa6", "Status": 0 }
{ "Address": "0x100aa2f", "Opcode": "ff9664a50000", "Opcodesize": 6, "Mnemonic": "call dword ptr [esi + 0xa564]", "PID": 2236, "TID": 2244, "Arguments": [ "Arg1", "IN", "HMODULE", "0xcff64", "0x776a0000", "Arg2", "IN", "LPCSTR", "0xcff68", "GetDateFormatW" ], "Timesptamp": "00000000.527732", "FunctionName": "GetProcAddress", "ModuleName": "kernel32.dll", "Return": "0x776d34d7", "Status": 0 }
{ "Address": "0x100aa2f", "Opcode": "ff9664a50000", "Opcodesize": 6, "Mnemonic": "call dword ptr [esi + 0xa564]", "PID": 2236, "TID": 2244, "Arguments": [ "Arg1", "IN", "HMODULE", "0xcff64", "0x776a0000", "Arg2", "IN", "LPCSTR", "0xcff68", "GetLastError" ], "Timesptamp": "00000000.558989", "FunctionName": "GetProcAddress", "ModuleName": "kernel32.dll", "Return": "0x776b11c0", "Status": 0 }
{ "Address": "0x100aa2f", "Opcode": "ff9664a50000", "Opcodesize": 6, "Mnemonic": "call dword ptr [esi + 0xa564]", "PID": 2236, "TID": 2244, "Arguments": [ "Arg1", "IN", "HMODULE", "0xcff64", "0x776a0000", "Arg2", "IN", "LPCSTR", "0xcff68", "SetFilePointer" ], "Timesptamp": "00000000.570290", "FunctionName": "GetProcAddress", "ModuleName": "kernel32.dll", "Return": "0x776b17d1", "Status": 0 }
{ "Address": "0x100aa2f", "Opcode": "ff9664a50000", "Opcodesize": 6, "Mnemonic": "call dword ptr [esi + 0xa564]", "PID": 2236, "TID": 2244, "Arguments": [ "Arg1", "IN", "HMODULE", "0xcff64", "0x776a0000", "Arg2", "IN", "LPCSTR", "0xcff68", "ReadFile" ], "Timesptamp": "00000000.581818", "FunctionName": "GetProcAddress", "ModuleName": "kernel32.dll", "Return": "0x776b3ed3", "Status": 0 }
{ "Address": "0x100aa2f", "Opcode": "ff9664a50000", "Opcodesize": 6, "Mnemonic": "call dword ptr [esi + 0xa564]", "PID": 2236, "TID": 2244, "Arguments": [ "Arg1", "IN", "HMODULE", "0xcff64", "0x776a0000", "Arg2", "IN", "LPCSTR", "0xcff68", "CloseHandle" ], "Timesptamp": "00000000.592949", "FunctionName": "GetProcAddress", "ModuleName": "kernel32.dll", "Return": "0x776b1410", "Status": 0 }
{ "Address": "0x100aa2f", "Opcode": "ff9664a50000", "Opcodesize": 6, "Mnemonic": "call dword ptr [esi + 0xa564]", "PID": 2236, "TID": 2244, "Arguments": [ "Arg1", "IN", "HMODULE", "0xcff64", "0x776a0000", "Arg2", "IN", "LPCSTR", "0xcff68", "GetTimeFormatW" ], "Timesptamp": "00000000.610264", "FunctionName": "GetProcAddress", "ModuleName": "kernel32.dll", "Return": "0x776cf481", "Status": 0 }
{ "Address": "0x100aa1a", "Opcode": "ff965ca50000", "Opcodesize": 6, "Mnemonic": "call dword ptr [esi + 0xa55c]", "PID": 2236, "TID": 2244, "Arguments": [ "Arg1", "IN", "LPCTSTR", "0xcff68", "msvcrt.dll" ], "Timesptamp": "00000000.621567", "FunctionName": "LoadLibraryA", "ModuleName": "kernel32.dll", "Return": "0x76d00000", "Status": 0 }
{ "Address": "0x100aa2f", "Opcode": "ff9664a50000", "Opcodesize": 6, "Mnemonic": "call dword ptr [esi + 0xa564]", "PID": 2236, "TID": 2244, "Arguments": [ "Arg1", "IN", "HMODULE", "0xcff64", "0x76d00000", "Arg2", "IN", "LPCSTR", "0xcff68", "_except_handler3" ], "Timesptamp": "00000000.634937", "FunctionName": "GetProcAddress", "ModuleName": "kernel32.dll", "Return": "0x76d2d770", "Status": 0 }
{ "Address": "0x100aa2f", "Opcode": "ff9664a50000", "Opcodesize": 6, "Mnemonic": "call dword ptr [esi + 0xa564]", "PID": 2236, "TID": 2244, "Arguments": [ "Arg1", "IN", "HMODULE", "0xcff64", "0x76d00000", "Arg2", "IN", "LPCSTR", "0xcff68", "_controlfp" ], "Timesptamp": "00000000.646322", "FunctionName": "GetProcAddress", "ModuleName": "kernel32.dll", "Return": "0x76d0e1e1", "Status": 0 }
{ "Address": "0x100aa2f", "Opcode": "ff9664a50000", "Opcodesize": 6, "Mnemonic": "call dword ptr [esi + 0xa564]", "PID": 2236, "TID": 2244, "Arguments": [ "Arg1", "IN", "HMODULE", "0xcff64", "0x76d00000", "Arg2", "IN", "LPCSTR", "0xcff68", "__set_app_type" ], "Timesptamp": "00000000.657628", "FunctionName": "GetProcAddress", "ModuleName": "kernel32.dll", "Return": "0x76d12804", "Status": 0 }
{ "Address": "0x100aa2f", "Opcode": "ff9664a50000", "Opcodesize": 6, "Mnemonic": "call dword ptr [esi + 0xa564]", "PID": 2236, "TID": 2244, "Arguments": [ "Arg1", "IN", "HMODULE", "0xcff64", "0x76d00000", "Arg2", "IN", "LPCSTR", "0xcff68", "__p__fmode" ], "Timesptamp": "00000000.668989", "FunctionName": "GetProcAddress", "ModuleName": "kernel32.dll", "Return": "0x76d127ce", "Status": 0 }
{ "Address": "0x100aa2f", "Opcode": "ff9664a50000", "Opcodesize": 6, "Mnemonic": "call dword ptr [esi + 0xa564]", "PID": 2236, "TID": 2244, "Arguments": [ "Arg1", "IN", "HMODULE", "0xcff64", "0x76d00000", "Arg2", "IN", "LPCSTR", "0xcff68", "strstr" ], "Timesptamp": "00000000.680310", "FunctionName": "GetProcAddress", "ModuleName": "kernel32.dll", "Return": "0x76d0de4a", "Status": 0 }
{ "Address": "0x100aa2f", "Opcode": "ff9664a50000", "Opcodesize": 6, "Mnemonic": "call dword ptr [esi + 0xa564]", "PID": 2236, "TID": 2244, "Arguments": [ "Arg1", "IN", "HMODULE", "0xcff64", "0x76d00000", "Arg2", "IN", "LPCSTR", "0xcff68", "_wcslwr" ], "Timesptamp": "00000000.691703", "FunctionName": "GetProcAddress", "ModuleName": "kernel32.dll", "Return": "0x76d0fb25", "Status": 0 }
{ "Address": "0x100aa2f", "Opcode": "ff9664a50000", "Opcodesize": 6, "Mnemonic": "call dword ptr [esi + 0xa564]", "PID": 2236, "TID": 2244, "Arguments": [ "Arg1", "IN", "HMODULE", "0xcff64", "0x76d00000", "Arg2", "IN", "LPCSTR", "0xcff68", "realloc" ], "Timesptamp": "00000000.708024", "FunctionName": "GetProcAddress", "ModuleName": "kernel32.dll", "Return": "0x76d0b10d", "Status": 0 }
{ "Address": "0x100aa2f", "Opcode": "ff9664a50000", "Opcodesize": 6, "Mnemonic": "call dword ptr [esi + 0xa564]", "PID": 2236, "TID": 2244, "Arguments": [ "Arg1", "IN", "HMODULE", "0xcff64", "0x76d00000", "Arg2", "IN", "LPCSTR", "0xcff68", "malloc" ], "Timesptamp": "00000000.719391", "FunctionName": "GetProcAddress", "ModuleName": "kernel32.dll", "Return": "0x76d09cee", "Status": 0 }
{ "Address": "0x100aa2f", "Opcode": "ff9664a50000", "Opcodesize": 6, "Mnemonic": "call dword ptr [esi + 0xa564]", "PID": 2236, "TID": 2244, "Arguments": [ "Arg1", "IN", "HMODULE", "0xcff64", "0x76d00000", "Arg2", "IN", "LPCSTR", "0xcff68", "_isatty" ], "Timesptamp": "00000000.730671", "FunctionName": "GetProcAddress", "ModuleName": "kernel32.dll", "Return": "0x76d0f383", "Status": 0 }
{ "Address": "0x100aa2f", "Opcode": "ff9664a50000", "Opcodesize": 6, "Mnemonic": "call dword ptr [esi + 0xa564]", "PID": 2236, "TID": 2244, "Arguments": [ "Arg1", "IN", "HMODULE", "0xcff64", "0x76d00000", "Arg2", "IN", "LPCSTR", "0xcff68", "_iob" ], "Timesptamp": "00000000.742001", "FunctionName": "GetProcAddress", "ModuleName": "kernel32.dll", "Return": "0x76da2900", "Status": 0 }
{ "Address": "0x100aa2f", "Opcode": "ff9664a50000", "Opcodesize": 6, "Mnemonic": "call dword ptr [esi + 0xa564]", "PID": 2236, "TID": 2244, "Arguments": [ "Arg1", "IN", "HMODULE", "0xcff64", "0x76d00000", "Arg2", "IN", "LPCSTR", "0xcff68", "wcscat" ], "Timesptamp": "00000000.753356", "FunctionName": "GetProcAddress", "ModuleName": "kernel32.dll", "Return": "0x76d80ea6", "Status": 0 }
{ "Address": "0x100aa2f", "Opcode": "ff9664a50000", "Opcodesize": 6, "Mnemonic": "call dword ptr [esi + 0xa564]", "PID": 2236, "TID": 2244, "Arguments": [ "Arg1", "IN", "HMODULE", "0xcff64", "0x76d00000", "Arg2", "IN", "LPCSTR", "0xcff68", "_snwprintf" ], "Timesptamp": "00000000.764612", "FunctionName": "GetProcAddress", "ModuleName": "kernel32.dll", "Return": "0x76d295d1", "Status": 0 }
{ "Address": "0x100aa2f", "Opcode": "ff9664a50000", "Opcodesize": 6, "Mnemonic": "call dword ptr [esi + 0xa564]", "PID": 2236, "TID": 2244, "Arguments": [ "Arg1", "IN", "HMODULE", "0xcff64", "0x76d00000", "Arg2", "IN", "LPCSTR", "0xcff68", "setlocale" ], "Timesptamp": "00000000.775952", "FunctionName": "GetProcAddress", "ModuleName": "kernel32.dll", "Return": "0x76d15286", "Status": 0 }
{ "Address": "0x100aa2f", "Opcode": "ff9664a50000", "Opcodesize": 6, "Mnemonic": "call dword ptr [esi + 0xa564]", "PID": 2236, "TID": 2244, "Arguments": [ "Arg1", "IN", "HMODULE", "0xcff64", "0x76d00000", "Arg2", "IN", "LPCSTR", "0xcff68", "_c_exit" ], "Timesptamp": "00000000.787418", "FunctionName": "GetProcAddress", "ModuleName": "kernel32.dll", "Return": "0x76d6b2db", "Status": 0 }
{ "Address": "0x100aa2f", "Opcode": "ff9664a50000", "Opcodesize": 6, "Mnemonic": "call dword ptr [esi + 0xa564]", "PID": 2236, "TID": 2244, "Arguments": [ "Arg1", "IN", "HMODULE", "0xcff64", "0x76d00000", "Arg2", "IN", "LPCSTR", "0xcff68", "_exit" ], "Timesptamp": "00000000.798851", "FunctionName": "GetProcAddress", "ModuleName": "kernel32.dll", "Return": "0x76d6b2c0", "Status": 0 }
{ "Address": "0x100aa2f", "Opcode": "ff9664a50000", "Opcodesize": 6, "Mnemonic": "call dword ptr [esi + 0xa564]", "PID": 2236, "TID": 2244, "Arguments": [ "Arg1", "IN", "HMODULE", "0xcff64", "0x76d00000", "Arg2", "IN", "LPCSTR", "0xcff68", "_XcptFilter" ], "Timesptamp": "00000000.810029", "FunctionName": "GetProcAddress", "ModuleName": "kernel32.dll", "Return": "0x76d2dc75", "Status": 0 }
{ "Address": "0x100aa2f", "Opcode": "ff9664a50000", "Opcodesize": 6, "Mnemonic": "call dword ptr [esi + 0xa564]", "PID": 2236, "TID": 2244, "Arguments": [ "Arg1", "IN", "HMODULE", "0xcff64", "0x76d00000", "Arg2", "IN", "LPCSTR", "0xcff68", "_cexit" ], "Timesptamp": "00000000.821383", "FunctionName": "GetProcAddress", "ModuleName": "kernel32.dll", "Return": "0x76d137d4", "Status": 0 }
{ "Address": "0x100aa2f", "Opcode": "ff9664a50000", "Opcodesize": 6, "Mnemonic": "call dword ptr [esi + 0xa564]", "PID": 2236, "TID": 2244, "Arguments": [ "Arg1", "IN", "HMODULE", "0xcff64", "0x76d00000", "Arg2", "IN", "LPCSTR", "0xcff68", "exit" ], "Timesptamp": "00000000.832717", "FunctionName": "GetProcAddress", "ModuleName": "kernel32.dll", "Return": "0x76d136aa", "Status": 0 }
{ "Address": "0x100aa2f", "Opcode": "ff9664a50000", "Opcodesize": 6, "Mnemonic": "call dword ptr [esi + 0xa564]", "PID": 2236, "TID": 2244, "Arguments": [ "Arg1", "IN", "HMODULE", "0xcff64", "0x76d00000", "Arg2", "IN", "LPCSTR", "0xcff68", "__initenv" ], "Timesptamp": "00000000.844090", "FunctionName": "GetProcAddress", "ModuleName": "kernel32.dll", "Return": "0x76da04e8", "Status": 0 }
{ "Address": "0x100aa2f", "Opcode": "ff9664a50000", "Opcodesize": 6, "Mnemonic": "call dword ptr [esi + 0xa564]", "PID": 2236, "TID": 2244, "Arguments": [ "Arg1", "IN", "HMODULE", "0xcff64", "0x76d00000", "Arg2", "IN", "LPCSTR", "0xcff68", "__getmainargs" ], "Timesptamp": "00000000.855412", "FunctionName": "GetProcAddress", "ModuleName": "kernel32.dll", "Return": "0x76d12bc0", "Status": 0 }
{ "Address": "0x100aa2f", "Opcode": "ff9664a50000", "Opcodesize": 6, "Mnemonic": "call dword ptr [esi + 0xa564]", "PID": 2236, "TID": 2244, "Arguments": [ "Arg1", "IN", "HMODULE", "0xcff64", "0x76d00000", "Arg2", "IN", "LPCSTR", "0xcff68", "_initterm" ], "Timesptamp": "00000000.866794", "FunctionName": "GetProcAddress", "ModuleName": "kernel32.dll", "Return": "0x76d0c151", "Status": 0 }
{ "Address": "0x100aa2f", "Opcode": "ff9664a50000", "Opcodesize": 6, "Mnemonic": "call dword ptr [esi + 0xa564]", "PID": 2236, "TID": 2244, "Arguments": [ "Arg1", "IN", "HMODULE", "0xcff64", "0x76d00000", "Arg2", "IN", "LPCSTR", "0xcff68", "wcslen" ], "Timesptamp": "00000000.878408", "FunctionName": "GetProcAddress", "ModuleName": "kernel32.dll", "Return": "0x76d1d335", "Status": 0 }
{ "Address": "0x100aa2f", "Opcode": "ff9664a50000", "Opcodesize": 6, "Mnemonic": "call dword ptr [esi + 0xa564]", "PID": 2236, "TID": 2244, "Arguments": [ "Arg1", "IN", "HMODULE", "0xcff64", "0x76d00000", "Arg2", "IN", "LPCSTR", "0xcff68", "free" ], "Timesptamp": "00000000.889743", "FunctionName": "GetProcAddress", "ModuleName": "kernel32.dll", "Return": "0x76d09894", "Status": 0 }
{ "Address": "0x100aa2f", "Opcode": "ff9664a50000", "Opcodesize": 6, "Mnemonic": "call dword ptr [esi + 0xa564]", "PID": 2236, "TID": 2244, "Arguments": [ "Arg1", "IN", "HMODULE", "0xcff64", "0x76d00000", "Arg2", "IN", "LPCSTR", "0xcff68", "fprintf" ], "Timesptamp": "00000000.897586", "FunctionName": "GetProcAddress", "ModuleName": "kernel32.dll", "Return": "0x76d13e00", "Status": 0 }
{ "Address": "0x100aa2f", "Opcode": "ff9664a50000", "Opcodesize": 6, "Mnemonic": "call dword ptr [esi + 0xa564]", "PID": 2236, "TID": 2244, "Arguments": [ "Arg1", "IN", "HMODULE", "0xcff64", "0x76d00000", "Arg2", "IN", "LPCSTR", "0xcff68", "fgets" ], "Timesptamp": "00000000.904922", "FunctionName": "GetProcAddress", "ModuleName": "kernel32.dll", "Return": "0x76d24589", "Status": 0 }
{ "Address": "0x100aa2f", "Opcode": "ff9664a50000", "Opcodesize": 6, "Mnemonic": "call dword ptr [esi + 0xa564]", "PID": 2236, "TID": 2244, "Arguments": [ "Arg1", "IN", "HMODULE", "0xcff64", "0x76d00000", "Arg2", "IN", "LPCSTR", "0xcff68", "vfwprintf" ], "Timesptamp": "00000000.912830", "FunctionName": "GetProcAddress", "ModuleName": "kernel32.dll", "Return": "0x76d1af80", "Status": 0 }
{ "Address": "0x100aa2f", "Opcode": "ff9664a50000", "Opcodesize": 6, "Mnemonic": "call dword ptr [esi + 0xa564]", "PID": 2236, "TID": 2244, "Arguments": [ "Arg1", "IN", "HMODULE", "0xcff64", "0x76d00000", "Arg2", "IN", "LPCSTR", "0xcff68", "vswprintf" ], "Timesptamp": "00000000.920713", "FunctionName": "GetProcAddress", "ModuleName": "kernel32.dll", "Return": "0x76d77778", "Status": 0 }
{ "Address": "0x100aa2f", "Opcode": "ff9664a50000", "Opcodesize": 6, "Mnemonic": "call dword ptr [esi + 0xa564]", "PID": 2236, "TID": 2244, "Arguments": [ "Arg1", "IN", "HMODULE", "0xcff64", "0x76d00000", "Arg2", "IN", "LPCSTR", "0xcff68", "fwprintf" ], "Timesptamp": "00000000.928992", "FunctionName": "GetProcAddress", "ModuleName": "kernel32.dll", "Return": "0x76d26ef7", "Status": 0 }
{ "Address": "0x100aa2f", "Opcode": "ff9664a50000", "Opcodesize": 6, "Mnemonic": "call dword ptr [esi + 0xa564]", "PID": 2236, "TID": 2244, "Arguments": [ "Arg1", "IN", "HMODULE", "0xcff64", "0x76d00000", "Arg2", "IN", "LPCSTR", "0xcff68", "_wcsdup" ], "Timesptamp": "00000000.936934", "FunctionName": "GetProcAddress", "ModuleName": "kernel32.dll", "Return": "0x76d0fa01", "Status": 0 }
{ "Address": "0x100aa2f", "Opcode": "ff9664a50000", "Opcodesize": 6, "Mnemonic": "call dword ptr [esi + 0xa564]", "PID": 2236, "TID": 2244, "Arguments": [ "Arg1", "IN", "HMODULE", "0xcff64", "0x76d00000", "Arg2", "IN", "LPCSTR", "0xcff68", "__p__commode" ], "Timesptamp": "00000000.949096", "FunctionName": "GetProcAddress", "ModuleName": "kernel32.dll", "Return": "0x76d127c3", "Status": 0 }
{ "Address": "0x100aa2f", "Opcode": "ff9664a50000", "Opcodesize": 6, "Mnemonic": "call dword ptr [esi + 0xa564]", "PID": 2236, "TID": 2244, "Arguments": [ "Arg1", "IN", "HMODULE", "0xcff64", "0x76d00000", "Arg2", "IN", "LPCSTR", "0xcff68", "_adjust_fdiv" ], "Timesptamp": "00000000.960446", "FunctionName": "GetProcAddress", "ModuleName": "kernel32.dll", "Return": "0x76da32ec", "Status": 0 }
{ "Address": "0x100aa2f", "Opcode": "ff9664a50000", "Opcodesize": 6, "Mnemonic": "call dword ptr [esi + 0xa564]", "PID": 2236, "TID": 2244, "Arguments": [ "Arg1", "IN", "HMODULE", "0xcff64", "0x76d00000", "Arg2", "IN", "LPCSTR", "0xcff68", "__setusermatherr" ], "Timesptamp": "00000000.971976", "FunctionName": "GetProcAddress", "ModuleName": "kernel32.dll", "Return": "0x76d977ad", "Status": 0 }
{ "Address": "0x100aa1a", "Opcode": "ff965ca50000", "Opcodesize": 6, "Mnemonic": "call dword ptr [esi + 0xa55c]", "PID": 2236, "TID": 2244, "Arguments": [ "Arg1", "IN", "LPCTSTR", "0xcff68", "ntdll.dll" ], "Timesptamp": "00000000.983189", "FunctionName": "LoadLibraryA", "ModuleName": "kernel32.dll", "Return": "0x77d10000", "Status": 0 }
{ "Address": "0x100aa2f", "Opcode": "ff9664a50000", "Opcodesize": 6, "Mnemonic": "call dword ptr [esi + 0xa564]", "PID": 2236, "TID": 2244, "Arguments": [ "Arg1", "IN", "HMODULE", "0xcff64", "0x77d10000", "Arg2", "IN", "LPCSTR", "0xcff68", "memmove" ], "Timesptamp": "00000001.000483", "FunctionName": "GetProcAddress", "ModuleName": "kernel32.dll", "Return": "0x77d48f50", "Status": 0 }
{ "Address": "0x100aa2f", "Opcode": "ff9664a50000", "Opcodesize": 6, "Mnemonic": "call dword ptr [esi + 0xa564]", "PID": 2236, "TID": 2244, "Arguments": [ "Arg1", "IN", "HMODULE", "0xcff64", "0x77d10000", "Arg2", "IN", "LPCSTR", "0xcff68", "wcstoul" ], "Timesptamp": "00000001.011865", "FunctionName": "GetProcAddress", "ModuleName": "kernel32.dll", "Return": "0x77de5816", "Status": 0 }
{ "Address": "0x100aa2f", "Opcode": "ff9664a50000", "Opcodesize": 6, "Mnemonic": "call dword ptr [esi + 0xa564]", "PID": 2236, "TID": 2244, "Arguments": [ "Arg1", "IN", "HMODULE", "0xcff64", "0x77d10000", "Arg2", "IN", "LPCSTR", "0xcff68", "wcscmp" ], "Timesptamp": "00000001.023351", "FunctionName": "GetProcAddress", "ModuleName": "kernel32.dll", "Return": "0x77d424c4", "Status": 0 }
{ "Address": "0x100aa2f", "Opcode": "ff9664a50000", "Opcodesize": 6, "Mnemonic": "call dword ptr [esi + 0xa564]", "PID": 2236, "TID": 2244, "Arguments": [ "Arg1", "IN", "HMODULE", "0xcff64", "0x77d10000", "Arg2", "IN", "LPCSTR", "0xcff68", "VerSetConditionMask" ], "Timesptamp": "00000001.035361", "FunctionName": "GetProcAddress", "ModuleName": "kernel32.dll", "Return": "0x77d892b9", "Status": 0 }
{ "Address": "0x100aa2f", "Opcode": "ff9664a50000", "Opcodesize": 6, "Mnemonic": "call dword ptr [esi + 0xa564]", "PID": 2236, "TID": 2244, "Arguments": [ "Arg1", "IN", "HMODULE", "0xcff64", "0x77d10000", "Arg2", "IN", "LPCSTR", "0xcff68", "_ultoa" ], "Timesptamp": "00000001.046932", "FunctionName": "GetProcAddress", "ModuleName": "kernel32.dll", "Return": "0x77d822db", "Status": 0 }
{ "Address": "0x100aa2f", "Opcode": "ff9664a50000", "Opcodesize": 6, "Mnemonic": "call dword ptr [esi + 0xa564]", "PID": 2236, "TID": 2244, "Arguments": [ "Arg1", "IN", "HMODULE", "0xcff64", "0x77d10000", "Arg2", "IN", "LPCSTR", "0xcff68", "wcschr" ], "Timesptamp": "00000001.058309", "FunctionName": "GetProcAddress", "ModuleName": "kernel32.dll", "Return": "0x77d47f1c", "Status": 0 }
{ "Address": "0x100aa2f", "Opcode": "ff9664a50000", "Opcodesize": 6, "Mnemonic": "call dword ptr [esi + 0xa564]", "PID": 2236, "TID": 2244, "Arguments": [ "Arg1", "IN", "HMODULE", "0xcff64", "0x77d10000", "Arg2", "IN", "LPCSTR", "0xcff68", "mbstowcs" ], "Timesptamp": "00000001.069879", "FunctionName": "GetProcAddress", "ModuleName": "kernel32.dll", "Return": "0x77d8a152", "Status": 0 }
{ "Address": "0x100aa2f", "Opcode": "ff9664a50000", "Opcodesize": 6, "Mnemonic": "call dword ptr [esi + 0xa564]", "PID": 2236, "TID": 2244, "Arguments": [ "Arg1", "IN", "HMODULE", "0xcff64", "0x77d10000", "Arg2", "IN", "LPCSTR", "0xcff68", "wcscpy" ], "Timesptamp": "00000001.081325", "FunctionName": "GetProcAddress", "ModuleName": "kernel32.dll", "Return": "0x77de56cd", "Status": 0 }
{ "Address": "0x100aa2f", "Opcode": "ff9664a50000", "Opcodesize": 6, "Mnemonic": "call dword ptr [esi + 0xa564]", "PID": 2236, "TID": 2244, "Arguments": [ "Arg1", "IN", "HMODULE", "0xcff64", "0x77d10000", "Arg2", "IN", "LPCSTR", "0xcff68", "_wcsnicmp" ], "Timesptamp": "00000001.092701", "FunctionName": "GetProcAddress", "ModuleName": "kernel32.dll", "Return": "0x77d3f63b", "Status": 0 }
{ "Address": "0x100aa2f", "Opcode": "ff9664a50000", "Opcodesize": 6, "Mnemonic": "call dword ptr [esi + 0xa564]", "PID": 2236, "TID": 2244, "Arguments": [ "Arg1", "IN", "HMODULE", "0xcff64", "0x77d10000", "Arg2", "IN", "LPCSTR", "0xcff68", "iswdigit" ], "Timesptamp": "00000001.104311", "FunctionName": "GetProcAddress", "ModuleName": "kernel32.dll", "Return": "0x77d71121", "Status": 0 }
{ "Address": "0x100aa2f", "Opcode": "ff9664a50000", "Opcodesize": 6, "Mnemonic": "call dword ptr [esi + 0xa564]", "PID": 2236, "TID": 2244, "Arguments": [ "Arg1", "IN", "HMODULE", "0xcff64", "0x77d10000", "Arg2", "IN", "LPCSTR", "0xcff68", "wcstol" ], "Timesptamp": "00000001.115786", "FunctionName": "GetProcAddress", "ModuleName": "kernel32.dll", "Return": "0x77d5b4ca", "Status": 0 }
{ "Address": "0x100aa2f", "Opcode": "ff9664a50000", "Opcodesize": 6, "Mnemonic": "call dword ptr [esi + 0xa564]", "PID": 2236, "TID": 2244, "Arguments": [ "Arg1", "IN", "HMODULE", "0xcff64", "0x77d10000", "Arg2", "IN", "LPCSTR", "0xcff68", "wcsncpy" ], "Timesptamp": "00000001.127276", "FunctionName": "GetProcAddress", "ModuleName": "kernel32.dll", "Return": "0x77de5755", "Status": 0 }
{ "Address": "0x100aa1a", "Opcode": "ff965ca50000", "Opcodesize": 6, "Mnemonic": "call dword ptr [esi + 0xa55c]", "PID": 2236, "TID": 2244, "Arguments": [ "Arg1", "IN", "LPCTSTR", "0xcff68", "USER32.dll" ], "Timesptamp": "00000001.138572", "FunctionName": "LoadLibraryA", "ModuleName": "kernel32.dll", "Return": "0x76db0000", "Status": 0 }
{ "Address": "0x100aa2f", "Opcode": "ff9664a50000", "Opcodesize": 6, "Mnemonic": "call dword ptr [esi + 0xa564]", "PID": 2236, "TID": 2244, "Arguments": [ "Arg1", "IN", "HMODULE", "0xcff64", "0x76db0000", "Arg2", "IN", "LPCSTR", "0xcff68", "LoadStringW" ], "Timesptamp": "00000001.152044", "FunctionName": "GetProcAddress", "ModuleName": "kernel32.dll", "Return": "0x76dc8eb9", "Status": 0 }
{ "Address": "0x100aa1a", "Opcode": "ff965ca50000", "Opcodesize": 6, "Mnemonic": "call dword ptr [esi + 0xa55c]", "PID": 2236, "TID": 2244, "Arguments": [ "Arg1", "IN", "LPCTSTR", "0xcff68", "WINSTA.dll" ], "Timesptamp": "00000001.163507", "FunctionName": "LoadLibraryA", "ModuleName": "kernel32.dll", "Return": "0x74dd0000", "Status": 0 }
{ "Address": "0x100aa2f", "Opcode": "ff9664a50000", "Opcodesize": 6, "Mnemonic": "call dword ptr [esi + 0xa564]", "PID": 2236, "TID": 2244, "Arguments": [ "Arg1", "IN", "HMODULE", "0xcff64", "0x74dd0000", "Arg2", "IN", "LPCSTR", "0xcff68", "WinStationQueryInformationW" ], "Timesptamp": "00000001.177322", "FunctionName": "GetProcAddress", "ModuleName": "kernel32.dll", "Return": "0x74dd3ae5", "Status": 0 }
{ "Address": "0x100aa2f", "Opcode": "ff9664a50000", "Opcodesize": 6, "Mnemonic": "call dword ptr [esi + 0xa564]", "PID": 2236, "TID": 2244, "Arguments": [ "Arg1", "IN", "HMODULE", "0xcff64", "0x74dd0000", "Arg2", "IN", "LPCSTR", "0xcff68", "WinStationOpenServerW" ], "Timesptamp": "00000001.192896", "FunctionName": "GetProcAddress", "ModuleName": "kernel32.dll", "Return": "0x74dd9c4d", "Status": 0 }
{ "Address": "0x100aa2f", "Opcode": "ff9664a50000", "Opcodesize": 6, "Mnemonic": "call dword ptr [esi + 0xa564]", "PID": 2236, "TID": 2244, "Arguments": [ "Arg1", "IN", "HMODULE", "0xcff64", "0x74dd0000", "Arg2", "IN", "LPCSTR", "0xcff68", "WinStationEnumerateW" ], "Timesptamp": "00000001.204633", "FunctionName": "GetProcAddress", "ModuleName": "kernel32.dll", "Return": "0x74dd56ed", "Status": 0 }
{ "Address": "0x100aa2f", "Opcode": "ff9664a50000", "Opcodesize": 6, "Mnemonic": "call dword ptr [esi + 0xa564]", "PID": 2236, "TID": 2244, "Arguments": [ "Arg1", "IN", "HMODULE", "0xcff64", "0x74dd0000", "Arg2", "IN", "LPCSTR", "0xcff68", "WinStationFreeMemory" ], "Timesptamp": "00000001.215947", "FunctionName": "GetProcAddress", "ModuleName": "kernel32.dll", "Return": "0x74dd5a9f", "Status": 0 }
{ "Address": "0x100aa2f", "Opcode": "ff9664a50000", "Opcodesize": 6, "Mnemonic": "call dword ptr [esi + 0xa564]", "PID": 2236, "TID": 2244, "Arguments": [ "Arg1", "IN", "HMODULE", "0xcff64", "0x74dd0000", "Arg2", "IN", "LPCSTR", "0xcff68", "WinStationSendMessageW" ], "Timesptamp": "00000001.227560", "FunctionName": "GetProcAddress", "ModuleName": "kernel32.dll", "Return": "0x74de5590", "Status": 0 }
{ "Address": "0x100aa5d", "Opcode": "ffd5", "Opcodesize": 2, "Mnemonic": "call ebp", "PID": 2236, "TID": 2244, "Arguments": [ "Arg1", "IN", "LPVOID", "0xcff58", "0x1000000", "Arg2", "IN", "SIZE_T", "0xcff5c", "0x1000", "Arg3", "IN", "DWORD", "0xcff60", "0x4", "Arg4", "OUT", "PDWORD", "0xcff64", "0xcff68" ], "Timesptamp": "00000001.239883", "FunctionName": "VirtualProtect", "ModuleName": "kernel32.dll", "Return": "TRUE", "Output1": [ "0xcff68", "0x2" ], "Status": 0 }
{ "Address": "0x100aa72", "Opcode": "ffd5", "Opcodesize": 2, "Mnemonic": "call ebp", "PID": 2236, "TID": 2244, "Arguments": [ "Arg1", "IN", "LPVOID", "0xcff58", "0x1000000", "Arg2", "IN", "SIZE_T", "0xcff5c", "0x1000", "Arg3", "IN", "DWORD", "0xcff60", "0x2", "Arg4", "OUT", "PDWORD", "0xcff64", "0xcff68" ], "Timesptamp": "00000001.251873", "FunctionName": "VirtualProtect", "ModuleName": "kernel32.dll", "Return": "TRUE", "Output1": [ "0xcff68", "0x4" ], "Status": 0 }
{ "Address": "0x1001e2f", "Opcode": "ff1544100001", "Opcodesize": 6, "Mnemonic": "call dword ptr [0x1001044]", "PID": 2236, "TID": 2244, "Arguments": [ "Arg1", "IN", "LPCTSTR", "0xcff40", "\"\"" ], "Timesptamp": "00000001.263482", "FunctionName": "GetModuleHandleA", "ModuleName": "kernel32.dll", "Return": "0x1000000", "Status": 0 }
{ "Address": "0x1001ea1", "Opcode": "ff1594100001", "Opcodesize": 6, "Mnemonic": "call dword ptr [0x1001094]", "PID": 2236, "TID": 2244, "Arguments": [ ], "Timesptamp": "00000001.287602", "FunctionName": "__p__fmode", "ModuleName": "msvcrt.dll", "Return": "0x76da31f4", "Status": 0 }
{ "Address": "0x1001eaf", "Opcode": "ff15fc100001", "Opcodesize": 6, "Mnemonic": "call dword ptr [0x10010fc]", "PID": 2236, "TID": 2244, "Arguments": [ ], "Timesptamp": "00000001.299104", "FunctionName": "__p__commode", "ModuleName": "msvcrt.dll", "Return": "0x76da31fc", "Status": 0 }
{ "Address": "0x1001fb0", "Opcode": "e851000000", "Opcodesize": 5, "Mnemonic": "call 0x1002006", "PID": 2236, "TID": 2244, "Functionname": "_controlfp", "Dllname": "msvcrt.dll", "Status": 1 }
{ "Address": "0x1001ef1", "Opcode": "e8aa000000", "Opcodesize": 5, "Mnemonic": "call 0x1001fa0", "PID": 2236, "TID": 2244, "Functionname": "_initterm", "Dllname": "msvcrt.dll", "Status": 1 }
{ "Address": "0x1001f14", "Opcode": "ff15d4100001", "Opcodesize": 6, "Mnemonic": "call dword ptr [0x10010d4]", "PID": 2236, "TID": 2244, "Functionname": "__getmainargs", "Dllname": "msvcrt.dll", "Status": 1 }
{ "Address": "0x1001f27", "Opcode": "e874000000", "Opcodesize": 5, "Mnemonic": "call 0x1001fa0", "PID": 2236, "TID": 2244, "Functionname": "_initterm", "Dllname": "msvcrt.dll", "Status": 1 }
{ "Address": "0x1001a56", "Opcode": "ff15b8100001", "Opcodesize": 6, "Mnemonic": "call dword ptr [0x10010b8]", "PID": 2236, "TID": 2244, "Functionname": "setlocale", "Dllname": "msvcrt.dll", "Status": 1 }
{ "Address": "0x1002f04", "Opcode": "ff1500100001", "Opcodesize": 6, "Mnemonic": "call dword ptr [0x1001000]", "PID": 2236, "TID": 2244, "Arguments": [ ], "Timesptamp": "00000001.378373", "FunctionName": "GetCommandLineW", "ModuleName": "kernel32.dll", "Return": "\\Users\\lhs\\Exec\\upx_3_msg.exe ", "Status": 0 }
{ "Address": "0x1002f1e", "Opcode": "ff1540100001", "Opcodesize": 6, "Mnemonic": "call dword ptr [0x1001040]", "PID": 2236, "TID": 2244, "Arguments": [ "Arg1", "IN", "UINT", "0xcfd8c", "0x40", "Arg2", "IN", "SIZE_T", "0xcfd90", "0x8" ], "Timesptamp": "00000001.390640", "FunctionName": "LocalAlloc", "ModuleName": "kernel32.dll", "Return": "0x1a14d0", "Status": 0 }
{ "Address": "0x10030c8", "Opcode": "ff1540100001", "Opcodesize": 6, "Mnemonic": "call dword ptr [0x1001040]", "PID": 2236, "TID": 2244, "Arguments": [ "Arg1", "IN", "UINT", "0xcfd8c", "0x40", "Arg2", "IN", "SIZE_T", "0xcfd90", "0x3c" ], "Timesptamp": "00000001.402599", "FunctionName": "LocalAlloc", "ModuleName": "kernel32.dll", "Return": "0x1a2138", "Status": 0 }
{ "Address": "0x10025d5", "Opcode": "ff1568100001", "Opcodesize": 6, "Mnemonic": "call dword ptr [0x1001068]", "PID": 2236, "TID": 2244, "Arguments": [ "Arg1", "IN", "HINSTANCE", "0xcf7b8", "0x0", "Arg2", "IN", "UINT", "0xcf7bc", "0xdd", "Arg3", "OUT", "LPWSTR", "0xcf7c0", "0xcfbc8", "Arg4", "IN", "INT", "0xcf7c4", "0x100" ], "Timesptamp": "00000001.421389", "FunctionName": "LoadStringW", "ModuleName": "user32.dll", "Return": "0x26", "Output1": [ "0xcfbc8", "Envoi d'un message . un utilisateur..." ], "Status": 0 }
{ "Address": "0x10023a5", "Opcode": "ff1514100001", "Opcodesize": 6, "Mnemonic": "call dword ptr [0x1001014]", "PID": 2236, "TID": 2244, "Arguments": [ "Arg1", "IN", "DWORD", "0xcef98", "0xfffffff5" ], "Timesptamp": "00000001.455187", "FunctionName": "GetStdHandle", "ModuleName": "kernel32.dll", "Return": "0x7", "Status": 0 }
{ "Address": "0x10023ae", "Opcode": "ff1518100001", "Opcodesize": 6, "Mnemonic": "call dword ptr [0x1001018]", "PID": 2236, "TID": 2244, "Arguments": [ "Arg1", "IN", "HANDLE", "0xcef98", "0x7" ], "Timesptamp": "00000001.466984", "FunctionName": "GetFileType", "ModuleName": "kernel32.dll", "Return": "0x2", "Status": 0 }
{ "Address": "0x10025d5", "Opcode": "ff1568100001", "Opcodesize": 6, "Mnemonic": "call dword ptr [0x1001068]", "PID": 2236, "TID": 2244, "Arguments": [ "Arg1", "IN", "HINSTANCE", "0xcf7b4", "0x0", "Arg2", "IN", "UINT", "0xcf7b8", "0xde", "Arg3", "OUT", "LPWSTR", "0xcf7bc", "0xcfbc4", "Arg4", "IN", "INT", "0xcf7c0", "0x100" ], "Timesptamp": "00000001.514031", "FunctionName": "LoadStringW", "ModuleName": "user32.dll", "Return": "0x3c", "Output1": [ "0xcfbc4", "MSG {utilisateur | session | id_session | @nom_fichier | *}." ], "Status": 0 }
{ "Address": "0x10023a5", "Opcode": "ff1514100001", "Opcodesize": 6, "Mnemonic": "call dword ptr [0x1001014]", "PID": 2236, "TID": 2244, "Arguments": [ "Arg1", "IN", "DWORD", "0xcef94", "0xfffffff5" ], "Timesptamp": "00000001.536726", "FunctionName": "GetStdHandle", "ModuleName": "kernel32.dll", "Return": "0x7", "Status": 0 }
{ "Address": "0x10023ae", "Opcode": "ff1518100001", "Opcodesize": 6, "Mnemonic": "call dword ptr [0x1001018]", "PID": 2236, "TID": 2244, "Arguments": [ "Arg1", "IN", "HANDLE", "0xcef94", "0x7" ], "Timesptamp": "00000001.548702", "FunctionName": "GetFileType", "ModuleName": "kernel32.dll", "Return": "0x2", "Status": 0 }
{ "Address": "0x10025d5", "Opcode": "ff1568100001", "Opcodesize": 6, "Mnemonic": "call dword ptr [0x1001068]", "PID": 2236, "TID": 2244, "Arguments": [ "Arg1", "IN", "HINSTANCE", "0xcf7b0", "0x0", "Arg2", "IN", "UINT", "0xcf7b4", "0xdf", "Arg3", "OUT", "LPWSTR", "0xcf7b8", "0xcfbc0", "Arg4", "IN", "INT", "0xcf7bc", "0x100" ], "Timesptamp": "00000001.585447", "FunctionName": "LoadStringW", "ModuleName": "user32.dll", "Return": "0x3c", "Output1": [ "0xcfbc0", "    [\/SERVER:serveur] [\/TIME:secondes] [\/V] [\/W] [message].." ], "Status": 0 }
{ "Address": "0x10023a5", "Opcode": "ff1514100001", "Opcodesize": 6, "Mnemonic": "call dword ptr [0x1001014]", "PID": 2236, "TID": 2244, "Arguments": [ "Arg1", "IN", "DWORD", "0xcef90", "0xfffffff5" ], "Timesptamp": "00000001.609821", "FunctionName": "GetStdHandle", "ModuleName": "kernel32.dll", "Return": "0x7", "Status": 0 }
{ "Address": "0x10023ae", "Opcode": "ff1518100001", "Opcodesize": 6, "Mnemonic": "call dword ptr [0x1001018]", "PID": 2236, "TID": 2244, "Arguments": [ "Arg1", "IN", "HANDLE", "0xcef90", "0x7" ], "Timesptamp": "00000001.621628", "FunctionName": "GetFileType", "ModuleName": "kernel32.dll", "Return": "0x2", "Status": 0 }
{ "Address": "0x10025d5", "Opcode": "ff1568100001", "Opcodesize": 6, "Mnemonic": "call dword ptr [0x1001068]", "PID": 2236, "TID": 2244, "Arguments": [ "Arg1", "IN", "HINSTANCE", "0xcf7ac", "0x0", "Arg2", "IN", "UINT", "0xcf7b0", "0xe0", "Arg3", "OUT", "LPWSTR", "0xcf7b4", "0xcfbbc", "Arg4", "IN", "INT", "0xcf7b8", "0x100" ], "Timesptamp": "00000001.658658", "FunctionName": "LoadStringW", "ModuleName": "user32.dll", "Return": "0x3b", "Output1": [ "0xcfbbc", "  utilisateur      Identifie l'utilisateur portant ce nom.." ], "Status": 0 }
{ "Address": "0x10023a5", "Opcode": "ff1514100001", "Opcodesize": 6, "Mnemonic": "call dword ptr [0x1001014]", "PID": 2236, "TID": 2244, "Arguments": [ "Arg1", "IN", "DWORD", "0xcef8c", "0xfffffff5" ], "Timesptamp": "00000001.682733", "FunctionName": "GetStdHandle", "ModuleName": "kernel32.dll", "Return": "0x7", "Status": 0 }
{ "Address": "0x10023ae", "Opcode": "ff1518100001", "Opcodesize": 6, "Mnemonic": "call dword ptr [0x1001018]", "PID": 2236, "TID": 2244, "Arguments": [ "Arg1", "IN", "HANDLE", "0xcef8c", "0x7" ], "Timesptamp": "00000001.691402", "FunctionName": "GetFileType", "ModuleName": "kernel32.dll", "Return": "0x2", "Status": 0 }
{ "Address": "0x10025d5", "Opcode": "ff1568100001", "Opcodesize": 6, "Mnemonic": "call dword ptr [0x1001068]", "PID": 2236, "TID": 2244, "Arguments": [ "Arg1", "IN", "HINSTANCE", "0xcf7a8", "0x0", "Arg2", "IN", "UINT", "0xcf7ac", "0xe1", "Arg3", "OUT", "LPWSTR", "0xcf7b0", "0xcfbb8", "Arg4", "IN", "INT", "0xcf7b4", "0x100" ], "Timesptamp": "00000001.713261", "FunctionName": "LoadStringW", "ModuleName": "user32.dll", "Return": "0x26", "Output1": [ "0xcfbb8", "  session          Nom de la session.." ], "Status": 0 }
{ "Address": "0x10023a5", "Opcode": "ff1514100001", "Opcodesize": 6, "Mnemonic": "call dword ptr [0x1001014]", "PID": 2236, "TID": 2244, "Arguments": [ "Arg1", "IN", "DWORD", "0xcef88", "0xfffffff5" ], "Timesptamp": "00000001.731918", "FunctionName": "GetStdHandle", "ModuleName": "kernel32.dll", "Return": "0x7", "Status": 0 }
{ "Address": "0x10023ae", "Opcode": "ff1518100001", "Opcodesize": 6, "Mnemonic": "call dword ptr [0x1001018]", "PID": 2236, "TID": 2244, "Arguments": [ "Arg1", "IN", "HANDLE", "0xcef88", "0x7" ], "Timesptamp": "00000001.746370", "FunctionName": "GetFileType", "ModuleName": "kernel32.dll", "Return": "0x2", "Status": 0 }
{ "Address": "0x10025d5", "Opcode": "ff1568100001", "Opcodesize": 6, "Mnemonic": "call dword ptr [0x1001068]", "PID": 2236, "TID": 2244, "Arguments": [ "Arg1", "IN", "HINSTANCE", "0xcf7a4", "0x0", "Arg2", "IN", "UINT", "0xcf7a8", "0xe2", "Arg3", "OUT", "LPWSTR", "0xcf7ac", "0xcfbb4", "Arg4", "IN", "INT", "0xcf7b0", "0x100" ], "Timesptamp": "00000001.788201", "FunctionName": "LoadStringW", "ModuleName": "user32.dll", "Return": "0x29", "Output1": [ "0xcfbb4", "  id_session           ID de la session.." ], "Status": 0 }
{ "Address": "0x10023a5", "Opcode": "ff1514100001", "Opcodesize": 6, "Mnemonic": "call dword ptr [0x1001014]", "PID": 2236, "TID": 2244, "Arguments": [ "Arg1", "IN", "DWORD", "0xcef84", "0xfffffff5" ], "Timesptamp": "00000001.812861", "FunctionName": "GetStdHandle", "ModuleName": "kernel32.dll", "Return": "0x7", "Status": 0 }
{ "Address": "0x10023ae", "Opcode": "ff1518100001", "Opcodesize": 6, "Mnemonic": "call dword ptr [0x1001018]", "PID": 2236, "TID": 2244, "Arguments": [ "Arg1", "IN", "HANDLE", "0xcef84", "0x7" ], "Timesptamp": "00000001.824776", "FunctionName": "GetFileType", "ModuleName": "kernel32.dll", "Return": "0x2", "Status": 0 }
{ "Address": "0x10025d5", "Opcode": "ff1568100001", "Opcodesize": 6, "Mnemonic": "call dword ptr [0x1001068]", "PID": 2236, "TID": 2244, "Arguments": [ "Arg1", "IN", "HINSTANCE", "0xcf7a0", "0x0", "Arg2", "IN", "UINT", "0xcf7a4", "0xe3", "Arg3", "OUT", "LPWSTR", "0xcf7a8", "0xcfbb0", "Arg4", "IN", "INT", "0xcf7ac", "0x100" ], "Timesptamp": "00000001.855686", "FunctionName": "LoadStringW", "ModuleName": "user32.dll", "Return": "0x4d", "Output1": [ "0xcfbb0", "  @nom_fichier         Identifie un fichier contenant les noms d'utilisateur." ], "Status": 0 }
{ "Address": "0x10023a5", "Opcode": "ff1514100001", "Opcodesize": 6, "Mnemonic": "call dword ptr [0x1001014]", "PID": 2236, "TID": 2244, "Arguments": [ "Arg1", "IN", "DWORD", "0xcef80", "0xfffffff5" ], "Timesptamp": "00000001.877209", "FunctionName": "GetStdHandle", "ModuleName": "kernel32.dll", "Return": "0x7", "Status": 0 }
{ "Address": "0x10023ae", "Opcode": "ff1518100001", "Opcodesize": 6, "Mnemonic": "call dword ptr [0x1001018]", "PID": 2236, "TID": 2244, "Arguments": [ "Arg1", "IN", "HANDLE", "0xcef80", "0x7" ], "Timesptamp": "00000001.888223", "FunctionName": "GetFileType", "ModuleName": "kernel32.dll", "Return": "0x2", "Status": 0 }
{ "Address": "0x10025d5", "Opcode": "ff1568100001", "Opcodesize": 6, "Mnemonic": "call dword ptr [0x1001068]", "PID": 2236, "TID": 2244, "Arguments": [ "Arg1", "IN", "HINSTANCE", "0xcf79c", "0x0", "Arg2", "IN", "UINT", "0xcf7a0", "0xe4", "Arg3", "OUT", "LPWSTR", "0xcf7a4", "0xcfbac", "Arg4", "IN", "INT", "0xcf7a8", "0x100" ], "Timesptamp": "00000001.922678", "FunctionName": "LoadStringW", "ModuleName": "user32.dll", "Return": "0x76", "Output1": [ "0xcfbac", "                      et de session et les id de session auxquels le message .                      doit .tre envoy..." ], "Status": 0 }
{ "Address": "0x10023a5", "Opcode": "ff1514100001", "Opcodesize": 6, "Mnemonic": "call dword ptr [0x1001014]", "PID": 2236, "TID": 2244, "Arguments": [ "Arg1", "IN", "DWORD", "0xcef7c", "0xfffffff5" ], "Timesptamp": "00000001.945230", "FunctionName": "GetStdHandle", "ModuleName": "kernel32.dll", "Return": "0x7", "Status": 0 }
{ "Address": "0x10023ae", "Opcode": "ff1518100001", "Opcodesize": 6, "Mnemonic": "call dword ptr [0x1001018]", "PID": 2236, "TID": 2244, "Arguments": [ "Arg1", "IN", "HANDLE", "0xcef7c", "0x7" ], "Timesptamp": "00000001.956386", "FunctionName": "GetFileType", "ModuleName": "kernel32.dll", "Return": "0x2", "Status": 0 }
{ "Address": "0x10025d5", "Opcode": "ff1568100001", "Opcodesize": 6, "Mnemonic": "call dword ptr [0x1001068]", "PID": 2236, "TID": 2244, "Arguments": [ "Arg1", "IN", "HINSTANCE", "0xcf798", "0x0", "Arg2", "IN", "UINT", "0xcf79c", "0xe5", "Arg3", "OUT", "LPWSTR", "0xcf7a0", "0xcfba8", "Arg4", "IN", "INT", "0xcf7a4", "0x100" ], "Timesptamp": "00000001.994381", "FunctionName": "LoadStringW", "ModuleName": "user32.dll", "Return": "0x6a", "Output1": [ "0xcfba8", "  *                   Envoi d'un message . toutes les sessions du serveur.                      sp.cifi..." ], "Status": 0 }
{ "Address": "0x10023a5", "Opcode": "ff1514100001", "Opcodesize": 6, "Mnemonic": "call dword ptr [0x1001014]", "PID": 2236, "TID": 2244, "Arguments": [ "Arg1", "IN", "DWORD", "0xcef78", "0xfffffff5" ], "Timesptamp": "00000002.023727", "FunctionName": "GetStdHandle", "ModuleName": "kernel32.dll", "Return": "0x7", "Status": 0 }
{ "Address": "0x10023ae", "Opcode": "ff1518100001", "Opcodesize": 6, "Mnemonic": "call dword ptr [0x1001018]", "PID": 2236, "TID": 2244, "Arguments": [ "Arg1", "IN", "HANDLE", "0xcef78", "0x7" ], "Timesptamp": "00000002.035900", "FunctionName": "GetFileType", "ModuleName": "kernel32.dll", "Return": "0x2", "Status": 0 }
{ "Address": "0x10025d5", "Opcode": "ff1568100001", "Opcodesize": 6, "Mnemonic": "call dword ptr [0x1001068]", "PID": 2236, "TID": 2244, "Arguments": [ "Arg1", "IN", "HINSTANCE", "0xcf794", "0x0", "Arg2", "IN", "UINT", "0xcf798", "0xe6", "Arg3", "OUT", "LPWSTR", "0xcf79c", "0xcfba4", "Arg4", "IN", "INT", "0xcf7a0", "0x100" ], "Timesptamp": "00000002.080071", "FunctionName": "LoadStringW", "ModuleName": "user32.dll", "Return": "0x49", "Output1": [ "0xcfba4", "  \/SERVER:serveur  Nom du serveur . appeler (serveur actuel par d.faut).." ], "Status": 0 }
{ "Address": "0x10023a5", "Opcode": "ff1514100001", "Opcodesize": 6, "Mnemonic": "call dword ptr [0x1001014]", "PID": 2236, "TID": 2244, "Arguments": [ "Arg1", "IN", "DWORD", "0xcef74", "0xfffffff5" ], "Timesptamp": "00000002.104580", "FunctionName": "GetStdHandle", "ModuleName": "kernel32.dll", "Return": "0x7", "Status": 0 }
{ "Address": "0x10023ae", "Opcode": "ff1518100001", "Opcodesize": 6, "Mnemonic": "call dword ptr [0x1001018]", "PID": 2236, "TID": 2244, "Arguments": [ "Arg1", "IN", "HANDLE", "0xcef74", "0x7" ], "Timesptamp": "00000002.116702", "FunctionName": "GetFileType", "ModuleName": "kernel32.dll", "Return": "0x2", "Status": 0 }
{ "Address": "0x10025d5", "Opcode": "ff1568100001", "Opcodesize": 6, "Mnemonic": "call dword ptr [0x1001068]", "PID": 2236, "TID": 2244, "Arguments": [ "Arg1", "IN", "HINSTANCE", "0xcf790", "0x0", "Arg2", "IN", "UINT", "0xcf794", "0xe7", "Arg3", "OUT", "LPWSTR", "0xcf798", "0xcfba0", "Arg4", "IN", "INT", "0xcf79c", "0x100" ], "Timesptamp": "00000002.154004", "FunctionName": "LoadStringW", "ModuleName": "user32.dll", "Return": "0x6c", "Output1": [ "0xcfba0", "  \/TIME:secondes       D.lai d'attente de l'accus. de r.ception par le .                      destinataire.." ], "Status": 0 }
{ "Address": "0x10023a5", "Opcode": "ff1514100001", "Opcodesize": 6, "Mnemonic": "call dword ptr [0x1001014]", "PID": 2236, "TID": 2244, "Arguments": [ "Arg1", "IN", "DWORD", "0xcef70", "0xfffffff5" ], "Timesptamp": "00000002.178457", "FunctionName": "GetStdHandle", "ModuleName": "kernel32.dll", "Return": "0x7", "Status": 0 }
{ "Address": "0x10023ae", "Opcode": "ff1518100001", "Opcodesize": 6, "Mnemonic": "call dword ptr [0x1001018]", "PID": 2236, "TID": 2244, "Arguments": [ "Arg1", "IN", "HANDLE", "0xcef70", "0x7" ], "Timesptamp": "00000002.190570", "FunctionName": "GetFileType", "ModuleName": "kernel32.dll", "Return": "0x2", "Status": 0 }
{ "Address": "0x10025d5", "Opcode": "ff1568100001", "Opcodesize": 6, "Mnemonic": "call dword ptr [0x1001068]", "PID": 2236, "TID": 2244, "Arguments": [ "Arg1", "IN", "HINSTANCE", "0xcf78c", "0x0", "Arg2", "IN", "UINT", "0xcf790", "0xe8", "Arg3", "OUT", "LPWSTR", "0xcf794", "0xcfb9c", "Arg4", "IN", "INT", "0xcf798", "0x100" ], "Timesptamp": "00000002.227756", "FunctionName": "LoadStringW", "ModuleName": "user32.dll", "Return": "0x47", "Output1": [ "0xcfb9c", "  \/V               Affiche des informations sur les actions ex.cut.es.." ], "Status": 0 }
{ "Address": "0x10023a5", "Opcode": "ff1514100001", "Opcodesize": 6, "Mnemonic": "call dword ptr [0x1001014]", "PID": 2236, "TID": 2244, "Arguments": [ "Arg1", "IN", "DWORD", "0xcef6c", "0xfffffff5" ], "Timesptamp": "00000002.252385", "FunctionName": "GetStdHandle", "ModuleName": "kernel32.dll", "Return": "0x7", "Status": 0 }
{ "Address": "0x10023ae", "Opcode": "ff1518100001", "Opcodesize": 6, "Mnemonic": "call dword ptr [0x1001018]", "PID": 2236, "TID": 2244, "Arguments": [ "Arg1", "IN", "HANDLE", "0xcef6c", "0x7" ], "Timesptamp": "00000002.264470", "FunctionName": "GetFileType", "ModuleName": "kernel32.dll", "Return": "0x2", "Status": 0 }
{ "Address": "0x10025d5", "Opcode": "ff1568100001", "Opcodesize": 6, "Mnemonic": "call dword ptr [0x1001068]", "PID": 2236, "TID": 2244, "Arguments": [ "Arg1", "IN", "HINSTANCE", "0xcf788", "0x0", "Arg2", "IN", "UINT", "0xcf78c", "0xe9", "Arg3", "OUT", "LPWSTR", "0xcf790", "0xcfb98", "Arg4", "IN", "INT", "0xcf794", "0x100" ], "Timesptamp": "00000002.301705", "FunctionName": "LoadStringW", "ModuleName": "user32.dll", "Return": "0x4c", "Output1": [ "0xcfb98", "  \/W                   Attendre la r.ponse de l'utilisateur, utile avec \/V.." ], "Status": 0 }
{ "Address": "0x10023a5", "Opcode": "ff1514100001", "Opcodesize": 6, "Mnemonic": "call dword ptr [0x1001014]", "PID": 2236, "TID": 2244, "Arguments": [ "Arg1", "IN", "DWORD", "0xcef68", "0xfffffff5" ], "Timesptamp": "00000002.326302", "FunctionName": "GetStdHandle", "ModuleName": "kernel32.dll", "Return": "0x7", "Status": 0 }
{ "Address": "0x10023ae", "Opcode": "ff1518100001", "Opcodesize": 6, "Mnemonic": "call dword ptr [0x1001018]", "PID": 2236, "TID": 2244, "Arguments": [ "Arg1", "IN", "HANDLE", "0xcef68", "0x7" ], "Timesptamp": "00000002.338219", "FunctionName": "GetFileType", "ModuleName": "kernel32.dll", "Return": "0x2", "Status": 0 }
{ "Address": "0x10025d5", "Opcode": "ff1568100001", "Opcodesize": 6, "Mnemonic": "call dword ptr [0x1001068]", "PID": 2236, "TID": 2244, "Arguments": [ "Arg1", "IN", "HINSTANCE", "0xcf784", "0x0", "Arg2", "IN", "UINT", "0xcf788", "0xea", "Arg3", "OUT", "LPWSTR", "0xcf78c", "0xcfb94", "Arg4", "IN", "INT", "0xcf790", "0x100" ], "Timesptamp": "00000002.375642", "FunctionName": "LoadStringW", "ModuleName": "user32.dll", "Return": "0x4e", "Output1": [ "0xcfb94", "  message              Message . envoyer. Si aucun n'est sp.cifi., le syst.me." ], "Status": 0 }
{ "Address": "0x10023a5", "Opcode": "ff1514100001", "Opcodesize": 6, "Mnemonic": "call dword ptr [0x1001014]", "PID": 2236, "TID": 2244, "Arguments": [ "Arg1", "IN", "DWORD", "0xcef64", "0xfffffff5" ], "Timesptamp": "00000002.400091", "FunctionName": "GetStdHandle", "ModuleName": "kernel32.dll", "Return": "0x7", "Status": 0 }
{ "Address": "0x10023ae", "Opcode": "ff1518100001", "Opcodesize": 6, "Mnemonic": "call dword ptr [0x1001018]", "PID": 2236, "TID": 2244, "Arguments": [ "Arg1", "IN", "HANDLE", "0xcef64", "0x7" ], "Timesptamp": "00000002.412676", "FunctionName": "GetFileType", "ModuleName": "kernel32.dll", "Return": "0x2", "Status": 0 }
{ "Address": "0x10025d5", "Opcode": "ff1568100001", "Opcodesize": 6, "Mnemonic": "call dword ptr [0x1001068]", "PID": 2236, "TID": 2244, "Arguments": [ "Arg1", "IN", "HINSTANCE", "0xcf780", "0x0", "Arg2", "IN", "UINT", "0xcf784", "0xeb", "Arg3", "OUT", "LPWSTR", "0xcf788", "0xcfb90", "Arg4", "IN", "INT", "0xcf78c", "0x100" ], "Timesptamp": "00000002.449925", "FunctionName": "LoadStringW", "ModuleName": "user32.dll", "Return": "0x33", "Output1": [ "0xcfb90", "                      en demande un ou lit stdin..." ], "Status": 0 }
{ "Address": "0x10023a5", "Opcode": "ff1514100001", "Opcodesize": 6, "Mnemonic": "call dword ptr [0x1001014]", "PID": 2236, "TID": 2244, "Arguments": [ "Arg1", "IN", "DWORD", "0xcef60", "0xfffffff5" ], "Timesptamp": "00000002.474515", "FunctionName": "GetStdHandle", "ModuleName": "kernel32.dll", "Return": "0x7", "Status": 0 }
{ "Address": "0x10023ae", "Opcode": "ff1518100001", "Opcodesize": 6, "Mnemonic": "call dword ptr [0x1001018]", "PID": 2236, "TID": 2244, "Arguments": [ "Arg1", "IN", "HANDLE", "0xcef60", "0x7" ], "Timesptamp": "00000002.486691", "FunctionName": "GetFileType", "ModuleName": "kernel32.dll", "Return": "0x2", "Status": 0 }
{ "Address": "0x1001f53", "Opcode": "ff15cc100001", "Opcodesize": 6, "Mnemonic": "call dword ptr [0x10010cc]", "PID": 2236, "TID": 2244, "Arguments": [ "Arg1", "IN", "INT", "0xcff40", "0x0" ], "Timesptamp": "00000002.524306", "FunctionName": "exit", "ModuleName": "msvcrt.dll" }
