{ "Address": "0x100a152", "Opcode": "ff96d0a40000", "Opcodesize": 6, "Mnemonic": "call dword ptr [esi + 0xa4d0]", "PID": 2236, "TID": 2244, "Arguments": [ "Arg1", "IN", "LPCTSTR", "0xcff68", "KERNEL32.DLL" ], "Timesptamp": "00000000.814355", "FunctionName": "LoadLibraryA", "ModuleName": "kernel32.dll", "Return": "0x776a0000", "Status": 0 }
{ "Address": "0x100a170", "Opcode": "ff96d8a40000", "Opcodesize": 6, "Mnemonic": "call dword ptr [esi + 0xa4d8]", "PID": 2236, "TID": 2244, "Arguments": [ "Arg1", "IN", "HMODULE", "0xcff64", "0x776a0000", "Arg2", "IN", "LPCSTR", "0xcff68", "GetLastError" ], "Timesptamp": "00000000.851034", "FunctionName": "GetProcAddress", "ModuleName": "kernel32.dll", "Return": "0x776b11c0", "Status": 0 }
{ "Address": "0x100a170", "Opcode": "ff96d8a40000", "Opcodesize": 6, "Mnemonic": "call dword ptr [esi + 0xa4d8]", "PID": 2236, "TID": 2244, "Arguments": [ "Arg1", "IN", "HMODULE", "0xcff64", "0x776a0000", "Arg2", "IN", "LPCSTR", "0xcff68", "LocalAlloc" ], "Timesptamp": "00000000.883737", "FunctionName": "GetProcAddress", "ModuleName": "kernel32.dll", "Return": "0x776b168c", "Status": 0 }
{ "Address": "0x100a170", "Opcode": "ff96d8a40000", "Opcodesize": 6, "Mnemonic": "call dword ptr [esi + 0xa4d8]", "PID": 2236, "TID": 2244, "Arguments": [ "Arg1", "IN", "HMODULE", "0xcff64", "0x776a0000", "Arg2", "IN", "LPCSTR", "0xcff68", "QueryPerformanceCounter" ], "Timesptamp": "00000000.916365", "FunctionName": "GetProcAddress", "ModuleName": "kernel32.dll", "Return": "0x776b1725", "Status": 0 }
{ "Address": "0x100a170", "Opcode": "ff96d8a40000", "Opcodesize": 6, "Mnemonic": "call dword ptr [esi + 0xa4d8]", "PID": 2236, "TID": 2244, "Arguments": [ "Arg1", "IN", "HMODULE", "0xcff64", "0x776a0000", "Arg2", "IN", "LPCSTR", "0xcff68", "Sleep" ], "Timesptamp": "00000000.948960", "FunctionName": "GetProcAddress", "ModuleName": "kernel32.dll", "Return": "0x776b10ff", "Status": 0 }
{ "Address": "0x100a170", "Opcode": "ff96d8a40000", "Opcodesize": 6, "Mnemonic": "call dword ptr [esi + 0xa4d8]", "PID": 2236, "TID": 2244, "Arguments": [ "Arg1", "IN", "HMODULE", "0xcff64", "0x776a0000", "Arg2", "IN", "LPCSTR", "0xcff68", "FormatMessageA" ], "Timesptamp": "00000000.981649", "FunctionName": "GetProcAddress", "ModuleName": "kernel32.dll", "Return": "0x776d5fbd", "Status": 0 }
{ "Address": "0x100a170", "Opcode": "ff96d8a40000", "Opcodesize": 6, "Mnemonic": "call dword ptr [esi + 0xa4d8]", "PID": 2236, "TID": 2244, "Arguments": [ "Arg1", "IN", "HMODULE", "0xcff64", "0x776a0000", "Arg2", "IN", "LPCSTR", "0xcff68", "LocalFree" ], "Timesptamp": "00000001.014114", "FunctionName": "GetProcAddress", "ModuleName": "kernel32.dll", "Return": "0x776b2d3c", "Status": 0 }
{ "Address": "0x100a170", "Opcode": "ff96d8a40000", "Opcodesize": 6, "Mnemonic": "call dword ptr [esi + 0xa4d8]", "PID": 2236, "TID": 2244, "Arguments": [ "Arg1", "IN", "HMODULE", "0xcff64", "0x776a0000", "Arg2", "IN", "LPCSTR", "0xcff68", "GetCurrentThreadId" ], "Timesptamp": "00000001.046628", "FunctionName": "GetProcAddress", "ModuleName": "kernel32.dll", "Return": "0x776b1450", "Status": 0 }
{ "Address": "0x100a170", "Opcode": "ff96d8a40000", "Opcodesize": 6, "Mnemonic": "call dword ptr [esi + 0xa4d8]", "PID": 2236, "TID": 2244, "Arguments": [ "Arg1", "IN", "HMODULE", "0xcff64", "0x776a0000", "Arg2", "IN", "LPCSTR", "0xcff68", "GetCurrentProcessId" ], "Timesptamp": "00000001.078962", "FunctionName": "GetProcAddress", "ModuleName": "kernel32.dll", "Return": "0x776b11f8", "Status": 0 }
{ "Address": "0x100a170", "Opcode": "ff96d8a40000", "Opcodesize": 6, "Mnemonic": "call dword ptr [esi + 0xa4d8]", "PID": 2236, "TID": 2244, "Arguments": [ "Arg1", "IN", "HMODULE", "0xcff64", "0x776a0000", "Arg2", "IN", "LPCSTR", "0xcff68", "SetConsoleCtrlHandler" ], "Timesptamp": "00000001.111562", "FunctionName": "GetProcAddress", "ModuleName": "kernel32.dll", "Return": "0x776b8a09", "Status": 0 }
{ "Address": "0x100a170", "Opcode": "ff96d8a40000", "Opcodesize": 6, "Mnemonic": "call dword ptr [esi + 0xa4d8]", "PID": 2236, "TID": 2244, "Arguments": [ "Arg1", "IN", "HMODULE", "0xcff64", "0x776a0000", "Arg2", "IN", "LPCSTR", "0xcff68", "GetTickCount" ], "Timesptamp": "00000001.147250", "FunctionName": "GetProcAddress", "ModuleName": "kernel32.dll", "Return": "0x776b110c", "Status": 0 }
{ "Address": "0x100a170", "Opcode": "ff96d8a40000", "Opcodesize": 6, "Mnemonic": "call dword ptr [esi + 0xa4d8]", "PID": 2236, "TID": 2244, "Arguments": [ "Arg1", "IN", "HMODULE", "0xcff64", "0x776a0000", "Arg2", "IN", "LPCSTR", "0xcff68", "SetThreadUILanguage" ], "Timesptamp": "00000001.179674", "FunctionName": "GetProcAddress", "ModuleName": "kernel32.dll", "Return": "0x776ca84f", "Status": 0 }
{ "Address": "0x100a170", "Opcode": "ff96d8a40000", "Opcodesize": 6, "Mnemonic": "call dword ptr [esi + 0xa4d8]", "PID": 2236, "TID": 2244, "Arguments": [ "Arg1", "IN", "HMODULE", "0xcff64", "0x776a0000", "Arg2", "IN", "LPCSTR", "0xcff68", "GetModuleHandleA" ], "Timesptamp": "00000001.212183", "FunctionName": "GetProcAddress", "ModuleName": "kernel32.dll", "Return": "0x776b1245", "Status": 0 }
{ "Address": "0x100a170", "Opcode": "ff96d8a40000", "Opcodesize": 6, "Mnemonic": "call dword ptr [esi + 0xa4d8]", "PID": 2236, "TID": 2244, "Arguments": [ "Arg1", "IN", "HMODULE", "0xcff64", "0x776a0000", "Arg2", "IN", "LPCSTR", "0xcff68", "SetUnhandledExceptionFilter" ], "Timesptamp": "00000001.244565", "FunctionName": "GetProcAddress", "ModuleName": "kernel32.dll", "Return": "0x776b87c9", "Status": 0 }
{ "Address": "0x100a170", "Opcode": "ff96d8a40000", "Opcodesize": 6, "Mnemonic": "call dword ptr [esi + 0xa4d8]", "PID": 2236, "TID": 2244, "Arguments": [ "Arg1", "IN", "HMODULE", "0xcff64", "0x776a0000", "Arg2", "IN", "LPCSTR", "0xcff68", "UnhandledExceptionFilter" ], "Timesptamp": "00000001.277391", "FunctionName": "GetProcAddress", "ModuleName": "kernel32.dll", "Return": "0x776d772f", "Status": 0 }
{ "Address": "0x100a170", "Opcode": "ff96d8a40000", "Opcodesize": 6, "Mnemonic": "call dword ptr [esi + 0xa4d8]", "PID": 2236, "TID": 2244, "Arguments": [ "Arg1", "IN", "HMODULE", "0xcff64", "0x776a0000", "Arg2", "IN", "LPCSTR", "0xcff68", "GetCurrentProcess" ], "Timesptamp": "00000001.309940", "FunctionName": "GetProcAddress", "ModuleName": "kernel32.dll", "Return": "0x776b1809", "Status": 0 }
{ "Address": "0x100a170", "Opcode": "ff96d8a40000", "Opcodesize": 6, "Mnemonic": "call dword ptr [esi + 0xa4d8]", "PID": 2236, "TID": 2244, "Arguments": [ "Arg1", "IN", "HMODULE", "0xcff64", "0x776a0000", "Arg2", "IN", "LPCSTR", "0xcff68", "TerminateProcess" ], "Timesptamp": "00000001.342695", "FunctionName": "GetProcAddress", "ModuleName": "kernel32.dll", "Return": "0x776cd802", "Status": 0 }
{ "Address": "0x100a170", "Opcode": "ff96d8a40000", "Opcodesize": 6, "Mnemonic": "call dword ptr [esi + 0xa4d8]", "PID": 2236, "TID": 2244, "Arguments": [ "Arg1", "IN", "HMODULE", "0xcff64", "0x776a0000", "Arg2", "IN", "LPCSTR", "0xcff68", "GetSystemTimeAsFileTime" ], "Timesptamp": "00000001.376702", "FunctionName": "GetProcAddress", "ModuleName": "kernel32.dll", "Return": "0x776b3509", "Status": 0 }
{ "Address": "0x100a152", "Opcode": "ff96d0a40000", "Opcodesize": 6, "Mnemonic": "call dword ptr [esi + 0xa4d0]", "PID": 2236, "TID": 2244, "Arguments": [ "Arg1", "IN", "LPCTSTR", "0xcff68", "ADVAPI32.dll" ], "Timesptamp": "00000001.409244", "FunctionName": "LoadLibraryA", "ModuleName": "kernel32.dll", "Return": "0x77380000", "Status": 0 }
{ "Address": "0x100a170", "Opcode": "ff96d8a40000", "Opcodesize": 6, "Mnemonic": "call dword ptr [esi + 0xa4d8]", "PID": 2236, "TID": 2244, "Arguments": [ "Arg1", "IN", "HMODULE", "0xcff64", "0x77380000", "Arg2", "IN", "LPCSTR", "0xcff68", "RegCloseKey" ], "Timesptamp": "00000001.443668", "FunctionName": "GetProcAddress", "ModuleName": "kernel32.dll", "Return": "0x7739469d", "Status": 0 }
{ "Address": "0x100a170", "Opcode": "ff96d8a40000", "Opcodesize": 6, "Mnemonic": "call dword ptr [esi + 0xa4d8]", "PID": 2236, "TID": 2244, "Arguments": [ "Arg1", "IN", "HMODULE", "0xcff64", "0x77380000", "Arg2", "IN", "LPCSTR", "0xcff68", "RegOpenKeyExA" ], "Timesptamp": "00000001.476294", "FunctionName": "GetProcAddress", "ModuleName": "kernel32.dll", "Return": "0x77394907", "Status": 0 }
{ "Address": "0x100a170", "Opcode": "ff96d8a40000", "Opcodesize": 6, "Mnemonic": "call dword ptr [esi + 0xa4d8]", "PID": 2236, "TID": 2244, "Arguments": [ "Arg1", "IN", "HMODULE", "0xcff64", "0x77380000", "Arg2", "IN", "LPCSTR", "0xcff68", "RegQueryValueExA" ], "Timesptamp": "00000001.510547", "FunctionName": "GetProcAddress", "ModuleName": "kernel32.dll", "Return": "0x773948ef", "Status": 0 }
{ "Address": "0x100a152", "Opcode": "ff96d0a40000", "Opcodesize": 6, "Mnemonic": "call dword ptr [esi + 0xa4d0]", "PID": 2236, "TID": 2244, "Arguments": [ "Arg1", "IN", "LPCTSTR", "0xcff68", "iphlpapi.dll" ], "Timesptamp": "00000001.550474", "FunctionName": "LoadLibraryA", "ModuleName": "kernel32.dll", "Return": "0x74e70000", "Status": 0 }
{ "Address": "0x100a170", "Opcode": "ff96d8a40000", "Opcodesize": 6, "Mnemonic": "call dword ptr [esi + 0xa4d8]", "PID": 2236, "TID": 2244, "Arguments": [ "Arg1", "IN", "HMODULE", "0xcff64", "0x74e70000", "Arg2", "IN", "LPCSTR", "0xcff68", "IcmpCreateFile" ], "Timesptamp": "00000001.588677", "FunctionName": "GetProcAddress", "ModuleName": "kernel32.dll", "Return": "0x74e78666", "Status": 0 }
{ "Address": "0x100a170", "Opcode": "ff96d8a40000", "Opcodesize": 6, "Mnemonic": "call dword ptr [esi + 0xa4d8]", "PID": 2236, "TID": 2244, "Arguments": [ "Arg1", "IN", "HMODULE", "0xcff64", "0x74e70000", "Arg2", "IN", "LPCSTR", "0xcff68", "Icmp6CreateFile" ], "Timesptamp": "00000001.629321", "FunctionName": "GetProcAddress", "ModuleName": "kernel32.dll", "Return": "0x74e7acbd", "Status": 0 }
{ "Address": "0x100a170", "Opcode": "ff96d8a40000", "Opcodesize": 6, "Mnemonic": "call dword ptr [esi + 0xa4d8]", "PID": 2236, "TID": 2244, "Arguments": [ "Arg1", "IN", "HMODULE", "0xcff64", "0x74e70000", "Arg2", "IN", "LPCSTR", "0xcff68", "IcmpSendEcho2" ], "Timesptamp": "00000001.664995", "FunctionName": "GetProcAddress", "ModuleName": "kernel32.dll", "Return": "0x74e7873b", "Status": 0 }
{ "Address": "0x100a170", "Opcode": "ff96d8a40000", "Opcodesize": 6, "Mnemonic": "call dword ptr [esi + 0xa4d8]", "PID": 2236, "TID": 2244, "Arguments": [ "Arg1", "IN", "HMODULE", "0xcff64", "0x74e70000", "Arg2", "IN", "LPCSTR", "0xcff68", "Icmp6SendEcho2" ], "Timesptamp": "00000001.702026", "FunctionName": "GetProcAddress", "ModuleName": "kernel32.dll", "Return": "0x74e7aa57", "Status": 0 }
{ "Address": "0x100a170", "Opcode": "ff96d8a40000", "Opcodesize": 6, "Mnemonic": "call dword ptr [esi + 0xa4d8]", "PID": 2236, "TID": 2244, "Arguments": [ "Arg1", "IN", "HMODULE", "0xcff64", "0x74e70000", "Arg2", "IN", "LPCSTR", "0xcff68", "IcmpCloseHandle" ], "Timesptamp": "00000001.738334", "FunctionName": "GetProcAddress", "ModuleName": "kernel32.dll", "Return": "0x74e7821a", "Status": 0 }
{ "Address": "0x100a152", "Opcode": "ff96d0a40000", "Opcodesize": 6, "Mnemonic": "call dword ptr [esi + 0xa4d0]", "PID": 2236, "TID": 2244, "Arguments": [ "Arg1", "IN", "LPCTSTR", "0xcff68", "msvcrt.dll" ], "Timesptamp": "00000001.775533", "FunctionName": "LoadLibraryA", "ModuleName": "kernel32.dll", "Return": "0x76d00000", "Status": 0 }
{ "Address": "0x100a170", "Opcode": "ff96d8a40000", "Opcodesize": 6, "Mnemonic": "call dword ptr [esi + 0xa4d8]", "PID": 2236, "TID": 2244, "Arguments": [ "Arg1", "IN", "HMODULE", "0xcff64", "0x76d00000", "Arg2", "IN", "LPCSTR", "0xcff68", "_except_handler3" ], "Timesptamp": "00000001.811933", "FunctionName": "GetProcAddress", "ModuleName": "kernel32.dll", "Return": "0x76d2d770", "Status": 0 }
{ "Address": "0x100a170", "Opcode": "ff96d8a40000", "Opcodesize": 6, "Mnemonic": "call dword ptr [esi + 0xa4d8]", "PID": 2236, "TID": 2244, "Arguments": [ "Arg1", "IN", "HMODULE", "0xcff64", "0x76d00000", "Arg2", "IN", "LPCSTR", "0xcff68", "_controlfp" ], "Timesptamp": "00000001.846617", "FunctionName": "GetProcAddress", "ModuleName": "kernel32.dll", "Return": "0x76d0e1e1", "Status": 0 }
{ "Address": "0x100a170", "Opcode": "ff96d8a40000", "Opcodesize": 6, "Mnemonic": "call dword ptr [esi + 0xa4d8]", "PID": 2236, "TID": 2244, "Arguments": [ "Arg1", "IN", "HMODULE", "0xcff64", "0x76d00000", "Arg2", "IN", "LPCSTR", "0xcff68", "__set_app_type" ], "Timesptamp": "00000001.880622", "FunctionName": "GetProcAddress", "ModuleName": "kernel32.dll", "Return": "0x76d12804", "Status": 0 }
{ "Address": "0x100a170", "Opcode": "ff96d8a40000", "Opcodesize": 6, "Mnemonic": "call dword ptr [esi + 0xa4d8]", "PID": 2236, "TID": 2244, "Arguments": [ "Arg1", "IN", "HMODULE", "0xcff64", "0x76d00000", "Arg2", "IN", "LPCSTR", "0xcff68", "__p__fmode" ], "Timesptamp": "00000001.925037", "FunctionName": "GetProcAddress", "ModuleName": "kernel32.dll", "Return": "0x76d127ce", "Status": 0 }
{ "Address": "0x100a170", "Opcode": "ff96d8a40000", "Opcodesize": 6, "Mnemonic": "call dword ptr [esi + 0xa4d8]", "PID": 2236, "TID": 2244, "Arguments": [ "Arg1", "IN", "HMODULE", "0xcff64", "0x76d00000", "Arg2", "IN", "LPCSTR", "0xcff68", "__p__commode" ], "Timesptamp": "00000001.961865", "FunctionName": "GetProcAddress", "ModuleName": "kernel32.dll", "Return": "0x76d127c3", "Status": 0 }
{ "Address": "0x100a170", "Opcode": "ff96d8a40000", "Opcodesize": 6, "Mnemonic": "call dword ptr [esi + 0xa4d8]", "PID": 2236, "TID": 2244, "Arguments": [ "Arg1", "IN", "HMODULE", "0xcff64", "0x76d00000", "Arg2", "IN", "LPCSTR", "0xcff68", "_adjust_fdiv" ], "Timesptamp": "00000002.003992", "FunctionName": "GetProcAddress", "ModuleName": "kernel32.dll", "Return": "0x76da32ec", "Status": 0 }
{ "Address": "0x100a170", "Opcode": "ff96d8a40000", "Opcodesize": 6, "Mnemonic": "call dword ptr [esi + 0xa4d8]", "PID": 2236, "TID": 2244, "Arguments": [ "Arg1", "IN", "HMODULE", "0xcff64", "0x76d00000", "Arg2", "IN", "LPCSTR", "0xcff68", "__setusermatherr" ], "Timesptamp": "00000002.041067", "FunctionName": "GetProcAddress", "ModuleName": "kernel32.dll", "Return": "0x76d977ad", "Status": 0 }
{ "Address": "0x100a170", "Opcode": "ff96d8a40000", "Opcodesize": 6, "Mnemonic": "call dword ptr [esi + 0xa4d8]", "PID": 2236, "TID": 2244, "Arguments": [ "Arg1", "IN", "HMODULE", "0xcff64", "0x76d00000", "Arg2", "IN", "LPCSTR", "0xcff68", "_initterm" ], "Timesptamp": "00000002.084140", "FunctionName": "GetProcAddress", "ModuleName": "kernel32.dll", "Return": "0x76d0c151", "Status": 0 }
{ "Address": "0x100a170", "Opcode": "ff96d8a40000", "Opcodesize": 6, "Mnemonic": "call dword ptr [esi + 0xa4d8]", "PID": 2236, "TID": 2244, "Arguments": [ "Arg1", "IN", "HMODULE", "0xcff64", "0x76d00000", "Arg2", "IN", "LPCSTR", "0xcff68", "__getmainargs" ], "Timesptamp": "00000002.117192", "FunctionName": "GetProcAddress", "ModuleName": "kernel32.dll", "Return": "0x76d12bc0", "Status": 0 }
{ "Address": "0x100a170", "Opcode": "ff96d8a40000", "Opcodesize": 6, "Mnemonic": "call dword ptr [esi + 0xa4d8]", "PID": 2236, "TID": 2244, "Arguments": [ "Arg1", "IN", "HMODULE", "0xcff64", "0x76d00000", "Arg2", "IN", "LPCSTR", "0xcff68", "__initenv" ], "Timesptamp": "00000002.152374", "FunctionName": "GetProcAddress", "ModuleName": "kernel32.dll", "Return": "0x76da04e8", "Status": 0 }
{ "Address": "0x100a170", "Opcode": "ff96d8a40000", "Opcodesize": 6, "Mnemonic": "call dword ptr [esi + 0xa4d8]", "PID": 2236, "TID": 2244, "Arguments": [ "Arg1", "IN", "HMODULE", "0xcff64", "0x76d00000", "Arg2", "IN", "LPCSTR", "0xcff68", "_cexit" ], "Timesptamp": "00000002.191508", "FunctionName": "GetProcAddress", "ModuleName": "kernel32.dll", "Return": "0x76d137d4", "Status": 0 }
{ "Address": "0x100a170", "Opcode": "ff96d8a40000", "Opcodesize": 6, "Mnemonic": "call dword ptr [esi + 0xa4d8]", "PID": 2236, "TID": 2244, "Arguments": [ "Arg1", "IN", "HMODULE", "0xcff64", "0x76d00000", "Arg2", "IN", "LPCSTR", "0xcff68", "_XcptFilter" ], "Timesptamp": "00000002.226372", "FunctionName": "GetProcAddress", "ModuleName": "kernel32.dll", "Return": "0x76d2dc75", "Status": 0 }
{ "Address": "0x100a170", "Opcode": "ff96d8a40000", "Opcodesize": 6, "Mnemonic": "call dword ptr [esi + 0xa4d8]", "PID": 2236, "TID": 2244, "Arguments": [ "Arg1", "IN", "HMODULE", "0xcff64", "0x76d00000", "Arg2", "IN", "LPCSTR", "0xcff68", "_exit" ], "Timesptamp": "00000002.261311", "FunctionName": "GetProcAddress", "ModuleName": "kernel32.dll", "Return": "0x76d6b2c0", "Status": 0 }
{ "Address": "0x100a170", "Opcode": "ff96d8a40000", "Opcodesize": 6, "Mnemonic": "call dword ptr [esi + 0xa4d8]", "PID": 2236, "TID": 2244, "Arguments": [ "Arg1", "IN", "HMODULE", "0xcff64", "0x76d00000", "Arg2", "IN", "LPCSTR", "0xcff68", "_c_exit" ], "Timesptamp": "00000002.301192", "FunctionName": "GetProcAddress", "ModuleName": "kernel32.dll", "Return": "0x76d6b2db", "Status": 0 }
{ "Address": "0x100a170", "Opcode": "ff96d8a40000", "Opcodesize": 6, "Mnemonic": "call dword ptr [esi + 0xa4d8]", "PID": 2236, "TID": 2244, "Arguments": [ "Arg1", "IN", "HMODULE", "0xcff64", "0x76d00000", "Arg2", "IN", "LPCSTR", "0xcff68", "isspace" ], "Timesptamp": "00000002.335937", "FunctionName": "GetProcAddress", "ModuleName": "kernel32.dll", "Return": "0x76d0c395", "Status": 0 }
{ "Address": "0x100a170", "Opcode": "ff96d8a40000", "Opcodesize": 6, "Mnemonic": "call dword ptr [esi + 0xa4d8]", "PID": 2236, "TID": 2244, "Arguments": [ "Arg1", "IN", "HMODULE", "0xcff64", "0x76d00000", "Arg2", "IN", "LPCSTR", "0xcff68", "exit" ], "Timesptamp": "00000002.370756", "FunctionName": "GetProcAddress", "ModuleName": "kernel32.dll", "Return": "0x76d136aa", "Status": 0 }
{ "Address": "0x100a170", "Opcode": "ff96d8a40000", "Opcodesize": 6, "Mnemonic": "call dword ptr [esi + 0xa4d8]", "PID": 2236, "TID": 2244, "Arguments": [ "Arg1", "IN", "HMODULE", "0xcff64", "0x76d00000", "Arg2", "IN", "LPCSTR", "0xcff68", "strtoul" ], "Timesptamp": "00000002.405424", "FunctionName": "GetProcAddress", "ModuleName": "kernel32.dll", "Return": "0x76d1012e", "Status": 0 }
{ "Address": "0x100a170", "Opcode": "ff96d8a40000", "Opcodesize": 6, "Mnemonic": "call dword ptr [esi + 0xa4d8]", "PID": 2236, "TID": 2244, "Arguments": [ "Arg1", "IN", "HMODULE", "0xcff64", "0x76d00000", "Arg2", "IN", "LPCSTR", "0xcff68", "_write" ], "Timesptamp": "00000002.440456", "FunctionName": "GetProcAddress", "ModuleName": "kernel32.dll", "Return": "0x76d14078", "Status": 0 }
{ "Address": "0x100a152", "Opcode": "ff96d0a40000", "Opcodesize": 6, "Mnemonic": "call dword ptr [esi + 0xa4d0]", "PID": 2236, "TID": 2244, "Arguments": [ "Arg1", "IN", "LPCTSTR", "0xcff68", "USER32.dll" ], "Timesptamp": "00000002.476047", "FunctionName": "LoadLibraryA", "ModuleName": "kernel32.dll", "Return": "0x76db0000", "Status": 0 }
{ "Address": "0x100a170", "Opcode": "ff96d8a40000", "Opcodesize": 6, "Mnemonic": "call dword ptr [esi + 0xa4d8]", "PID": 2236, "TID": 2244, "Arguments": [ "Arg1", "IN", "HMODULE", "0xcff64", "0x76db0000", "Arg2", "IN", "LPCSTR", "0xcff68", "CharToOemBuffA" ], "Timesptamp": "00000002.516454", "FunctionName": "GetProcAddress", "ModuleName": "kernel32.dll", "Return": "0x76ddb1b0", "Status": 0 }
{ "Address": "0x100a152", "Opcode": "ff96d0a40000", "Opcodesize": 6, "Mnemonic": "call dword ptr [esi + 0xa4d0]", "PID": 2236, "TID": 2244, "Arguments": [ "Arg1", "IN", "LPCTSTR", "0xcff68", "WS2_32.dll" ], "Timesptamp": "00000002.591365", "FunctionName": "LoadLibraryA", "ModuleName": "kernel32.dll", "Return": "0x76cc0000", "Status": 0 }
{ "Address": "0x100a170", "Opcode": "ff96d8a40000", "Opcodesize": 6, "Mnemonic": "call dword ptr [esi + 0xa4d8]", "PID": 2236, "TID": 2244, "Arguments": [ "Arg1", "IN", "HMODULE", "0xcff64", "0x76cc0000", "Arg2", "IN", "LPCSTR", "0xcff68", "getnameinfo" ], "Timesptamp": "00000002.625882", "FunctionName": "GetProcAddress", "ModuleName": "kernel32.dll", "Return": "0x76cc67b7", "Status": 0 }
{ "Address": "0x100a170", "Opcode": "ff96d8a40000", "Opcodesize": 6, "Mnemonic": "call dword ptr [esi + 0xa4d8]", "PID": 2236, "TID": 2244, "Arguments": [ "Arg1", "IN", "HMODULE", "0xcff64", "0x76cc0000", "Arg2", "IN", "LPCSTR", "0xcff68", "getaddrinfo" ], "Timesptamp": "00000002.660906", "FunctionName": "GetProcAddress", "ModuleName": "kernel32.dll", "Return": "0x76cc4296", "Status": 0 }
{ "Address": "0x100a170", "Opcode": "ff96d8a40000", "Opcodesize": 6, "Mnemonic": "call dword ptr [esi + 0xa4d8]", "PID": 2236, "TID": 2244, "Arguments": [ "Arg1", "IN", "HMODULE", "0xcff64", "0x76cc0000", "Arg2", "IN", "USHORT", "0xcff68", "0xc" ], "Timesptamp": "00000002.690499", "FunctionName": "GetProcAddressOrdinal", "ModuleName": "kernel32.dll", "Return": "0x76ccb131", "Status": 0 }
{ "Address": "0x100a170", "Opcode": "ff96d8a40000", "Opcodesize": 6, "Mnemonic": "call dword ptr [esi + 0xa4d8]", "PID": 2236, "TID": 2244, "Arguments": [ "Arg1", "IN", "HMODULE", "0xcff64", "0x76cc0000", "Arg2", "IN", "USHORT", "0xcff68", "0x33" ], "Timesptamp": "00000002.723267", "FunctionName": "GetProcAddressOrdinal", "ModuleName": "kernel32.dll", "Return": "0x76cd6c01", "Status": 0 }
{ "Address": "0x100a170", "Opcode": "ff96d8a40000", "Opcodesize": 6, "Mnemonic": "call dword ptr [esi + 0xa4d8]", "PID": 2236, "TID": 2244, "Arguments": [ "Arg1", "IN", "HMODULE", "0xcff64", "0x76cc0000", "Arg2", "IN", "LPCSTR", "0xcff68", "freeaddrinfo" ], "Timesptamp": "00000002.756203", "FunctionName": "GetProcAddress", "ModuleName": "kernel32.dll", "Return": "0x76cc4b1b", "Status": 0 }
{ "Address": "0x100a170", "Opcode": "ff96d8a40000", "Opcodesize": 6, "Mnemonic": "call dword ptr [esi + 0xa4d8]", "PID": 2236, "TID": 2244, "Arguments": [ "Arg1", "IN", "HMODULE", "0xcff64", "0x76cc0000", "Arg2", "IN", "USHORT", "0xcff68", "0x3" ], "Timesptamp": "00000002.788854", "FunctionName": "GetProcAddressOrdinal", "ModuleName": "kernel32.dll", "Return": "0x76cc3918", "Status": 0 }
{ "Address": "0x100a170", "Opcode": "ff96d8a40000", "Opcodesize": 6, "Mnemonic": "call dword ptr [esi + 0xa4d8]", "PID": 2236, "TID": 2244, "Arguments": [ "Arg1", "IN", "HMODULE", "0xcff64", "0x76cc0000", "Arg2", "IN", "LPCSTR", "0xcff68", "WSAIoctl" ], "Timesptamp": "00000002.821710", "FunctionName": "GetProcAddress", "ModuleName": "kernel32.dll", "Return": "0x76cc2fe7", "Status": 0 }
{ "Address": "0x100a170", "Opcode": "ff96d8a40000", "Opcodesize": 6, "Mnemonic": "call dword ptr [esi + 0xa4d8]", "PID": 2236, "TID": 2244, "Arguments": [ "Arg1", "IN", "HMODULE", "0xcff64", "0x76cc0000", "Arg2", "IN", "USHORT", "0xcff68", "0x6f" ], "Timesptamp": "00000002.854705", "FunctionName": "GetProcAddressOrdinal", "ModuleName": "kernel32.dll", "Return": "0x76cc37ad", "Status": 0 }
{ "Address": "0x100a170", "Opcode": "ff96d8a40000", "Opcodesize": 6, "Mnemonic": "call dword ptr [esi + 0xa4d8]", "PID": 2236, "TID": 2244, "Arguments": [ "Arg1", "IN", "HMODULE", "0xcff64", "0x76cc0000", "Arg2", "IN", "USHORT", "0xcff68", "0x17" ], "Timesptamp": "00000002.887536", "FunctionName": "GetProcAddressOrdinal", "ModuleName": "kernel32.dll", "Return": "0x76cc3eb8", "Status": 0 }
{ "Address": "0x100a170", "Opcode": "ff96d8a40000", "Opcodesize": 6, "Mnemonic": "call dword ptr [esi + 0xa4d8]", "PID": 2236, "TID": 2244, "Arguments": [ "Arg1", "IN", "HMODULE", "0xcff64", "0x76cc0000", "Arg2", "IN", "USHORT", "0xcff68", "0x73" ], "Timesptamp": "00000002.920976", "FunctionName": "GetProcAddressOrdinal", "ModuleName": "kernel32.dll", "Return": "0x76cc3ab2", "Status": 0 }
{ "Address": "0x100a170", "Opcode": "ff96d8a40000", "Opcodesize": 6, "Mnemonic": "call dword ptr [esi + 0xa4d8]", "PID": 2236, "TID": 2244, "Arguments": [ "Arg1", "IN", "HMODULE", "0xcff64", "0x76cc0000", "Arg2", "IN", "USHORT", "0xcff68", "0x74" ], "Timesptamp": "00000002.953773", "FunctionName": "GetProcAddressOrdinal", "ModuleName": "kernel32.dll", "Return": "0x76cc3c5f", "Status": 0 }
{ "Address": "0x100a19e", "Opcode": "ffd5", "Opcodesize": 2, "Mnemonic": "call ebp", "PID": 2236, "TID": 2244, "Arguments": [ "Arg1", "IN", "LPVOID", "0xcff58", "0x1000000", "Arg2", "IN", "SIZE_T", "0xcff5c", "0x1000", "Arg3", "IN", "DWORD", "0xcff60", "0x4", "Arg4", "OUT", "PDWORD", "0xcff64", "0xcff68" ], "Timesptamp": "00000002.987704", "FunctionName": "VirtualProtect", "ModuleName": "kernel32.dll", "Return": "TRUE", "Output1": [ "0xcff68", "0x2" ], "Status": 0 }
{ "Address": "0x100a1b3", "Opcode": "ffd5", "Opcodesize": 2, "Mnemonic": "call ebp", "PID": 2236, "TID": 2244, "Arguments": [ "Arg1", "IN", "LPVOID", "0xcff58", "0x1000000", "Arg2", "IN", "SIZE_T", "0xcff5c", "0x1000", "Arg3", "IN", "DWORD", "0xcff60", "0x2", "Arg4", "OUT", "PDWORD", "0xcff64", "0xcff68" ], "Timesptamp": "00000003.020869", "FunctionName": "VirtualProtect", "ModuleName": "kernel32.dll", "Return": "TRUE", "Output1": [ "0xcff68", "0x4" ], "Status": 0 }
{ "Address": "0x10028d5", "Opcode": "ff153c100001", "Opcodesize": 6, "Mnemonic": "call dword ptr [0x100103c]", "PID": 2236, "TID": 2244, "Arguments": [ "Arg1", "IN", "LPCTSTR", "0xcff40", "\"\"" ], "Timesptamp": "00000003.053729", "FunctionName": "GetModuleHandleA", "ModuleName": "kernel32.dll", "Return": "0x1000000", "Status": 0 }
{ "Address": "0x1002947", "Opcode": "ff15b4100001", "Opcodesize": 6, "Mnemonic": "call dword ptr [0x10010b4]", "PID": 2236, "TID": 2244, "Arguments": [ ], "Timesptamp": "00000003.120618", "FunctionName": "__p__fmode", "ModuleName": "msvcrt.dll", "Return": "0x76da31f4", "Status": 0 }
{ "Address": "0x1002955", "Opcode": "ff15b8100001", "Opcodesize": 6, "Mnemonic": "call dword ptr [0x10010b8]", "PID": 2236, "TID": 2244, "Arguments": [ ], "Timesptamp": "00000003.153488", "FunctionName": "__p__commode", "ModuleName": "msvcrt.dll", "Return": "0x76da31fc", "Status": 0 }
{ "Address": "0x1002a67", "Opcode": "e86e000000", "Opcodesize": 5, "Mnemonic": "call 0x1002ada", "PID": 2236, "TID": 2244, "Functionname": "_controlfp", "Dllname": "msvcrt.dll", "Status": 1 }
{ "Address": "0x1002997", "Opcode": "e8b6000000", "Opcodesize": 5, "Mnemonic": "call 0x1002a52", "PID": 2236, "TID": 2244, "Functionname": "_initterm", "Dllname": "msvcrt.dll", "Status": 1 }
{ "Address": "0x10029ba", "Opcode": "ff15c8100001", "Opcodesize": 6, "Mnemonic": "call dword ptr [0x10010c8]", "PID": 2236, "TID": 2244, "Functionname": "__getmainargs", "Dllname": "msvcrt.dll", "Status": 1 }
{ "Address": "0x10029cd", "Opcode": "e880000000", "Opcodesize": 5, "Mnemonic": "call 0x1002a52", "PID": 2236, "TID": 2244, "Functionname": "_initterm", "Dllname": "msvcrt.dll", "Status": 1 }
{ "Address": "0x1002758", "Opcode": "ff1550100001", "Opcodesize": 6, "Mnemonic": "call dword ptr [0x1001050]", "PID": 2236, "TID": 2244, "Arguments": [ "Arg1", "OUT", "LPFILETIME", "0xcfef4", "0xcff04" ], "Timesptamp": "00000003.319951", "FunctionName": "GetSystemTimeAsFileTime", "ModuleName": "kernel32.dll", "Return": "0x1dad838", "Output1": { "field1": [ "0xcff04", "0x896da760" ], "field2": [ "0xcff08", "0x1dad838" ] }, "Status": 0 }
{ "Address": "0x1002764", "Opcode": "ff152c100001", "Opcodesize": 6, "Mnemonic": "call dword ptr [0x100102c]", "PID": 2236, "TID": 2244, "Arguments": [ ], "Timesptamp": "00000003.352763", "FunctionName": "GetCurrentProcessId", "ModuleName": "kernel32.dll", "Return": "0x8bc", "Status": 0 }
{ "Address": "0x100276c", "Opcode": "ff1528100001", "Opcodesize": 6, "Mnemonic": "call dword ptr [0x1001028]", "PID": 2236, "TID": 2244, "Arguments": [ ], "Timesptamp": "00000003.385404", "FunctionName": "GetCurrentThreadId", "ModuleName": "kernel32.dll", "Return": "0x8c4", "Status": 0 }
{ "Address": "0x1002774", "Opcode": "ff1534100001", "Opcodesize": 6, "Mnemonic": "call dword ptr [0x1001034]", "PID": 2236, "TID": 2244, "Arguments": [ ], "Timesptamp": "00000003.418185", "FunctionName": "GetTickCount", "ModuleName": "kernel32.dll", "Return": "0x52f2a", "Status": 0 }
{ "Address": "0x1002780", "Opcode": "ff1518100001", "Opcodesize": 6, "Mnemonic": "call dword ptr [0x1001018]", "PID": 2236, "TID": 2244, "Arguments": [ "Arg1", "OUT", "LARGE_INTEGER*", "0xcfef4", "0xcfefc" ], "Timesptamp": "00000003.451082", "FunctionName": "QueryPerformanceCounter", "ModuleName": "kernel32.dll", "Return": "TRUE", "Output1": { "field1": [ "0xcfefc", "0x379b205" ], "field2": [ "0xcff00", "0x6" ], "field3": [ "0xcff04", "0x1dad838896da760" ] }, "Status": 0 }
{ "Address": "0x1001a42", "Opcode": "e8db100000", "Opcodesize": 5, "Mnemonic": "call 0x1002b22", "PID": 2236, "TID": 2244, "Functionname": "SetThreadUILanguage", "Dllname": "kernel32.dll", "Status": 1 }
{ "Address": "0x1001a4e", "Opcode": "ff1584100001", "Opcodesize": 6, "Mnemonic": "call dword ptr [0x1001084]", "PID": 2236, "TID": 2244, "Arguments": [ "Arg1", "IN", "WORD", "0xcf9ec", "0x2", "Arg2", "OUT", "LPWSADATA", "0xcf9f0", "0x1005100" ], "Timesptamp": "00000003.577029", "FunctionName": "WSAStartup", "ModuleName": "ws2_32.dll", "Return": "0x0", "Output1": { "field1": [ "0x1005100", "0x2" ], "field2": [ "0x1005102", "0x202" ], "field3": [ "0x1005104", "WinSock 2.0" ], "field4": [ "0x100510f", "" ], "field5": [ "0x100510f", "0x0" ], "field6": [ "0x1005111", "0x0" ], "field7": [ "0x1005113", "" ] }, "Status": 0 }
{ "Address": "0x10018e6", "Opcode": "ff1504100001", "Opcodesize": 6, "Mnemonic": "call dword ptr [0x1001004]", "PID": 2236, "TID": 2244, "Arguments": [ "Arg1", "IN", "HKEY", "0xcf9c0", "0x80000002", "Arg2", "IN", "LPCTSTR", "0xcf9c4", "SYSTEM\\CurrentControlSet\\Services\\Tcpip\\Parameters", "Arg3", "IN", "DWORD", "0xcf9c8", "0x0", "Arg4", "IN", "REGSAM", "0xcf9cc", "0x1", "Arg5", "OUT", "PHKEY", "0xcf9d0", "0xcf9e8" ], "Timesptamp": "00000003.635088", "FunctionName": "RegOpenKeyExA", "ModuleName": "advapi32.dll", "Return": "0x0", "Output1": [ "0xcf9e8", "0x7c" ], "Status": 0 }
{ "Address": "0x1001905", "Opcode": "ff1508100001", "Opcodesize": 6, "Mnemonic": "call dword ptr [0x1001008]", "PID": 2236, "TID": 2244, "Arguments": [ "Arg1", "IN", "HKEY", "0xcf9bc", "0x7c", "Arg2", "IN", "LPCTSTR", "0xcf9c0", "DefaultTTL", "Arg3", "IN", "LPDWORD", "0xcf9c4", "0x0", "Arg4", "OUT", "LPDWORD", "0xcf9c8", "0xcf9dc", "Arg5", "OUT", "BUFFER3", "0xcf9cc", "0xcf9e4", "Arg6", "OUT", "LPDWORD", "0xcf9d0", "0xcf9e0" ], "Timesptamp": "00000003.668459", "FunctionName": "RegQueryValueExA", "ModuleName": "advapi32.dll", "Return": "0x2", "Output1": [ "0xcf9dc", "0x0" ], "Output2": [ ], "Output3": [ "0xcf9e0", "0x4" ], "Status": 0 }
{ "Address": "0x100191c", "Opcode": "ff1500100001", "Opcodesize": 6, "Mnemonic": "call dword ptr [0x1001000]", "PID": 2236, "TID": 2244, "Arguments": [ "Arg1", "IN", "HKEY", "0xcf9d0", "0x7c" ], "Timesptamp": "00000003.705801", "FunctionName": "RegCloseKey", "ModuleName": "advapi32.dll", "Return": "0x0", "Status": 0 }
{ "Address": "0x1001233", "Opcode": "ff1520100001", "Opcodesize": 6, "Mnemonic": "call dword ptr [0x1001020]", "PID": 2236, "TID": 2244, "Functionname": "FormatMessageA", "Dllname": "kernel32.dll", "Status": 1 }
{ "Address": "0x1001265", "Opcode": "ff15ec100001", "Opcodesize": 6, "Mnemonic": "call dword ptr [0x10010ec]", "PID": 2236, "TID": 2244, "Functionname": "_write", "Dllname": "msvcrt.dll", "Status": 1 }
{ "Address": "0x1001273", "Opcode": "ff1524100001", "Opcodesize": 6, "Mnemonic": "call dword ptr [0x1001024]", "PID": 2236, "TID": 2244, "Arguments": [ "Arg1", "IN", "HLOCAL", "0xcf9d0", "0x2a8ce8" ], "Timesptamp": "00000003.836663", "FunctionName": "LocalFree", "ModuleName": "kernel32.dll", "Return": "0x0", "Status": 0 }
{ "Address": "0x100223d", "Opcode": "ff1588100001", "Opcodesize": 6, "Mnemonic": "call dword ptr [0x1001088]", "PID": 2236, "TID": 2244, "Functionname": "WSACleanup", "Dllname": "ws2_32.dll", "Status": 1 }
{ "Address": "0x100272f", "Opcode": "ff15e4100001", "Opcodesize": 6, "Mnemonic": "call dword ptr [0x10010e4]", "PID": 2236, "TID": 2244, "Arguments": [ "Arg1", "IN", "INT", "0xcf9f0", "0x1" ], "Timesptamp": "00000003.920735", "FunctionName": "exit", "ModuleName": "msvcrt.dll" }
