{ "Address": "0x10082ea", "Opcode": "ff96d4850000", "Opcodesize": 6, "Mnemonic": "call dword ptr [esi + 0x85d4]", "PID": 780, "TID": 1380, "Arguments": [ "Arg1", "IN", "LPCTSTR", "0xcff68", "KERNEL32.DLL" ], "Timesptamp": "00000001.077796", "FunctionName": "LoadLibraryA", "ModuleName": "kernel32.dll", "Return": "0x776a0000", "Status": 0 }
{ "Address": "0x10082ff", "Opcode": "ff96dc850000", "Opcodesize": 6, "Mnemonic": "call dword ptr [esi + 0x85dc]", "PID": 780, "TID": 1380, "Arguments": [ "Arg1", "IN", "HMODULE", "0xcff64", "0x776a0000", "Arg2", "IN", "LPCSTR", "0xcff68", "LocalFree" ], "Timesptamp": "00000001.125127", "FunctionName": "GetProcAddress", "ModuleName": "kernel32.dll", "Return": "0x776b2d3c", "Status": 0 }
{ "Address": "0x10082ff", "Opcode": "ff96dc850000", "Opcodesize": 6, "Mnemonic": "call dword ptr [esi + 0x85dc]", "PID": 780, "TID": 1380, "Arguments": [ "Arg1", "IN", "HMODULE", "0xcff64", "0x776a0000", "Arg2", "IN", "LPCSTR", "0xcff68", "WriteFile" ], "Timesptamp": "00000001.170797", "FunctionName": "GetProcAddress", "ModuleName": "kernel32.dll", "Return": "0x776b1282", "Status": 0 }
{ "Address": "0x10082ff", "Opcode": "ff96dc850000", "Opcodesize": 6, "Mnemonic": "call dword ptr [esi + 0x85dc]", "PID": 780, "TID": 1380, "Arguments": [ "Arg1", "IN", "HMODULE", "0xcff64", "0x776a0000", "Arg2", "IN", "LPCSTR", "0xcff68", "lstrlenA" ], "Timesptamp": "00000001.213615", "FunctionName": "GetProcAddress", "ModuleName": "kernel32.dll", "Return": "0x776b5a4b", "Status": 0 }
{ "Address": "0x10082ff", "Opcode": "ff96dc850000", "Opcodesize": 6, "Mnemonic": "call dword ptr [esi + 0x85dc]", "PID": 780, "TID": 1380, "Arguments": [ "Arg1", "IN", "HMODULE", "0xcff64", "0x776a0000", "Arg2", "IN", "LPCSTR", "0xcff68", "WideCharToMultiByte" ], "Timesptamp": "00000001.256201", "FunctionName": "GetProcAddress", "ModuleName": "kernel32.dll", "Return": "0x776b170d", "Status": 0 }
{ "Address": "0x10082ff", "Opcode": "ff96dc850000", "Opcodesize": 6, "Mnemonic": "call dword ptr [esi + 0x85dc]", "PID": 780, "TID": 1380, "Arguments": [ "Arg1", "IN", "HMODULE", "0xcff64", "0x776a0000", "Arg2", "IN", "LPCSTR", "0xcff68", "GetConsoleOutputCP" ], "Timesptamp": "00000001.299340", "FunctionName": "GetProcAddress", "ModuleName": "kernel32.dll", "Return": "0x776c9b0f", "Status": 0 }
{ "Address": "0x10082ff", "Opcode": "ff96dc850000", "Opcodesize": 6, "Mnemonic": "call dword ptr [esi + 0x85dc]", "PID": 780, "TID": 1380, "Arguments": [ "Arg1", "IN", "HMODULE", "0xcff64", "0x776a0000", "Arg2", "IN", "LPCSTR", "0xcff68", "LocalAlloc" ], "Timesptamp": "00000001.341827", "FunctionName": "GetProcAddress", "ModuleName": "kernel32.dll", "Return": "0x776b168c", "Status": 0 }
{ "Address": "0x10082ff", "Opcode": "ff96dc850000", "Opcodesize": 6, "Mnemonic": "call dword ptr [esi + 0x85dc]", "PID": 780, "TID": 1380, "Arguments": [ "Arg1", "IN", "HMODULE", "0xcff64", "0x776a0000", "Arg2", "IN", "LPCSTR", "0xcff68", "WriteConsoleW" ], "Timesptamp": "00000001.385034", "FunctionName": "GetProcAddress", "ModuleName": "kernel32.dll", "Return": "0x776d7aca", "Status": 0 }
{ "Address": "0x10082ff", "Opcode": "ff96dc850000", "Opcodesize": 6, "Mnemonic": "call dword ptr [esi + 0x85dc]", "PID": 780, "TID": 1380, "Arguments": [ "Arg1", "IN", "HMODULE", "0xcff64", "0x776a0000", "Arg2", "IN", "LPCSTR", "0xcff68", "GetConsoleMode" ], "Timesptamp": "00000001.427243", "FunctionName": "GetProcAddress", "ModuleName": "kernel32.dll", "Return": "0x776b1328", "Status": 0 }
{ "Address": "0x10082ff", "Opcode": "ff96dc850000", "Opcodesize": 6, "Mnemonic": "call dword ptr [esi + 0x85dc]", "PID": 780, "TID": 1380, "Arguments": [ "Arg1", "IN", "HMODULE", "0xcff64", "0x776a0000", "Arg2", "IN", "LPCSTR", "0xcff68", "GetFileType" ], "Timesptamp": "00000001.473206", "FunctionName": "GetProcAddress", "ModuleName": "kernel32.dll", "Return": "0x776b3531", "Status": 0 }
{ "Address": "0x10082ff", "Opcode": "ff96dc850000", "Opcodesize": 6, "Mnemonic": "call dword ptr [esi + 0x85dc]", "PID": 780, "TID": 1380, "Arguments": [ "Arg1", "IN", "HMODULE", "0xcff64", "0x776a0000", "Arg2", "IN", "LPCSTR", "0xcff68", "GetModuleHandleA" ], "Timesptamp": "00000001.523807", "FunctionName": "GetProcAddress", "ModuleName": "kernel32.dll", "Return": "0x776b1245", "Status": 0 }
{ "Address": "0x10082ff", "Opcode": "ff96dc850000", "Opcodesize": 6, "Mnemonic": "call dword ptr [esi + 0x85dc]", "PID": 780, "TID": 1380, "Arguments": [ "Arg1", "IN", "HMODULE", "0xcff64", "0x776a0000", "Arg2", "IN", "LPCSTR", "0xcff68", "SetUnhandledExceptionFilter" ], "Timesptamp": "00000001.566305", "FunctionName": "GetProcAddress", "ModuleName": "kernel32.dll", "Return": "0x776b87c9", "Status": 0 }
{ "Address": "0x10082ff", "Opcode": "ff96dc850000", "Opcodesize": 6, "Mnemonic": "call dword ptr [esi + 0x85dc]", "PID": 780, "TID": 1380, "Arguments": [ "Arg1", "IN", "HMODULE", "0xcff64", "0x776a0000", "Arg2", "IN", "LPCSTR", "0xcff68", "UnhandledExceptionFilter" ], "Timesptamp": "00000001.609140", "FunctionName": "GetProcAddress", "ModuleName": "kernel32.dll", "Return": "0x776d772f", "Status": 0 }
{ "Address": "0x10082ff", "Opcode": "ff96dc850000", "Opcodesize": 6, "Mnemonic": "call dword ptr [esi + 0x85dc]", "PID": 780, "TID": 1380, "Arguments": [ "Arg1", "IN", "HMODULE", "0xcff64", "0x776a0000", "Arg2", "IN", "LPCSTR", "0xcff68", "GetCurrentProcess" ], "Timesptamp": "00000001.651651", "FunctionName": "GetProcAddress", "ModuleName": "kernel32.dll", "Return": "0x776b1809", "Status": 0 }
{ "Address": "0x10082ff", "Opcode": "ff96dc850000", "Opcodesize": 6, "Mnemonic": "call dword ptr [esi + 0x85dc]", "PID": 780, "TID": 1380, "Arguments": [ "Arg1", "IN", "HMODULE", "0xcff64", "0x776a0000", "Arg2", "IN", "LPCSTR", "0xcff68", "TerminateProcess" ], "Timesptamp": "00000001.694540", "FunctionName": "GetProcAddress", "ModuleName": "kernel32.dll", "Return": "0x776cd802", "Status": 0 }
{ "Address": "0x10082ff", "Opcode": "ff96dc850000", "Opcodesize": 6, "Mnemonic": "call dword ptr [esi + 0x85dc]", "PID": 780, "TID": 1380, "Arguments": [ "Arg1", "IN", "HMODULE", "0xcff64", "0x776a0000", "Arg2", "IN", "LPCSTR", "0xcff68", "GetSystemTimeAsFileTime" ], "Timesptamp": "00000001.737042", "FunctionName": "GetProcAddress", "ModuleName": "kernel32.dll", "Return": "0x776b3509", "Status": 0 }
{ "Address": "0x10082ff", "Opcode": "ff96dc850000", "Opcodesize": 6, "Mnemonic": "call dword ptr [esi + 0x85dc]", "PID": 780, "TID": 1380, "Arguments": [ "Arg1", "IN", "HMODULE", "0xcff64", "0x776a0000", "Arg2", "IN", "LPCSTR", "0xcff68", "GetCurrentProcessId" ], "Timesptamp": "00000001.780328", "FunctionName": "GetProcAddress", "ModuleName": "kernel32.dll", "Return": "0x776b11f8", "Status": 0 }
{ "Address": "0x10082ff", "Opcode": "ff96dc850000", "Opcodesize": 6, "Mnemonic": "call dword ptr [esi + 0x85dc]", "PID": 780, "TID": 1380, "Arguments": [ "Arg1", "IN", "HMODULE", "0xcff64", "0x776a0000", "Arg2", "IN", "LPCSTR", "0xcff68", "GetCurrentThreadId" ], "Timesptamp": "00000001.828720", "FunctionName": "GetProcAddress", "ModuleName": "kernel32.dll", "Return": "0x776b1450", "Status": 0 }
{ "Address": "0x10082ff", "Opcode": "ff96dc850000", "Opcodesize": 6, "Mnemonic": "call dword ptr [esi + 0x85dc]", "PID": 780, "TID": 1380, "Arguments": [ "Arg1", "IN", "HMODULE", "0xcff64", "0x776a0000", "Arg2", "IN", "LPCSTR", "0xcff68", "GetTickCount" ], "Timesptamp": "00000001.885458", "FunctionName": "GetProcAddress", "ModuleName": "kernel32.dll", "Return": "0x776b110c", "Status": 0 }
{ "Address": "0x10082ff", "Opcode": "ff96dc850000", "Opcodesize": 6, "Mnemonic": "call dword ptr [esi + 0x85dc]", "PID": 780, "TID": 1380, "Arguments": [ "Arg1", "IN", "HMODULE", "0xcff64", "0x776a0000", "Arg2", "IN", "LPCSTR", "0xcff68", "QueryPerformanceCounter" ], "Timesptamp": "00000001.928277", "FunctionName": "GetProcAddress", "ModuleName": "kernel32.dll", "Return": "0x776b1725", "Status": 0 }
{ "Address": "0x10082ff", "Opcode": "ff96dc850000", "Opcodesize": 6, "Mnemonic": "call dword ptr [esi + 0x85dc]", "PID": 780, "TID": 1380, "Arguments": [ "Arg1", "IN", "HMODULE", "0xcff64", "0x776a0000", "Arg2", "IN", "LPCSTR", "0xcff68", "GetEnvironmentVariableW" ], "Timesptamp": "00000001.970762", "FunctionName": "GetProcAddress", "ModuleName": "kernel32.dll", "Return": "0x776b1b48", "Status": 0 }
{ "Address": "0x10082ff", "Opcode": "ff96dc850000", "Opcodesize": 6, "Mnemonic": "call dword ptr [esi + 0x85dc]", "PID": 780, "TID": 1380, "Arguments": [ "Arg1", "IN", "HMODULE", "0xcff64", "0x776a0000", "Arg2", "IN", "LPCSTR", "0xcff68", "lstrcmpW" ], "Timesptamp": "00000002.013594", "FunctionName": "GetProcAddress", "ModuleName": "kernel32.dll", "Return": "0x776b5929", "Status": 0 }
{ "Address": "0x10082ff", "Opcode": "ff96dc850000", "Opcodesize": 6, "Mnemonic": "call dword ptr [esi + 0x85dc]", "PID": 780, "TID": 1380, "Arguments": [ "Arg1", "IN", "HMODULE", "0xcff64", "0x776a0000", "Arg2", "IN", "LPCSTR", "0xcff68", "GlobalLock" ], "Timesptamp": "00000002.056079", "FunctionName": "GetProcAddress", "ModuleName": "kernel32.dll", "Return": "0x776cd0a7", "Status": 0 }
{ "Address": "0x10082ff", "Opcode": "ff96dc850000", "Opcodesize": 6, "Mnemonic": "call dword ptr [esi + 0x85dc]", "PID": 780, "TID": 1380, "Arguments": [ "Arg1", "IN", "HMODULE", "0xcff64", "0x776a0000", "Arg2", "IN", "LPCSTR", "0xcff68", "GlobalUnlock" ], "Timesptamp": "00000002.103334", "FunctionName": "GetProcAddress", "ModuleName": "kernel32.dll", "Return": "0x776ccfdf", "Status": 0 }
{ "Address": "0x10082ff", "Opcode": "ff96dc850000", "Opcodesize": 6, "Mnemonic": "call dword ptr [esi + 0x85dc]", "PID": 780, "TID": 1380, "Arguments": [ "Arg1", "IN", "HMODULE", "0xcff64", "0x776a0000", "Arg2", "IN", "LPCSTR", "0xcff68", "lstrcpyW" ], "Timesptamp": "00000002.146268", "FunctionName": "GetProcAddress", "ModuleName": "kernel32.dll", "Return": "0x776d3102", "Status": 0 }
{ "Address": "0x10082ff", "Opcode": "ff96dc850000", "Opcodesize": 6, "Mnemonic": "call dword ptr [esi + 0x85dc]", "PID": 780, "TID": 1380, "Arguments": [ "Arg1", "IN", "HMODULE", "0xcff64", "0x776a0000", "Arg2", "IN", "LPCSTR", "0xcff68", "LoadLibraryW" ], "Timesptamp": "00000002.189081", "FunctionName": "GetProcAddress", "ModuleName": "kernel32.dll", "Return": "0x776b492b", "Status": 0 }
{ "Address": "0x10082ff", "Opcode": "ff96dc850000", "Opcodesize": 6, "Mnemonic": "call dword ptr [esi + 0x85dc]", "PID": 780, "TID": 1380, "Arguments": [ "Arg1", "IN", "HMODULE", "0xcff64", "0x776a0000", "Arg2", "IN", "LPCSTR", "0xcff68", "lstrlenW" ], "Timesptamp": "00000002.231620", "FunctionName": "GetProcAddress", "ModuleName": "kernel32.dll", "Return": "0x776b1700", "Status": 0 }
{ "Address": "0x10082ff", "Opcode": "ff96dc850000", "Opcodesize": 6, "Mnemonic": "call dword ptr [esi + 0x85dc]", "PID": 780, "TID": 1380, "Arguments": [ "Arg1", "IN", "HMODULE", "0xcff64", "0x776a0000", "Arg2", "IN", "LPCSTR", "0xcff68", "GetStdHandle" ], "Timesptamp": "00000002.274609", "FunctionName": "GetProcAddress", "ModuleName": "kernel32.dll", "Return": "0x776b51b3", "Status": 0 }
{ "Address": "0x10082ff", "Opcode": "ff96dc850000", "Opcodesize": 6, "Mnemonic": "call dword ptr [esi + 0x85dc]", "PID": 780, "TID": 1380, "Arguments": [ "Arg1", "IN", "HMODULE", "0xcff64", "0x776a0000", "Arg2", "IN", "LPCSTR", "0xcff68", "FormatMessageW" ], "Timesptamp": "00000002.317162", "FunctionName": "GetProcAddress", "ModuleName": "kernel32.dll", "Return": "0x776b4620", "Status": 0 }
{ "Address": "0x10082ff", "Opcode": "ff96dc850000", "Opcodesize": 6, "Mnemonic": "call dword ptr [esi + 0x85dc]", "PID": 780, "TID": 1380, "Arguments": [ "Arg1", "IN", "HMODULE", "0xcff64", "0x776a0000", "Arg2", "IN", "LPCSTR", "0xcff68", "GetProcAddress" ], "Timesptamp": "00000002.360906", "FunctionName": "GetProcAddress", "ModuleName": "kernel32.dll", "Return": "0x776b1222", "Status": 0 }
{ "Address": "0x10082ff", "Opcode": "ff96dc850000", "Opcodesize": 6, "Mnemonic": "call dword ptr [esi + 0x85dc]", "PID": 780, "TID": 1380, "Arguments": [ "Arg1", "IN", "HMODULE", "0xcff64", "0x776a0000", "Arg2", "IN", "LPCSTR", "0xcff68", "FreeLibrary" ], "Timesptamp": "00000002.403772", "FunctionName": "GetProcAddress", "ModuleName": "kernel32.dll", "Return": "0x776b34c8", "Status": 0 }
{ "Address": "0x10082ff", "Opcode": "ff96dc850000", "Opcodesize": 6, "Mnemonic": "call dword ptr [esi + 0x85dc]", "PID": 780, "TID": 1380, "Arguments": [ "Arg1", "IN", "HMODULE", "0xcff64", "0x776a0000", "Arg2", "IN", "LPCSTR", "0xcff68", "GetModuleHandleW" ], "Timesptamp": "00000002.446599", "FunctionName": "GetProcAddress", "ModuleName": "kernel32.dll", "Return": "0x776b34b0", "Status": 0 }
{ "Address": "0x10082ff", "Opcode": "ff96dc850000", "Opcodesize": 6, "Mnemonic": "call dword ptr [esi + 0x85dc]", "PID": 780, "TID": 1380, "Arguments": [ "Arg1", "IN", "HMODULE", "0xcff64", "0x776a0000", "Arg2", "IN", "LPCSTR", "0xcff68", "GetLastError" ], "Timesptamp": "00000002.493580", "FunctionName": "GetProcAddress", "ModuleName": "kernel32.dll", "Return": "0x776b11c0", "Status": 0 }
{ "Address": "0x10082ea", "Opcode": "ff96d4850000", "Opcodesize": 6, "Mnemonic": "call dword ptr [esi + 0x85d4]", "PID": 780, "TID": 1380, "Arguments": [ "Arg1", "IN", "LPCTSTR", "0xcff68", "ADVAPI32.dll" ], "Timesptamp": "00000002.536074", "FunctionName": "LoadLibraryA", "ModuleName": "kernel32.dll", "Return": "0x77380000", "Status": 0 }
{ "Address": "0x10082ff", "Opcode": "ff96dc850000", "Opcodesize": 6, "Mnemonic": "call dword ptr [esi + 0x85dc]", "PID": 780, "TID": 1380, "Arguments": [ "Arg1", "IN", "HMODULE", "0xcff64", "0x77380000", "Arg2", "IN", "LPCSTR", "0xcff68", "InitiateSystemShutdownExW" ], "Timesptamp": "00000002.581350", "FunctionName": "GetProcAddress", "ModuleName": "kernel32.dll", "Return": "0x773ddb3a", "Status": 0 }
{ "Address": "0x10082ff", "Opcode": "ff96dc850000", "Opcodesize": 6, "Mnemonic": "call dword ptr [esi + 0x85dc]", "PID": 780, "TID": 1380, "Arguments": [ "Arg1", "IN", "HMODULE", "0xcff64", "0x77380000", "Arg2", "IN", "LPCSTR", "0xcff68", "AllocateAndInitializeSid" ], "Timesptamp": "00000002.623974", "FunctionName": "GetProcAddress", "ModuleName": "kernel32.dll", "Return": "0x773940e6", "Status": 0 }
{ "Address": "0x10082ff", "Opcode": "ff96dc850000", "Opcodesize": 6, "Mnemonic": "call dword ptr [esi + 0x85dc]", "PID": 780, "TID": 1380, "Arguments": [ "Arg1", "IN", "HMODULE", "0xcff64", "0x77380000", "Arg2", "IN", "LPCSTR", "0xcff68", "CheckTokenMembership" ], "Timesptamp": "00000002.666997", "FunctionName": "GetProcAddress", "ModuleName": "kernel32.dll", "Return": "0x7738df04", "Status": 0 }
{ "Address": "0x10082ff", "Opcode": "ff96dc850000", "Opcodesize": 6, "Mnemonic": "call dword ptr [esi + 0x85dc]", "PID": 780, "TID": 1380, "Arguments": [ "Arg1", "IN", "HMODULE", "0xcff64", "0x77380000", "Arg2", "IN", "LPCSTR", "0xcff68", "FreeSid" ], "Timesptamp": "00000002.709748", "FunctionName": "GetProcAddress", "ModuleName": "kernel32.dll", "Return": "0x7739412e", "Status": 0 }
{ "Address": "0x10082ff", "Opcode": "ff96dc850000", "Opcodesize": 6, "Mnemonic": "call dword ptr [esi + 0x85dc]", "PID": 780, "TID": 1380, "Arguments": [ "Arg1", "IN", "HMODULE", "0xcff64", "0x77380000", "Arg2", "IN", "LPCSTR", "0xcff68", "AbortSystemShutdownW" ], "Timesptamp": "00000002.752609", "FunctionName": "GetProcAddress", "ModuleName": "kernel32.dll", "Return": "0x773ddd60", "Status": 0 }
{ "Address": "0x10082ea", "Opcode": "ff96d4850000", "Opcodesize": 6, "Mnemonic": "call dword ptr [esi + 0x85d4]", "PID": 780, "TID": 1380, "Arguments": [ "Arg1", "IN", "LPCTSTR", "0xcff68", "msvcrt.dll" ], "Timesptamp": "00000002.796205", "FunctionName": "LoadLibraryA", "ModuleName": "kernel32.dll", "Return": "0x76d00000", "Status": 0 }
{ "Address": "0x10082ff", "Opcode": "ff96dc850000", "Opcodesize": 6, "Mnemonic": "call dword ptr [esi + 0x85dc]", "PID": 780, "TID": 1380, "Arguments": [ "Arg1", "IN", "HMODULE", "0xcff64", "0x76d00000", "Arg2", "IN", "LPCSTR", "0xcff68", "_controlfp" ], "Timesptamp": "00000002.893128", "FunctionName": "GetProcAddress", "ModuleName": "kernel32.dll", "Return": "0x76d0e1e1", "Status": 0 }
{ "Address": "0x10082ff", "Opcode": "ff96dc850000", "Opcodesize": 6, "Mnemonic": "call dword ptr [esi + 0x85dc]", "PID": 780, "TID": 1380, "Arguments": [ "Arg1", "IN", "HMODULE", "0xcff64", "0x76d00000", "Arg2", "IN", "LPCSTR", "0xcff68", "_except_handler3" ], "Timesptamp": "00000002.936080", "FunctionName": "GetProcAddress", "ModuleName": "kernel32.dll", "Return": "0x76d2d770", "Status": 0 }
{ "Address": "0x10082ff", "Opcode": "ff96dc850000", "Opcodesize": 6, "Mnemonic": "call dword ptr [esi + 0x85dc]", "PID": 780, "TID": 1380, "Arguments": [ "Arg1", "IN", "HMODULE", "0xcff64", "0x76d00000", "Arg2", "IN", "LPCSTR", "0xcff68", "__set_app_type" ], "Timesptamp": "00000002.979377", "FunctionName": "GetProcAddress", "ModuleName": "kernel32.dll", "Return": "0x76d12804", "Status": 0 }
{ "Address": "0x10082ff", "Opcode": "ff96dc850000", "Opcodesize": 6, "Mnemonic": "call dword ptr [esi + 0x85dc]", "PID": 780, "TID": 1380, "Arguments": [ "Arg1", "IN", "HMODULE", "0xcff64", "0x76d00000", "Arg2", "IN", "LPCSTR", "0xcff68", "__p__commode" ], "Timesptamp": "00000003.022193", "FunctionName": "GetProcAddress", "ModuleName": "kernel32.dll", "Return": "0x76d127c3", "Status": 0 }
{ "Address": "0x10082ff", "Opcode": "ff96dc850000", "Opcodesize": 6, "Mnemonic": "call dword ptr [esi + 0x85dc]", "PID": 780, "TID": 1380, "Arguments": [ "Arg1", "IN", "HMODULE", "0xcff64", "0x76d00000", "Arg2", "IN", "LPCSTR", "0xcff68", "_adjust_fdiv" ], "Timesptamp": "00000003.065304", "FunctionName": "GetProcAddress", "ModuleName": "kernel32.dll", "Return": "0x76da32ec", "Status": 0 }
{ "Address": "0x10082ff", "Opcode": "ff96dc850000", "Opcodesize": 6, "Mnemonic": "call dword ptr [esi + 0x85dc]", "PID": 780, "TID": 1380, "Arguments": [ "Arg1", "IN", "HMODULE", "0xcff64", "0x76d00000", "Arg2", "IN", "LPCSTR", "0xcff68", "__setusermatherr" ], "Timesptamp": "00000003.108177", "FunctionName": "GetProcAddress", "ModuleName": "kernel32.dll", "Return": "0x76d977ad", "Status": 0 }
{ "Address": "0x10082ff", "Opcode": "ff96dc850000", "Opcodesize": 6, "Mnemonic": "call dword ptr [esi + 0x85dc]", "PID": 780, "TID": 1380, "Arguments": [ "Arg1", "IN", "HMODULE", "0xcff64", "0x76d00000", "Arg2", "IN", "LPCSTR", "0xcff68", "_initterm" ], "Timesptamp": "00000003.151802", "FunctionName": "GetProcAddress", "ModuleName": "kernel32.dll", "Return": "0x76d0c151", "Status": 0 }
{ "Address": "0x10082ff", "Opcode": "ff96dc850000", "Opcodesize": 6, "Mnemonic": "call dword ptr [esi + 0x85dc]", "PID": 780, "TID": 1380, "Arguments": [ "Arg1", "IN", "HMODULE", "0xcff64", "0x76d00000", "Arg2", "IN", "LPCSTR", "0xcff68", "__wgetmainargs" ], "Timesptamp": "00000003.195127", "FunctionName": "GetProcAddress", "ModuleName": "kernel32.dll", "Return": "0x76d14e7c", "Status": 0 }
{ "Address": "0x10082ff", "Opcode": "ff96dc850000", "Opcodesize": 6, "Mnemonic": "call dword ptr [esi + 0x85dc]", "PID": 780, "TID": 1380, "Arguments": [ "Arg1", "IN", "HMODULE", "0xcff64", "0x76d00000", "Arg2", "IN", "LPCSTR", "0xcff68", "__winitenv" ], "Timesptamp": "00000003.238409", "FunctionName": "GetProcAddress", "ModuleName": "kernel32.dll", "Return": "0x76da30dc", "Status": 0 }
{ "Address": "0x10082ff", "Opcode": "ff96dc850000", "Opcodesize": 6, "Mnemonic": "call dword ptr [esi + 0x85dc]", "PID": 780, "TID": 1380, "Arguments": [ "Arg1", "IN", "HMODULE", "0xcff64", "0x76d00000", "Arg2", "IN", "LPCSTR", "0xcff68", "exit" ], "Timesptamp": "00000003.281257", "FunctionName": "GetProcAddress", "ModuleName": "kernel32.dll", "Return": "0x76d136aa", "Status": 0 }
{ "Address": "0x10082ff", "Opcode": "ff96dc850000", "Opcodesize": 6, "Mnemonic": "call dword ptr [esi + 0x85dc]", "PID": 780, "TID": 1380, "Arguments": [ "Arg1", "IN", "HMODULE", "0xcff64", "0x76d00000", "Arg2", "IN", "LPCSTR", "0xcff68", "_cexit" ], "Timesptamp": "00000003.324320", "FunctionName": "GetProcAddress", "ModuleName": "kernel32.dll", "Return": "0x76d137d4", "Status": 0 }
{ "Address": "0x10082ff", "Opcode": "ff96dc850000", "Opcodesize": 6, "Mnemonic": "call dword ptr [esi + 0x85dc]", "PID": 780, "TID": 1380, "Arguments": [ "Arg1", "IN", "HMODULE", "0xcff64", "0x76d00000", "Arg2", "IN", "LPCSTR", "0xcff68", "_XcptFilter" ], "Timesptamp": "00000003.367147", "FunctionName": "GetProcAddress", "ModuleName": "kernel32.dll", "Return": "0x76d2dc75", "Status": 0 }
{ "Address": "0x10082ff", "Opcode": "ff96dc850000", "Opcodesize": 6, "Mnemonic": "call dword ptr [esi + 0x85dc]", "PID": 780, "TID": 1380, "Arguments": [ "Arg1", "IN", "HMODULE", "0xcff64", "0x76d00000", "Arg2", "IN", "LPCSTR", "0xcff68", "_exit" ], "Timesptamp": "00000003.414927", "FunctionName": "GetProcAddress", "ModuleName": "kernel32.dll", "Return": "0x76d6b2c0", "Status": 0 }
{ "Address": "0x10082ff", "Opcode": "ff96dc850000", "Opcodesize": 6, "Mnemonic": "call dword ptr [esi + 0x85dc]", "PID": 780, "TID": 1380, "Arguments": [ "Arg1", "IN", "HMODULE", "0xcff64", "0x76d00000", "Arg2", "IN", "LPCSTR", "0xcff68", "_c_exit" ], "Timesptamp": "00000003.451189", "FunctionName": "GetProcAddress", "ModuleName": "kernel32.dll", "Return": "0x76d6b2db", "Status": 0 }
{ "Address": "0x10082ff", "Opcode": "ff96dc850000", "Opcodesize": 6, "Mnemonic": "call dword ptr [esi + 0x85dc]", "PID": 780, "TID": 1380, "Arguments": [ "Arg1", "IN", "HMODULE", "0xcff64", "0x76d00000", "Arg2", "IN", "LPCSTR", "0xcff68", "__p__fmode" ], "Timesptamp": "00000003.494111", "FunctionName": "GetProcAddress", "ModuleName": "kernel32.dll", "Return": "0x76d127ce", "Status": 0 }
{ "Address": "0x10082ea", "Opcode": "ff96d4850000", "Opcodesize": 6, "Mnemonic": "call dword ptr [esi + 0x85d4]", "PID": 780, "TID": 1380, "Arguments": [ "Arg1", "IN", "LPCTSTR", "0xcff68", "NETAPI32.dll" ], "Timesptamp": "00000003.537233", "FunctionName": "LoadLibraryA", "ModuleName": "kernel32.dll", "Return": "0x75080000", "Status": 0 }
{ "Address": "0x10082ff", "Opcode": "ff96dc850000", "Opcodesize": 6, "Mnemonic": "call dword ptr [esi + 0x85dc]", "PID": 780, "TID": 1380, "Arguments": [ "Arg1", "IN", "HMODULE", "0xcff64", "0x75080000", "Arg2", "IN", "LPCSTR", "0xcff68", "NetServerEnum" ], "Timesptamp": "00000003.582218", "FunctionName": "GetProcAddress", "ModuleName": "kernel32.dll", "Return": "0x75032f61", "Status": 0 }
{ "Address": "0x10082ff", "Opcode": "ff96dc850000", "Opcodesize": 6, "Mnemonic": "call dword ptr [esi + 0x85dc]", "PID": 780, "TID": 1380, "Arguments": [ "Arg1", "IN", "HMODULE", "0xcff64", "0x75080000", "Arg2", "IN", "LPCSTR", "0xcff68", "NetApiBufferFree" ], "Timesptamp": "00000003.625361", "FunctionName": "GetProcAddress", "ModuleName": "kernel32.dll", "Return": "0x750713d2", "Status": 0 }
{ "Address": "0x10082ea", "Opcode": "ff96d4850000", "Opcodesize": 6, "Mnemonic": "call dword ptr [esi + 0x85d4]", "PID": 780, "TID": 1380, "Arguments": [ "Arg1", "IN", "LPCTSTR", "0xcff68", "ntdll.dll" ], "Timesptamp": "00000003.693100", "FunctionName": "LoadLibraryA", "ModuleName": "kernel32.dll", "Return": "0x77d10000", "Status": 0 }
{ "Address": "0x10082ff", "Opcode": "ff96dc850000", "Opcodesize": 6, "Mnemonic": "call dword ptr [esi + 0x85dc]", "PID": 780, "TID": 1380, "Arguments": [ "Arg1", "IN", "HMODULE", "0xcff64", "0x77d10000", "Arg2", "IN", "LPCSTR", "0xcff68", "_wtoi" ], "Timesptamp": "00000003.737332", "FunctionName": "GetProcAddress", "ModuleName": "kernel32.dll", "Return": "0x77d8aa8d", "Status": 0 }
{ "Address": "0x10082ff", "Opcode": "ff96dc850000", "Opcodesize": 6, "Mnemonic": "call dword ptr [esi + 0x85dc]", "PID": 780, "TID": 1380, "Arguments": [ "Arg1", "IN", "HMODULE", "0xcff64", "0x77d10000", "Arg2", "IN", "LPCSTR", "0xcff68", "wcscat" ], "Timesptamp": "00000003.772923", "FunctionName": "GetProcAddress", "ModuleName": "kernel32.dll", "Return": "0x77de569a", "Status": 0 }
{ "Address": "0x10082ff", "Opcode": "ff96dc850000", "Opcodesize": 6, "Mnemonic": "call dword ptr [esi + 0x85dc]", "PID": 780, "TID": 1380, "Arguments": [ "Arg1", "IN", "HMODULE", "0xcff64", "0x77d10000", "Arg2", "IN", "LPCSTR", "0xcff68", "DbgPrint" ], "Timesptamp": "00000003.805897", "FunctionName": "GetProcAddress", "ModuleName": "kernel32.dll", "Return": "0x77d8a7a0", "Status": 0 }
{ "Address": "0x10082ff", "Opcode": "ff96dc850000", "Opcodesize": 6, "Mnemonic": "call dword ptr [esi + 0x85dc]", "PID": 780, "TID": 1380, "Arguments": [ "Arg1", "IN", "HMODULE", "0xcff64", "0x77d10000", "Arg2", "IN", "LPCSTR", "0xcff68", "_chkstk" ], "Timesptamp": "00000003.840922", "FunctionName": "GetProcAddress", "ModuleName": "kernel32.dll", "Return": "0x77d4ad68", "Status": 0 }
{ "Address": "0x10082ff", "Opcode": "ff96dc850000", "Opcodesize": 6, "Mnemonic": "call dword ptr [esi + 0x85dc]", "PID": 780, "TID": 1380, "Arguments": [ "Arg1", "IN", "HMODULE", "0xcff64", "0x77d10000", "Arg2", "IN", "LPCSTR", "0xcff68", "wcsncmp" ], "Timesptamp": "00000003.872388", "FunctionName": "GetProcAddress", "ModuleName": "kernel32.dll", "Return": "0x77d47f75", "Status": 0 }
{ "Address": "0x10082ff", "Opcode": "ff96dc850000", "Opcodesize": 6, "Mnemonic": "call dword ptr [esi + 0x85dc]", "PID": 780, "TID": 1380, "Arguments": [ "Arg1", "IN", "HMODULE", "0xcff64", "0x77d10000", "Arg2", "IN", "LPCSTR", "0xcff68", "wcsstr" ], "Timesptamp": "00000003.902827", "FunctionName": "GetProcAddress", "ModuleName": "kernel32.dll", "Return": "0x77d40c87", "Status": 0 }
{ "Address": "0x10082ff", "Opcode": "ff96dc850000", "Opcodesize": 6, "Mnemonic": "call dword ptr [esi + 0x85dc]", "PID": 780, "TID": 1380, "Arguments": [ "Arg1", "IN", "HMODULE", "0xcff64", "0x77d10000", "Arg2", "IN", "LPCSTR", "0xcff68", "wcscpy" ], "Timesptamp": "00000003.933585", "FunctionName": "GetProcAddress", "ModuleName": "kernel32.dll", "Return": "0x77de56cd", "Status": 0 }
{ "Address": "0x10082ff", "Opcode": "ff96dc850000", "Opcodesize": 6, "Mnemonic": "call dword ptr [esi + 0x85dc]", "PID": 780, "TID": 1380, "Arguments": [ "Arg1", "IN", "HMODULE", "0xcff64", "0x77d10000", "Arg2", "IN", "LPCSTR", "0xcff68", "RtlAdjustPrivilege" ], "Timesptamp": "00000003.963900", "FunctionName": "GetProcAddress", "ModuleName": "kernel32.dll", "Return": "0x77dc1f40", "Status": 0 }
{ "Address": "0x10082ff", "Opcode": "ff96dc850000", "Opcodesize": 6, "Mnemonic": "call dword ptr [esi + 0x85dc]", "PID": 780, "TID": 1380, "Arguments": [ "Arg1", "IN", "HMODULE", "0xcff64", "0x77d10000", "Arg2", "IN", "LPCSTR", "0xcff68", "RtlNtStatusToDosError" ], "Timesptamp": "00000003.994801", "FunctionName": "GetProcAddress", "ModuleName": "kernel32.dll", "Return": "0x77d461ed", "Status": 0 }
{ "Address": "0x10082ff", "Opcode": "ff96dc850000", "Opcodesize": 6, "Mnemonic": "call dword ptr [esi + 0x85dc]", "PID": 780, "TID": 1380, "Arguments": [ "Arg1", "IN", "HMODULE", "0xcff64", "0x77d10000", "Arg2", "IN", "LPCSTR", "0xcff68", "swprintf" ], "Timesptamp": "00000004.025395", "FunctionName": "GetProcAddress", "ModuleName": "kernel32.dll", "Return": "0x77de550d", "Status": 0 }
{ "Address": "0x10082ea", "Opcode": "ff96d4850000", "Opcodesize": 6, "Mnemonic": "call dword ptr [esi + 0x85d4]", "PID": 780, "TID": 1380, "Arguments": [ "Arg1", "IN", "LPCTSTR", "0xcff68", "ole32.dll" ], "Timesptamp": "00000004.056673", "FunctionName": "LoadLibraryA", "ModuleName": "kernel32.dll", "Return": "0x777b0000", "Status": 0 }
{ "Address": "0x10082ff", "Opcode": "ff96dc850000", "Opcodesize": 6, "Mnemonic": "call dword ptr [esi + 0x85dc]", "PID": 780, "TID": 1380, "Arguments": [ "Arg1", "IN", "HMODULE", "0xcff64", "0x777b0000", "Arg2", "IN", "LPCSTR", "0xcff68", "CoCreateInstance" ], "Timesptamp": "00000004.088666", "FunctionName": "GetProcAddress", "ModuleName": "kernel32.dll", "Return": "0x777f9d0b", "Status": 0 }
{ "Address": "0x10082ff", "Opcode": "ff96dc850000", "Opcodesize": 6, "Mnemonic": "call dword ptr [esi + 0x85dc]", "PID": 780, "TID": 1380, "Arguments": [ "Arg1", "IN", "HMODULE", "0xcff64", "0x777b0000", "Arg2", "IN", "LPCSTR", "0xcff68", "CoUninitialize" ], "Timesptamp": "00000004.119506", "FunctionName": "GetProcAddress", "ModuleName": "kernel32.dll", "Return": "0x777f86d3", "Status": 0 }
{ "Address": "0x10082ff", "Opcode": "ff96dc850000", "Opcodesize": 6, "Mnemonic": "call dword ptr [esi + 0x85dc]", "PID": 780, "TID": 1380, "Arguments": [ "Arg1", "IN", "HMODULE", "0xcff64", "0x777b0000", "Arg2", "IN", "LPCSTR", "0xcff68", "ReleaseStgMedium" ], "Timesptamp": "00000004.150305", "FunctionName": "GetProcAddress", "ModuleName": "kernel32.dll", "Return": "0x777cd35c", "Status": 0 }
{ "Address": "0x10082ff", "Opcode": "ff96dc850000", "Opcodesize": 6, "Mnemonic": "call dword ptr [esi + 0x85dc]", "PID": 780, "TID": 1380, "Arguments": [ "Arg1", "IN", "HMODULE", "0xcff64", "0x777b0000", "Arg2", "IN", "LPCSTR", "0xcff68", "CoInitialize" ], "Timesptamp": "00000004.186012", "FunctionName": "GetProcAddress", "ModuleName": "kernel32.dll", "Return": "0x777cb636", "Status": 0 }
{ "Address": "0x10082ea", "Opcode": "ff96d4850000", "Opcodesize": 6, "Mnemonic": "call dword ptr [esi + 0x85d4]", "PID": 780, "TID": 1380, "Arguments": [ "Arg1", "IN", "LPCTSTR", "0xcff68", "USER32.dll" ], "Timesptamp": "00000004.218512", "FunctionName": "LoadLibraryA", "ModuleName": "kernel32.dll", "Return": "0x76db0000", "Status": 0 }
{ "Address": "0x10082ff", "Opcode": "ff96dc850000", "Opcodesize": 6, "Mnemonic": "call dword ptr [esi + 0x85dc]", "PID": 780, "TID": 1380, "Arguments": [ "Arg1", "IN", "HMODULE", "0xcff64", "0x76db0000", "Arg2", "IN", "LPCSTR", "0xcff68", "ExitWindowsEx" ], "Timesptamp": "00000004.253865", "FunctionName": "GetProcAddress", "ModuleName": "kernel32.dll", "Return": "0x76e11497", "Status": 0 }
{ "Address": "0x10082ff", "Opcode": "ff96dc850000", "Opcodesize": 6, "Mnemonic": "call dword ptr [esi + 0x85dc]", "PID": 780, "TID": 1380, "Arguments": [ "Arg1", "IN", "HMODULE", "0xcff64", "0x76db0000", "Arg2", "IN", "LPCSTR", "0xcff68", "MessageBoxW" ], "Timesptamp": "00000004.285974", "FunctionName": "GetProcAddress", "ModuleName": "kernel32.dll", "Return": "0x76e1fd3f", "Status": 0 }
{ "Address": "0x10082ff", "Opcode": "ff96dc850000", "Opcodesize": 6, "Mnemonic": "call dword ptr [esi + 0x85dc]", "PID": 780, "TID": 1380, "Arguments": [ "Arg1", "IN", "HMODULE", "0xcff64", "0x76db0000", "Arg2", "IN", "LPCSTR", "0xcff68", "RegisterClipboardFormatW" ], "Timesptamp": "00000004.317158", "FunctionName": "GetProcAddress", "ModuleName": "kernel32.dll", "Return": "0x76dc9ebd", "Status": 0 }
{ "Address": "0x10082ff", "Opcode": "ff96dc850000", "Opcodesize": 6, "Mnemonic": "call dword ptr [esi + 0x85dc]", "PID": 780, "TID": 1380, "Arguments": [ "Arg1", "IN", "HMODULE", "0xcff64", "0x76db0000", "Arg2", "IN", "LPCSTR", "0xcff68", "LoadStringW" ], "Timesptamp": "00000004.348140", "FunctionName": "GetProcAddress", "ModuleName": "kernel32.dll", "Return": "0x76dc8eb9", "Status": 0 }
{ "Address": "0x10082ff", "Opcode": "ff96dc850000", "Opcodesize": 6, "Mnemonic": "call dword ptr [esi + 0x85dc]", "PID": 780, "TID": 1380, "Arguments": [ "Arg1", "IN", "HMODULE", "0xcff64", "0x76db0000", "Arg2", "IN", "LPCSTR", "0xcff68", "DialogBoxParamW" ], "Timesptamp": "00000004.379118", "FunctionName": "GetProcAddress", "ModuleName": "kernel32.dll", "Return": "0x76decfca", "Status": 0 }
{ "Address": "0x10082ff", "Opcode": "ff96dc850000", "Opcodesize": 6, "Mnemonic": "call dword ptr [esi + 0x85dc]", "PID": 780, "TID": 1380, "Arguments": [ "Arg1", "IN", "HMODULE", "0xcff64", "0x76db0000", "Arg2", "IN", "LPCSTR", "0xcff68", "GetDlgItem" ], "Timesptamp": "00000004.409618", "FunctionName": "GetProcAddress", "ModuleName": "kernel32.dll", "Return": "0x76def1ba", "Status": 0 }
{ "Address": "0x10082ff", "Opcode": "ff96dc850000", "Opcodesize": 6, "Mnemonic": "call dword ptr [esi + 0x85dc]", "PID": 780, "TID": 1380, "Arguments": [ "Arg1", "IN", "HMODULE", "0xcff64", "0x76db0000", "Arg2", "IN", "LPCSTR", "0xcff68", "CheckDlgButton" ], "Timesptamp": "00000004.440317", "FunctionName": "GetProcAddress", "ModuleName": "kernel32.dll", "Return": "0x76debe9a", "Status": 0 }
{ "Address": "0x10082ff", "Opcode": "ff96dc850000", "Opcodesize": 6, "Mnemonic": "call dword ptr [esi + 0x85dc]", "PID": 780, "TID": 1380, "Arguments": [ "Arg1", "IN", "HMODULE", "0xcff64", "0x76db0000", "Arg2", "IN", "LPCSTR", "0xcff68", "EndDialog" ], "Timesptamp": "00000004.470710", "FunctionName": "GetProcAddress", "ModuleName": "kernel32.dll", "Return": "0x76deb99c", "Status": 0 }
{ "Address": "0x10082ff", "Opcode": "ff96dc850000", "Opcodesize": 6, "Mnemonic": "call dword ptr [esi + 0x85dc]", "PID": 780, "TID": 1380, "Arguments": [ "Arg1", "IN", "HMODULE", "0xcff64", "0x76db0000", "Arg2", "IN", "LPCSTR", "0xcff68", "EnableWindow" ], "Timesptamp": "00000004.504743", "FunctionName": "GetProcAddress", "ModuleName": "kernel32.dll", "Return": "0x76dd2da4", "Status": 0 }
{ "Address": "0x10082ff", "Opcode": "ff96dc850000", "Opcodesize": 6, "Mnemonic": "call dword ptr [esi + 0x85dc]", "PID": 780, "TID": 1380, "Arguments": [ "Arg1", "IN", "HMODULE", "0xcff64", "0x76db0000", "Arg2", "IN", "LPCSTR", "0xcff68", "IsDlgButtonChecked" ], "Timesptamp": "00000004.535042", "FunctionName": "GetProcAddress", "ModuleName": "kernel32.dll", "Return": "0x76dec0a6", "Status": 0 }
{ "Address": "0x10082ff", "Opcode": "ff96dc850000", "Opcodesize": 6, "Mnemonic": "call dword ptr [esi + 0x85dc]", "PID": 780, "TID": 1380, "Arguments": [ "Arg1", "IN", "HMODULE", "0xcff64", "0x76db0000", "Arg2", "IN", "LPCSTR", "0xcff68", "GetWindowTextLengthW" ], "Timesptamp": "00000004.565678", "FunctionName": "GetProcAddress", "ModuleName": "kernel32.dll", "Return": "0x76ded1a9", "Status": 0 }
{ "Address": "0x10082ff", "Opcode": "ff96dc850000", "Opcodesize": 6, "Mnemonic": "call dword ptr [esi + 0x85dc]", "PID": 780, "TID": 1380, "Arguments": [ "Arg1", "IN", "HMODULE", "0xcff64", "0x76db0000", "Arg2", "IN", "LPCSTR", "0xcff68", "SetWindowTextW" ], "Timesptamp": "00000004.596037", "FunctionName": "GetProcAddress", "ModuleName": "kernel32.dll", "Return": "0x76dd20ec", "Status": 0 }
{ "Address": "0x10082ff", "Opcode": "ff96dc850000", "Opcodesize": 6, "Mnemonic": "call dword ptr [esi + 0x85dc]", "PID": 780, "TID": 1380, "Arguments": [ "Arg1", "IN", "HMODULE", "0xcff64", "0x76db0000", "Arg2", "IN", "LPCSTR", "0xcff68", "SendMessageW" ], "Timesptamp": "00000004.626803", "FunctionName": "GetProcAddress", "ModuleName": "kernel32.dll", "Return": "0x76dc9679", "Status": 0 }
{ "Address": "0x10082ff", "Opcode": "ff96dc850000", "Opcodesize": 6, "Mnemonic": "call dword ptr [esi + 0x85dc]", "PID": 780, "TID": 1380, "Arguments": [ "Arg1", "IN", "HMODULE", "0xcff64", "0x76db0000", "Arg2", "IN", "LPCSTR", "0xcff68", "GetWindowTextW" ], "Timesptamp": "00000004.657160", "FunctionName": "GetProcAddress", "ModuleName": "kernel32.dll", "Return": "0x76dd205e", "Status": 0 }
{ "Address": "0x100832d", "Opcode": "ffd5", "Opcodesize": 2, "Mnemonic": "call ebp", "PID": 780, "TID": 1380, "Arguments": [ "Arg1", "IN", "LPVOID", "0xcff58", "0x1000000", "Arg2", "IN", "SIZE_T", "0xcff5c", "0x1000", "Arg3", "IN", "DWORD", "0xcff60", "0x4", "Arg4", "OUT", "PDWORD", "0xcff64", "0xcff68" ], "Timesptamp": "00000004.688361", "FunctionName": "VirtualProtect", "ModuleName": "kernel32.dll", "Return": "TRUE", "Output1": [ "0xcff68", "0x2" ], "Status": 0 }
{ "Address": "0x1008342", "Opcode": "ffd5", "Opcodesize": 2, "Mnemonic": "call ebp", "PID": 780, "TID": 1380, "Arguments": [ "Arg1", "IN", "LPVOID", "0xcff58", "0x1000000", "Arg2", "IN", "SIZE_T", "0xcff5c", "0x1000", "Arg3", "IN", "DWORD", "0xcff60", "0x2", "Arg4", "OUT", "PDWORD", "0xcff64", "0xcff68" ], "Timesptamp": "00000004.720815", "FunctionName": "VirtualProtect", "ModuleName": "kernel32.dll", "Return": "TRUE", "Output1": [ "0xcff68", "0x4" ], "Status": 0 }
{ "Address": "0x1003580", "Opcode": "ff153c100001", "Opcodesize": 6, "Mnemonic": "call dword ptr [0x100103c]", "PID": 780, "TID": 1380, "Arguments": [ "Arg1", "IN", "LPCTSTR", "0xcff40", "\"\"" ], "Timesptamp": "00000004.752116", "FunctionName": "GetModuleHandleA", "ModuleName": "kernel32.dll", "Return": "0x1000000", "Status": 0 }
{ "Address": "0x10035f2", "Opcode": "ff151c110001", "Opcodesize": 6, "Mnemonic": "call dword ptr [0x100111c]", "PID": 780, "TID": 1380, "Arguments": [ ], "Timesptamp": "00000004.815731", "FunctionName": "__p__fmode", "ModuleName": "msvcrt.dll", "Return": "0x76da31f4", "Status": 0 }
{ "Address": "0x1003600", "Opcode": "ff15f0100001", "Opcodesize": 6, "Mnemonic": "call dword ptr [0x10010f0]", "PID": 780, "TID": 1380, "Arguments": [ ], "Timesptamp": "00000004.846090", "FunctionName": "__p__commode", "ModuleName": "msvcrt.dll", "Return": "0x76da31fc", "Status": 0 }
{ "Address": "0x1003711", "Opcode": "e870000000", "Opcodesize": 5, "Mnemonic": "call 0x1003786", "PID": 780, "TID": 1380, "Functionname": "_controlfp", "Dllname": "msvcrt.dll", "Status": 1 }
{ "Address": "0x1003642", "Opcode": "e8b5000000", "Opcodesize": 5, "Mnemonic": "call 0x10036fc", "PID": 780, "TID": 1380, "Functionname": "_initterm", "Dllname": "msvcrt.dll", "Status": 1 }
{ "Address": "0x1003665", "Opcode": "ff1500110001", "Opcodesize": 6, "Mnemonic": "call dword ptr [0x1001100]", "PID": 780, "TID": 1380, "Functionname": "__wgetmainargs", "Dllname": "msvcrt.dll", "Status": 1 }
{ "Address": "0x1003678", "Opcode": "e87f000000", "Opcodesize": 5, "Mnemonic": "call 0x10036fc", "PID": 780, "TID": 1380, "Functionname": "_initterm", "Dllname": "msvcrt.dll", "Status": 1 }
{ "Address": "0x10033d4", "Opcode": "ff1550100001", "Opcodesize": 6, "Mnemonic": "call dword ptr [0x1001050]", "PID": 780, "TID": 1380, "Arguments": [ "Arg1", "OUT", "LPFILETIME", "0xcfef4", "0xcff04" ], "Timesptamp": "00000005.002880", "FunctionName": "GetSystemTimeAsFileTime", "ModuleName": "kernel32.dll", "Return": "0x1dad838", "Output1": { "field1": [ "0xcff04", "0x87abc380" ], "field2": [ "0xcff08", "0x1dad838" ] }, "Status": 0 }
{ "Address": "0x10033e0", "Opcode": "ff1554100001", "Opcodesize": 6, "Mnemonic": "call dword ptr [0x1001054]", "PID": 780, "TID": 1380, "Arguments": [ ], "Timesptamp": "00000005.033548", "FunctionName": "GetCurrentProcessId", "ModuleName": "kernel32.dll", "Return": "0x30c", "Status": 0 }
{ "Address": "0x10033e8", "Opcode": "ff1558100001", "Opcodesize": 6, "Mnemonic": "call dword ptr [0x1001058]", "PID": 780, "TID": 1380, "Arguments": [ ], "Timesptamp": "00000005.064649", "FunctionName": "GetCurrentThreadId", "ModuleName": "kernel32.dll", "Return": "0x564", "Status": 0 }
{ "Address": "0x10033f0", "Opcode": "ff155c100001", "Opcodesize": 6, "Mnemonic": "call dword ptr [0x100105c]", "PID": 780, "TID": 1380, "Arguments": [ ], "Timesptamp": "00000005.095051", "FunctionName": "GetTickCount", "ModuleName": "kernel32.dll", "Return": "0x523a6", "Status": 0 }
{ "Address": "0x10033fc", "Opcode": "ff1560100001", "Opcodesize": 6, "Mnemonic": "call dword ptr [0x1001060]", "PID": 780, "TID": 1380, "Arguments": [ "Arg1", "OUT", "LARGE_INTEGER*", "0xcfef4", "0xcfefc" ], "Timesptamp": "00000005.125669", "FunctionName": "QueryPerformanceCounter", "ModuleName": "kernel32.dll", "Return": "TRUE", "Output1": { "field1": [ "0xcfefc", "0x7a11b13" ], "field2": [ "0xcff00", "0x6" ], "field3": [ "0xcff04", "0x1dad83887abc380" ] }, "Status": 0 }
{ "Address": "0x1003216", "Opcode": "ff1578100001", "Opcodesize": 6, "Mnemonic": "call dword ptr [0x1001078]", "PID": 780, "TID": 1380, "Arguments": [ "Arg1", "IN", "LPCWSTR", "0xcfee4", "kernel32.dll" ], "Timesptamp": "00000005.190921", "FunctionName": "LoadLibraryW", "ModuleName": "kernel32.dll", "Return": "0x776a0000", "Status": 0 }
{ "Address": "0x1003228", "Opcode": "ff1588100001", "Opcodesize": 6, "Mnemonic": "call dword ptr [0x1001088]", "PID": 780, "TID": 1380, "Arguments": [ "Arg1", "IN", "HMODULE", "0xcfee0", "0x776a0000", "Arg2", "IN", "LPCSTR", "0xcfee4", "SetThreadUILanguage" ], "Timesptamp": "00000005.221915", "FunctionName": "GetProcAddress", "ModuleName": "kernel32.dll", "Return": "0x776ca84f", "Status": 0 }
{ "Address": "0x1003234", "Opcode": "ffd0", "Opcodesize": 2, "Mnemonic": "call eax", "PID": 780, "TID": 1380, "Functionname": "SetThreadUILanguage", "Dllname": "kernel32.dll", "Status": 1 }
{ "Address": "0x1003237", "Opcode": "ff158c100001", "Opcodesize": 6, "Mnemonic": "call dword ptr [0x100108c]", "PID": 780, "TID": 1380, "Arguments": [ "Arg1", "IN", "HMODULE", "0xcfee4", "0x776a0000" ], "Timesptamp": "00000005.301266", "FunctionName": "FreeLibrary", "ModuleName": "kernel32.dll", "Return": "TRUE", "Status": 0 }
{ "Address": "0x100325d", "Opcode": "ffd7", "Opcodesize": 2, "Mnemonic": "call edi", "PID": 780, "TID": 1380, "Arguments": [ "Arg1", "IN", "LPCWSTR", "0xcfedc", "USERDOMAIN", "Arg2", "OUT", "LPWSTR", "0xcfee0", "0x10046f0", "Arg3", "IN", "DWORD", "0xcfee4", "0x104" ], "Timesptamp": "00000005.332021", "FunctionName": "GetEnvironmentVariableW", "ModuleName": "kernel32.dll", "Return": "0x9", "Output1": [ "0x10046f0", "WORKGROUP" ], "Status": 0 }
{ "Address": "0x100326a", "Opcode": "ffd7", "Opcodesize": 2, "Mnemonic": "call edi", "PID": 780, "TID": 1380, "Arguments": [ "Arg1", "IN", "LPCWSTR", "0xcfedc", "COMPUTERNAME", "Arg2", "OUT", "LPWSTR", "0xcfee0", "0x10048f8", "Arg3", "IN", "DWORD", "0xcfee4", "0x104" ], "Timesptamp": "00000005.363467", "FunctionName": "GetEnvironmentVariableW", "ModuleName": "kernel32.dll", "Return": "0x7", "Output1": [ "0x10048f8", "LHS-PC1" ], "Status": 0 }
{ "Address": "0x10019be", "Opcode": "ff1590100001", "Opcodesize": 6, "Mnemonic": "call dword ptr [0x1001090]", "PID": 780, "TID": 1380, "Arguments": [ "Arg1", "IN", "LPCWSTR" ], "Timesptamp": "00000005.394269", "FunctionName": "GetModuleHandleW", "ModuleName": "kernel32.dll", "Return": "0x1000000", "Status": 0 }
{ "Address": "0x10019e8", "Opcode": "ffd3", "Opcodesize": 2, "Mnemonic": "call ebx", "PID": 780, "TID": 1380, "Arguments": [ "Arg1", "IN", "UINT", "0xcfec8", "0x0", "Arg2", "IN", "SIZE_T", "0xcfecc", "0x208" ], "Timesptamp": "00000005.425012", "FunctionName": "LocalAlloc", "ModuleName": "kernel32.dll", "Return": "0x284be0", "Status": 0 }
{ "Address": "0x1001a0e", "Opcode": "ff15b4100001", "Opcodesize": 6, "Mnemonic": "call dword ptr [0x10010b4]", "PID": 780, "TID": 1380, "Arguments": [ "Arg1", "IN", "HINSTANCE", "0xcfebc", "0x1000000", "Arg2", "IN", "UINT", "0xcfec0", "0x1", "Arg3", "OUT", "LPWSTR", "0xcfec4", "0x284be0", "Arg4", "IN", "INT", "0xcfec8", "0x104" ], "Timesptamp": "00000005.456998", "FunctionName": "LoadStringW", "ModuleName": "user32.dll", "Return": "0x103", "Output1": [ "0x284be0", "Utilisation : %s [-i | -l | -s | -r | -a] [-f] [-m \\\\nom_ordinateur] [-t xx] [-c \"commentaire\"] [-d up:xx:yy]...Sans argument..Affiche ce message (identique . -?)..-i...Affiche l'interface graphique, doit .tre la 1.re option..-l...Ferme la session (ne peut pa" ], "Status": 0 }
{ "Address": "0x1001a23", "Opcode": "ff1518100001", "Opcodesize": 6, "Mnemonic": "call dword ptr [0x1001018]", "PID": 780, "TID": 1380, "Arguments": [ "Arg1", "IN", "HLOCAL", "0xcfec8", "0x284be0" ], "Timesptamp": "00000005.507871", "FunctionName": "LocalFree", "ModuleName": "kernel32.dll", "Return": "0x0", "Status": 0 }
{ "Address": "0x1001a35", "Opcode": "ffd3", "Opcodesize": 2, "Mnemonic": "call ebx", "PID": 780, "TID": 1380, "Arguments": [ "Arg1", "IN", "UINT", "0xcfec4", "0x0", "Arg2", "IN", "SIZE_T", "0xcfec8", "0x410" ], "Timesptamp": "00000005.538572", "FunctionName": "LocalAlloc", "ModuleName": "kernel32.dll", "Return": "0x284be0", "Status": 0 }
{ "Address": "0x1001a44", "Opcode": "ff15b4100001", "Opcodesize": 6, "Mnemonic": "call dword ptr [0x10010b4]", "PID": 780, "TID": 1380, "Arguments": [ "Arg1", "IN", "HINSTANCE", "0xcfebc", "0x1000000", "Arg2", "IN", "UINT", "0xcfec0", "0x1", "Arg3", "OUT", "LPWSTR", "0xcfec4", "0x284be0", "Arg4", "IN", "INT", "0xcfec8", "0x208" ], "Timesptamp": "00000005.569771", "FunctionName": "LoadStringW", "ModuleName": "user32.dll", "Return": "0x207", "Output1": [ "0x284be0", "Utilisation : %s [-i | -l | -s | -r | -a] [-f] [-m \\\\nom_ordinateur] [-t xx] [-c \"commentaire\"] [-d up:xx:yy]...Sans argument..Affiche ce message (identique . -?)..-i...Affiche l'interface graphique, doit .tre la 1.re option..-l...Ferme la session (ne peut pas .tre utilis. avec l'option -m)..-s...Met l'ordinateur hors tension..-r...Met l'ordinateur hors tension et le red.marre..-a...Annule une mise hors tension syst.me..-m \\\\nom_ordinateur.Ordinateur distant . mettre hors tension\/red.marrer\/annuler..-t xx.." ], "Status": 0 }
{ "Address": "0x1001a23", "Opcode": "ff1518100001", "Opcodesize": 6, "Mnemonic": "call dword ptr [0x1001018]", "PID": 780, "TID": 1380, "Arguments": [ "Arg1", "IN", "HLOCAL", "0xcfec8", "0x284be0" ], "Timesptamp": "00000005.600478", "FunctionName": "LocalFree", "ModuleName": "kernel32.dll", "Return": "0x0", "Status": 0 }
{ "Address": "0x1001a35", "Opcode": "ffd3", "Opcodesize": 2, "Mnemonic": "call ebx", "PID": 780, "TID": 1380, "Arguments": [ "Arg1", "IN", "UINT", "0xcfec4", "0x0", "Arg2", "IN", "SIZE_T", "0xcfec8", "0x820" ], "Timesptamp": "00000005.631595", "FunctionName": "LocalAlloc", "ModuleName": "kernel32.dll", "Return": "0x284be0", "Status": 0 }
{ "Address": "0x1001a44", "Opcode": "ff15b4100001", "Opcodesize": 6, "Mnemonic": "call dword ptr [0x10010b4]", "PID": 780, "TID": 1380, "Arguments": [ "Arg1", "IN", "HINSTANCE", "0xcfebc", "0x1000000", "Arg2", "IN", "UINT", "0xcfec0", "0x1", "Arg3", "OUT", "LPWSTR", "0xcfec4", "0x284be0", "Arg4", "IN", "INT", "0xcfec8", "0x410" ], "Timesptamp": "00000005.662172", "FunctionName": "LoadStringW", "ModuleName": "user32.dll", "Return": "0x40c", "Output1": [ "0x284be0", "Utilisation : %s [-i | -l | -s | -r | -a] [-f] [-m \\\\nom_ordinateur] [-t xx] [-c \"commentaire\"] [-d up:xx:yy]...Sans argument..Affiche ce message (identique . -?)..-i...Affiche l'interface graphique, doit .tre la 1.re option..-l...Ferme la session (ne peut pas .tre utilis. avec l'option -m)..-s...Met l'ordinateur hors tension..-r...Met l'ordinateur hors tension et le red.marre..-a...Annule une mise hors tension syst.me..-m \\\\nom_ordinateur.Ordinateur distant . mettre hors tension\/red.marrer\/annuler..-t xx.." ], "Status": 0 }
{ "Address": "0x1001a84", "Opcode": "ffd6", "Opcodesize": 2, "Mnemonic": "call esi", "PID": 780, "TID": 1380, "Arguments": [ "Arg1", "IN", "LPCWSTR", "0xcfec8", "\\Users\\lhs\\Exec\\upx_5_shutdown.exe" ], "Timesptamp": "00000005.693245", "FunctionName": "lstrlenW", "ModuleName": "kernel32.dll", "Return": "0x22", "Status": 0 }
{ "Address": "0x1001a8a", "Opcode": "ffd6", "Opcodesize": 2, "Mnemonic": "call esi", "PID": 780, "TID": 1380, "Arguments": [ "Arg1", "IN", "LPCWSTR", "0xcfec8", "Utilisation : %s [-i | -l | -s | -r | -a] [-f] [-m \\\\nom_ordinateur] [-t xx] [-c \"commentaire\"] [-d up:xx:yy]...Sans argument..Affiche ce message (identique . -?)..-i...Affiche l'interface graphique, doit .tre la 1.re option..-l...Ferme la session (ne peut pas .tre utilis. avec l'option -m)..-s...Met l'ordinateur hors tension..-r...Met l'ordinateur hors tension et le red.marre..-a...Annule une mise hors tension syst.me..-m \\\\nom_ordinateur.Ordinateur distant . mettre hors tension\/red.marrer\/annuler..-t xx.." ], "Timesptamp": "00000005.724392", "FunctionName": "lstrlenW", "ModuleName": "kernel32.dll", "Return": "0x40c", "Status": 0 }
{ "Address": "0x1001a98", "Opcode": "ffd3", "Opcodesize": 2, "Mnemonic": "call ebx", "PID": 780, "TID": 1380, "Arguments": [ "Arg1", "IN", "UINT", "0xcfec4", "0x0", "Arg2", "IN", "SIZE_T", "0xcfec8", "0x85e" ], "Timesptamp": "00000005.755798", "FunctionName": "LocalAlloc", "ModuleName": "kernel32.dll", "Return": "0x285408", "Status": 0 }
{ "Address": "0x10014d1", "Opcode": "ff1580100001", "Opcodesize": 6, "Mnemonic": "call dword ptr [0x1001080]", "PID": 780, "TID": 1380, "Arguments": [ "Arg1", "IN", "DWORD", "0xcfea8", "0xfffffff5" ], "Timesptamp": "00000005.824881", "FunctionName": "GetStdHandle", "ModuleName": "kernel32.dll", "Return": "0x7", "Status": 0 }
{ "Address": "0x10014f2", "Opcode": "ff157c100001", "Opcodesize": 6, "Mnemonic": "call dword ptr [0x100107c]", "PID": 780, "TID": 1380, "Arguments": [ "Arg1", "IN", "LPCWSTR", "0xcfea4", "Utilisation : \\Users\\lhs\\Exec\\upx_5_shutdown.exe [-i | -l | -s | -r | -a] [-f] [-m \\\\nom_ordinateur] [-t xx] [-c \"commentaire\"] [-d up:xx:yy]...Sans argument..Affiche ce message (identique . -?)..-i...Affiche l'interface graphique, doit .tre la 1.re option..-l...Ferme la session (ne peut pas .tre utilis. avec l'option -m)..-s...Met l'ordinateur hors tension..-r...Met l'ordinateur hors tension et le red.marre..-a...Annule une mise hors tension syst.me..-m \\\\nom_ordinateur.Ordinateur distant . mettre hors ten" ], "Timesptamp": "00000005.855438", "FunctionName": "lstrlenW", "ModuleName": "kernel32.dll", "Return": "0x42c", "Status": 0 }
{ "Address": "0x1001503", "Opcode": "ff1538100001", "Opcodesize": 6, "Mnemonic": "call dword ptr [0x1001038]", "PID": 780, "TID": 1380, "Arguments": [ "Arg1", "IN", "HANDLE", "0xcfea4", "0x7" ], "Timesptamp": "00000005.888799", "FunctionName": "GetFileType", "ModuleName": "kernel32.dll", "Return": "0x2", "Status": 0 }
{ "Address": "0x1001514", "Opcode": "ff1534100001", "Opcodesize": 6, "Mnemonic": "call dword ptr [0x1001034]", "PID": 780, "TID": 1380, "Functionname": "GetConsoleMode", "Dllname": "kernel32.dll", "Status": 1 }
{ "Address": "0x1001acc", "Opcode": "ffd6", "Opcodesize": 2, "Mnemonic": "call esi", "PID": 780, "TID": 1380, "Arguments": [ "Arg1", "IN", "HLOCAL", "0xcfec8", "0x284be0" ], "Timesptamp": "00000005.983313", "FunctionName": "LocalFree", "ModuleName": "kernel32.dll", "Return": "0x0", "Status": 0 }
{ "Address": "0x1001acf", "Opcode": "ffd6", "Opcodesize": 2, "Mnemonic": "call esi", "PID": 780, "TID": 1380, "Arguments": [ "Arg1", "IN", "HLOCAL", "0xcfec8", "0x285408" ], "Timesptamp": "00000006.012504", "FunctionName": "LocalFree", "ModuleName": "kernel32.dll", "Return": "0x0", "Status": 0 }
{ "Address": "0x10036a4", "Opcode": "ff1508110001", "Opcodesize": 6, "Mnemonic": "call dword ptr [0x1001108]", "PID": 780, "TID": 1380, "Arguments": [ "Arg1", "IN", "INT", "0xcff40", "0x0" ], "Timesptamp": "00000006.041535", "FunctionName": "exit", "ModuleName": "msvcrt.dll" }
