{ "Address": "0x4a7859", "Opcode": "ff541d00", "Opcodesize": 4, "Mnemonic": "call dword ptr [ebp + ebx]", "PID": 1372, "TID": 280, "Arguments": [ "Arg1", "IN", "LPCTSTR", "0x18e2f8", "Kernel32.dll" ], "Timesptamp": "00000000.368077", "FunctionName": "LoadLibraryA", "ModuleName": "kernel32.dll", "Return": "0x74f10000", "Status": 0 }
{ "Address": "0x4a8317", "Opcode": "ff541d00", "Opcodesize": 4, "Mnemonic": "call dword ptr [ebp + ebx]", "PID": 1372, "TID": 280, "Arguments": [ "Arg1", "IN", "HMODULE", "0x18e2e8", "0x74f10000", "Arg2", "IN", "LPCSTR", "0x18e2ec", "GetModuleHandleA" ], "Timesptamp": "00000000.389624", "FunctionName": "GetProcAddress", "ModuleName": "kernel32.dll", "Return": "0x74f21245", "Status": 0 }
{ "Address": "0x4a8317", "Opcode": "ff541d00", "Opcodesize": 4, "Mnemonic": "call dword ptr [ebp + ebx]", "PID": 1372, "TID": 280, "Arguments": [ "Arg1", "IN", "HMODULE", "0x18e2e4", "0x74f10000", "Arg2", "IN", "LPCSTR", "0x18e2e8", "VirtualProtect" ], "Timesptamp": "00000000.396396", "FunctionName": "GetProcAddress", "ModuleName": "kernel32.dll", "Return": "0x74f2435f", "Status": 0 }
{ "Address": "0x4a8317", "Opcode": "ff541d00", "Opcodesize": 4, "Mnemonic": "call dword ptr [ebp + ebx]", "PID": 1372, "TID": 280, "Arguments": [ "Arg1", "IN", "HMODULE", "0x18e2e0", "0x74f10000", "Arg2", "IN", "LPCSTR", "0x18e2e4", "GetModuleFileNameA" ], "Timesptamp": "00000000.403559", "FunctionName": "GetProcAddress", "ModuleName": "kernel32.dll", "Return": "0x74f214b1", "Status": 0 }
{ "Address": "0x4a8317", "Opcode": "ff541d00", "Opcodesize": 4, "Mnemonic": "call dword ptr [ebp + ebx]", "PID": 1372, "TID": 280, "Arguments": [ "Arg1", "IN", "HMODULE", "0x18e2dc", "0x74f10000", "Arg2", "IN", "LPCSTR", "0x18e2e0", "CreateFileA" ], "Timesptamp": "00000000.410517", "FunctionName": "GetProcAddress", "ModuleName": "kernel32.dll", "Return": "0x74f253c6", "Status": 0 }
{ "Address": "0x4a8317", "Opcode": "ff541d00", "Opcodesize": 4, "Mnemonic": "call dword ptr [ebp + ebx]", "PID": 1372, "TID": 280, "Arguments": [ "Arg1", "IN", "HMODULE", "0x18e2d8", "0x74f10000", "Arg2", "IN", "LPCSTR", "0x18e2dc", "GlobalAlloc" ], "Timesptamp": "00000000.417770", "FunctionName": "GetProcAddress", "ModuleName": "kernel32.dll", "Return": "0x74f2588e", "Status": 0 }
{ "Address": "0x4a8317", "Opcode": "ff541d00", "Opcodesize": 4, "Mnemonic": "call dword ptr [ebp + ebx]", "PID": 1372, "TID": 280, "Arguments": [ "Arg1", "IN", "HMODULE", "0x18e2d4", "0x74f10000", "Arg2", "IN", "LPCSTR", "0x18e2d8", "GlobalFree" ], "Timesptamp": "00000000.424745", "FunctionName": "GetProcAddress", "ModuleName": "kernel32.dll", "Return": "0x74f25558", "Status": 0 }
{ "Address": "0x4a8317", "Opcode": "ff541d00", "Opcodesize": 4, "Mnemonic": "call dword ptr [ebp + ebx]", "PID": 1372, "TID": 280, "Arguments": [ "Arg1", "IN", "HMODULE", "0x18e2d0", "0x74f10000", "Arg2", "IN", "LPCSTR", "0x18e2d4", "ReadFile" ], "Timesptamp": "00000000.433995", "FunctionName": "GetProcAddress", "ModuleName": "kernel32.dll", "Return": "0x74f23ed3", "Status": 0 }
{ "Address": "0x4a8317", "Opcode": "ff541d00", "Opcodesize": 4, "Mnemonic": "call dword ptr [ebp + ebx]", "PID": 1372, "TID": 280, "Arguments": [ "Arg1", "IN", "HMODULE", "0x18e2cc", "0x74f10000", "Arg2", "IN", "LPCSTR", "0x18e2d0", "GetFileSize" ], "Timesptamp": "00000000.443894", "FunctionName": "GetProcAddress", "ModuleName": "kernel32.dll", "Return": "0x74f2196e", "Status": 0 }
{ "Address": "0x4a8317", "Opcode": "ff541d00", "Opcodesize": 4, "Mnemonic": "call dword ptr [ebp + ebx]", "PID": 1372, "TID": 280, "Arguments": [ "Arg1", "IN", "HMODULE", "0x18e2c8", "0x74f10000", "Arg2", "IN", "LPCSTR", "0x18e2cc", "CloseHandle" ], "Timesptamp": "00000000.452499", "FunctionName": "GetProcAddress", "ModuleName": "kernel32.dll", "Return": "0x74f21410", "Status": 0 }
{ "Address": "0x4a8317", "Opcode": "ff541d00", "Opcodesize": 4, "Mnemonic": "call dword ptr [ebp + ebx]", "PID": 1372, "TID": 280, "Arguments": [ "Arg1", "IN", "HMODULE", "0x18e2c4", "0x74f10000", "Arg2", "IN", "LPCSTR", "0x18e2c8", "IsDebuggerPresent" ], "Timesptamp": "00000000.459659", "FunctionName": "GetProcAddress", "ModuleName": "kernel32.dll", "Return": "0x74f24a5d", "Status": 0 }
{ "Address": "0x4a8317", "Opcode": "ff541d00", "Opcodesize": 4, "Mnemonic": "call dword ptr [ebp + ebx]", "PID": 1372, "TID": 280, "Arguments": [ "Arg1", "IN", "HMODULE", "0x18e2c0", "0x74f10000", "Arg2", "IN", "LPCSTR", "0x18e2c4", "CreateToolhelp32Snapshot" ], "Timesptamp": "00000000.466669", "FunctionName": "GetProcAddress", "ModuleName": "kernel32.dll", "Return": "0x74f4735f", "Status": 0 }
{ "Address": "0x4a8317", "Opcode": "ff541d00", "Opcodesize": 4, "Mnemonic": "call dword ptr [ebp + ebx]", "PID": 1372, "TID": 280, "Arguments": [ "Arg1", "IN", "HMODULE", "0x18e2bc", "0x74f10000", "Arg2", "IN", "LPCSTR", "0x18e2c0", "GetCurrentProcess" ], "Timesptamp": "00000000.475408", "FunctionName": "GetProcAddress", "ModuleName": "kernel32.dll", "Return": "0x74f21809", "Status": 0 }
{ "Address": "0x4a8317", "Opcode": "ff541d00", "Opcodesize": 4, "Mnemonic": "call dword ptr [ebp + ebx]", "PID": 1372, "TID": 280, "Arguments": [ "Arg1", "IN", "HMODULE", "0x18e2b8", "0x74f10000", "Arg2", "IN", "LPCSTR", "0x18e2bc", "GetCurrentProcessId" ], "Timesptamp": "00000000.482415", "FunctionName": "GetProcAddress", "ModuleName": "kernel32.dll", "Return": "0x74f211f8", "Status": 0 }
{ "Address": "0x4a8317", "Opcode": "ff541d00", "Opcodesize": 4, "Mnemonic": "call dword ptr [ebp + ebx]", "PID": 1372, "TID": 280, "Arguments": [ "Arg1", "IN", "HMODULE", "0x18e2b4", "0x74f10000", "Arg2", "IN", "LPCSTR", "0x18e2b8", "Process32First" ], "Timesptamp": "00000000.489901", "FunctionName": "GetProcAddress", "ModuleName": "kernel32.dll", "Return": "0x74f48ae7", "Status": 0 }
{ "Address": "0x4a8317", "Opcode": "ff541d00", "Opcodesize": 4, "Mnemonic": "call dword ptr [ebp + ebx]", "PID": 1372, "TID": 280, "Arguments": [ "Arg1", "IN", "HMODULE", "0x18e2b0", "0x74f10000", "Arg2", "IN", "LPCSTR", "0x18e2b4", "Process32Next" ], "Timesptamp": "00000000.496953", "FunctionName": "GetProcAddress", "ModuleName": "kernel32.dll", "Return": "0x74f488a4", "Status": 0 }
{ "Address": "0x4a8317", "Opcode": "ff541d00", "Opcodesize": 4, "Mnemonic": "call dword ptr [ebp + ebx]", "PID": 1372, "TID": 280, "Arguments": [ "Arg1", "IN", "HMODULE", "0x18e2ac", "0x74f10000", "Arg2", "IN", "LPCSTR", "0x18e2b0", "Module32First" ], "Timesptamp": "00000000.503971", "FunctionName": "GetProcAddress", "ModuleName": "kernel32.dll", "Return": "0x74fa5cd9", "Status": 0 }
{ "Address": "0x4a8317", "Opcode": "ff541d00", "Opcodesize": 4, "Mnemonic": "call dword ptr [ebp + ebx]", "PID": 1372, "TID": 280, "Arguments": [ "Arg1", "IN", "HMODULE", "0x18e2a8", "0x74f10000", "Arg2", "IN", "LPCSTR", "0x18e2ac", "Module32Next" ], "Timesptamp": "00000000.510975", "FunctionName": "GetProcAddress", "ModuleName": "kernel32.dll", "Return": "0x74fa5dc2", "Status": 0 }
{ "Address": "0x4a8317", "Opcode": "ff541d00", "Opcodesize": 4, "Mnemonic": "call dword ptr [ebp + ebx]", "PID": 1372, "TID": 280, "Arguments": [ "Arg1", "IN", "HMODULE", "0x18e2a4", "0x74f10000", "Arg2", "IN", "LPCSTR", "0x18e2a8", "Thread32First" ], "Timesptamp": "00000000.517985", "FunctionName": "GetProcAddress", "ModuleName": "kernel32.dll", "Return": "0x74fa5b93", "Status": 0 }
{ "Address": "0x4a8317", "Opcode": "ff541d00", "Opcodesize": 4, "Mnemonic": "call dword ptr [ebp + ebx]", "PID": 1372, "TID": 280, "Arguments": [ "Arg1", "IN", "HMODULE", "0x18e2a0", "0x74f10000", "Arg2", "IN", "LPCSTR", "0x18e2a4", "Thread32Next" ], "Timesptamp": "00000000.528244", "FunctionName": "GetProcAddress", "ModuleName": "kernel32.dll", "Return": "0x74fa5c3f", "Status": 0 }
{ "Address": "0x4a8317", "Opcode": "ff541d00", "Opcodesize": 4, "Mnemonic": "call dword ptr [ebp + ebx]", "PID": 1372, "TID": 280, "Arguments": [ "Arg1", "IN", "HMODULE", "0x18e29c", "0x74f10000", "Arg2", "IN", "LPCSTR", "0x18e2a0", "OpenThread" ], "Timesptamp": "00000000.535266", "FunctionName": "GetProcAddress", "ModuleName": "kernel32.dll", "Return": "0x74f31248", "Status": 0 }
{ "Address": "0x4a8317", "Opcode": "ff541d00", "Opcodesize": 4, "Mnemonic": "call dword ptr [ebp + ebx]", "PID": 1372, "TID": 280, "Arguments": [ "Arg1", "IN", "HMODULE", "0x18e298", "0x74f10000", "Arg2", "IN", "LPCSTR", "0x18e29c", "OpenProcess" ], "Timesptamp": "00000000.542349", "FunctionName": "GetProcAddress", "ModuleName": "kernel32.dll", "Return": "0x74f21986", "Status": 0 }
{ "Address": "0x4a8317", "Opcode": "ff541d00", "Opcodesize": 4, "Mnemonic": "call dword ptr [ebp + ebx]", "PID": 1372, "TID": 280, "Arguments": [ "Arg1", "IN", "HMODULE", "0x18e294", "0x74f10000", "Arg2", "IN", "LPCSTR", "0x18e298", "TerminateProcess" ], "Timesptamp": "00000000.549395", "FunctionName": "GetProcAddress", "ModuleName": "kernel32.dll", "Return": "0x74f3d802", "Status": 0 }
{ "Address": "0x4a8317", "Opcode": "ff541d00", "Opcodesize": 4, "Mnemonic": "call dword ptr [ebp + ebx]", "PID": 1372, "TID": 280, "Arguments": [ "Arg1", "IN", "HMODULE", "0x18e290", "0x74f10000", "Arg2", "IN", "LPCSTR", "0x18e294", "SetPriorityClass" ], "Timesptamp": "00000000.556584", "FunctionName": "GetProcAddress", "ModuleName": "kernel32.dll", "Return": "0x74f3cf28", "Status": 0 }
{ "Address": "0x4a8317", "Opcode": "ff541d00", "Opcodesize": 4, "Mnemonic": "call dword ptr [ebp + ebx]", "PID": 1372, "TID": 280, "Arguments": [ "Arg1", "IN", "HMODULE", "0x18e28c", "0x74f10000", "Arg2", "IN", "LPCSTR", "0x18e290", "GetPriorityClass" ], "Timesptamp": "00000000.563626", "FunctionName": "GetProcAddress", "ModuleName": "kernel32.dll", "Return": "0x74fa438f", "Status": 0 }
{ "Address": "0x4a8317", "Opcode": "ff541d00", "Opcodesize": 4, "Mnemonic": "call dword ptr [ebp + ebx]", "PID": 1372, "TID": 280, "Arguments": [ "Arg1", "IN", "HMODULE", "0x18e288", "0x74f10000", "Arg2", "IN", "LPCSTR", "0x18e28c", "ExitThread" ], "Timesptamp": "00000000.581646", "FunctionName": "GetProcAddress", "ModuleName": "kernel32.dll", "Return": "0x7709d598", "Status": 0 }
{ "Address": "0x4a8317", "Opcode": "ff541d00", "Opcodesize": 4, "Mnemonic": "call dword ptr [ebp + ebx]", "PID": 1372, "TID": 280, "Arguments": [ "Arg1", "IN", "HMODULE", "0x18e284", "0x74f10000", "Arg2", "IN", "LPCSTR", "0x18e288", "GetWindowsDirectoryA" ], "Timesptamp": "00000000.588881", "FunctionName": "GetProcAddress", "ModuleName": "kernel32.dll", "Return": "0x74f42b0a", "Status": 0 }
{ "Address": "0x4a8317", "Opcode": "ff541d00", "Opcodesize": 4, "Mnemonic": "call dword ptr [ebp + ebx]", "PID": 1372, "TID": 280, "Arguments": [ "Arg1", "IN", "HMODULE", "0x18e280", "0x74f10000", "Arg2", "IN", "LPCSTR", "0x18e284", "CreateWindowA" ], "Timesptamp": "00000000.595911", "FunctionName": "GetProcAddress", "ModuleName": "kernel32.dll", "Return": "0x0", "Status": 0 }
{ "Address": "0x4a8317", "Opcode": "ff541d00", "Opcodesize": 4, "Mnemonic": "call dword ptr [ebp + ebx]", "PID": 1372, "TID": 280, "Arguments": [ "Arg1", "IN", "HMODULE", "0x18e27c", "0x74f10000", "Arg2", "IN", "LPCSTR", "0x18e280", "GetCurrentThread" ], "Timesptamp": "00000000.607919", "FunctionName": "GetProcAddress", "ModuleName": "kernel32.dll", "Return": "0x74f217ec", "Status": 0 }
{ "Address": "0x4a8317", "Opcode": "ff541d00", "Opcodesize": 4, "Mnemonic": "call dword ptr [ebp + ebx]", "PID": 1372, "TID": 280, "Arguments": [ "Arg1", "IN", "HMODULE", "0x18e278", "0x74f10000", "Arg2", "IN", "LPCSTR", "0x18e27c", "SetThreadPriority" ], "Timesptamp": "00000000.616444", "FunctionName": "GetProcAddress", "ModuleName": "kernel32.dll", "Return": "0x74f232bb", "Status": 0 }
{ "Address": "0x4a8317", "Opcode": "ff541d00", "Opcodesize": 4, "Mnemonic": "call dword ptr [ebp + ebx]", "PID": 1372, "TID": 280, "Arguments": [ "Arg1", "IN", "HMODULE", "0x18e274", "0x74f10000", "Arg2", "IN", "LPCSTR", "0x18e278", "SuspendThread" ], "Timesptamp": "00000000.624028", "FunctionName": "GetProcAddress", "ModuleName": "kernel32.dll", "Return": "0x74f47d7e", "Status": 0 }
{ "Address": "0x4a8317", "Opcode": "ff541d00", "Opcodesize": 4, "Mnemonic": "call dword ptr [ebp + ebx]", "PID": 1372, "TID": 280, "Arguments": [ "Arg1", "IN", "HMODULE", "0x18e270", "0x74f10000", "Arg2", "IN", "LPCSTR", "0x18e274", "ResumeThread" ], "Timesptamp": "00000000.631246", "FunctionName": "GetProcAddress", "ModuleName": "kernel32.dll", "Return": "0x74f243ef", "Status": 0 }
{ "Address": "0x4a8317", "Opcode": "ff541d00", "Opcodesize": 4, "Mnemonic": "call dword ptr [ebp + ebx]", "PID": 1372, "TID": 280, "Arguments": [ "Arg1", "IN", "HMODULE", "0x18e26c", "0x74f10000", "Arg2", "IN", "LPCSTR", "0x18e270", "GetLastError" ], "Timesptamp": "00000000.638369", "FunctionName": "GetProcAddress", "ModuleName": "kernel32.dll", "Return": "0x74f211c0", "Status": 0 }
{ "Address": "0x4a8317", "Opcode": "ff541d00", "Opcodesize": 4, "Mnemonic": "call dword ptr [ebp + ebx]", "PID": 1372, "TID": 280, "Arguments": [ "Arg1", "IN", "HMODULE", "0x18e268", "0x74f10000", "Arg2", "IN", "LPCSTR", "0x18e26c", "GetSystemTime" ], "Timesptamp": "00000000.645665", "FunctionName": "GetProcAddress", "ModuleName": "kernel32.dll", "Return": "0x74f25a96", "Status": 0 }
{ "Address": "0x4a8317", "Opcode": "ff541d00", "Opcodesize": 4, "Mnemonic": "call dword ptr [ebp + ebx]", "PID": 1372, "TID": 280, "Arguments": [ "Arg1", "IN", "HMODULE", "0x18e264", "0x74f10000", "Arg2", "IN", "LPCSTR", "0x18e268", "GetTickCount" ], "Timesptamp": "00000000.652787", "FunctionName": "GetProcAddress", "ModuleName": "kernel32.dll", "Return": "0x74f2110c", "Status": 0 }
{ "Address": "0x4a8317", "Opcode": "ff541d00", "Opcodesize": 4, "Mnemonic": "call dword ptr [ebp + ebx]", "PID": 1372, "TID": 280, "Arguments": [ "Arg1", "IN", "HMODULE", "0x18e260", "0x74f10000", "Arg2", "IN", "LPCSTR", "0x18e264", "GetVersion" ], "Timesptamp": "00000000.659895", "FunctionName": "GetProcAddress", "ModuleName": "kernel32.dll", "Return": "0x74f24467", "Status": 0 }
{ "Address": "0x4a8317", "Opcode": "ff541d00", "Opcodesize": 4, "Mnemonic": "call dword ptr [ebp + ebx]", "PID": 1372, "TID": 280, "Arguments": [ "Arg1", "IN", "HMODULE", "0x18e25c", "0x74f10000", "Arg2", "IN", "LPCSTR", "0x18e260", "DebugActiveProcess" ], "Timesptamp": "00000000.668905", "FunctionName": "GetProcAddress", "ModuleName": "kernel32.dll", "Return": "0x74f980d4", "Status": 0 }
{ "Address": "0x4a8317", "Opcode": "ff541d00", "Opcodesize": 4, "Mnemonic": "call dword ptr [ebp + ebx]", "PID": 1372, "TID": 280, "Arguments": [ "Arg1", "IN", "HMODULE", "0x18e258", "0x74f10000", "Arg2", "IN", "LPCSTR", "0x18e25c", "DebugActiveProcessStop" ], "Timesptamp": "00000000.676212", "FunctionName": "GetProcAddress", "ModuleName": "kernel32.dll", "Return": "0x74f984d5", "Status": 0 }
{ "Address": "0x4a7c1e", "Opcode": "ff541d00", "Opcodesize": 4, "Mnemonic": "call dword ptr [ebp + ebx]", "PID": 1372, "TID": 280, "Arguments": [ "Arg1", "IN", "LPCTSTR", "0x18e25c", "User32.dll" ], "Timesptamp": "00000000.683342", "FunctionName": "LoadLibraryA", "ModuleName": "kernel32.dll", "Return": "0x74d30000", "Status": 0 }
{ "Address": "0x4a8317", "Opcode": "ff541d00", "Opcodesize": 4, "Mnemonic": "call dword ptr [ebp + ebx]", "PID": 1372, "TID": 280, "Arguments": [ "Arg1", "IN", "HMODULE", "0x18e250", "0x74d30000", "Arg2", "IN", "LPCSTR", "0x18e254", "MessageBoxA" ], "Timesptamp": "00000000.753204", "FunctionName": "GetProcAddress", "ModuleName": "kernel32.dll", "Return": "0x74d9fd1e", "Status": 0 }
{ "Address": "0x4a8317", "Opcode": "ff541d00", "Opcodesize": 4, "Mnemonic": "call dword ptr [ebp + ebx]", "PID": 1372, "TID": 280, "Arguments": [ "Arg1", "IN", "HMODULE", "0x18e24c", "0x74d30000", "Arg2", "IN", "LPCSTR", "0x18e250", "SendMessageA" ], "Timesptamp": "00000000.764678", "FunctionName": "GetProcAddress", "ModuleName": "kernel32.dll", "Return": "0x74d5612e", "Status": 0 }
{ "Address": "0x4a8317", "Opcode": "ff541d00", "Opcodesize": 4, "Mnemonic": "call dword ptr [ebp + ebx]", "PID": 1372, "TID": 280, "Arguments": [ "Arg1", "IN", "HMODULE", "0x18e248", "0x74d30000", "Arg2", "IN", "LPCSTR", "0x18e24c", "WaitForInputIdle" ], "Timesptamp": "00000000.775977", "FunctionName": "GetProcAddress", "ModuleName": "kernel32.dll", "Return": "0x74d89117", "Status": 0 }
{ "Address": "0x4a8317", "Opcode": "ff541d00", "Opcodesize": 4, "Mnemonic": "call dword ptr [ebp + ebx]", "PID": 1372, "TID": 280, "Arguments": [ "Arg1", "IN", "HMODULE", "0x18e244", "0x74d30000", "Arg2", "IN", "LPCSTR", "0x18e248", "BlockInput" ], "Timesptamp": "00000000.790772", "FunctionName": "GetProcAddress", "ModuleName": "kernel32.dll", "Return": "0x74da7dd7", "Status": 0 }
{ "Address": "0x4a8317", "Opcode": "ff541d00", "Opcodesize": 4, "Mnemonic": "call dword ptr [ebp + ebx]", "PID": 1372, "TID": 280, "Arguments": [ "Arg1", "IN", "HMODULE", "0x18e240", "0x74d30000", "Arg2", "IN", "LPCSTR", "0x18e244", "GetWindowLongA" ], "Timesptamp": "00000000.802125", "FunctionName": "GetProcAddress", "ModuleName": "kernel32.dll", "Return": "0x74d4d156", "Status": 0 }
{ "Address": "0x4a8317", "Opcode": "ff541d00", "Opcodesize": 4, "Mnemonic": "call dword ptr [ebp + ebx]", "PID": 1372, "TID": 280, "Arguments": [ "Arg1", "IN", "HMODULE", "0x18e23c", "0x74d30000", "Arg2", "IN", "LPCSTR", "0x18e240", "SetWindowLongA" ], "Timesptamp": "00000000.813246", "FunctionName": "GetProcAddress", "ModuleName": "kernel32.dll", "Return": "0x74d56110", "Status": 0 }
{ "Address": "0x4a8317", "Opcode": "ff541d00", "Opcodesize": 4, "Mnemonic": "call dword ptr [ebp + ebx]", "PID": 1372, "TID": 280, "Arguments": [ "Arg1", "IN", "HMODULE", "0x18e238", "0x74d30000", "Arg2", "IN", "LPCSTR", "0x18e23c", "GetForegroundWindow" ], "Timesptamp": "00000000.824372", "FunctionName": "GetProcAddress", "ModuleName": "kernel32.dll", "Return": "0x74d52320", "Status": 0 }
{ "Address": "0x4a8317", "Opcode": "ff541d00", "Opcodesize": 4, "Mnemonic": "call dword ptr [ebp + ebx]", "PID": 1372, "TID": 280, "Arguments": [ "Arg1", "IN", "HMODULE", "0x18e234", "0x74d30000", "Arg2", "IN", "LPCSTR", "0x18e238", "FindWindowA" ], "Timesptamp": "00000000.835643", "FunctionName": "GetProcAddress", "ModuleName": "kernel32.dll", "Return": "0x74d4ffe6", "Status": 0 }
{ "Address": "0x4a8317", "Opcode": "ff541d00", "Opcodesize": 4, "Mnemonic": "call dword ptr [ebp + ebx]", "PID": 1372, "TID": 280, "Arguments": [ "Arg1", "IN", "HMODULE", "0x18e230", "0x74d30000", "Arg2", "IN", "LPCSTR", "0x18e234", "GetTopWindow" ], "Timesptamp": "00000000.846771", "FunctionName": "GetProcAddress", "ModuleName": "kernel32.dll", "Return": "0x74d57887", "Status": 0 }
{ "Address": "0x4a7d19", "Opcode": "ff541d00", "Opcodesize": 4, "Mnemonic": "call dword ptr [ebp + ebx]", "PID": 1372, "TID": 280, "Arguments": [ "Arg1", "IN", "LPCTSTR", "0x18e234", "Advapi32.dll" ], "Timesptamp": "00000000.857921", "FunctionName": "LoadLibraryA", "ModuleName": "kernel32.dll", "Return": "0x74c00000", "Status": 0 }
{ "Address": "0x4a8317", "Opcode": "ff541d00", "Opcodesize": 4, "Mnemonic": "call dword ptr [ebp + ebx]", "PID": 1372, "TID": 280, "Arguments": [ "Arg1", "IN", "HMODULE", "0x18e228", "0x74c00000", "Arg2", "IN", "LPCSTR", "0x18e22c", "RegCreateKeyExA" ], "Timesptamp": "00000000.870494", "FunctionName": "GetProcAddress", "ModuleName": "kernel32.dll", "Return": "0x74c11469", "Status": 0 }
{ "Address": "0x4a8317", "Opcode": "ff541d00", "Opcodesize": 4, "Mnemonic": "call dword ptr [ebp + ebx]", "PID": 1372, "TID": 280, "Arguments": [ "Arg1", "IN", "HMODULE", "0x18e224", "0x74c00000", "Arg2", "IN", "LPCSTR", "0x18e228", "RegOpenKeyExA" ], "Timesptamp": "00000000.882052", "FunctionName": "GetProcAddress", "ModuleName": "kernel32.dll", "Return": "0x74c14907", "Status": 0 }
{ "Address": "0x4a8317", "Opcode": "ff541d00", "Opcodesize": 4, "Mnemonic": "call dword ptr [ebp + ebx]", "PID": 1372, "TID": 280, "Arguments": [ "Arg1", "IN", "HMODULE", "0x18e220", "0x74c00000", "Arg2", "IN", "LPCSTR", "0x18e224", "RegCloseKey" ], "Timesptamp": "00000000.893388", "FunctionName": "GetProcAddress", "ModuleName": "kernel32.dll", "Return": "0x74c1469d", "Status": 0 }
{ "Address": "0x4a8317", "Opcode": "ff541d00", "Opcodesize": 4, "Mnemonic": "call dword ptr [ebp + ebx]", "PID": 1372, "TID": 280, "Arguments": [ "Arg1", "IN", "HMODULE", "0x18e21c", "0x74c00000", "Arg2", "IN", "LPCSTR", "0x18e220", "RegSetValueExA" ], "Timesptamp": "00000000.904746", "FunctionName": "GetProcAddress", "ModuleName": "kernel32.dll", "Return": "0x74c114b3", "Status": 0 }
{ "Address": "0x4a8317", "Opcode": "ff541d00", "Opcodesize": 4, "Mnemonic": "call dword ptr [ebp + ebx]", "PID": 1372, "TID": 280, "Arguments": [ "Arg1", "IN", "HMODULE", "0x18e218", "0x74c00000", "Arg2", "IN", "LPCSTR", "0x18e21c", "RegQueryValueExA" ], "Timesptamp": "00000000.915955", "FunctionName": "GetProcAddress", "ModuleName": "kernel32.dll", "Return": "0x74c148ef", "Status": 0 }
{ "Address": "0x4a8317", "Opcode": "ff541d00", "Opcodesize": 4, "Mnemonic": "call dword ptr [ebp + ebx]", "PID": 1372, "TID": 280, "Arguments": [ "Arg1", "IN", "HMODULE", "0x18e214", "0x74c00000", "Arg2", "IN", "LPCSTR", "0x18e218", "CryptAcquireContextA" ], "Timesptamp": "00000000.927313", "FunctionName": "GetProcAddress", "ModuleName": "kernel32.dll", "Return": "0x74c091dd", "Status": 0 }
{ "Address": "0x4a8317", "Opcode": "ff541d00", "Opcodesize": 4, "Mnemonic": "call dword ptr [ebp + ebx]", "PID": 1372, "TID": 280, "Arguments": [ "Arg1", "IN", "HMODULE", "0x18e210", "0x74c00000", "Arg2", "IN", "LPCSTR", "0x18e214", "CryptReleaseContext" ], "Timesptamp": "00000000.938530", "FunctionName": "GetProcAddress", "ModuleName": "kernel32.dll", "Return": "0x74c0e124", "Status": 0 }
{ "Address": "0x4a8317", "Opcode": "ff541d00", "Opcodesize": 4, "Mnemonic": "call dword ptr [ebp + ebx]", "PID": 1372, "TID": 280, "Arguments": [ "Arg1", "IN", "HMODULE", "0x18e20c", "0x74c00000", "Arg2", "IN", "LPCSTR", "0x18e210", "CryptCreateHash" ], "Timesptamp": "00000000.949758", "FunctionName": "GetProcAddress", "ModuleName": "kernel32.dll", "Return": "0x74c0df4e", "Status": 0 }
{ "Address": "0x4a8317", "Opcode": "ff541d00", "Opcodesize": 4, "Mnemonic": "call dword ptr [ebp + ebx]", "PID": 1372, "TID": 280, "Arguments": [ "Arg1", "IN", "HMODULE", "0x18e208", "0x74c00000", "Arg2", "IN", "LPCSTR", "0x18e20c", "CryptDestroyHash" ], "Timesptamp": "00000000.961168", "FunctionName": "GetProcAddress", "ModuleName": "kernel32.dll", "Return": "0x74c0df66", "Status": 0 }
{ "Address": "0x4a8317", "Opcode": "ff541d00", "Opcodesize": 4, "Mnemonic": "call dword ptr [ebp + ebx]", "PID": 1372, "TID": 280, "Arguments": [ "Arg1", "IN", "HMODULE", "0x18e204", "0x74c00000", "Arg2", "IN", "LPCSTR", "0x18e208", "CryptHashData" ], "Timesptamp": "00000000.972505", "FunctionName": "GetProcAddress", "ModuleName": "kernel32.dll", "Return": "0x74c0df36", "Status": 0 }
{ "Address": "0x4a8317", "Opcode": "ff541d00", "Opcodesize": 4, "Mnemonic": "call dword ptr [ebp + ebx]", "PID": 1372, "TID": 280, "Arguments": [ "Arg1", "IN", "HMODULE", "0x18e200", "0x74c00000", "Arg2", "IN", "LPCSTR", "0x18e204", "CryptDeriveKey" ], "Timesptamp": "00000000.983715", "FunctionName": "GetProcAddress", "ModuleName": "kernel32.dll", "Return": "0x74c43188", "Status": 0 }
{ "Address": "0x4a8317", "Opcode": "ff541d00", "Opcodesize": 4, "Mnemonic": "call dword ptr [ebp + ebx]", "PID": 1372, "TID": 280, "Arguments": [ "Arg1", "IN", "HMODULE", "0x18e1fc", "0x74c00000", "Arg2", "IN", "LPCSTR", "0x18e200", "CryptDestroyKey" ], "Timesptamp": "00000000.995072", "FunctionName": "GetProcAddress", "ModuleName": "kernel32.dll", "Return": "0x74c0c51a", "Status": 0 }
{ "Address": "0x4a8317", "Opcode": "ff541d00", "Opcodesize": 4, "Mnemonic": "call dword ptr [ebp + ebx]", "PID": 1372, "TID": 280, "Arguments": [ "Arg1", "IN", "HMODULE", "0x18e1f8", "0x74c00000", "Arg2", "IN", "LPCSTR", "0x18e1fc", "CryptEncrypt" ], "Timesptamp": "00000001.006602", "FunctionName": "GetProcAddress", "ModuleName": "kernel32.dll", "Return": "0x74c2779b", "Status": 0 }
{ "Address": "0x4a8317", "Opcode": "ff541d00", "Opcodesize": 4, "Mnemonic": "call dword ptr [ebp + ebx]", "PID": 1372, "TID": 280, "Arguments": [ "Arg1", "IN", "HMODULE", "0x18e1f4", "0x74c00000", "Arg2", "IN", "LPCSTR", "0x18e1f8", "CryptDecrypt" ], "Timesptamp": "00000001.017838", "FunctionName": "GetProcAddress", "ModuleName": "kernel32.dll", "Return": "0x74c43178", "Status": 0 }
{ "Address": "0x4a7ea7", "Opcode": "ff541d00", "Opcodesize": 4, "Mnemonic": "call dword ptr [ebp + ebx]", "PID": 1372, "TID": 280, "Arguments": [ ], "Timesptamp": "00000001.029247", "FunctionName": "GetTickCount", "ModuleName": "kernel32.dll", "Return": "0x52164", "Status": 0 }
{ "Address": "0x4a7ebe", "Opcode": "ff541d00", "Opcodesize": 4, "Mnemonic": "call dword ptr [ebp + ebx]", "PID": 1372, "TID": 280, "Arguments": [ ], "Timesptamp": "00000001.040697", "FunctionName": "GetVersion", "ModuleName": "kernel32.dll", "Return": "0x1db10106", "Status": 0 }
{ "Address": "0x4a7f1e", "Opcode": "ff541d00", "Opcodesize": 4, "Mnemonic": "call dword ptr [ebp + ebx]", "PID": 1372, "TID": 280, "Functionname": "GetForegroundWindow", "Dllname": "user32.dll", "Status": 1 }
{ "Address": "0x4a7f36", "Opcode": "ff541d00", "Opcodesize": 4, "Mnemonic": "call dword ptr [ebp + ebx]", "PID": 1372, "TID": 280, "Arguments": [ "Arg1", "IN", "LPCTSTR", "0x18e1ec", "Shell_TrayWnd", "Arg2", "IN", "LPCTSTR", "0x18e1f0", "\"\"" ], "Timesptamp": "00000001.063877", "FunctionName": "FindWindowA", "ModuleName": "user32.dll", "Return": "0x10064", "Status": 0 }
{ "Address": "0x4a7f45", "Opcode": "ff541d00", "Opcodesize": 4, "Mnemonic": "call dword ptr [ebp + ebx]", "PID": 1372, "TID": 280, "Functionname": "GetTopWindow", "Dllname": "user32.dll", "Status": 1 }
{ "Address": "0x4a7f5c", "Opcode": "ff541d00", "Opcodesize": 4, "Mnemonic": "call dword ptr [ebp + ebx]", "PID": 1372, "TID": 280, "Arguments": [ ], "Timesptamp": "00000001.099449", "FunctionName": "GetCurrentProcess", "ModuleName": "kernel32.dll", "Return": "0xffffffff", "Status": 0 }
{ "Address": "0x4a7f67", "Opcode": "ff541d00", "Opcodesize": 4, "Mnemonic": "call dword ptr [ebp + ebx]", "PID": 1372, "TID": 280, "Functionname": "GetPriorityClass", "Dllname": "kernel32.dll", "Status": 1 }
{ "Address": "0x4a7f7d", "Opcode": "ff541d00", "Opcodesize": 4, "Mnemonic": "call dword ptr [ebp + ebx]", "PID": 1372, "TID": 280, "Functionname": "SetPriorityClass", "Dllname": "kernel32.dll", "Status": 1 }
{ "Address": "0x4a7f94", "Opcode": "ff541d00", "Opcodesize": 4, "Mnemonic": "call dword ptr [ebp + ebx]", "PID": 1372, "TID": 280, "Functionname": "BlockInput", "Dllname": "user32.dll", "Status": 1 }
{ "Address": "0x4a7fc6", "Opcode": "ff541d00", "Opcodesize": 4, "Mnemonic": "call dword ptr [ebp + ebx]", "PID": 1372, "TID": 280, "Arguments": [ "Arg1", "OUT", "HCRYPTPROV*", "0x18e1e0", "0x4aa27e", "Arg2", "IN", "LPCTSTR", "0x18e1e4", "\"\"", "Arg3", "IN", "LPCTSTR", "0x18e1e8", "Microsoft Base Cryptographic Provider v1.0", "Arg4", "IN", "DWORD", "0x18e1ec", "0x1", "Arg5", "IN", "DWORD", "0x18e1f0", "0xf0000000" ], "Timesptamp": "00000001.157306", "FunctionName": "CryptAcquireContextA", "ModuleName": "advapi32.dll", "Return": "TRUE", "Output1": [ "0x4aa27e", "0x2b1440" ], "Status": 0 }
{ "Address": "0x4a8038", "Opcode": "ff541d00", "Opcodesize": 4, "Mnemonic": "call dword ptr [ebp + ebx]", "PID": 1372, "TID": 280, "Arguments": [ "Arg1", "IN", "HCRYPTPROV", "0x18e1e0", "0x2b1440", "Arg2", "IN", "ALG_ID", "0x18e1e4", "0x8003", "Arg3", "IN", "HCRYPTKEY", "0x18e1e8", "0x0", "Arg4", "IN", "DWORD", "0x18e1ec", "0x0", "Arg5", "OUT", "HCRYPTHASH*", "0x18e1f0", "0x4aa28e" ], "Timesptamp": "00000001.248653", "FunctionName": "CryptCreateHash", "ModuleName": "advapi32.dll", "Return": "TRUE", "Output1": [ "0x4aa28e", "0x2b1370" ], "Status": 0 }
{ "Address": "0x4a8069", "Opcode": "ff541d00", "Opcodesize": 4, "Mnemonic": "call dword ptr [ebp + ebx]", "PID": 1372, "TID": 280, "Arguments": [ "Arg1", "IN", "HCRYPTHASH", "0x18e1e4", "0x2b1370", "Arg2", "IN", "ARRAY0", "0x18e1e8", "ARRAY_0x1f", "Arg3", "IN", "DWORD", "0x18e1ec", "0x1f", "Arg4", "IN", "DWORD", "0x18e1f0", "0x0" ], "Timesptamp": "00000001.268989", "FunctionName": "CryptHashData", "ModuleName": "advapi32.dll", "Return": "TRUE", "Status": 0 }
{ "Address": "0x4a8098", "Opcode": "ff541d00", "Opcodesize": 4, "Mnemonic": "call dword ptr [ebp + ebx]", "PID": 1372, "TID": 280, "Functionname": "CryptDeriveKey", "Dllname": "advapi32.dll", "Status": 1 }
{ "Address": "0x4a8129", "Opcode": "ff541d00", "Opcodesize": 4, "Mnemonic": "call dword ptr [ebp + ebx]", "PID": 1372, "TID": 280, "Functionname": "CryptDestroyHash", "Dllname": "advapi32.dll", "Status": 1 }
{ "Address": "0x4a815f", "Opcode": "ff541d00", "Opcodesize": 4, "Mnemonic": "call dword ptr [ebp + ebx]", "PID": 1372, "TID": 280, "Arguments": [ "Arg1", "IN", "LPCTSTR", "0x18e1d4", "\\\\.\\SICE", "Arg2", "IN", "DWORD", "0x18e1d8", "0xc0000000", "Arg3", "IN", "DWORD", "0x18e1dc", "0x3", "Arg4", "IN", "LPSECURITY_ATTRIBUTES", "0x18e1e0", "0x0", "Arg5", "IN", "DWORD", "0x18e1e4", "0x3", "Arg6", "IN", "DWORD", "0x18e1e8", "0x80", "Arg7", "IN", "HANDLE", "0x18e1ec", "0x0" ], "Timesptamp": "00000001.317435", "FunctionName": "CreateFileA", "ModuleName": "kernel32.dll", "Return": "0xffffffff", "Status": 0 }
{ "Address": "0x4a819d", "Opcode": "ff541d00", "Opcodesize": 4, "Mnemonic": "call dword ptr [ebp + ebx]", "PID": 1372, "TID": 280, "Arguments": [ "Arg1", "IN", "LPCTSTR", "0x18e1d4", "\\\\.\\NTICE", "Arg2", "IN", "DWORD", "0x18e1d8", "0xc0000000", "Arg3", "IN", "DWORD", "0x18e1dc", "0x3", "Arg4", "IN", "LPSECURITY_ATTRIBUTES", "0x18e1e0", "0x0", "Arg5", "IN", "DWORD", "0x18e1e4", "0x3", "Arg6", "IN", "DWORD", "0x18e1e8", "0x80", "Arg7", "IN", "HANDLE", "0x18e1ec", "0x0" ], "Timesptamp": "00000001.337722", "FunctionName": "CreateFileA", "ModuleName": "kernel32.dll", "Return": "0xffffffff", "Status": 0 }
{ "Address": "0x4a81fd", "Opcode": "ff12", "Opcodesize": 2, "Mnemonic": "call dword ptr [edx]", "PID": 1372, "TID": 280, "Arguments": [ ], "Timesptamp": "00000001.350313", "FunctionName": "GetCurrentProcessId", "ModuleName": "kernel32.dll", "Return": "0x55c", "Status": 0 }
{ "Address": "0x4a8215", "Opcode": "ff12", "Opcodesize": 2, "Mnemonic": "call dword ptr [edx]", "PID": 1372, "TID": 280, "Arguments": [ "Arg1", "IN", "DWORD", "0x18e1e4", "0x2", "Arg2", "IN", "DWORD", "0x18e1e8", "0x0" ], "Timesptamp": "00000001.362890", "FunctionName": "CreateToolhelp32Snapshot", "ModuleName": "kernel32.dll", "Return": "0x54", "Status": 0 }
{ "Address": "0x4a822a", "Opcode": "ff12", "Opcodesize": 2, "Mnemonic": "call dword ptr [edx]", "PID": 1372, "TID": 280, "Arguments": [ "Arg1", "IN", "HANDLE", "0x18e1e4", "0x52164", "Arg2", "OUT", "LPPROCESSENTRY32", "0x18e1e8", "0x4aa709" ], "Timesptamp": "00000001.388846", "FunctionName": "Process32First", "ModuleName": "kernel32.dll", "Return": "FALSE", "Output1": { "field1": [ "0x4aa709", "0x128" ], "field2": [ "0x4aa70d", "0x2b4880" ], "field3": [ "0x4aa711", "0x0" ], "field4": [ "0x4aa715", "0xa70000a7" ], "field5": [ "0x4aa719", "0x0" ], "field6": [ "0x4aa71d", "0x2b4ab0" ], "field7": [ "0x4aa721", "0x2a00c4" ], "field8": [ "0x4aa725", "0x2b4628" ], "field9": [ "0x4aa729", "0x138" ], "field10": [ "0x4aa72d", "" ] }, "Status": 0 }
{ "Address": "0x4a82fa", "Opcode": "ff12", "Opcodesize": 2, "Mnemonic": "call dword ptr [edx]", "PID": 1372, "TID": 280, "Arguments": [ "Arg1", "IN", "HANDLE", "0x18e1e8", "0x52164" ], "Timesptamp": "00000001.401585", "FunctionName": "CloseHandle", "ModuleName": "kernel32.dll", "Return": "FALSE", "Status": 0 }
{ "Address": "0x4a9a89", "Opcode": "ff12", "Opcodesize": 2, "Mnemonic": "call dword ptr [edx]", "PID": 1372, "TID": 280, "Arguments": [ ], "Timesptamp": "00000001.415405", "FunctionName": "GetCurrentProcessId", "ModuleName": "kernel32.dll", "Return": "0x55c", "Status": 0 }
{ "Address": "0x4a9aa1", "Opcode": "ff12", "Opcodesize": 2, "Mnemonic": "call dword ptr [edx]", "PID": 1372, "TID": 280, "Arguments": [ "Arg1", "IN", "DWORD", "0x18e1e0", "0x2", "Arg2", "IN", "DWORD", "0x18e1e4", "0x0" ], "Timesptamp": "00000001.427933", "FunctionName": "CreateToolhelp32Snapshot", "ModuleName": "kernel32.dll", "Return": "0x58", "Status": 0 }
{ "Address": "0x4a9ab6", "Opcode": "ff12", "Opcodesize": 2, "Mnemonic": "call dword ptr [edx]", "PID": 1372, "TID": 280, "Arguments": [ "Arg1", "IN", "HANDLE", "0x18e1e0", "0x52164", "Arg2", "OUT", "LPPROCESSENTRY32", "0x18e1e4", "0x4aa709" ], "Timesptamp": "00000001.439240", "FunctionName": "Process32First", "ModuleName": "kernel32.dll", "Return": "FALSE", "Output1": { "field1": [ "0x4aa709", "0x128" ], "field2": [ "0x4aa70d", "0x22c" ], "field3": [ "0x4aa711", "0x2b4880" ], "field4": [ "0x4aa715", "0x0" ], "field5": [ "0x4aa719", "0xa70000a7" ], "field6": [ "0x4aa71d", "0x0" ], "field7": [ "0x4aa721", "0x2b4ab0" ], "field8": [ "0x4aa725", "0x2a00c4" ], "field9": [ "0x4aa729", "0x2b4628" ], "field10": [ "0x4aa72d", "?" ] }, "Status": 0 }
{ "Address": "0x4a9b33", "Opcode": "ff12", "Opcodesize": 2, "Mnemonic": "call dword ptr [edx]", "PID": 1372, "TID": 280, "Arguments": [ "Arg1", "IN", "HANDLE", "0x18e1e4", "0x52164" ], "Timesptamp": "00000001.451819", "FunctionName": "CloseHandle", "ModuleName": "kernel32.dll", "Return": "FALSE", "Status": 0 }
{ "Address": "0x4a8743", "Opcode": "ff12", "Opcodesize": 2, "Mnemonic": "call dword ptr [edx]", "PID": 1372, "TID": 280, "Arguments": [ "Arg1", "IN", "DWORD", "0x18e1e0", "0x4", "Arg2", "IN", "DWORD", "0x18e1e4", "0x0" ], "Timesptamp": "00000001.464466", "FunctionName": "CreateToolhelp32Snapshot", "ModuleName": "kernel32.dll", "Return": "0x60", "Status": 0 }
{ "Address": "0x4a8758", "Opcode": "ff12", "Opcodesize": 2, "Mnemonic": "call dword ptr [edx]", "PID": 1372, "TID": 280, "Arguments": [ "Arg1", "IN", "HANDLE", "0x18e1e0", "0x52164", "Arg2", "OUT", "LPTHREADENTRY32", "0x18e1e4", "0x4aa709" ], "Timesptamp": "00000001.475566", "FunctionName": "Thread32First", "ModuleName": "kernel32.dll", "Return": "FALSE", "Output1": { "field1": [ "0x4aa709", "0x1c" ], "field2": [ "0x4aa70d", "0x0" ], "field3": [ "0x4aa711", "0x0" ], "field4": [ "0x4aa715", "0x0" ], "field5": [ "0x4aa719", "0x0" ], "field6": [ "0x4aa71d", "0x0" ], "field7": [ "0x4aa721", "0x0" ] }, "Status": 0 }
{ "Address": "0x4a837b", "Opcode": "ff541d00", "Opcodesize": 4, "Mnemonic": "call dword ptr [ebp + ebx]", "PID": 1372, "TID": 280, "Arguments": [ "Arg1", "IN", "HWND", "0x18e1e4", "0x10064", "Arg2", "IN", "INT", "0x18e1e8", "0xfffffff0" ], "Timesptamp": "00000001.488104", "FunctionName": "GetWindowLongA", "ModuleName": "user32.dll", "Return": "0x96000000", "Status": 0 }
{ "Address": "0x4a8399", "Opcode": "ff541d00", "Opcodesize": 4, "Mnemonic": "call dword ptr [ebp + ebx]", "PID": 1372, "TID": 280, "Functionname": "SetWindowLongA", "Dllname": "user32.dll", "Status": 1 }
{ "Address": "0x4a83ab", "Opcode": "ff541d00", "Opcodesize": 4, "Mnemonic": "call dword ptr [ebp + ebx]", "PID": 1372, "TID": 280, "Arguments": [ "Arg1", "IN", "HWND", "0x18e1e4", "0x0", "Arg2", "IN", "INT", "0x18e1e8", "0xfffffff0" ], "Timesptamp": "00000001.522502", "FunctionName": "GetWindowLongA", "ModuleName": "user32.dll", "Return": "0x0", "Status": 0 }
{ "Address": "0x4a83c9", "Opcode": "ff541d00", "Opcodesize": 4, "Mnemonic": "call dword ptr [ebp + ebx]", "PID": 1372, "TID": 280, "Functionname": "SetWindowLongA", "Dllname": "user32.dll", "Status": 1 }
